Project Name,ProjectID,Continent,Registry Name,Methodology,Project Type,Country,Project Developer Name,Project Start Date,Project End Date,Date of Entry,Processing Approach,PD Declined to Provide,Geometry Type,Project Area,Project Accounting Area,Project Reference Region
Boden Creek Ecological Preserve Forest Carbon Project,VCS647,North America,Verra,VM0007,AD,Belize,Boden Creek Ecological Preserve,01/01/2005,12/31/2029,10/30/2023,Official,N/A,Polygon,1,0,0
Bull Run Overseas Forest Carbon Project,VCS812,North America,Verra,VM0007,AD,Belize,Bull Run Overseas,01/01/2009,12/31/2038,10/25/2023,Official,N/A,Polygon,1,1,0
Laguna Seca Forest Carbon Project,VCS1326,North America,Verra,VM0007,AD,Belize,The Forestland Group LLC,01/01/2011,12/31/2040,10/26/2023,Official,N/A,Polygon,1,0,0
Rio Bravo Climate Action Project,VCS852,North America,Verra,VM0007,AD,Belize,The Nature Conservancy,01/01/2002,12/31/2021,07/26/2023,Official,N/A,Polygon,1,0,0
BigCoast Forest Climate Initiative,VCS3018,North America,Verra,VM0012,IFM,Canada,Mosaic Forest Management Corporation,01/01/2018,12/31/2047,05/02/2024,Official,N/A,Polygon,1,0,0
Darkwoods Forest Carbon Project,VCS607,North America,Verra,VM0012,IFM,Canada,The Nature Conservancy,04/01/2008,03/31/2108,07/26/2023,Georeferenced,Yes,Polygon,1,0,0
Monet Forest Conservation Project,VCS2322,North America,Verra,VM0010,IFM,Canada,Solifor Bloc Monet S.E.C.,05/01/2016,04/30/2036,10/23/2023,Official,N/A,Polygon,1,0,0
BaumIvest Reforestation Project,GS2913,North America,Gold Standard,Gold Standard: Afforestation/Reforestation,ARR,Costa Rica,Baumlnvest AG,10/01/2007,10/01/2037,09/07/2023,Georeferenced,Yes,Point,1,0,0
"Agroforestry and Forest Restoration for Ecological Connectivity, Poverty Reduction and Biodiversity Conservation in Cerro San Gil, Caribbean Guatemala",VCS1558,North America,Verra,AR-ACM0003,ARR,Guatemala,Livelihoods Fund,08/26/2013,08/25/2043,10/26/2023,Official,N/A,Polygon,1,0,0
ECO2 Rubber Forests Guatemala,VCS1538,North America,Verra,AR-ACM0003,ARR,Guatemala,"Produccion, Industrializacion, Comercializacion y Asesoria de Hule Natural, S.A.",05/31/2011,05/30/2067,10/26/2023,Official,N/A,Polygon,1,0,0
Lacandon - Forest for Life REDD+ Project,VCS1541,North America,Verra,VM0015,AD,Guatemala,Fundacion Defensores de la Naturaleza,02/01/2012,01/31/2042,10/26/2023,Georeferenced,Yes,Polygon,1,1,1
Promoting Sustainable Development Through Natural Rubber Tree Plantations in Guatemala,VCS514,North America,Verra,AR-ACM0001,ARR,Guatemala,"PICA de Hule Natural, S.A.",06/30/2007,06/29/2049,10/26/2023,Official,N/A,Polygon,1,0,0
REDD+ Project for Caribbean Guatemala: The Conservation Coast,VCS1622,North America,Verra,VM0015,AD,Guatemala,FUNDAECO,04/01/2012,03/31/2042,10/25/2023,Official,N/A,Polygon,1,0,0
Reduced Emissions from Avoided Deforestation in the Multiple Use Zone of the Maya Biosphere Reserve in Guatemala (GuateCarbon),VCS1384,North America,Verra,VM0015,AD,Guatemala,Consejo Nacional de Areas Protegidas,01/30/2012,01/29/2042,10/26/2023,Georeferenced,Yes,Polygon,1,0,0
Alhuajoyucan - ASRTulancingo,CAR1364,North America,Climate Action Reserve,CAR Forest Protocol for Mexico,IFM,Mexico,"Asociacion De Silvicultores De La Region Forestal Pachuca Y Tulancingo, A.C.",05/18/2018,05/17/2048,03/07/2024,Official,N/A,Polygon,1,1,0
Captura de Carbono Forestal Ejido San Lucas,CAR1325,North America,Climate Action Reserve,CAR Forest Protocol for Mexico,IFM,Mexico,Territorios Rurales Sostenibles AC,10/07/2018,10/06/2048,08/31/2023,Official,N/A,Polygon,1,1,0
Captura de Carbono Forestal en el Comunidad de Rincon de Guadalupe,CAR1445,North America,Climate Action Reserve,CAR Forest Protocol for Mexico,IFM,Mexico,Territorios Rurales Sostenibles AC,06/17/2019,06/16/2049,03/11/2024,Official,N/A,Polygon,1,1,0
Captura de Carbono Forestal en el Ejido Corral de Piedra,CAR1446,North America,Climate Action Reserve,CAR Forest Protocol for Mexico,IFM,Mexico,Ejido Corral de Piedra,06/19/2019,06/16/2049,10/03/2023,Official,N/A,Polygon,1,1,0
Captura de Carbono Forestal en el Ejido San Jeronimo,CAR1450,North America,Climate Action Reserve,CAR Forest Protocol for Mexico,IFM,Mexico,Territorios Rurales Sostenibles AC,06/17/2019,06/16/2049,03/11/2024,Official,N/A,Polygon,1,1,0
Captura de Carbono Forestal en la Comunidad de San Miguel Tenextepec,CAR1447,North America,Climate Action Reserve,CAR Forest Protocol for Mexico,IFM,Mexico,Territorios Rurales Sostenibles AC,06/17/2019,06/16/2049,03/11/2024,Official,N/A,Polygon,1,1,0
Captura de Carbono Forestal en la Comunidad de Santa Maria y sus Barrios,CAR1449,North America,Climate Action Reserve,CAR Forest Protocol for Mexico,IFM,Mexico,Territorios Rurales Sostenibles AC,06/17/2019,06/16/2049,03/11/2024,Official,N/A,Polygon,1,1,0
Captura de Carbono San Bartolo O2,CAR1333,North America,Climate Action Reserve,CAR Forest Protocol for Mexico,IFM,Mexico,Integradora De Comunidades Indigenas Y Campesinas De Oaxaca AC,07/18/2018,07/17/2048,03/11/2024,Official,N/A,Polygon,1,1,0
"Captura de Carbono en San Juan Lachao, Oaxaca",CAR1262,North America,Climate Action Reserve,CAR Forest Protocol for Mexico,IFM,Mexico,Integradora De Comunidades Indigenas Y Campesinas De Oaxaca AC,10/01/2014,09/30/2044,08/31/2023,Official,N/A,Polygon,1,1,0
Captura de carbono en San Rafael Ixtapalucan,CAR1282,North America,Climate Action Reserve,CAR Forest Protocol for Mexico,IFM,Mexico,Integradora De Comunidades Indigenas Y Campesinas De Oaxaca AC,03/26/2017,03/25/2047,08/31/2023,Official,N/A,Polygon,1,1,0
"Captura de carbono en los Bosques de la Comunidad Indígena Nuevo San Juan Parangaricutiro, México.",CAR1455,North America,Climate Action Reserve,CAR Forest Protocol for Mexico,IFM,Mexico,COMUNIDAD INDIGENA DE NUEVO SAN JUAN PARANGARICUTIRO,03/01/2020,03/01/2050,08/17/2023,Official,N/A,Polygon,1,1,0
Captura de carbono forestal en el Ejido El Capulin,CAR1448,North America,Climate Action Reserve,CAR Forest Protocol for Mexico,IFM,Mexico,Territorios Rurales Sostenibles AC,06/17/2019,06/16/2049,08/29/2023,Official,N/A,Polygon,1,1,0
Captura de carbono forestal en el Ejido El Potrero,CAR1454,North America,Climate Action Reserve,CAR Forest Protocol for Mexico,IFM,Mexico,Territorios Rurales Sostenibles AC,06/17/2019,06/16/2049,08/17/2023,Official,N/A,Polygon,1,1,0
Captura de carbono forestal en el Ejido Rincon de Guadalupe,CAR1453,North America,Climate Action Reserve,CAR Forest Protocol for Mexico,IFM,Mexico,Territorios Rurales Sostenibles AC,06/17/2019,06/16/2049,09/05/2023,Official,N/A,Polygon,1,1,0
Captura de carbono forestal en el Ejido San Juan,CAR1451,North America,Climate Action Reserve,CAR Forest Protocol for Mexico,IFM,Mexico,Territorios Rurales Sostenibles AC,06/17/2019,06/16/2049,08/29/2023,Official,N/A,Polygon,1,1,0
Captura de carbono forestal en el Ejido San Mateo,CAR1452,North America,Climate Action Reserve,CAR Forest Protocol for Mexico,IFM,Mexico,Territorios Rurales Sostenibles AC,06/17/2019,06/16/2049,08/29/2023,Official,N/A,Polygon,1,1,0
Carbono Agua Y Biodiversidad Indigena La Trinidad,CAR1399,North America,Climate Action Reserve,CAR Forest Protocol for Mexico,IFM,Mexico,Integradora De Comunidades Indigenas Y Campesinas De Oaxaca AC,02/24/2019,02/23/2049,08/30/2023,Official,N/A,Polygon,1,0,0
Carbono Agua Y Biodiversidad Indigena Xiacui,CAR1411,North America,Climate Action Reserve,CAR Forest Protocol for Mexico,IFM,Mexico,Integradora De Comunidades Indigenas Y Campesinas De Oaxaca AC,04/07/2019,04/06/2049,08/30/2023,Official,N/A,Polygon,1,0,0
Carbono Agua y Biodiversidad Indigena Capulalpam,CAR1415,North America,Climate Action Reserve,CAR Forest Protocol for Mexico,IFM,Mexico,Integradora De Comunidades Indigenas Y Campesinas De Oaxaca AC,01/27/2019,01/26/2049,10/03/2023,Official,N/A,Polygon,1,1,0
Carbono Agua y Biodiversidad Indigena Ixtlan,CAR1461,North America,Climate Action Reserve,CAR Forest Protocol for Mexico,IFM,Mexico,Integradora De Comunidades Indigenas Y Campesinas De Oaxaca AC,01/25/2020,01/24/2050,10/03/2023,Official,N/A,Polygon,1,1,0
Carbono Agua y Biodiversidad Indigena Maninaltepec,CAR1443,North America,Climate Action Reserve,CAR Forest Protocol for Mexico,IFM,Mexico,Integradora De Comunidades Indigenas Y Campesinas De Oaxaca AC,01/15/2019,01/14/2049,10/03/2023,Official,N/A,Polygon,1,0,0
Carbono Otomi La Florida,CAR1375,North America,Climate Action Reserve,CAR Forest Protocol for Mexico,IFM,Mexico,Bioforestal Innovacion Sustentable S.C.,08/03/2018,08/02/2048,03/11/2024,Official,N/A,Polygon,1,1,0
Chacalapa - ASRTulancingo,CAR1348,North America,Climate Action Reserve,CAR Forest Protocol for Mexico,IFM,Mexico,"Asociacion De Silvicultores De La Region Forestal Pachuca Y Tulancingo, A.C.",05/18/2018,05/17/2048,08/31/2023,Official,N/A,Polygon,1,1,0
Cima de Togo - ASRTulancingo,CAR1347,North America,Climate Action Reserve,CAR Forest Protocol for Mexico,IFM,Mexico,"Asociacion De Silvicultores De La Region Forestal Pachuca Y Tulancingo, A.C.",05/18/2018,05/17/2048,03/11/2024,Official,N/A,Polygon,1,1,0
Conservacion Y Captura de Carbono Co2ltzingo,CAR1285,North America,Climate Action Reserve,CAR Forest Protocol for Mexico,IFM,Mexico,Integradora De Comunidades Indigenas Y Campesinas De Oaxaca AC,04/30/2017,03/31/2047,08/31/2023,Official,N/A,Polygon,1,1,0
Ejido Coatitila,CAR1435,North America,Climate Action Reserve,CAR Forest Protocol for Mexico,IFM,Mexico,SENDAS AC,05/06/2019,05/05/2049,09/05/2023,Official,N/A,Polygon,1,1,0
Ejido El Agua de Los Pescados y sus Anexos,CAR1437,North America,Climate Action Reserve,CAR Forest Protocol for Mexico,IFM,Mexico,SENDAS AC,06/05/2019,06/04/2049,03/11/2024,Official,N/A,Polygon,1,1,0
Ejido Forestal Los Bancos,CAR1392,North America,Climate Action Reserve,CAR Forest Protocol for Mexico,IFM,Mexico,Alvaro Rene Rivera Jaramillo,12/01/2018,11/30/2118,08/30/2023,Georeferenced,Yes,Polygon,1,1,0
Ejido La Libertad,CAR1433,North America,Climate Action Reserve,CAR Forest Protocol for Mexico,IFM,Mexico,SENDAS AC,05/06/2019,05/05/2049,09/05/2023,Official,N/A,Polygon,1,1,0
Ejido San Pedro Buenavista,CAR1434,North America,Climate Action Reserve,CAR Forest Protocol for Mexico,IFM,Mexico,SENDAS AC,06/05/2019,06/04/2049,03/11/2024,Official,N/A,Polygon,1,1,0
Ejido Sierra de Agua,CAR1432,North America,Climate Action Reserve,CAR Forest Protocol for Mexico,IFM,Mexico,SENDAS AC,05/06/2019,05/05/2049,09/05/2023,Official,N/A,Polygon,1,1,0
El Nopalillo - ASRTulancingo,CAR1345,North America,Climate Action Reserve,CAR Forest Protocol for Mexico,IFM,Mexico,"Asociacion De Silvicultores De La Region Forestal Pachuca Y Tulancingo, A.C.",05/18/2018,05/17/2048,08/31/2023,Official,N/A,Polygon,1,1,0
El Ocote - ASRTulancingo,CAR1350,North America,Climate Action Reserve,CAR Forest Protocol for Mexico,IFM,Mexico,"Asociacion De Silvicultores De La Region Forestal Pachuca Y Tulancingo, A.C.",05/18/2018,05/17/2048,08/31/2023,Official,N/A,Polygon,1,1,0
El Ventorrillo - ASRTulancingo,CAR1356,North America,Climate Action Reserve,CAR Forest Protocol for Mexico,IFM,Mexico,"Asociacion De Silvicultores De La Region Forestal Pachuca Y Tulancingo, A.C.",05/18/2018,05/17/2048,08/31/2023,Official,N/A,Polygon,1,1,0
Emilano Zapata - ASRTulancingo,CAR1360,North America,Climate Action Reserve,CAR Forest Protocol for Mexico,IFM,Mexico,"Asociacion De Silvicultores De La Region Forestal Pachuca Y Tulancingo, A.C.",05/18/2018,05/17/2048,08/30/2023,Official,N/A,Polygon,1,1,0
Fresh Breeze Afforestation Project,VCS1141,North America,Verra,AR-ACM0003,ARR,Mexico,Proteak UNO S.A.B. de C.V.,07/01/2009,06/30/2059,10/26/2023,Georeferenced,Yes,Polygon,1,0,0
Hueyapan - ASRTulancingo,CAR1353,North America,Climate Action Reserve,CAR Forest Protocol for Mexico,IFM,Mexico,"Asociacion De Silvicultores De La Region Forestal Pachuca Y Tulancingo, A.C.",05/18/2018,05/17/2048,08/31/2023,Official,N/A,Polygon,1,1,0
Ixtula Y Sembo - ASRTulancingo,CAR1366,North America,Climate Action Reserve,CAR Forest Protocol for Mexico,IFM,Mexico,"Asociacion De Silvicultores De La Region Forestal Pachuca Y Tulancingo, A.C.",05/18/2018,05/17/2048,08/30/2023,Official,N/A,Polygon,1,1,0
La Estancia - ASRTulancingo,CAR1355,North America,Climate Action Reserve,CAR Forest Protocol for Mexico,IFM,Mexico,"Asociacion De Silvicultores De La Region Forestal Pachuca Y Tulancingo, A.C.",05/18/2018,05/17/2048,08/31/2023,Official,N/A,Polygon,1,1,0
La Puentes Y Anexos - ASRTulancingo,CAR1354,North America,Climate Action Reserve,CAR Forest Protocol for Mexico,IFM,Mexico,"Asociacion De Silvicultores De La Region Forestal Pachuca Y Tulancingo, A.C.",05/18/2018,05/17/2048,08/31/2023,Official,N/A,Polygon,1,1,0
Los Romeros - ASRTulancingo,CAR1361,North America,Climate Action Reserve,CAR Forest Protocol for Mexico,IFM,Mexico,"Asociacion De Silvicultores De La Region Forestal Pachuca Y Tulancingo, A.C.",05/18/2018,05/17/2048,08/30/2023,Official,N/A,Polygon,1,1,0
Predio Las Piedras,CAR1438,North America,Climate Action Reserve,CAR Forest Protocol for Mexico,IFM,Mexico,SENDAS AC,05/06/2019,05/05/2049,09/05/2023,Georeferenced,Yes,Polygon,1,1,0
"Proyecto Carbono Forestal, Ejido San Nicolas Totolapan, CDMX",CAR1306,North America,Climate Action Reserve,CAR Forest Protocol for Mexico,IFM,Mexico,Secretaria del Medio Ambiente,12/08/2017,07/07/2047,08/31/2023,Official,N/A,Polygon,1,1,0
Proyecto de Captura de Carbono Forestal en Bienes Comunales de Santiago Tlacotepec,CAR1377,North America,Climate Action Reserve,CAR Forest Protocol for Mexico,IFM,Mexico,Yaax Carbon,02/21/2019,02/20/2049,03/15/2024,Official,N/A,Polygon,1,1,0
Puentecillas Y Anexos - ASRTulancingo,CAR1363,North America,Climate Action Reserve,CAR Forest Protocol for Mexico,IFM,Mexico,"Asociacion De Silvicultores De La Region Forestal Pachuca Y Tulancingo, A.C.",05/18/2018,05/17/2048,08/30/2023,Official,N/A,Polygon,1,1,0
Reforestation with Teak CO2e TEAKMEX,VCS1740,North America,Verra,AR-ACM0003,ARR,Mexico,South Pole Carbon Asset Management S.A.S.,06/30/2013,06/29/2049,08/14/2023,Official,N/A,Polygon,1,0,0
Sabentas - ASRTulancingo,CAR1358,North America,Climate Action Reserve,CAR Forest Protocol for Mexico,IFM,Mexico,"Asociacion De Silvicultores De La Region Forestal Pachuca Y Tulancingo, A.C.",05/18/2018,05/17/2048,08/31/2023,Official,N/A,Polygon,1,1,0
San Jeronimo ZacapexCO2 - Bienes Comunales,CAR1388,North America,Climate Action Reserve,CAR Forest Protocol for Mexico,IFM,Mexico,Alberto Ramirez,10/05/2018,10/04/2048,03/15/2024,Official,N/A,Polygon,1,1,0
San Jeronimo ZacapexCO2 - Ejido,CAR1387,North America,Climate Action Reserve,CAR Forest Protocol for Mexico,IFM,Mexico,Alberto Ramirez,10/05/2018,10/04/2048,08/30/2023,Official,N/A,Polygon,1,1,0
San Lorenzo Sayula - ASRTulancingo,CAR1357,North America,Climate Action Reserve,CAR Forest Protocol for Mexico,IFM,Mexico,"Asociacion De Silvicultores De La Region Forestal Pachuca Y Tulancingo, A.C.",05/18/2018,05/17/2048,08/31/2023,Official,N/A,Polygon,1,1,0
San Pedro Huixotitla - ASRTulancingo,CAR1362,North America,Climate Action Reserve,CAR Forest Protocol for Mexico,IFM,Mexico,"Asociacion De Silvicultores De La Region Forestal Pachuca Y Tulancingo, A.C.",05/18/2018,05/17/2048,08/30/2023,Official,N/A,Polygon,1,1,0
Sangre de Cristo - ASRTulancingo,CAR1351,North America,Climate Action Reserve,CAR Forest Protocol for Mexico,IFM,Mexico,"Asociacion De Silvicultores De La Region Forestal Pachuca Y Tulancingo, A.C.",05/18/2018,05/17/2048,08/31/2023,Official,N/A,Polygon,1,1,0
Sustainable Climate-Friendly Coffee (CO2 Coffee),VCS1414,North America,Verra,AR-AMS0007,ARR,Mexico,Pronatura Sur A.C.,06/13/2013,06/12/2043,10/27/2023,Georeferenced,Yes,Polygon,1,0,0
Tecocomulco - ASRTulancingo,CAR1359,North America,Climate Action Reserve,CAR Forest Protocol for Mexico,IFM,Mexico,"Asociacion De Silvicultores De La Region Forestal Pachuca Y Tulancingo, A.C.",05/18/2018,05/17/2048,08/31/2023,Official,N/A,Polygon,1,1,0
Xahuayalulco - ASRTulancingo,CAR1352,North America,Climate Action Reserve,CAR Forest Protocol for Mexico,IFM,Mexico,"Asociacion De Silvicultores De La Region Forestal Pachuca Y Tulancingo, A.C.",05/18/2018,05/17/2048,08/31/2023,Official,N/A,Polygon,1,1,0
EcoPlanet Bamboo Central America - Reforestation Project,VCS1085,North America,Verra,AR-ACM0001,ARR,Nicaragua,"EcoPlanet Bamboo Group, LLC",06/01/2011,05/31/2031,10/25/2023,Official,No,Polygon,1,0,0
Integrated Project for Reforestation and Agroforestry on Degraded Lands in Nicaragua,VCS2365,North America,Verra,AR-ACM0003,ARR,Nicaragua,MLR-Forestal de Nicaragua S.A.,07/01/2016,06/30/2056,04/30/2024,Official,N/A,Polygon,1,1,0
Reforestation Program in the Southeastern Region of Nicaragua on Degraded Pastureland,GS4220,North America,Gold Standard,Gold Standard: Afforestation/Reforestation,ARR,Nicaragua,Across Forest,05/23/2008,05/23/2038,09/06/2023,Official,N/A,Polygon,1,0,0
ACP Sustainable Forest Cover Establishment Project,GS3421,North America,Gold Standard,Gold Standard: Afforestation/Reforestation,ARR,Panama,Autoridad del Canal de Panama,09/09/2013,09/08/2043,09/07/2023,Georeferenced,Yes,Point,1,0,0
CO2OL Tropical Mix,GS2940,North America,Gold Standard,Gold Standard: Afforestation/Reforestation,ARR,Panama,ForestFinance GSF,01/01/1995,12/31/2024,09/06/2023,Official,N/A,Polygon,1,0,0
Conservation of Panama Forests - Reduction of GHG Emission from Deforestation and Forest Degradation,VCS1881,North America,Verra,VM0015,AD,Panama,Panamanian Pro carbon Association,10/27/2016,10/26/2046,10/24/2023,Georeferenced,Yes,Point,1,0,0
Generation Forest Group Project,VCS2481,North America,Verra,AR-ACM0003,ARR,Panama,Futuro Forestal,08/15/2016,08/14/2116,10/19/2023,Official,N/A,Polygon,1,0,0
18 Reserves Forest Carbon Project,ACR586,North America,American Carbon Registry,Improved Forest Management on Non-Federal U.S. Forestlands,IFM,United States of America,The Climate Trust,01/15/2020,01/14/2040,01/11/2024,Georeferenced,Yes,Polygon,1,0,0
Afforestation on the Big Island of Hawaii,GS3260,North America,Gold Standard,Gold Standard: Afforestation/Reforestation,ARR,United States of America,HLH,01/01/2010,01/01/2060,09/07/2023,Georeferenced,Yes,Polygon,1,0,0
Afognak Forest Carbon Project,VCS872,North America,Verra,VM0012,IFM,United States of America,ClimeCo LLC,01/01/2006,12/31/2035,07/27/2023,Official,N/A,Polygon,1,0,0
Albany Water Board - Improved Forest Management Project,ACR424,North America,American Carbon Registry,ACR IFM,IFM,United States of America,The Nature Conservancy,10/01/2017,09/30/2037,01/11/2024,Georeferenced,Yes,Polygon,1,0,0
Alligator River Avoided Conversion,CAR497,North America,Climate Action Reserve,CAR Forest Project Protocol,AD,United States of America,Blue Source LLC,05/14/2010,05/13/2110,09/05/2023,Official,N/A,Polygon,1,0,0
Anew - Burnt Mountain Forestry Project,ACR518,North America,American Carbon Registry,ACR IFM,IFM,United States of America,"Anew Carbon Development, LLC",08/31/2018,08/30/2038,09/06/2023,Official,N/A,Polygon,1,0,0
Anew - Doe Mountain Forestry Project,ACR398,North America,American Carbon Registry,ACR IFM,IFM,United States of America,"Anew Carbon Development, LLC",10/10/2017,10/09/2037,09/06/2023,Official,N/A,Polygon,1,0,0
Anew - Elk Forestry Project,ACR595,North America,American Carbon Registry,Improved Forest Management on Non-Federal U.S. Forestlands,IFM,United States of America,"Anew Carbon Development, LLC",10/19/2019,10/18/2039,03/19/2024,Georeferenced,Yes,Polygon,1,0,0
Anew - Greenleaf Forestry Project,ACR506,North America,American Carbon Registry,Improved Forest Management on Non-Federal U.S. Forestlands,IFM,United States of America,Blue Source LLC,04/11/2019,04/10/2039,01/18/2024,Georeferenced,Yes,Point,1,0,0
Anew - Hartwood Forestry Project,ACR687,North America,American Carbon Registry,Improved Forest Management on Non-Federal U.S. Forestlands,IFM,United States of America,"Anew Carbon Development, LLC",09/30/2021,09/29/2041,03/19/2024,Georeferenced,Yes,Polygon,1,0,0
Anew - Hawk Mountain Forestry Project,ACR375,North America,American Carbon Registry,ACR IFM,IFM,United States of America,"Anew Carbon Development, LLC",03/17/2017,03/16/2037,09/06/2023,Official,N/A,Polygon,1,0,0
Anew - Hudson Farm Forestry Project,ACR386,North America,American Carbon Registry,ACR IFM,IFM,United States of America,"Anew Carbon Development, LLC",06/30/2017,06/29/2037,09/06/2023,Official,N/A,Polygon,1,0,0
Anew - Klawock Heenya Native Community Forestry Project,ACR459,North America,American Carbon Registry,ACR IFM,IFM,United States of America,"Anew Carbon Development, LLC",07/27/2018,07/26/2038,09/06/2023,Official,N/A,Polygon,1,0,0
Anew - Kootznoowoo Native Community Forestry Project,ACR499,North America,American Carbon Registry,ACR IFM,IFM,United States of America,"Anew Carbon Development, LLC",08/20/2018,08/19/2038,09/06/2023,Official,N/A,Polygon,1,0,0
Anew - Massachusetts Tri-City Forestry Project,ACR376,North America,American Carbon Registry,ACR IFM,IFM,United States of America,"Anew Carbon Development, LLC",03/17/2017,03/16/2037,09/06/2023,Official,N/A,Polygon,1,0,0
Anew - Middlebury Forestry Project,ACR368,North America,American Carbon Registry,ACR IFM,IFM,United States of America,"Anew Carbon Development, LLC",05/16/2016,05/15/2036,09/06/2023,Official,N/A,Polygon,1,0,0
Anew - Pennsylvania Ridges Forestry Project,ACR507,North America,American Carbon Registry,Improved Forest Management on Non-Federal U.S. Forestlands,IFM,United States of America,Blue Source LLC,12/14/2018,12/13/2038,01/20/2024,Georeferenced,Yes,Point,1,0,0
Anew - Shaan Seet Native Community Forestry Project,ACR534,North America,American Carbon Registry,ACR IFM,IFM,United States of America,"Anew Carbon Development, LLC",01/10/2019,01/09/2039,09/06/2023,Official,N/A,Polygon,1,0,0
Anew - Shafer Tuuk Forestry Project,ACR374,North America,American Carbon Registry,Improved Forest Management on Non-Federal U.S. Forestlands,IFM,United States of America,Blue Source LLC,07/29/2016,07/28/2036,01/20/2024,Georeferenced,Yes,Polygon,1,0,0
Anew - Sharp Bingham Forestry Project,ACR505,North America,American Carbon Registry,Improved Forest Management on Non-Federal U.S. Forestlands,IFM,United States of America,Blue Source LLC,06/06/2019,06/05/2039,01/20/2024,Georeferenced,Yes,Point,1,0,0
Anew - Sylvania Forestry Project,ACR681,North America,American Carbon Registry,Improved Forest Management on Non-Federal U.S. Forestlands,IFM,United States of America,"Anew Carbon Development, LLC",07/23/2021,07/22/2041,03/19/2024,Georeferenced,Yes,Point,1,0,0
Arcata City Forest Barnum Tract,CAR935,North America,Climate Action Reserve,CAR Forest Project Protocol,IFM,United States of America,City of Arcata,01/30/2003,01/29/2103,03/07/2024,Official,No,Polygon,1,0,0
Arcata Sunnybrae Tract,CAR575,North America,Climate Action Reserve,CAR Forest Project Protocol,IFM,United States of America,City of Arcata,11/03/2006,11/02/2106,03/07/2024,Official,No,Polygon,1,0,0
Ashford III,CAR1094,North America,Climate Action Reserve,ARB Compliance Offset Protocol - U.S. Forest Projects,IFM,United States of America,Nisqually Land Trust,10/19/2012,10/18/2037,03/07/2024,Official,N/A,Polygon,1,0,0
Baskahegan Improved Forest Management Project,ACR417,North America,American Carbon Registry,ARB Compliance Offset Protocol - U.S. Forest Projects,IFM,United States of America,"Anew Carbon Development, LLC",04/18/2018,04/17/2043,09/06/2023,Official,N/A,Polygon,1,0,0
Bayou Bartholomew Climate Action Project,VCS839,North America,Verra,AR-ACM0001,ARR,United States of America,The Nature Conservancy,04/09/2009,04/08/2073,10/25/2023,Georeferenced,Yes,Polygon,1,0,0
Bear Creek Watershed Forest Carbon Project,ACR272,North America,American Carbon Registry,ACR IFM,IFM,United States of America,City of Astoria,01/01/2014,12/31/2033,01/11/2024,Georeferenced,Yes,Polygon,1,0,0
Bethlehem Authority Improved Forest Management Project,VCS1060,North America,Verra,VM0003,IFM,United States of America,Bethlehem Authority,05/29/2012,05/28/2112,10/27/2023,Georeferenced,Yes,Polygon,1,1,0
Bewley Ranches,ACR262,North America,American Carbon Registry,ARB Compliance Offset Protocol - U.S. Forest Projects,IFM,United States of America,Ross Bewley,08/14/2014,08/13/2039,01/12/2024,Official,N/A,Polygon,1,0,0
Big River Salmon Creek Forests - ARB,CAR1100,North America,Climate Action Reserve,ARB Compliance Offset Protocol - U.S. Forest Projects,IFM,United States of America,The Conservation Fund,01/15/2015,12/31/2039,03/07/2024,Official,N/A,Polygon,1,0,0
Big Valley,CAR1092,North America,Climate Action Reserve,ARB Compliance Offset Protocol - U.S. Forest Projects,IFM,United States of America,Sierra Pacific Industries,08/05/2014,08/04/2039,03/07/2024,Official,N/A,Polygon,1,0,0
Blue Creek,ACR282,North America,American Carbon Registry,ARB Compliance Offset Protocol - U.S. Forest Projects,IFM,United States of America,Western Rivers Conservancy,03/19/2015,03/18/2040,01/12/2024,Official,N/A,Polygon,1,0,0
Blue Source - Allegheny Improved Forest Management,ACR276,North America,American Carbon Registry,ARB Compliance Offset Protocol - U.S. Forest Projects,IFM,United States of America,Blue Source LLC,10/27/2015,10/26/2040,01/15/2024,Official,N/A,Polygon,1,0,0
Blue Source - Bishop Improved Forest Management Project,CAR973,North America,Climate Action Reserve,ARB Compliance Offset Protocol - U.S. Forest Projects,IFM,United States of America,Blue Source LLC,08/08/2012,08/07/2037,03/07/2024,Official,N/A,Polygon,1,0,0
Blue Source - Cumberland Mountains Improved Management Project,ACR437,North America,American Carbon Registry,ARB Compliance Offset Protocol - U.S. Forest Projects,IFM,United States of America,Blue Source LLC,10/30/2018,10/29/2043,01/18/2024,Official,N/A,Polygon,1,0,0
Blue Source - Edge of Appalachia Improved Forest Management Project,ACR439,North America,American Carbon Registry,ARB Compliance Offset Protocol - U.S. Forest Projects,IFM,United States of America,Blue Source LLC,01/31/2019,09/30/2043,01/20/2024,Official,N/A,Polygon,1,0,0
Blue Source - Francis Beidler Improved Forest Managment Project,CAR683,North America,Climate Action Reserve,CAR Forest Project Protocol,IFM,United States of America,"National Audubon Society, Inc.",07/17/2007,07/16/2107,03/07/2024,Georeferenced,Yes,Polygon,1,0,0
Blue Source - Goldbelt Improved Forest Management Project,ACR425,North America,American Carbon Registry,ARB Compliance Offset Protocol - U.S. Forest Projects,IFM,United States of America,Blue Source LLC,06/06/2018,06/05/2043,01/18/2024,Official,N/A,Polygon,1,0,0
Blue Source - Goodman Improved Forest Management Project,ACR202,North America,American Carbon Registry,ARB Compliance Offset Protocol - U.S. Forest Projects,IFM,United States of America,Blue Source LLC,12/27/2013,12/26/2038,01/18/2024,Official,N/A,Polygon,1,0,0
Blue Source - Haida Improved Forest Management Project,ACR458,North America,American Carbon Registry,ARB Compliance Offset Protocol - U.S. Forest Projects,IFM,United States of America,Blue Source LLC,01/18/2019,07/17/2044,01/18/2024,Official,N/A,Polygon,1,0,0
Blue Source - Marmet Improved Forest Management Project,ACR280,North America,American Carbon Registry,ARB Compliance Offset Protocol - U.S. Forest Projects,IFM,United States of America,Blue Source LLC,10/20/2015,10/19/2040,01/15/2024,Official,N/A,Polygon,1,0,0
Blue Source - Northwoods Improved Forest Management Project,ACR373,North America,American Carbon Registry,ARB Compliance Offset Protocol - U.S. Forest Projects,IFM,United States of America,Blue Source LLC,03/13/2017,03/12/2042,01/15/2024,Official,N/A,Polygon,1,0,0
Blue Source - Pocosin Lakes Forest Conservation Project,CAR676,North America,Climate Action Reserve,CAR Forest Project Protocol,AD,United States of America,W. Brenklin Melvin,10/30/2003,10/29/2103,08/30/2023,Georeferenced,Yes,Polygon,1,0,0
Blue Source - Powellton Improved Forest Management,ACR267,North America,American Carbon Registry,ARB Compliance Offset Protocol - U.S. Forest Projects,IFM,United States of America,Blue Source LLC,09/08/2015,09/07/2040,01/15/2024,Official,N/A,Polygon,1,0,0
Blue Source - Spirit Falls Improved Forest Management Project,ACR549,North America,American Carbon Registry,ARB Compliance Offset Protocol - U.S. Forest Projects,IFM,United States of America,Blue Source LLC,05/05/2020,05/04/2045,01/20/2024,Official,N/A,Polygon,1,0,0
Blue Source - Wilderness Lakes Improved Forest Management,ACR393,North America,American Carbon Registry,ARB Compliance Offset Protocol - U.S. Forest Projects,IFM,United States of America,Blue Source LLC,10/19/2017,10/18/2042,01/15/2024,Official,N/A,Polygon,1,0,0
Blue Source - Wisconsin Northern Highlands Improved Forest Management Project,ACR281,North America,American Carbon Registry,ARB Compliance Offset Protocol - U.S. Forest Projects,IFM,United States of America,Blue Source LLC,10/27/2015,10/26/2040,01/15/2024,Official,N/A,Polygon,1,0,0
Blue Source - Wolf River Improved Forest Management Project,CAR1209,North America,Climate Action Reserve,ARB Compliance Offset Protocol - U.S. Forest Projects,IFM,United States of America,Blue Source LLC,10/30/2015,10/29/2040,03/11/2024,Official,N/A,Polygon,1,1,0
Brush Creek Carbon Project,ACR200,North America,American Carbon Registry,ARB Compliance Offset Protocol - U.S. Forest Projects,IFM,United States of America,Steve Miller and Florence Miller Co-Trustees of the Edward Miller Trust,12/10/2013,12/09/2038,01/24/2024,Official,N/A,Polygon,1,0,0
Brushy Mountain,CAR1095,North America,Climate Action Reserve,ARB Compliance Offset Protocol - U.S. Forest Projects,IFM,United States of America,"Coastal Forestlands, LTD., a California Limited Partnership",01/17/2014,01/16/2039,03/11/2024,Official,N/A,Polygon,1,0,0
Buck Mountain ARB002,CAR1066,North America,Climate Action Reserve,ARB Compliance Offset Protocol - U.S. Forest Projects,IFM,United States of America,Sierra Pacific Industries,04/01/2012,03/31/2037,03/11/2024,Official,N/A,Polygon,1,0,0
Buckeye Forest Project,CAR1013,North America,Climate Action Reserve,ARB Compliance Offset Protocol - U.S. Forest Projects,IFM,United States of America,The Conservation Fund,06/01/2013,05/31/2038,09/05/2023,Official,N/A,Polygon,1,0,0
CF Ataya IFM,CAR1215,North America,Climate Action Reserve,ARB Compliance Offset Protocol - U.S. Forest Projects,IFM,United States of America,The Nature Conservancy,10/28/2015,10/27/2040,09/05/2023,Official,N/A,Polygon,1,0,0
Camp Shelby Forest Carbon Project,ACR288,North America,American Carbon Registry,ARB Compliance Offset Protocol - U.S. Forest Projects,IFM,United States of America,Compatible Lands Foundation. Inc.,07/29/2015,07/28/2040,01/24/2024,Official,N/A,Polygon,1,0,0
Cappell Creek Improved Forest Management Project,ACR377,North America,American Carbon Registry,ARB Compliance Offset Protocol - U.S. Forest Projects,IFM,United States of America,California Timberlands 2 LLC,09/16/2016,03/16/2041,02/07/2024,Official,N/A,Polygon,1,0,0
Chestnut Carbon Conservation Project,VCS3814,North America,Verra,VM0003,IFM,United States of America,"Forest Carbon Works, PBC",07/05/2022,07/04/2047,05/02/2024,Official,N/A,Polygon,1,0,0
Chugach Alaska Forest Carbon Project,CAR1264,North America,Climate Action Reserve,ARB Compliance Offset Protocol - U.S. Forest Projects,IFM,United States of America,"Forest Carbon Partners, L.P.",06/06/2017,05/21/2042,03/11/2024,Official,N/A,Polygon,1,0,0
Cold Hollow Carbon - Improved Forest Management Project,ACR519,North America,American Carbon Registry,Improved Forest Management on Non-Federal U.S. Forestlands,IFM,United States of America,Vermont Forest Carbon LLC,06/20/2019,06/19/2039,02/07/2024,Georeferenced,Yes,Polygon,1,0,0
Congaree River,ACR292,North America,American Carbon Registry,ARB Compliance Offset Protocol - U.S. Forest Projects,IFM,United States of America,Congaree River LLC,10/21/2015,10/20/2040,02/07/2024,Official,N/A,Polygon,1,0,0
Cook's Conservancy,ACR257,North America,American Carbon Registry,ARB Compliance Offset Protocol - U.S. Forest Projects,IFM,United States of America,Finite Carbon,04/14/2015,04/13/2040,07/13/2023,Official,N/A,Polygon,1,1,0
Crane Valley,CAR1114,North America,Climate Action Reserve,ARB Compliance Offset Protocol - U.S. Forest Projects,IFM,United States of America,Sierra Pacific Industries,01/01/2015,12/31/2039,03/11/2024,Official,N/A,Polygon,1,0,0
Cumberland Forest - Lonesome Pine Improved Forest Management Project,ACR279,North America,American Carbon Registry,ARB Compliance Offset Protocol - U.S. Forest Projects,IFM,United States of America,The Nature Conservancy,10/27/2015,10/26/2040,02/07/2024,Official,N/A,Polygon,1,0,0
Cumberland Forest Highlands IFM,ACR248,North America,American Carbon Registry,ARB Compliance Offset Protocol - U.S. Forest Projects,IFM,United States of America,The Nature Conservancy,06/24/2015,06/23/2040,02/07/2024,Official,N/A,Polygon,1,0,0
EFM Improved Forest Management Group Project,VCS1367,North America,Verra,VM0003,IFM,United States of America,"EFM Investments & Advisory, Inc.",02/23/2010,02/22/2040,10/27/2023,Official,N/A,Polygon,1,0,0
Family Forest Carbon Project,VCS4268,North America,Verra,VM0003,IFM,United States of America,"Forest Carbon Works, PBC",07/14/2020,07/13/2045,05/02/2024,Official,N/A,Polygon,1,0,0
Farm Cove Community Forest,CAR1063,North America,Climate Action Reserve,ARB Compliance Offset Protocol - U.S. Forest Projects,IFM,United States of America,Downeast Lakes Land Trust,01/01/2014,12/31/2039,03/12/2024,Official,N/A,Polygon,1,1,0
Finite Carbon - AMC Silver Lake IFM,CAR1204,North America,Climate Action Reserve,ARB Compliance Offset Protocol - U.S. Forest Projects,IFM,United States of America,AMC Maine Woods Initiative LLC,10/29/2015,10/28/2040,08/31/2023,Official,N/A,Polygon,1,1,0
Finite Carbon - Ahtna Native Alaskan IFM,ACR360,North America,American Carbon Registry,ARB Compliance Offset Protocol - U.S. Forest Projects,IFM,United States of America,"Ahtna, Incorporated",01/03/2017,01/02/2042,02/07/2024,Official,N/A,Polygon,1,0,0
Finite Carbon - Alma Land Company IFM,CAR1208,North America,Climate Action Reserve,ARB Compliance Offset Protocol - U.S. Forest Projects,IFM,United States of America,Alma Land Company,10/27/2015,10/26/2040,03/12/2024,Official,N/A,Polygon,1,0,0
Finite Carbon - Brosnan Forest,CAR1134,North America,Climate Action Reserve,ARB Compliance Offset Protocol - U.S. Forest Projects,IFM,United States of America,Norfolk Southern Railway Company,01/01/2014,12/31/2038,03/12/2024,Official,N/A,Polygon,1,0,0
Finite Carbon - Colville IFM,ACR255,North America,American Carbon Registry,ARB Compliance Offset Protocol - U.S. Forest Projects,IFM,United States of America,Confederated Tribes of the Colville Reservation,10/08/2015,10/07/2040,02/07/2024,Official,N/A,Polygon,1,0,0
Finite Carbon - Cooper River IFM,ACR396,North America,American Carbon Registry,ARB Compliance Offset Protocol - U.S. Forest Projects,IFM,United States of America,Finite Carbon,11/14/2017,11/13/2042,02/22/2024,Official,N/A,Polygon,1,1,0
Finite Carbon - Dingess Rum IFM,CAR1436,North America,Climate Action Reserve,ARB Compliance Offset Protocol - U.S. Forest Projects,IFM,United States of America,NRP (Operating) LLC,07/10/2020,07/09/2046,03/12/2024,Official,N/A,Polygon,1,0,0
Finite Carbon - Hiawatha Sportsman's Club IFM,ACR562,North America,American Carbon Registry,ACR IFM,IFM,United States of America,Finite Carbon,07/02/2020,07/01/2040,09/06/2023,Georeferenced,Yes,Point,1,0,0
Finite Carbon - Huna Totem Native Alaskan IFM,ACR428,North America,American Carbon Registry,ARB Compliance Offset Protocol - U.S. Forest Projects,IFM,United States of America,Huna Totem Corporation,07/25/2018,07/24/2043,02/07/2024,Official,N/A,Polygon,1,0,0
Finite Carbon - JTO Champion Property IFM,CAR1088,North America,Climate Action Reserve,ARB Compliance Offset Protocol - U.S. Forest Projects,IFM,United States of America,Jackson Timberland Opportunities - Champion LLC,01/01/2013,12/31/2038,03/12/2024,Official,N/A,Polygon,1,1,0
Finite Carbon - Lakes Region Conservation Trust IFM,ACR293,North America,American Carbon Registry,ARB Compliance Offset Protocol - U.S. Forest Projects,IFM,United States of America,Finite Carbon,10/29/2015,10/28/2040,09/06/2023,Official,N/A,Polygon,1,1,0
Finite Carbon - Lyme Brimstone Timberlands IFM,CAR1130,North America,Climate Action Reserve,ARB Compliance Offset Protocol - U.S. Forest Projects,IFM,United States of America,Lyme Brimstone Timberlands LLC,08/31/2013,08/30/2038,03/12/2024,Official,N/A,Polygon,1,0,0
Finite Carbon - Lyme Logan IFM,CAR1205,North America,Climate Action Reserve,ARB Compliance Offset Protocol - U.S. Forest Projects,IFM,United States of America,Lyme Mountaineer Forest Holdings LLC,10/21/2015,10/20/2040,03/13/2024,Official,N/A,Polygon,1,0,0
Finite Carbon - Lyme Wisconsin IFM,CAR1391,North America,Climate Action Reserve,ARB Compliance Offset Protocol - U.S. Forest Projects,IFM,United States of America,Lyme Wisconsin Timberlands LLC,12/18/2019,12/17/2044,03/13/2024,Official,N/A,Polygon,1,0,0
Finite Carbon - MWF Adirondacks IFM,CAR1213,North America,Climate Action Reserve,ARB Compliance Offset Protocol - U.S. Forest Projects,IFM,United States of America,MWF Adirondacks LLC,10/26/2015,10/25/2040,03/13/2024,Official,N/A,Polygon,1,0,0
Finite Carbon - MWF Ned Lake IFM,ACR395,North America,American Carbon Registry,ARB Compliance Offset Protocol - U.S. Forest Projects,IFM,United States of America,Molpus Woodlands Group,11/27/2017,11/26/2042,02/07/2024,Official,N/A,Polygon,1,0,0
Finite Carbon - Massachusetts Audubon Society IFM,ACR284,North America,American Carbon Registry,ARB Compliance Offset Protocol - U.S. Forest Projects,IFM,United States of America,Finite Carbon,10/15/2015,10/14/2040,09/06/2023,Official,N/A,Polygon,1,0,0
Finite Carbon - Meriwether IFM,ACR416,North America,American Carbon Registry,ARB Compliance Offset Protocol - U.S. Forest Projects,IFM,United States of America,Molpus Woodlands Group,08/31/2018,08/30/2043,02/07/2024,Official,N/A,Polygon,1,0,0
Finite Carbon - NEFF,CAR672,North America,Climate Action Reserve,CAR Forest Project Protocol,IFM,United States of America,New England Forestry Foundation,06/22/2007,06/21/2107,03/13/2024,Georeferenced,Yes,Polygon,1,0,0
Finite Carbon - Opal Mountain Ranch IFM,ACR554,North America,American Carbon Registry,ARB Compliance Offset Protocol - U.S. Forest Projects,IFM,United States of America,Opal Mountain LLC,07/30/2020,07/29/2045,02/07/2024,Official,N/A,Polygon,1,0,0
Finite Carbon - Park Forestry IFM,ACR558,North America,American Carbon Registry,Improved Forest Management on Non-Federal U.S. Forestlands,IFM,United States of America,"Park Forestry NY, LLC",05/01/2020,04/30/2040,02/07/2024,Georeferenced,Yes,Point,1,0,0
Finite Carbon - Passamaquoddy Tribe IFM,CAR1175,North America,Climate Action Reserve,ARB Compliance Offset Protocol - U.S. Forest Projects,IFM,United States of America,Passamaquoddy Joint Tribal Council,05/28/2014,05/27/2039,08/31/2023,Official,N/A,Polygon,1,0,0
Finite Carbon - Potlatch Moro Big Pine CE IFM,CAR1086,North America,Climate Action Reserve,ARB Compliance Offset Protocol - U.S. Forest Projects,IFM,United States of America,"Potlatch Forest Holdings, Inc.",07/27/2012,07/26/2037,03/13/2024,Official,N/A,Polygon,1,0,0
Finite Carbon - Rowland IFM,CAR1257,North America,Climate Action Reserve,ARB Compliance Offset Protocol - U.S. Forest Projects,IFM,United States of America,Rowland Land Company,04/28/2017,04/27/2043,03/13/2024,Official,N/A,Polygon,1,0,0
Finite Carbon - Sealaska 2 Native Alaskan IFM,ACR420,North America,American Carbon Registry,ARB Compliance Offset Protocol - U.S. Forest Projects,IFM,United States of America,Finite Carbon,04/13/2018,04/12/2043,09/06/2023,Official,N/A,Polygon,1,1,0
Finite Carbon - Shannondale Tree Farm,CAR1062,North America,Climate Action Reserve,ARB Compliance Offset Protocol - U.S. Forest Projects,IFM,United States of America,Shannondale Carbon,01/01/2012,12/31/2036,03/13/2024,Official,N/A,Polygon,1,0,0
Finite Carbon - Sieben Live Stock IFM,CAR1297,North America,Climate Action Reserve,ARB Compliance Offset Protocol - U.S. Forest Projects,IFM,United States of America,Sieben Live Stock Co,03/02/2018,03/01/2044,03/13/2024,Official,N/A,Polygon,1,0,0
Finite Carbon - Spokane Tribe of Indians IFM,CAR1314,North America,Climate Action Reserve,ARB Compliance Offset Protocol - U.S. Forest Projects,IFM,United States of America,Spokane Tribe of Indians,09/18/2018,09/17/2043,03/13/2024,Official,N/A,Polygon,1,0,0
Finite Carbon - Stevenson AL IFM,CAR1373,North America,Climate Action Reserve,ARB Compliance Offset Protocol - U.S. Forest Projects,IFM,United States of America,Lyme Skyline Forest Company LLC,08/09/2019,12/30/2044,03/13/2024,Official,N/A,Polygon,1,0,0
Finite Carbon - Stevenson TN IFM,CAR1374,North America,Climate Action Reserve,ARB Compliance Offset Protocol - U.S. Forest Projects,IFM,United States of America,Lyme Skyline Forest Company LLC,08/09/2019,12/30/2044,03/13/2024,Official,N/A,Polygon,1,0,0
Finite Carbon - Tennessee River Gorge Trust IFM,ACR256,North America,American Carbon Registry,ARB Compliance Offset Protocol - U.S. Forest Projects,IFM,United States of America,Finite Carbon,02/12/2015,02/11/2040,09/06/2023,Official,N/A,Polygon,1,0,0
Finite Carbon - The Forestland Group CT Lakes,ACR199,North America,American Carbon Registry,ARB Compliance Offset Protocol - U.S. Forest Projects,IFM,United States of America,Finite Carbon,07/08/2013,07/07/2038,09/06/2023,Official,N/A,Polygon,1,0,0
Finite Carbon - The Forestland Group Chateaugay Woodlands IFM,ACR247,North America,American Carbon Registry,ARB Compliance Offset Protocol - U.S. Forest Projects,IFM,United States of America,Bluesource Sustainable Forests Company,05/16/2014,05/15/2039,02/07/2024,Official,N/A,Polygon,1,0,0
Finite Carbon - Tyonek Native Alaskan IFM,ACR413,North America,American Carbon Registry,ARB Compliance Offset Protocol - U.S. Forest Projects,IFM,United States of America,"Beach People, LLC",05/23/2019,05/22/2044,02/21/2024,Official,N/A,Polygon,1,1,0
Finite Carbon - Upper Hudson Woodlands ATP IFM,CAR1197,North America,Climate Action Reserve,ARB Compliance Offset Protocol - U.S. Forest Projects,IFM,United States of America,TimberLink LLC,10/30/2015,10/29/2040,03/13/2024,Official,N/A,Polygon,1,0,0
Finite Carbon - West Grand Lake IFM,CAR1217,North America,Climate Action Reserve,ARB Compliance Offset Protocol - U.S. Forest Projects,IFM,United States of America,Finite Carbon,09/30/2013,09/29/2038,08/30/2023,Georeferenced,Yes,Polygon,1,0,0
Forest Carbon Partners - Berea College Improved Forest Management Project,CAR1173,North America,Climate Action Reserve,ARB Compliance Offset Protocol - U.S. Forest Projects,IFM,United States of America,"Forest Carbon Partners, L.P.",05/18/2015,05/17/2040,03/13/2024,Official,N/A,Polygon,1,0,0
Forest Carbon Partners - Eddie Ranch Improved Forest Management Project,CAR1174,North America,Climate Action Reserve,ARB Compliance Offset Protocol - U.S. Forest Projects,IFM,United States of America,"Forest Carbon Partners, L.P.",08/01/2016,07/31/2041,03/14/2024,Official,N/A,Polygon,1,0,0
Forest Carbon Partners - English Bay Corporation Forest Carbon Project,CAR1293,North America,Climate Action Reserve,ARB Compliance Offset Protocol - U.S. Forest Projects,IFM,United States of America,"Forest Carbon Partners, L.P.",12/31/2017,06/30/2042,03/13/2024,Official,N/A,Polygon,1,0,0
Forest Carbon Partners - Gabrych Ranch Improved Forest Management Project,CAR1104,North America,Climate Action Reserve,ARB Compliance Offset Protocol - U.S. Forest Projects,IFM,United States of America,"Forest Carbon Partners, L.P.",09/05/2014,09/04/2039,03/13/2024,Official,N/A,Polygon,1,0,0
Forest Carbon Partners - Glass Ranch Improved Forest Management Project,CAR1103,North America,Climate Action Reserve,ARB Compliance Offset Protocol - U.S. Forest Projects,IFM,United States of America,"Forest Carbon Partners, L.P.",06/21/2014,06/20/2039,03/14/2024,Official,N/A,Polygon,1,0,0
Forest Carbon Partners - Hunter Ranch Improved Forest Management Project,CAR1329,North America,Climate Action Reserve,ARB Compliance Offset Protocol - U.S. Forest Projects,IFM,United States of America,"Forest Carbon Partners, L.P.",01/02/2019,07/30/2043,03/14/2024,Official,N/A,Polygon,1,0,0
Forest Carbon Partners - Mescalero Apache Tribe Improved Forest Management Project,CAR1183,North America,Climate Action Reserve,ARB Compliance Offset Protocol - U.S. Forest Projects,IFM,United States of America,"Forest Carbon Partners, L.P.",09/01/2015,08/31/2040,03/14/2024,Official,N/A,Polygon,1,0,0
Forest Carbon Partners - Port Graham Corporation Improved Forest Management Project,ACR361,North America,American Carbon Registry,ARB Compliance Offset Protocol - U.S. Forest Projects,IFM,United States of America,"Forest Carbon Partners, L.P.",12/25/2016,12/24/2041,02/21/2024,Official,N/A,Polygon,1,0,0
Forest Carbon Partners - Seldovia Native Association Forest Carbon Project,CAR1292,North America,Climate Action Reserve,ARB Compliance Offset Protocol - U.S. Forest Projects,IFM,United States of America,"Forest Carbon Partners, L.P.",12/31/2017,06/30/2042,03/14/2024,Official,N/A,Polygon,1,0,0
Forest Carbon Works Christensen Family Forest Project,ACR603,North America,American Carbon Registry,ARB Compliance Offset Protocol - U.S. Forest Projects,IFM,United States of America,"Forest Carbon Works, PBC",11/06/2020,05/06/2045,02/21/2024,Official,N/A,Polygon,1,0,0
Forest Carbon Works Rowan Family Forest Project,ACR570,North America,American Carbon Registry,ARB Compliance Offset Protocol - U.S. Forest Projects,IFM,United States of America,"Forest Carbon Works, PBC",07/24/2020,07/24/2045,02/21/2024,Official,N/A,Polygon,1,0,0
Forest Carbon Works Stewart Family Forest Project,ACR423,North America,American Carbon Registry,ARB Compliance Offset Protocol - U.S. Forest Projects,IFM,United States of America,"Forest Carbon Works, PBC",04/25/2018,04/25/2043,02/21/2024,Official,N/A,Polygon,1,0,0
Garcia River Forest,CAR102,North America,Climate Action Reserve,CAR Forest Project Protocol,IFM,United States of America,The Conservation Fund,02/02/2004,02/01/2104,10/03/2023,Georeferenced,Yes,Polygon,1,0,0
Garcia River Forest - ARB,CAR1098,North America,Climate Action Reserve,ARB Compliance Offset Protocol - U.S. Forest Projects,IFM,United States of America,The Conservation Fund,01/01/2015,12/31/2039,08/30/2023,Official,N/A,Polygon,1,0,0
Glasscock Island,ACR251,North America,American Carbon Registry,ARB Compliance Offset Protocol - U.S. Forest Projects,IFM,United States of America,Era Ecosystem Services,11/17/2014,11/16/2039,02/21/2024,Official,N/A,Polygon,1,0,0
Great Mountain Forest Improved Forest Management Project,ACR371,North America,American Carbon Registry,ARB Compliance Offset Protocol - U.S. Forest Projects,IFM,United States of America,"Anew Carbon Development, LLC",03/10/2017,03/09/2042,09/06/2023,Official,N/A,Polygon,1,0,0
Green Assets - BJT Avoided Conversion Project,ACR287,North America,American Carbon Registry,ARB Compliance Offset Protocol - U.S. Forest Projects,AD,United States of America,"Green Assests, Inc.",09/01/2016,08/31/2041,02/21/2024,Official,N/A,Polygon,1,0,0
Green Assets - Brookgreen Gardens Improved Forest Management Project,ACR192,North America,American Carbon Registry,ARB Compliance Offset Protocol - U.S. Forest Projects,IFM,United States of America,"Green Assests, Inc.",05/13/2013,05/12/2038,02/21/2024,Official,N/A,Polygon,1,0,0
Green Assets - HMWCF-I Avoided Conversion Project,ACR268,North America,American Carbon Registry,ARB Compliance Offset Protocol - U.S. Forest Projects,AD,United States of America,"Green Assests, Inc.",09/01/2016,08/31/2041,02/21/2024,Official,N/A,Polygon,1,0,0
Green Assets - HMWCF-II Avoided Conversion Project,ACR269,North America,American Carbon Registry,ARB Compliance Offset Protocol - U.S. Forest Projects,AD,United States of America,"Green Assests, Inc.",09/01/2016,08/31/2041,02/21/2024,Official,N/A,Polygon,1,0,0
Green Assets - Lukens Avoided Conversion Project,ACR265,North America,American Carbon Registry,ARB Compliance Offset Protocol - U.S. Forest Projects,AD,United States of America,"Green Assests, Inc.",04/29/2015,04/28/2040,02/21/2024,Official,N/A,Polygon,1,0,0
Green Assets - Milbury Avoided Conversion Project,ACR266,North America,American Carbon Registry,ARB Compliance Offset Protocol - U.S. Forest Projects,AD,United States of America,"Green Assests, Inc.",06/10/2015,06/09/2040,02/21/2024,Official,N/A,Polygon,1,0,0
Green Diamond Resource Company Klamath East IFM,ACR273,North America,American Carbon Registry,ARB Compliance Offset Protocol - U.S. Forest Projects,IFM,United States of America,Green Diamond Resource Company,10/13/2015,10/12/2040,09/06/2023,Official,N/A,Polygon,1,0,0
Green Diamond Resource Company Klamath West IFM,ACR274,North America,American Carbon Registry,ARB Compliance Offset Protocol - U.S. Forest Projects,IFM,United States of America,Green Diamond Resource Company,09/29/2014,09/28/2039,09/06/2023,Official,N/A,Polygon,1,0,0
Green Trees ACRE (Advanced Carbon Restored Ecosystem),ACR114,North America,American Carbon Registry,ACR A/R,ARR,United States of America,Green Trees LLC,01/01/2008,12/31/2047,09/06/2023,Georeferenced,Yes,Point,1,0,0
Greenwood Creek,CAR1190,North America,Climate Action Reserve,ARB Compliance Offset Protocol - U.S. Forest Projects,IFM,United States of America,"Mendocino Redwood Company, LLC",06/04/2015,06/03/2040,03/14/2024,Official,N/A,Polygon,1,0,0
Gualala River Forest - ARB,CAR1099,North America,Climate Action Reserve,ARB Compliance Offset Protocol - U.S. Forest Projects,IFM,United States of America,The Conservation Fund,01/01/2015,12/31/2039,08/30/2023,Official,N/A,Polygon,1,0,0
Hanes Ranch Forest Carbon Project,ACR182,North America,American Carbon Registry,ARB Compliance Offset Protocol - U.S. Forest Projects,IFM,United States of America,Hanes Ranch Inc.,03/04/2012,03/03/2037,02/21/2024,Official,N/A,Polygon,1,0,0
Hiawatha Club Carbon Project,ACR394,North America,American Carbon Registry,Improved Forest Management on Non-Federal U.S. Forestlands,IFM,United States of America,The Nature Conservancy,01/01/2016,12/31/2035,02/22/2024,Georeferenced,Yes,Point,1,0,0
Hollow Tree,CAR1191,North America,Climate Action Reserve,ARB Compliance Offset Protocol - U.S. Forest Projects,IFM,United States of America,"Mendocino Redwood Company, LLC",06/04/2015,06/03/2040,03/14/2024,Official,N/A,Polygon,1,0,0
Howland Research Forest,CAR681,North America,Climate Action Reserve,CAR Forest Project Protocol,IFM,United States of America,Northeast Wilderness Trust,10/08/2008,10/07/2108,08/31/2023,Official,N/A,Polygon,1,0,0
Humboldt Mixed Forest Improvement Project,CAR1339,North America,Climate Action Reserve,ARB Compliance Offset Protocol - U.S. Forest Projects,IFM,United States of America,Peak Carbon LLC,05/01/2019,04/30/2044,03/14/2024,Official,N/A,Polygon,1,0,0
Huron Mountain Club Forest Carbon Project,ACR210,North America,American Carbon Registry,ARB Compliance Offset Protocol - U.S. Forest Projects,IFM,United States of America,Huron Mountain Club,04/21/2016,10/20/2041,02/22/2024,Official,N/A,Polygon,1,0,0
Katahdin Iron Works Ecological Reserve,CAR646,North America,Climate Action Reserve,CAR Forest Project Protocol,IFM,United States of America,AMC Maine Woods Initiative LLC,03/22/2007,03/21/2107,03/14/2024,Official,No,Polygon,1,1,0
King County Rural Forest Carbon Project,VCS1911,North America,Verra,VM0012,IFM,United States of America,King County Department of Natural Resources and Parks,01/01/2015,12/31/2114,10/23/2023,Official,N/A,Polygon,1,0,0
Kite Hammock IFM,ACR509,North America,American Carbon Registry,Improved Forest Management on Non-Federal U.S. Forestlands,IFM,United States of America,"HGB & Associates, LLC",09/09/2017,09/08/2037,02/22/2024,Georeferenced,Yes,Polygon,1,0,0
Lock Haven Improved Forest Management Project,VCS1377,North America,Verra,VM0003,IFM,United States of America,Lock Haven City Authority,10/10/2013,10/09/2113,10/26/2023,Georeferenced,Yes,Polygon,1,0,0
Lompico Forest Carbon Project,CAR590,North America,Climate Action Reserve,CAR Forest Project Protocol,IFM,United States of America,Sempervirens Fund,03/05/2007,03/04/2107,03/14/2024,Georeferenced,Yes,Point,1,0,0
Lord Ellis Improved Forest Management Project,ACR378,North America,American Carbon Registry,ARB Compliance Offset Protocol - U.S. Forest Projects,IFM,United States of America,Green Diamond Resource Company,09/16/2016,03/16/2041,02/22/2024,Official,N/A,Polygon,1,0,0
Lower Green Swamp Preserve,ACR483,North America,American Carbon Registry,Improved Forest Management on Non-Federal U.S. Forestlands,IFM,United States of America,Hillsborough County/CELMD,01/01/2018,12/31/2037,02/22/2024,Georeferenced,Yes,Polygon,1,0,0
Lower Mississippi Valley Grouped Afforestation Project,VCS919,North America,Verra,AR-ACM0001,ARR,United States of America,The Nature Conservancy,10/05/2011,10/04/2043,05/02/2024,Georeferenced,Yes,Polygon,1,0,0
Lower Mississippi Valley Reforestation,ACR115,North America,American Carbon Registry,AR-ACM0001,ARR,United States of America,Entergy Services Inc,04/08/2002,04/07/2042,09/06/2023,Georeferenced,Yes,Polygon,1,0,0
Lubrecht Experimental Forest Carbon Project,CAR1332,North America,Climate Action Reserve,ARB Compliance Offset Protocol - U.S. Forest Projects,IFM,United States of America,"Spatial Informatics Group, LLC",02/20/2019,08/20/2043,03/14/2024,Official,N/A,Polygon,1,1,0
Lucchesi Tract,CAR694,North America,Climate Action Reserve,CAR Forest Project Protocol,IFM,United States of America,City of Arcata,11/14/2001,11/30/2101,03/14/2024,Official,No,Polygon,1,0,0
Lyme Wyoming IFM,ACR249,North America,American Carbon Registry,ARB Compliance Offset Protocol - U.S. Forest Projects,IFM,United States of America,Lyme Mountaineer Timberlands II LLC,03/23/2015,03/22/2040,07/14/2023,Official,N/A,Polygon,1,0,0
Mailiard Ranch,CAR1180,North America,Climate Action Reserve,ARB Compliance Offset Protocol - U.S. Forest Projects,IFM,United States of America,"Mailiard Ranch, a California Limited Partnership",03/24/2015,03/23/2040,03/14/2024,Official,N/A,Polygon,1,1,0
McCloud River,CAR429,North America,Climate Action Reserve,CAR Forest Project Protocol,IFM,United States of America,"Bascom Pacific, LLC",8/21/2006,8/20/2106,08/17/2023,Official,N/A,Polygon,1,0,0
Miller Forest,ACR189,North America,American Carbon Registry,ARB Compliance Offset Protocol - U.S. Forest Projects,IFM,United States of America,Steve Miller and Florence Miller Co-Trustees of the Edward Miller Trust,04/19/2012,04/18/2037,02/22/2024,Official,N/A,Polygon,1,0,0
Monte Rio Improved Forest Management Project,CAR1330,North America,Climate Action Reserve,ARB Compliance Offset Protocol - U.S. Forest Projects,IFM,United States of America,"Forest Carbon Partners, L.P.",02/26/2019,08/25/2043,03/14/2024,Official,N/A,Polygon,1,0,0
Montesol - Forest Carbon Partners Improved Forest Management Project,CAR1102,North America,Climate Action Reserve,ARB Compliance Offset Protocol - U.S. Forest Projects,IFM,United States of America,Montesol LLC,05/05/2014,05/04/2039,03/14/2024,Official,N/A,Polygon,1,0,0
Otter Creek IFM,ACR508,North America,American Carbon Registry,Improved Forest Management on Non-Federal U.S. Forestlands,IFM,United States of America,"Hancock Timberlands XI, Inc",09/09/2017,09/08/2037,02/22/2024,Georeferenced,Yes,Point,1,0,0
Phase 1 Sustainable Forest Project,CAR1070,North America,Climate Action Reserve,ARB Compliance Offset Protocol - U.S. Forest Projects,IFM,United States of America,Yurok Tribe,04/14/2011,04/16/2036,03/15/2024,Official,Yes,Polygon,1,0,0
Pine Creek Improved Forest Management Project,CAR1368,North America,Climate Action Reserve,ARB Compliance Offset Protocol - U.S. Forest Projects,IFM,United States of America,Hoopa Valley Tribe,08/31/2018,08/30/2043,03/15/2024,Official,N/A,Polygon,1,0,0
Puget Sound Energy Baker - White River Forest Carbon Project,ACR539,North America,American Carbon Registry,Improved Forest Management on Non-Federal U.S. Forestlands,IFM,United States of America,Puget Sound Energy,02/26/2020,02/25/2040,02/22/2024,Georeferenced,Yes,Polygon,1,0,0
Reforestation Across the Lower Mississippi Valley,VCS774,North America,Verra,AR-ACM0001,ARR,United States of America,Dynegy,04/05/1999,04/04/2059,10/25/2023,Georeferenced,Yes,Point,1,0,0
Rips Redwoods,CAR1015,North America,Climate Action Reserve,CAR Forest Project Protocol,IFM,United States of America,Rips Redwood LLC,05/08/2013,05/07/2113,08/31/2023,Official,N/A,Polygon,1,0,0
Round Valley Indian Tribes Improved Forest Management Project,ACR173,North America,American Carbon Registry,ARB Compliance Offset Protocol - U.S. Forest Projects,IFM,United States of America,Round Valley Indian Tribes,06/30/2012,06/29/2037,02/22/2024,Official,N/A,Polygon,1,0,0
SIG Carbon - Northeast Wilderness Trust - Alder Stream Preserve,CAR1162,North America,Climate Action Reserve,ARB Compliance Offset Protocol - U.S. Forest Projects,IFM,United States of America,Northeast Wilderness Trust,01/01/2014,12/31/2038,03/18/2024,Official,N/A,Polygon,1,0,0
SIG Carbon - Northeast Wilderness Trust - Howland Research Forest,CAR1161,North America,Climate Action Reserve,ARB Compliance Offset Protocol - U.S. Forest Projects,IFM,United States of America,Northeast Wilderness Trust,01/01/2014,12/31/2038,03/18/2024,Official,N/A,Polygon,1,0,0
SPI Wildfire Reforestation Project #2,CAR1164,North America,Climate Action Reserve,ARB Compliance Offset Protocol - U.S. Forest Projects,ARR,United States of America,Sierra Pacific Industries,01/01/2015,12/31/2039,03/18/2024,Georeferenced,Yes,Point,1,0,0
SPI Wildfire Reforestation Project #3,CAR1165,North America,Climate Action Reserve,ARB Compliance Offset Protocol - U.S. Forest Projects,ARR,United States of America,Sierra Pacific Industries,06/01/2002,12/31/2027,03/18/2024,Official,N/A,Polygon,1,0,0
SPI Wildfire Reforestation Project #5,CAR1167,North America,Climate Action Reserve,ARB Compliance Offset Protocol - U.S. Forest Projects,ARR,United States of America,Sierra Pacific Industries,01/01/2015,12/31/2039,03/18/2024,Georeferenced,Yes,Point,1,0,0
Sacramento Canyon ARB001,CAR1041,North America,Climate Action Reserve,ARB Compliance Offset Protocol - U.S. Forest Projects,IFM,United States of America,Sierra Pacific Industries,01/01/2012,12/31/2036,03/15/2024,Official,N/A,Polygon,1,0,0
Save the Redwoods League 2018,CAR1313,North America,Climate Action Reserve,ARB Compliance Offset Protocol - U.S. Forest Projects,IFM,United States of America,Save the Redwoods League,06/22/2018,06/21/2043,03/15/2024,Official,N/A,Polygon,1,0,0
Sealaska Native Alaskan IFM,ACR324,North America,American Carbon Registry,ARB Compliance Offset Protocol - U.S. Forest Projects,IFM,United States of America,Finite Carbon,06/10/2016,06/09/2041,07/14/2023,Official,N/A,Polygon,1,1,0
Sustainable Mountain IFM,CAR1067,North America,Climate Action Reserve,ARB Compliance Offset Protocol - U.S. Forest Projects,IFM,United States of America,"Sustainable Mountain Center, LLC",09/02/2013,09/01/2038,03/18/2024,Official,N/A,Polygon,1,1,0
TCT Birmingham IFM Project,CAR1336,North America,Climate Action Reserve,ARB Compliance Offset Protocol - U.S. Forest Projects,IFM,United States of America,Peak Carbon LLC,12/12/2018,12/11/2043,03/18/2024,Official,N/A,Polygon,1,0,0
Tensas River Basin Project,VCS838,North America,Verra,AR-ACM0001,ARR,United States of America,The Nature Conservancy,11/16/2007,11/15/2077,10/25/2023,Georeferenced,Yes,Polygon,1,0,0
The Cuyamaca Rancho State Park (CRSP) Reforestation Project,CAR505,North America,Climate Action Reserve,CAR Forest Project Protocol,ARR,United States of America,CA Department pf Parks and Recreation,10/01/2007,09/30/2107,03/18/2024,Georeferenced,Yes,Polygon,1,0,0
The Nature Conservancy - Chestnut Mountain Improved Forest Management Project,ACR441,North America,American Carbon Registry,Improved Forest Management on Non-Federal U.S. Forestlands,IFM,United States of America,The Nature Conservancy,06/05/2018,06/04/2038,02/22/2024,Georeferenced,Yes,Polygon,1,0,0
The Nature Conservancy - Upper St. John Forest IFM Project,ACR427,North America,American Carbon Registry,ARB Compliance Offset Protocol - U.S. Forest Projects,IFM,United States of America,The Nature Conservancy,06/15/2018,06/15/2043,02/22/2024,Official,N/A,Polygon,1,0,0
The Nature Conservancy - Washington Rainforest Renewal Project,ACR574,North America,American Carbon Registry,Improved Forest Management on Non-Federal U.S. Forestlands,IFM,United States of America,The Nature Conservancy,06/05/2020,06/04/2040,02/22/2024,Georeferenced,Yes,Polygon,1,0,0
The van Eck Forest,CAR1141,North America,Climate Action Reserve,ARB Compliance Offset Protocol - U.S. Forest Projects,IFM,United States of America,Fred M Van Eck Forest Foundation for Purdue University,01/01/2015,12/31/2039,03/18/2024,Official,N/A,Polygon,1,0,0
UPM Blandin Native American Hardwoods Conservation & Carbon Sequestration Project,ACR212,North America,American Carbon Registry,Improved Forest Management on Non-Federal U.S. Forestlands,IFM,United States of America,Blandin Paper Company,07/28/2010,07/27/2030,02/22/2024,Georeferenced,Yes,Point,1,0,0
Usal Redwood Forest - IFM,CAR1139,North America,Climate Action Reserve,ARB Compliance Offset Protocol - U.S. Forest Projects,IFM,United States of America,"Usal Redwood Forest Company, LLC",01/01/2015,12/31/2039,03/18/2024,Official,N/A,Polygon,1,0,0
Virginia Conservation Forestry Program - Clifton Farm,CAR1160,North America,Climate Action Reserve,ARB Compliance Offset Protocol - U.S. Forest Projects,IFM,United States of America,The Nature Conservancy,01/01/2015,12/31/2039,03/18/2024,Official,N/A,Polygon,1,0,0
Virginia Conservation Forestry Program - Rich Mountain,CAR1159,North America,Climate Action Reserve,ARB Compliance Offset Protocol - U.S. Forest Projects,IFM,United States of America,The Nature Conservancy,01/01/2015,12/31/2039,03/18/2024,Official,N/A,Polygon,1,0,0
Virginia Conservation Forestry Program - Tazewell Elk Garden,CAR1147,North America,Climate Action Reserve,ARB Compliance Offset Protocol - U.S. Forest Projects,IFM,United States of America,The Nature Conservancy,01/01/2015,12/31/2039,03/18/2024,Official,N/A,Polygon,1,0,0
Virginia Highlands 1,CAR1032,North America,Climate Action Reserve,ARB Compliance Offset Protocol - U.S. Forest Projects,IFM,United States of America,The Nature Conservancy,04/25/2013,04/24/2038,03/18/2024,Official,N/A,Polygon,1,0,0
Wabassus DLLT IFM,ACR422,North America,American Carbon Registry,Improved Forest Management on Non-Federal U.S. Forestlands,IFM,United States of America,Downeast Lakes Land Trust,01/01/2018,12/31/2037,02/22/2024,Georeferenced,Yes,Polygon,1,0,0
Wapiti Woods 1,CAR1206,North America,Climate Action Reserve,ARB Compliance Offset Protocol - U.S. Forest Projects,IFM,United States of America,Blue Source LLC,10/21/2015,10/20/2040,03/18/2024,Official,N/A,Polygon,1,0,0
Warm Springs Phase 1,ACR260,North America,American Carbon Registry,ARB Compliance Offset Protocol - U.S. Forest Projects,IFM,United States of America,Era Ecosystem Services,12/05/2014,12/04/2039,02/22/2024,Official,N/A,Polygon,1,0,0
White Mountain Apache Tribe Carbon Project,ACR211,North America,American Carbon Registry,ARB Compliance Offset Protocol - U.S. Forest Projects,IFM,United States of America,White Mountain Apache Tribe,09/19/2012,09/18/2037,02/22/2024,Official,N/A,Polygon,1,0,0
White Mountain Apache Tribe Carbon Project 2,ACR303,North America,American Carbon Registry,ARB Compliance Offset Protocol - U.S. Forest Projects,IFM,United States of America,White Mountain Apache Tribe,10/28/2015,10/27/2040,02/22/2024,Official,N/A,Polygon,1,0,0
Willits Woods IFM,CAR1140,North America,Climate Action Reserve,ARB Compliance Offset Protocol - U.S. Forest Projects,IFM,United States of America,Green Diamond Resource Company,01/01/2015,12/31/2039,03/18/2024,Official,N/A,Polygon,1,0,0
Winston Creek Forest Carbon Project,ACR389,North America,American Carbon Registry,Improved Forest Management on Non-Federal U.S. Forestlands,IFM,United States of America,Port Blakely,04/17/2017,04/16/2037,02/22/2024,Georeferenced,Yes,Polygon,1,0,0
Yurok Tribe/Forest Carbon Partners CKGG Improved Forest Management Project,CAR993,North America,Climate Action Reserve,ARB Compliance Offset Protocol - U.S. Forest Projects,IFM,United States of America,Yurok Tribe,03/31/2012,03/30/2037,03/19/2024,Official,N/A,Polygon,1,0,0
Unitan Afforestation and Reforestation of Grazing Lands Project,VCS2610,South America,Verra,AR-ACM0003,ARR,Argentina,Unitan S.A.I.C.A,09/16/2016,09/15/2056,05/01/2024,Official,N/A,Polygon,1,1,0
ArBolivia - Phase 2,GS2951,South America,Gold Standard,AR-AMS0001,ARR,Bolivia,The Cochabamba Project,01/01/2007,01/01/2056,09/07/2023,Georeferenced,Yes,Point,1,0,0
Conversion to Protection of the Amazon Rain Forest,VCS1000,South America,Verra,VM0010,IFM,Bolivia,Redd Services Pte Ltd,04/01/2008,03/31/2038,10/27/2023,Georeferenced,Yes,Polygon,1,0,0
Protection of the Amazon Rain Forest 2,VCS999,South America,Verra,VM0007,AD,Bolivia,Palma Efuus SRL,08/01/2012,07/31/2042,10/27/2023,Georeferenced,Yes,Polygon,1,1,0
Protection of the Bolivian Amazon Forest,VCS818,South America,Verra,VM0007,AD,Bolivia,Fermin Aldabe,10/20/2011,10/19/2041,10/27/2023,Official,N/A,Polygon,1,0,0
REDD Project - Territorio Indigena Originario Campesino,VCS3506,South America,Verra,VM0015,AD,Bolivia,GreenAir Limited,01/01/2018,12/31/2047,10/19/2023,Official,N/A,Polygon,1,0,0
ABC Norte REDD Project,VCS2558,South America,Verra,VM0015,AD,Brazil,ABC Agropecuária Brasil Norte S.A. Produção e Exportação (Primary PP),09/13/2017,09/12/2047,03/19/2024,Official,No,Polygon,1,1,0
Agrocortex REDD Project,VCS1686,South America,Verra,VM0015,AD,Brazil,Agrocortex Madeiras do Acre Agroflorestal Ltda.,07/01/2014,06/30/2044,08/11/2023,Official,N/A,Polygon,1,0,0
Amazon Rio REDD+ IFM,VCS1147,South America,Verra,VM0011,IFM,Brazil,Empresa Brasileira de Conservacao de Florestas (EBCF),06/05/2013,06/04/2049,04/29/2024,Official,N/A,Polygon,1,0,0
Boa Vista A/R,ACR105,South America,American Carbon Registry,AR-ACM0001,ARR,Brazil,F.I.T. Timber Ltd.,05/14/1999,05/13/2039,01/20/2024,Georeferenced,Yes,Point,1,0,0
"Carbon Project in the Emas-Taquari Biodiversity Corridor, Goias and Mato Grosso do Sul, Brazil",VCS738,South America,Verra,AR-AMS0001,ARR,Brazil,Oreades Geoprocessing Center,12/06/2010,12/05/2040,10/26/2023,Official,N/A,Polygon,1,0,0
Cikel Brazilian Amazon REDD APD Project,VCS832,South America,Verra,VM0007,AD,Brazil,CKVB Florestal Ltda.,07/19/2007,07/18/2027,10/27/2023,Official,N/A,Polygon,1,1,0
Corridors for Life ARR Grouped Project,VCS3727,South America,Verra,AR-ACM0003,ARR,Brazil,Biofilica Ambipar Environmental Investments,11/18/2021,11/17/2071,05/02/2024,Official,N/A,Polygon,1,1,0
Ecomapuá Amazon REDD Project,VCS1094,South America,Verra,VM0015,AD,Brazil,Sustainable Carbon,01/01/2003,12/31/2032,07/26/2023,Official,N/A,Polygon,1,1,0
Fazenda Nascente Do Luar Agroforestry Project ,VCS2079,South America,Verra,AR-ACM0003,ARR,Brazil,Carbon Credits Consulting,04/01/2015,12/31/2044,08/14/2023,Official,N/A,Polygon,1,1,0
Fazenda Sao Paulo Agroforestry,VCS1663,South America,Verra,AR-ACM0003,ARR,Brazil,Carbon Credits Consulting,01/01/2013,12/31/2042,10/25/2023,Official,N/A,Polygon,1,1,0
Floresta Verde REDD+ Project,VCS1953,South America,Verra,VM0015,AD,Brazil,Amazon Reforestation Consortium,01/01/2016,12/31/2045,10/23/2023,Official,N/A,Polygon,1,0,0
Florestal Santa Maria REDD+ Project,VCS875,South America,Verra,VM0007,AD,Brazil,Florestal Santa Maria S/A,04/13/2009,04/13/2039,07/13/2023,Official,N/A,Polygon,1,0,0
Fortaleza Ituxi REDD Project,VCS1654,South America,Verra,VM0015,AD,Brazil,Fazenda Nossa Senhora das Cachoeiras do Ituxi,12/15/2013,12/14/2043,10/25/2023,Official,N/A,Polygon,1,0,0
Hiwi REDD+ Project,VCS3002,South America,Verra,VM0015,AD,Brazil,Carbonext Technologia em Solucoes Ambientaies,08/31/2019,08/30/2049,05/02/2024,Official,N/A,Polygon,1,0,0
Ilha Do Bananal+ Project,ER123,South America,EcoRegistry,CERCARBONO,AD,Brazil,Biofix Consultoria LTDA,01/01/2016,12/31/2045,07/25/2023,Official,N/A,Polygon,1,0,0
Ipixuna REDD+ Project,ER125,South America,EcoRegistry,M/UT - REDD+,AD,Brazil,Indigenous Carbon LLC,07/01/2017,06/30/2047,03/19/2024,Official,N/A,Polygon,1,1,0
Jari/Amapá REDD+ Project,VCS1115,South America,Verra,VM0015,AD,Brazil,Biofilica,02/14/2011,02/13/2041,08/16/2023,Georeferenced,Yes,Polygon,1,1,0
Jari/Pará REDD+ Project,VCS1811,South America,Verra,VM0015,AD,Brazil,Biofilica,07/08/2014,07/07/2044,07/29/2023,Georeferenced,Yes,Polygon,1,1,0
Joao Bravo REDD+ Project,ER137,South America,EcoRegistry,M/UT - REDD+,AD,Brazil,Indigenous Carbon LLC,07/01/2017,06/30/2047,03/19/2024,Official,N/A,Polygon,1,1,0
Juina REDD+ Project,ER139,South America,EcoRegistry,M/UT - REDD+,AD,Brazil,Indigenous Carbon LLC,01/07/2017,06/30/2047,03/19/2024,Official,N/A,Polygon,1,0,0
Manoa REDD+ Project,VCS1571,South America,Verra,VM0015,AD,Brazil,Biofilica,01/01/2013,12/31/2042,07/12/2023,Official,N/A,Polygon,1,0,0
Maísa REDD+ Project,VCS1329,South America,Verra,VM0015,AD,Brazil,Biofilica,05/21/2012,05/20/2042,07/29/2023,Official,N/A,Polygon,1,0,0
"Multi-Species Reforestation in Mato Grosso, Brazil",VCS665,South America,Verra,AR-AMS0006,ARR,Brazil,Office National des Forêts,11/01/1999,10/31/2039,08/11/2023,Georeferenced,Yes,Polygon,1,0,0
Pacajai REDD+ Project,VCS981,South America,Verra,VM0015,AD,Brazil,Avoided Deforestation Project (Manaus) Limited,01/01/2009,12/31/2048,10/27/2023,Official,N/A,Polygon,1,0,0
RMDLT Portel - Para REDD Project,VCS977,South America,Verra,VM0015,AD,Brazil,RMDLT Property Group Ltd,01/01/2019,12/31/2058,10/26/2023,Official,N/A,Polygon,1,0,0
Reforestation Grouped Project at Pratigi Environmental Protection Area,VCS1317,South America,Verra,AR-AMS0007,ARR,Brazil,Land Conservation Organization,05/01/2011,04/30/2111,10/27/2023,Official,N/A,Polygon,1,0,0
Resex Rio Preto-Jacundá REDD+ Project,VCS1503,South America,Verra,VM0015,AD,Brazil,Biofilica,10/01/2012,09/30/2042,07/12/2023,Georeferenced,Yes,Polygon,1,1,0
Rio Anapu-Pacaja REDD Project,VCS2252,South America,Verra,VM0015,AD,Brazil,Brazil Agfor LLC,01/01/2016,12/31/2045,07/17/2023,Official,N/A,Polygon,1,0,0
Rio Jacareacanga REDD+ Project,ER130,South America,EcoRegistry,M/UT - REDD+,AD,Brazil,Indigenous Carbon LLC,01/07/2017,06/30/2047,03/19/2024,Official,N/A,Polygon,1,1,0
Rio Roosevelt REDD+ Project,ER143,South America,EcoRegistry,M/UT - REDD+,AD,Brazil,Indigenous Carbon LLC,07/01/2017,06/30/2047,03/19/2024,Official,N/A,Polygon,1,1,0
Surui Forest Carbon Project,VCS1118,South America,Verra,VM0015,AD,Brazil,Metareila Association of the Surui Indigenous Peopl,06/09/2009,06/08/2039,10/25/2023,Method,Yes,Polygon,1,0,1
The ARR Cerrado Carbon Project,VCS2790,South America,Verra,AR-ACM0003,ARR,Brazil,Suzano S.A.,07/19/2019,07/18/2119,03/19/2024,Official,No,Polygon,1,1,0
The ARR Horizonte Carbon Project,VCS3350,South America,Verra,AR-ACM0003,ARR,Brazil,Suzano S.A.,11/02/2017,11/01/2052,05/02/2024,Official,N/A,Polygon,1,0,0
The Amazon Reforestation Consortium Project,VCS1969,South America,Verra,AR-ACM0003,ARR,Brazil,Amazon Reforestation Consortium,01/01/2016,12/31/2045,04/29/2024,Official,N/A,Polygon,1,0,0
"The Envira Amazonia Project - A Tropical Forest Conservation Project in Acre, Brazil",VCS1382,South America,Verra,VM0007,AD,Brazil,CarbonCo LLC,08/02/2012,08/01/2042,10/03/2023,Official,N/A,Polygon,1,0,0
The Purus Project,VCS963,South America,Verra,VM0007,AD,Brazil,CarbonCo LLC,05/23/2011,05/22/2041,10/27/2023,Official,N/A,Polygon,1,0,0
The Russas Project,VCS1112,South America,Verra,VM0007,AD,Brazil,CarbonCo LLC,03/17/2011,03/16/2041,10/26/2023,Official,N/A,Polygon,1,0,0
The Serra Do Amolar REDD+ Project,VCS2566,South America,Verra,VM0015,AD,Brazil,Instituto Homen Pantaneiro,07/01/2016,06/30/2046,05/01/2024,Method,Yes,Polygon,1,1,0
The Valpariso Project,VCS1113,South America,Verra,VM0007,AD,Brazil,CarbonCo LLC,03/19/2011,03/18/2041,10/25/2023,Official,N/A,Polygon,1,0,0
Unitor REDD+ Project,VCS2508,South America,Verra,VM0015,AD,Brazil,Ituxi Administracao e Participacao Ltda.,04/26/2018,04/25/2048,05/01/2024,Official,N/A,Polygon,1,0,0
Yellow Ipe Grouped REDD Project,VCS2373,South America,Verra,VM0015,AD,Brazil,Ecologia Assessoria Ltda.,03/01/2020,02/28/2050,10/21/2023,Official,N/A,Polygon,1,0,0
"Avoiding Planned Deforestation and Degradation in the Valdivian Coastal Reserve, Chile",VCS1175,South America,Verra,VM0007,AD,Chile,The Nature Conservancy,11/04/2003,11/03/2023,10/27/2023,Georeferenced,Yes,Polygon,1,1,0
"Reforestation of Degraded Lands in Valle California of Patagonia, Chile",VCS886,South America,Verra,AR-ACM0001,ARR,Chile,SNP Patagonia Sur,04/30/2010,04/29/2090,10/25/2023,Georeferenced,Yes,Polygon,1,1,0
Reforesting Degraded Lands in Chile through the use of Mycorrhizal Inoculation,VCS1055,South America,Verra,AR-ACM0003,ARR,Chile,Mikro-Tek,06/01/2003,05/31/2043,08/14/2023,Official,N/A,Polygon,1,0,0
Acapa - Bajo Mira Y Frontera REDD+ Project,VCS1389,South America,Verra,VM0006,AD,Colombia,Bajo Mira y Frontera and Acapa,11/13/2013,11/12/2043,10/26/2023,Georeferenced,Yes,Polygon,1,1,0
Awakadaa Matsiadali REDD+ Project,ER55,South America,EcoRegistry,CERCARBONO,AD,Colombia,MasBosque,01/01/2018,12/31/2047,07/25/2023,Official,N/A,Polygon,1,0,0
Bajo Calima y Bahía Málaga (BCBM) REDD+ Project,VCS1395,South America,Verra,VM0006,AD,Colombia,EcoPartners,08/26/2013,08/25/2043,07/26/2023,Georeferenced,Yes,Polygon,1,1,0
Baka Rokarire REDD+ Project,ER53,South America,EcoRegistry,CERCARBONO,AD,Colombia,MasBosque,01/01/2018,12/31/2047,07/25/2023,Official,N/A,Polygon,1,0,0
"Blue Carbon Project Gulf of Morrosquillo ""Vida Manglar""",VCS2290,South America,Verra,VM0007,AD,Colombia,Conservation International,05/15/2015,05/14/2045,10/23/2023,Official,N/A,Polygon,1,0,0
Bonos Verdes Colombia Grupo Custodiar,ER15,South America,EcoRegistry,AR-ACM0003,ARR,Colombia,South Pole Carbon Asset Management S.A.S.,07/30/2008,07/20/2028,08/16/2023,Official,N/A,Polygon,1,0,0
Cajambre REDD+ Project,VCS1392,South America,Verra,VM0006,AD,Colombia,EcoPartners,11/14/2013,11/13/2043,08/16/2023,Georeferenced,Yes,Polygon,1,1,0
Carbono Agroforestal La Argentina,ER31,South America,EcoRegistry,AR-ACM0003,ARR,Colombia,Forestry Consulting Group SAS,11/15/2011,11/15/2030,08/16/2023,Georeferenced,Yes,Point,1,0,0
Carbono Ganados Y Bosques,ER30,South America,EcoRegistry,AR-ACM0003,ARR,Colombia,Forestry Consulting Group SAS,05/02/2010,05/23/2029,08/16/2023,Official,N/A,Polygon,1,0,0
Carbono Nueva Esperanza,ER43,South America,EcoRegistry,AR-ACM0003,ARR,Colombia,Forestry Consulting Group SAS,04/23/2010,04/22/2029,08/16/2023,Official,N/A,Polygon,1,0,0
Carbono Oxigeno Para Todos,ER19,South America,EcoRegistry,AR-ACM0003,ARR,Colombia,Forestry Consulting Group SAS,06/01/2009,05/01/2028,08/16/2023,Official,N/A,Polygon,1,0,0
Carbono Reforestadora El Guásimo,ER49,South America,EcoRegistry,AR-ACM0003,ARR,Colombia,Forestry Consulting Group SAS,10/31/2007,12/31/2026,08/16/2023,Official,N/A,Polygon,1,0,0
Carmen del Darien (CDD) REDD+ Project,VCS1390,South America,Verra,VM0006,AD,Colombia,La madre,01/28/2014,01/27/2044,10/26/2023,Georeferenced,Yes,Polygon,1,1,0
Carvida Duratex,ER68,South America,EcoRegistry,AR-ACM0003,ARR,Colombia,Forestry Consulting Group SAS,03/01/2007,02/28/2030,07/25/2023,Official,N/A,Polygon,1,0,0
"Cavadacavu Coreivu Jocu Bucuro Re, Nuje Necuva Aiye Baquepe",ER118,South America,EcoRegistry,M/LU - REDD+,AD,Colombia,Corporación para el Manejo Sostenible de los Bosques MAS-BOSQUES,01/01/2018,12/31/2037,03/19/2024,Official,N/A,Polygon,1,0,0
Chonta Corozo REDD+ Project,ER117,South America,EcoRegistry,M/UT - REDD+,AD,Colombia,Biofix Consultoria S.A.S BIC,01/01/2017,12/31/2036,03/19/2024,Official,N/A,Polygon,1,0,0
Compañía Agrícola de la Sierra,ER73,South America,EcoRegistry,AR-ACM0003,ARR,Colombia,Forestry Consulting Group SAS,11/30/2008,11/30/2028,07/26/2023,Official,N/A,Polygon,1,0,0
Concosta REDD+ Project,VCS1400,South America,Verra,VM0006,AD,Colombia,Concosta Community Council,07/18/2013,07/07/2043,10/26/2023,Georeferenced,Yes,Polygon,1,1,0
Condoto REDD+,VCS2723,South America,Verra,VM0007,AD,Colombia,Consejo Comunitario Mayor De Condoto Iro,01/08/2019,01/07/2049,05/01/2024,Official,N/A,Polygon,1,0,0
"Conservation and Reforestation of Degraded Areas in Barbosa, Colombia",GS3025,South America,Gold Standard,Gold Standard: Afforestation/Reforestation,ARR,Colombia,South Pole Carbon Asset Management S.A.S.,03/10/2011,03/10/2050,09/06/2023,Georeferenced,Yes,Polygon,1,0,0
Crima Predio Putumayo Y Andoque De Aduche REDD+ Project,VCS2872,South America,Verra,VM0007,AD,Colombia,Consejo Regional Indigena Del Medio Amazonas,01/11/2018,01/10/2048,10/19/2023,Georeferenced,Yes,Polygon,1,0,0
Cumare Carbon Project,VCS2532,South America,Verra,AR-ACM0003,ARR,Colombia,Reforestadora Cumare S.A.S.,01/11/2016,10/31/2116,05/01/2024,Official,N/A,Polygon,1,0,0
"Forestry Project for the Basin of the Chinchina River, an Environment and Productive Alternative for the City and the Region",VCS1378,South America,Verra,AR-ACM0003,ARR,Colombia,"Instituto de Fomento, Promocion y Desarrollo de Manizales",06/04/2002,06/03/2042,10/27/2023,Official,N/A,Polygon,1,0,0
"Grouped Project REDD+ Conservation of the Oak Ecological Corridor Guantiva - La Rusia - Iguaque, Colombia",VCS1657,South America,Verra,VM0015,AD,Colombia,Fundacion Natura,03/14/2015,03/13/2045,10/25/2023,Georeferenced,Yes,Polygon,1,0,0
Grouped Project for Commercial Forest Plantations Initiative in the Department of Vichada,VCS1530,South America,Verra,AR-ACM0003,ARR,Colombia,Fundacion Natura,06/15/2011,06/14/2041,10/26/2023,Official,N/A,Polygon,1,0,0
"Grouped Project for Restoration of Degraded Lands in Jaguar Corridors, Colombia",VCS1769,South America,Verra,VM0005,IFM,Colombia,Forestales San Jose Ltd,09/01/2015,08/31/2055,04/29/2024,Official,N/A,Polygon,1,0,0
Mutatá REDD+ Project,VCS1399,South America,Verra,VM0006,AD,Colombia,EcoPartners,06/26/2013,06/25/2043,07/26/2023,Georeferenced,N/A,Polygon,1,1,0
Payment for Environmental Services Scheme for Forest Management and Conservation of Water Sources in the Jurisdiction of Corpochivor,VCS1695,South America,Verra,VM0015,AD,Colombia,Local Environmental Authority of Chivor,04/11/2014,04/10/2044,10/25/2023,Official,N/A,Polygon,1,0,0
Pedeguita Jiguamiandó REDD+,ER99,South America,EcoRegistry,CERCARBONO,AD,Colombia,Terra Commodities Brokers,06/01/2020,05/01/2040,08/16/2023,Official,N/A,Polygon,1,0,0
Pitugucajude,ER100,South America,EcoRegistry,M/LU - REDD+,AD,Colombia,Corporacion Masbosques,01/01/2018,12/31/2037,03/19/2024,Official,N/A,Polygon,1,0,0
Planeta Agradecido con Resguardo Indígena el Bajo Río Guainía and Río Negro,ER64,South America,EcoRegistry,CERCARBONO,AD,Colombia,Human Forest SAS,01/01/2018,12/31/2037,07/25/2023,Official,N/A,Polygon,1,0,0
Programa de Compensación de Emisiones Cipreses de Colombia S.A.,ER75,South America,EcoRegistry,AR-ACM0003,ARR,Colombia,South Pole Carbon Asset Management S.A.S.,12/31/2008,12/31/2038,08/16/2023,Official,N/A,Polygon,1,0,0
Protection of Mangroves and Community Developmental Activities in the Biodiversity Hotspot of Colombia,VCS2330,South America,Verra,VM0015,AD,Colombia,WeAct Pty Ltd,07/01/2016,06/30/2046,10/23/2023,Official,Yes,Point,1,0,0
Proyecto Asociativo Programatico Zona Andina y Costa Atlantica,ER29,South America,EcoRegistry,CERCARBONO,ARR,Colombia,Forestry Consulting Group SAS,03/13/2011,03/12/2060,08/16/2023,Official,N/A,Polygon,1,0,0
Proyecto Conservacion Arlequin REDD+,ER22,South America,EcoRegistry,M/LU - REDD+,AD,Colombia,Biofix Consultoria S.A.S BIC,01/01/2015,12/31/2034,03/19/2024,Official,N/A,Polygon,1,0,0
Proyecto REDD+ Pazcifico Sur,ER114,South America,EcoRegistry,M/UT - REDD+,AD,Colombia,CO2CERO,01/07/2017,12/31/2036,03/19/2024,Official,N/A,Polygon,1,0,0
Proyecto REDD+ Zona Isana y Surubi,ER67,South America,EcoRegistry,M/LU - REDD+,AD,Colombia,Human Forest SAS,01/01/2018,12/31/2037,03/19/2024,Official,N/A,Polygon,1,0,0
Proyecto de Conservacion Delfines Cupica REDD+,BCR14-002,South America,BioCarbon Registry,VM0007,AD,Colombia,BioFix Consultoria,01/01/2010,12/31/2039,09/07/2023,Official,N/A,Polygon,1,0,0
Proyecto de Conservacion UNU-MAI REDD+,ER148,South America,EcoRegistry,M/UT - REDD+,AD,Colombia,Biofix Consultoria S.A.S BIC,01/01/2017,12/31/2037,03/19/2024,Official,N/A,Polygon,1,0,0
REDD+ Conservation of Ethno Sustainable Afro-Colombian Community in Tropical Rain Forest of Colombia,VCS2356,South America,Verra,VM0015,AD,Colombia,WeAct Pty Ltd,07/01/2016,06/30/2046,10/23/2023,Official,Yes,Point,1,0,0
REDD+ Pazcifico,ER89,South America,EcoRegistry,CERCARBONO,AD,Colombia,CO2CERO,01/01/2015,12/31/2034,08/16/2023,Official,N/A,Polygon,1,0,0
REDD+ Project Magnolios de Yarumal,VCS2317,South America,Verra,VM0015,AD,Colombia,South Pole Carbon Asset Management S.A.S.,02/23/2016,02/22/2036,03/19/2024,Method,Yes,Polygon,1,1,0
REDD+ Project Resguardo Indigena Unificado Selva de Mataven (RIU SM),VCS1566,South America,Verra,VM0007,AD,Colombia,ACATISEMA,01/01/2013,12/31/2042,10/26/2023,Official,N/A,Polygon,1,0,0
Recovery of Degraded Areas with Agroforestry Systems in Colombia,VCS1429,South America,Verra,AR-ACM0003,ARR,Colombia,Fundacion Natura,01/16/2012,01/15/2112,10/30/2023,Georeferenced,Yes,Polygon,1,0,0
Reforestacion de Suelos Degradados en Antioquia,ER13,South America,EcoRegistry,AR-ACM0003,ARR,Colombia,South Pole Carbon Asset Management S.A.S.,01/05/2009,01/30/2024,08/16/2023,Official,N/A,Polygon,1,0,0
Reforestation with Rubber on Degraded Lands of Colombia,VCS1233,South America,Verra,AR-ACM0003,ARR,Colombia,Compania de Profesionales de Bolsa S.A.,12/20/2011,12/19/2046,10/27/2023,Georeferenced,Yes,Polygon,1,0,0
Regenerating Colombian Coffee Ecosystems,VCS1682,South America,Verra,AR-AMS0007,ARR,Colombia,PUR Project,04/20/2014,04/19/2054,10/25/2023,Official,N/A,Polygon,1,0,0
Regional Natural Park:Biological Corridor PNN Purace-PNN Cueva de Los Guacharos,VCS1765,South America,Verra,VM0015,AD,Colombia,Corporacion Autonoma Regional del Rio Grande de La Magdalena - Cormagdalena,03/08/2014,03/07/2044,10/24/2023,Georeferenced,Yes,Polygon,1,0,0
"Restoration of Degraded Areas and Reforestation in Caceres and Cravo Norte, Colombia",VCS576,South America,Verra,AR-AM0005,ARR,Colombia,Swiss Carbon Value Ltd.,02/02/2002,02/01/2032,10/26/2023,Georeferenced,Yes,Polygon,1,0,0
Rincco Carbon,ER59,South America,EcoRegistry,AR-ACM0003,ARR,Colombia,Forestry Consulting Group SAS,05/01/2008,04/30/2035,08/16/2023,Official,N/A,Polygon,1,0,0
Rio Pepe Y ACABA REDD+ Project,VCS1396,South America,Verra,VM0006,AD,Colombia,EcoPartners,12/01/2014,12/01/2044,08/16/2023,Official,N/A,Polygon,1,0,0
Riscales REDD+ Project,VCS1806,South America,Verra,VM0007,AD,Colombia,Consejo Comunitario General Los Riscales,01/01/2014,12/31/2043,10/24/2023,Georeferenced,Yes,Polygon,1,1,0
SKCarbon,ER46,South America,EcoRegistry,AR-ACM0003,ARR,Colombia,Forestry Consulting Group SAS,07/01/2010,06/30/2039,08/16/2023,Official,N/A,Polygon,1,0,0
Santa Ines Carbon,ER97,South America,EcoRegistry,AR-ACM0003,ARR,Colombia,Forestry Consulting Group SAS,03/01/2013,06/30/2037,08/16/2023,Official,N/A,Polygon,1,0,0
Siviru-Usaraga-Pizarro-Piliza (SUPP) REDD+ Project,VCS1391,South America,Verra,VM0006,AD,Colombia,SUPP,10/26/2013,10/25/2043,10/26/2023,Georeferenced,Yes,Polygon,1,1,0
The Choco-Darien Conservation Corridor REDD Project,VCS856,South America,Verra,VM0009,AD,Colombia,Anthrotect,10/18/2010,10/17/2040,10/25/2023,Method,N/A,Polygon,1,1,0
Yaawi Iipana REDD+ Project,ER102,South America,EcoRegistry,CERCARBONO,AD,Colombia,Biofix Consultoria LTDA,01/01/2016,12/31/2045,07/25/2023,Official,N/A,Polygon,1,0,0
"Yagual - Carbon Sequestration Grouped Project for the Restoration, Conservation and Sustainable Production in the Guerrero, Sumapaz and Rabanal Paramo Systems",VCS1869,South America,Verra,AR-ACM0003,ARR,Colombia,Terra Integrity,12/19/2018,12/18/2048,10/24/2023,Georeferenced,Yes,Polygon,1,0,0
Afforestation and Restoration of Degraded Forests in Eastern Paraguay or Forestal Azul Carbon Project,VCS2469,South America,Verra,AR-ACM0003,ARR,Paraguay,Forestal Azul SA,06/01/2018,05/31/2028,10/19/2023,Official,N/A,Polygon,1,0,0
Afforestation in Cooperation with Local Landowners for Forestal San Pedro S.A.,VCS2361,South America,Verra,AR-ACM0003,ARR,Paraguay,Forestal San Pedro,04/05/2015,04/04/2035,10/23/2023,Official,N/A,Polygon,1,0,0
Afforestation of Degraded Grasslands in Caazapa and Guaira,VCS2498,South America,Verra,AR-ACM0003,ARR,Paraguay,Miller Forest Investment AG,01/13/2016,01/12/2046,10/19/2023,Official,N/A,Polygon,1,0,0
Impact Reforestation in the Chaco Project,VCS2496,South America,Verra,AR-ACM0003,ARR,Paraguay,Investancia Paraguay S.A.,01/01/2022,12/31/2051,05/01/2024,Official,N/A,Polygon,1,0,0
Southern Paraguay Sustainable Afforestation Project,VCS2556,South America,Verra,AR-ACM0003,ARR,Paraguay,South Pole Carbon Asset Management S.A.S.,11/18/2016,11/17/2046,03/19/2024,Official,N/A,Polygon,1,0,0
The Paraguay Forest Conservation Project,VCS1403,South America,Verra,VM0007,AD,Paraguay,Swire Pacific Offshore Operations (Pte) Ltd.,10/31/2010,10/30/2030,10/27/2023,Official,N/A,Polygon,1,1,0
The Paraguay Forest Conservation Project - Reduction of GHG Emissions from Deforestation and Forest Degradation in the Chaco-Pantanal Ecosystem,VCS953,South America,Verra,VM0007,AD,Paraguay,Swire Pacific Offshore Operations (Pte) Ltd.,02/25/2011,02/24/2031,10/27/2023,Official,N/A,Polygon,1,0,0
Alto Huayabamba,VCS796,South America,Verra,AR-AMS0001,ARR,Peru,PUR Project,04/01/2008,03/31/2048,08/14/2023,Linear,N/A,Polygon,1,0,0
Alto Mayo Conservation Initiative,VCS944,South America,Verra,VM0015,AD,Peru,Conservation International,06/15/2008,06/14/2028,10/03/2023,Official,N/A,Polygon,1,0,0
Biocorredor Martin Sagrado REDD+ Project,VCS958,South America,Verra,VM0015,AD,Peru,PUR Project,01/01/2010,12/31/2049,10/26/2023,Official,N/A,Polygon,1,0,0
Brazil Nut Concessions,VCS868,South America,Verra,VM0007,AD,Peru,Bosques Amazonicos SAC,01/01/2010,12/31/2040,07/20/2023,Georeferenced,Yes,Polygon,1,1,0
Cordillera Azul National Park REDD Project,VCS985,South America,Verra,VM0007,AD,Peru,"Centro de Conservation, Investigacion y Manejo de Areas Naturales - Cordillera Azul",08/08/2008,08/07/2028,10/27/2023,Georeferenced,Yes,Polygon,1,1,0
"Evio Kuinaji Ese`Eja Cuana, to Mitigate Climate Change, Madre de Dios - Peru",VCS1218,South America,Verra,VM0007,AD,Peru,PUR Project,07/01/2011,06/30/2031,10/26/2023,Official,N/A,Polygon,1,0,0
Forest Management in Shipibo Conibo and Cacataibo Communities,VCS1360,South America,Verra,VM0015,AD,Peru,Association for Research and Integral Development,07/01/2010,06/30/2030,07/26/2023,Official,N/A,Polygon,1,0,0
"Forest Management to Mitigate Climate Change in the Native Community of Belgica, Madre de Dios Region - Peru",VCS1799,South America,Verra,VM0015,AD,Peru,Association for Research and Integral Development,07/01/2017,06/30/2037,10/24/2023,Official,N/A,Polygon,1,0,0
Green Gold Loreto 1,VCS2345,South America,Verra,VM0010,IFM,Peru,Green Gold Forestry Peru S.A.,08/01/2020,07/31/2040,10/23/2023,Georeferenced,Yes,Polygon,1,0,0
Jubilación Segura : Agroforestry And Reforestation With Smallscale Farmers in Peru,VCS1496,South America,Verra,AR-AMS0007,ARR,Peru,PUR Project,01/01/2010,12/31/2069,08/14/2023,Linear,N/A,Polygon,1,0,0
Madre de Dios Amazon REDD+ Project,VCS844,South America,Verra,VM0007,AD,Peru,Greenoxx Sociedad Civil,01/01/2009,12/31/2046,08/16/2023,Official,N/A,Polygon,1,0,0
Planting for the Future: Financially Sustainable Agroforestry Systems and Payments for Ecosystem Services,VCS1351,South America,Verra,AR-ACM0003,ARR,Peru,Plant Your Future,01/16/2012,01/15/2042,10/30/2023,Official,N/A,Polygon,1,0,0
REDD+ Project in the Alto Huayabamba Conservation Concession (CCAH),VCS1882,South America,Verra,VM0015,AD,Peru,South Pole Carbon Asset Management S.A.S.,10/30/2013,12/31/2047,08/14/2023,Official,N/A,Polygon,1,0,0
Reduction of Deforestation and Degradation in Tambopata National Reserve and Bahuaja-Sonene National Park within the area of Madre de Dios Region - Peru,VCS1067,South America,Verra,VM0007,AD,Peru,Association for Research and Integral Development,07/01/2010,06/30/2030,10/30/2023,Georeferenced,Yes,Polygon,1,0,0
"Reforestation of Pasture Lands on the Peruvian Northern Andes - ""Forestry PRODICOM"" Grouped Project",VCS1397,South America,Verra,AR-AMS0007,ARR,Peru,Societe de Cooperation pour le Development International,03/01/2015,02/28/2050,10/27/2023,Georeferenced,Yes,Polygon,1,0,0
"Reforestation of Pastures in Campo Verde with Native Species, Pucallapa, Peru",VCS658,South America,Verra,AR-AM0003,ARR,Peru,Bosques Amazonicos SAC,12/23/2007,12/22/2037,10/25/2023,Georeferenced,Yes,Polygon,1,1,0
"Reforestation of Pastures in Sociedad Agricola de Interes Social ""Jose Carlos Mariategui - Joven Forestal Project, Peru""",VCS687,South America,Verra,AR-ACM0001,ARR,Peru,ADEFOR (Civil Association for Forestry Research and Development),03/17/2008,03/16/2038,10/23/2023,Official,N/A,Polygon,1,0,0
Shade Coffee and Cacao Reforestation Project,VCS1153,South America,Verra,AR-ACM0003,ARR,Peru,Societe de Gestion de Projets Ecotierra Inc.,09/30/2013,09/29/2053,10/25/2023,Georeferenced,Yes,Point,1,0,0
Tahuamanu Amazon REDD Project,VCS2502,South America,Verra,VM0006,AD,Peru,Maderera Rio Acre SAC,04/19/2017,04/18/2047,10/30/2023,Official,N/A,Polygon,1,0,1
The Jaguar Amazon REDD+ Project,VCS2278,South America,Verra,VM0006,AD,Peru,Greenoxx Sociedad Civil,01/01/2018,12/31/2041,07/28/2023,Official,N/A,Polygon,1,0,0
Yacumama Forest Carbon Project,VCS1133,South America,Verra,VM0007,AD,Peru,Yacumama,01/01/2012,12/31/2041,08/14/2023,Georeferenced,Yes,Polygon,1,1,0
Bosques del Uruguay 2 (BDU 2) Afforestation through High Quality Timber in Grasslands Project,VCS2411,South America,Verra,AR-ACM0003,ARR,Uruguay,Agroempresa Forestal S.A. (AF),03/25/2016,03/24/2076,10/20/2023,Official,No,Polygon,1,0,0
Bosques del Uruguay Afforestation through High Quality Timber in Grasslands Project,VCS1543,South America,Verra,AR-ACM0003,ARR,Uruguay,Agroempresa Forestal S.A. (AF),05/30/2012,05/29/2072,10/26/2023,Official,N/A,Polygon,1,0,0
El Arriero afforestation on degraded grasslands under extensive grazing,VCS961,South America,Verra,AR-ACM0001,ARR,Uruguay,Forestal El Arriero SRL,04/30/2009,04/29/2109,08/09/2023,Georeferenced,Yes,Polygon,1,0,0
Forteko afforestation on degraded grasslands under extensive grazing,VCS962,South America,Verra,AR-ACM0001,ARR,Uruguay,Forestal Tekoayhu,07/31/2007,07/30/2107,08/09/2023,Official,N/A,Polygon,1,0,0
Guanaré Forest Plantation,VCS959,South America,Verra,AR-ACM0001,ARR,Uruguay,Guanaré SA,04/24/2006,04/24/2066,07/13/2023,Official,N/A,Polygon,1,0,0
HG Afforestation Through High Quality Timber Over Degraded Grasslands,VCS2992,South America,Verra,AR-ACM0003,ARR,Uruguay,Pike Carbosur S.A.,10/08/2020,10/08/2120,05/02/2024,Official,N/A,Polygon,1,0,0
ITAA afforestation on degraded grasslands under extensive grazing,VCS965,South America,Verra,AR-ACM0001,ARR,Uruguay,Intercontinental Timber Asociación Agraria de Responsabilidad Limitada,12/19/2007,12/18/2107,08/09/2023,Official,N/A,Polygon,1,0,0
Iberpapel silvipastural system on degraded land,VCS920,South America,Verra,AR-ACM0001,ARR,Uruguay,Los Eucaliptus S.A.,09/10/2004,09/09/2064,08/11/2023,Georeferenced,Yes,Polygon,1,0,0
Lumin/Eucapine Uruguay Forest Plantations on degraded grasslands under extensive grazing,VCS960,South America,Verra,AR-ACM0001,ARR,Uruguay,Weyerhaeuser Uruguay,02/22/2006,02/21/2106,08/09/2023,Official,N/A,Polygon,1,0,0
Montes del Este Afforestation Through High Quality Timber in Degraded Grasslands,VCS2576,South America,Verra,AR-ACM0003,ARR,Uruguay,Fideicomiso Financiero Forestal Montes del Este,10/30/2016,10/29/2076,05/01/2024,Official,N/A,Polygon,1,0,0
Pendjari and W-Benin National Parks REDD+ Project,VCS2538,Africa,Verra,VM0009,AD,Benin,African Parks Benin,08/24/2017,08/23/2047,05/01/2024,Official,N/A,Polygon,1,0,0
Forest Conservation in Boumba-et-Ngoko,VCS2897,Africa,Verra,VM0010,IFM,Cameroon,Carbon Sink Group s.r.l.,01/01/2018,12/31/2037,05/02/2024,Official,N/A,Polygon,1,0,0
"Chinko Conservation Area REDD+ Project, Central African Republic",VCS2510,Africa,Verra,VM0009,AD,Central African Republic,African Parks RCA,09/15/2016,04/14/2045,05/01/2024,Georeferenced,Yes,Polygon,1,1,0
EcoMakala Virunga Reforestation Project,GS5618,Africa,Gold Standard,Gold Standard: Afforestation/Reforestation,ARR,Democratic Republic of the Congo,CO2logic,02/16/2009,12/31/2045,09/07/2023,Georeferenced,Yes,Point,1,0,0
Isangi REDD+ Project,VCS1359,Africa,Verra,VM0006,AD,Democratic Republic of the Congo,Jadora LLC,09/12/2009,09/11/2039,10/27/2023,Official,N/A,Polygon,1,0,0
The Mai Ndombe REDD+ Project,VCS934,Africa,Verra,VM0009,AD,Democratic Republic of the Congo,Wildlife Works Carbon LLC,03/14/2011,03/13/2041,07/14/2023,Method,Yes,Polygon,1,1,0
Bale Mountains Eco-region REDD+ project,VCS1340,Africa,Verra,VM0015,AD,Ethiopia,Oromia Forest and Wildlife Enterprise,01/01/2012,12/31/2031,10/26/2023,Georeferenced,Yes,Polygon,1,0,0
Humbo Ethiopia Assisted Natural Regeneration,GS10220,Africa,Gold Standard,AR-AM0003,ARR,Ethiopia,World Vision Australia,12/01/2006,11/30/2036,09/07/2023,Official,N/A,Polygon,1,0,0
Soddo Community Reforestation Project,GS3007,Africa,Gold Standard,Gold Standard: Afforestation/Reforestation,ARR,Ethiopia,World Vision Australia,01/12/2006,01/12/2036,09/07/2023,Georeferenced,Yes,Polygon,1,0,0
"Bandai Hills Bamboo Reforestation Project, Ghana",VCS2929,Africa,Verra,AR-ACM0003,ARR,Ghana,"EcoPlanet Bamboo Group, LLC",06/01/2022,05/31/2042,10/19/2023,Official,N/A,Polygon,1,0,0
JOil Jatropha plantation in Ghana,GS11154,Africa,Gold Standard,Gold Standard: Afforestation/Reforestation,ARR,Ghana,JOIL(S) Pte. Ltd.,06/07/2018,06/06/2048,09/07/2023,Official,N/A,Polygon,1,0,0
North Bandai Bamboo Reforestation Project,VCS2928,Africa,Verra,AR-ACM0003,ARR,Ghana,"EcoPlanet Bamboo Group, LLC",06/01/2021,05/31/2041,10/19/2023,Official,N/A,Polygon,1,0,0
"Reforestation of Degraded Forest Reserve Areas in Ghana, West Africa",VCS2410,Africa,Verra,AR-ACM0003,ARR,Ghana,Miro Forestry Developments Ltd.,03/24/2016,03/23/2046,10/20/2023,Official,N/A,Polygon,1,1,0
Reforestation of Degraded Forest Reserve in Ghana,VCS987,Africa,Verra,AR-ACM0003,ARR,Ghana,FORM Ghana Ltd.,03/01/2008,02/29/2048,10/25/2023,Official,N/A,Polygon,1,1,0
Community Based Avoided Deforestation Project in Guinea-Bissau - REDD,VCS2324,Africa,Verra,VM0007,AD,Guinea-Bissau,Instituto da Biodiversidade e das Areas Protegidas da Republica da Guine-Bissau - IBAP,03/31/2011,03/30/2031,10/23/2023,Georeferenced,Yes,Polygon,1,0,0
Chyulu Hills REDD+ Project,VCS1408,Africa,Verra,VM0009,AD,Kenya,Chyulu Hills Conservation Trust,09/19/2013,09/18/2043,10/26/2023,Georeferenced,Yes,Polygon,1,1,0
Conservation of Miombos in Taru Kenya REDD+,VCS2363,Africa,Verra,VM0009,AD,Kenya,Agrocarbon LTD,07/01/2016,06/30/2046,10/23/2023,Official,N/A,Polygon,1,0,1
Komaza Smallholder Farmer Forestry Kenya,VCS2623,Africa,Verra,AR-AMS0007,ARR,Kenya,Komaza,05/01/2017,04/30/2037,10/19/2023,Official,N/A,Polygon,1,0,0
"TIST Program in Kenya, VCS 001",VCS594,Africa,Verra,AR-ACM0001,ARR,Kenya,TIST,01/01/2004,12/31/2033,08/16/2023,Linear,N/A,Polygon,1,0,0
"TIST Program in Kenya, VCS 002",VCS595,Africa,Verra,AR-AMS0001,ARR,Kenya,TIST,01/01/2004,12/31/2033,08/16/2023,Linear,N/A,Polygon,1,0,0
"TIST Program in Kenya, VCS 003",VCS596,Africa,Verra,AR-ACM0001,ARR,Kenya,TIST,01/01/2004,12/31/2033,08/16/2023,Linear,N/A,Polygon,1,0,0
"TIST Program in Kenya, VCS 005",VCS737,Africa,Verra,AR-AMS0001,ARR,Kenya,TIST,01/01/2004,12/31/2033,08/16/2023,Linear,N/A,Polygon,1,0,0
"TIST Program in Kenya, VCS 006",VCS899,Africa,Verra,AR-AMS0001,ARR,Kenya,TIST,01/01/2004,12/31/2033,08/14/2023,Linear,N/A,Polygon,1,0,0
"TIST Program in Kenya, VCS 009",VCS996,Africa,Verra,AR-AMS0001,ARR,Kenya,TIST,01/01/2004,12/31/2033,08/08/2023,Official,N/A,Polygon,1,0,0
"TIST Program in Kenya, VCS-CCB 010",VCS2338,Africa,Verra,AR-AMS0007,ARR,Kenya,TIST,02/01/2015,01/31/2075,10/23/2023,Official,N/A,Polygon,1,0,0
"TIST Program in Kenya, VSC 004",VCS597,Africa,Verra,AR-AMS0001,ARR,Kenya,TIST,01/01/2004,12/31/2033,08/16/2023,Linear,N/A,Polygon,1,0,0
The Kasigau Corridor REDD Project - Phase I Rukinga Sanctuary,VCS562,Africa,Verra,VM0009,AD,Kenya,Wildlife Works Carbon LLC,01/01/2005,12/31/2034,10/26/2023,Official,N/A,Polygon,1,0,0
The Kasigau Corridor REDD Project - Phase II The Community Ranches,VCS612,Africa,Verra,VM0009,AD,Kenya,Wildlife Works Carbon LLC,01/01/2010,12/31/2039,08/14/2023,Official,N/A,Polygon,1,0,0
"Carbon Emissions Reduction Project in the Corridor Ankeniheny-Zahamena (CAZ) Protected Area, Madagascar",VCS1311,Africa,Verra,VM0015,AD,Madagascar,Government of Madagascar,12/30/2007,12/29/2037,10/25/2023,Official,N/A,Polygon,1,0,0
"Carbon Emissions Reduction Project in the Forest Corridor Ambositra-Vondrozo (COFAV), Madagascar",VCS1047,Africa,Verra,VM0015,AD,Madagascar,Government of Madagascar,11/01/2007,10/31/2037,10/26/2023,Official,Yes,Polygon,1,0,0
Reforestation of Deforested Land in Madagascar,VCS1327,Africa,Verra,AR-ACM0003,ARR,Madagascar,EcoFormation,03/01/2011,02/28/2041,10/24/2023,Official,N/A,Polygon,1,0,0
The Makira Forest Protected Area in Madagascar,VCS1215,Africa,Verra,VM0007,AD,Madagascar,Wildlife Conservation Society,01/01/2005,12/31/2034,10/27/2023,Official,Yes,Polygon,1,0,0
Fuelling a Greener Future for Farmers in Malawi Through the use of Jatropha Curcas,VCS898,Africa,Verra,AR-ACM0002,ARR,Malawi,Bio Energy Resources Limited,07/08/2008,07/07/2038,10/25/2023,Official,Yes,Point,1,0,0
Kulera Landscape REDD+ Program for Co-Managed Protected Areas,VCS1168,Africa,Verra,VM0006,AD,Malawi,"Department of National Parks and Wildlife, Government of Malawi",10/01/2009,09/30/2039,07/17/2023,Georeferenced,Yes,Polygon,1,0,0
Jatropha Curcas Grouped Project in Mali,VCS829,Africa,Verra,AR-AMS0004,ARR,Mali,Jatropha Mali Initiative,06/15/2007,06/14/2047,10/24/2023,Official,N/A,Polygon,1,0,0
Gile National Reserve REDD Project,VCS1674,Africa,Verra,VM0007,AD,Mozambique,ANAC,01/01/2012,12/31/2031,10/25/2023,Official,N/A,Polygon,1,0,0
"Revegetation with Fruit Trees in North Manica Province, Mozampique",VCS2085,Africa,Verra,AR-ACM0003,ARR,Mozambique,Agrimoz s.a.r.l.,05/28/2015,05/27/2035,10/23/2023,Georeferenced,Yes,Polygon,1,0,0
Niger Acacia Senegal Plantation Project,VCS2382,Africa,Verra,AR-ACM0003,ARR,Niger,Achats Services International,12/21/2005,12/20/2035,10/20/2023,Official,N/A,Polygon,1,0,0
Agroforestry Plantation Bateke Plateaus,VCS2319,Africa,Verra,AR-ACM0003,ARR,Republic of the Congo,FRM Commitment,07/01/2018,07/01/2051,04/30/2024,Official,N/A,Polygon,1,0,0
North Pikounda REDD+,VCS1052,Africa,Verra,VM0011,IFM,Republic of the Congo,Congolaise Industrielle des Bois,01/01/2012,12/31/2041,10/24/2023,Official,N/A,Polygon,1,0,0
Oka 2 Project,VCS2971,Africa,Verra,AR-ACM0003,ARR,Republic of the Congo,Acacia Bateke Capital,08/01/2020,07/31/2053,05/02/2024,Official,N/A,Polygon,1,0,0
Rwanda Riparian Restoration Project,VCS3072,Africa,Verra,AR-ACM0003,ARR,Rwanda,"EcoPlanet Bamboo Group, LLC",10/01/2022,09/30/2042,05/02/2024,Georeferenced,Yes,Point,1,0,0
Jatropha Agroforestry Senegal,VCS1071,Africa,Verra,AR-ACM0003,ARR,Senegal,African National Oil Corporation s.a.r.l.,06/03/2009,12/31/2033,10/23/2023,Georeferenced,Yes,Point,1,0,0
Livelihoods Mangrove Restoration Grouped Project in Senegal,VCS1318,Africa,Verra,AR-AM0014,ARR,Senegal,Livelihoods Fund,07/31/2009,07/30/2039,10/27/2023,Official,N/A,Polygon,1,0,0
Gola REDD Project,VCS1201,Africa,Verra,VM0007,AD,Sierra Leone,The Gola Rainforest Conservation LG,08/01/2012,07/31/2042,08/11/2023,Official,N/A,Polygon,1,0,0
Reforestation of Degraded Lands in Sierra Leone,VCS2401,Africa,Verra,AR-ACM0003,ARR,Sierra Leone,Miro Forestry Developments Ltd.,05/16/2026,05/15/2046,10/20/2023,Official,N/A,Polygon,1,1,0
Kuzuko Lodge Private Game Reserve Thicket Restoration Project,VCS1343,Africa,Verra,AR-ACM0003,ARR,South Africa,Spekboom Trading (Pty) Ltd.,01/01/2014,12/31/2067,10/26/2023,Official,N/A,Polygon,1,0,0
Peri-urban Bamboo Planting Around South Africa Township,VCS721,Africa,Verra,AR-AMS0002,ARR,South Africa,Food and Trees for Africa,03/01/2011,02/28/2031,10/25/2023,Georeferenced,Yes,Polygon,1,0,0
Renencom Afforestation/Reforestation Grouped Project,VCS1339,Africa,Verra,AR-AMS0007,ARR,South Africa,Renencom (Pty) Ltd.,12/22/2010,12/21/2030,10/23/2023,Georeferenced,Yes,Polygon,1,0,0
Tree Planting in South African Townships,VCS720,Africa,Verra,AR-AMS0002,ARR,South Africa,Food and Trees for Africa,09/01/2011,08/31/2051,10/30/2023,Georeferenced,Yes,Polygon,1,0,0
Makame Savannah REDD,VCS1900,Africa,Verra,VM0007,AD,Tanzania,Carbon Tanzania (CT Ltd.),04/27/2016,04/26/2046,10/24/2023,Official,N/A,Polygon,1,0,0
Mjumita Community Forest Project (Lindi),VCS1325,Africa,Verra,VM0015,AD,Tanzania,Muungano Village,04/21/2012,04/20/2042,10/27/2023,Official,N/A,Polygon,1,0,0
Ntakata Mountains REDD,VCS1897,Africa,Verra,VM0007,AD,Tanzania,Carbon Tanzania (CT Ltd.),05/19/2017,05/18/2037,10/24/2023,Official,N/A,Polygon,1,0,0
"Reforestation of Degraded Grasslands in Uchindile & Mapanda, Tanzania",VCS142,Africa,Verra,AR-AM0005,ARR,Tanzania,Green Resources Tanzania Ltd.,01/01/2002,12/31/2100,10/26/2023,Official,N/A,Polygon,1,0,0
Udzungwa Corridor Reforestation,VCS3602,Africa,Verra,AR-ACM0003,ARR,Tanzania,Udzungwa Corridor Limited,02/03/2022,02/02/2052,05/02/2024,Official,N/A,Polygon,1,0,0
Agroforestry and Reforestation with Small-scale Farmers in Uganda,VCS2471,Africa,Verra,AR-AMS0007,ARR,Uganda,PUR Project,04/13/2016,04/12/2051,04/30/2024,Official,N/A,Polygon,1,0,0
Bukaleba Forest Project,VCS799,Africa,Verra,AR-ACM0001,ARR,Uganda,Busoga Forestry Co. Ltd,03/11/2004,03/10/2046,10/24/2023,Official,N/A,Polygon,1,0,0
Kikonda Forest Reserve,GS2990,Africa,Gold Standard,Gold Standard: Afforestation/Reforestation,ARR,Uganda,Global-woods AG,10/01/2002,10/01/2050,09/07/2023,Georeferenced,Yes,Polygon,1,0,0
Natural High Forest Rehabilitation Project on Degraded Land of Kibale National Park,VCS673,Africa,Verra,AR-ACM0001,ARR,Uganda,Face the Future,01/01/2009,12/31/2068,10/27/2023,Georeferenced,Yes,Polygon,1,1,0
"TIST Program in Uganda, VCS 001",VCS824,Africa,Verra,AR-AMS0001,ARR,Uganda,TIST,01/01/2003,12/31/2032,08/16/2023,Official,N/A,Polygon,1,0,0
"TIST Program in Uganda, VCS 002",VCS825,Africa,Verra,AR-AMS0001,ARR,Uganda,TIST,01/01/2003,12/31/2032,08/16/2023,Official,N/A,Polygon,1,0,0
"TIST Program in Uganda, VCS 003",VCS827,Africa,Verra,AR-AMS0001,ARR,Uganda,TIST,01/01/2003,12/31/2031,08/16/2023,Official,N/A,Polygon,1,0,0
"TIST Program in Uganda, VCS 004",VCS826,Africa,Verra,AR-AMS0001,ARR,Uganda,TIST,01/01/2003,12/31/2032,08/16/2023,Official,N/A,Polygon,1,0,0
"TIST Program in Uganda, VCS 005",VCS993,Africa,Verra,AR-AMS0001,ARR,Uganda,TIST,01/01/2003,12/31/2032,08/08/2023,Official,N/A,Polygon,1,0,0
"TIST Program in Uganda, VCS 006",VCS995,Africa,Verra,AR-AMS0001,ARR,Uganda,TIST,01/01/2006,12/31/2035,08/08/2023,Official,N/A,Polygon,1,0,0
"TIST Program in Uganda, VCS-CCB 010",VCS2339,Africa,Verra,AR-AMS0007,ARR,Uganda,Clean Air Action Corporation,02/01/2015,01/31/2075,10/03/2023,Georeferenced,Yes,Point,1,0,0
COMACO Landscape Management Project,VCS1532,Africa,Verra,VM0015,AD,Zambia,Community Markets for Conservation,07/01/2012,06/30/2032,10/26/2023,Official,N/A,Polygon,1,0,0
Lower Zambezi REDD+ Project,VCS1202,Africa,Verra,VM0009,AD,Zambia,BioCarbon Partners,10/01/2009,09/30/2039,10/27/2023,Method,N/A,Polygon,1,1,0
Luangwa Community Forest Project,VCS1775,Africa,Verra,VM0009,AD,Zambia,BioCarbon Partners,05/01/2015,04/30/2045,07/14/2023,Georeferenced,Yes,Polygon,1,1,0
Musokotwane REDD+ Project,VCS1672,Africa,Verra,VM0009,AD,Zambia,Zambruss Enterprises Ltd,06/01/2014,05/31/2044,10/25/2023,Georeferenced,Yes,Polygon,1,0,0
Tombwe Smallholder Reforestation Project,VCS2619,Africa,Verra,AR-ACM0003,ARR,Zambia,Tombwe Processing Limited,01/01/2019,12/31/2049,05/01/2024,Official,Yes,Polygon,1,0,0
Kariba REDD+ Project,VCS902,Africa,Verra,VM0009,AD,Zimbabwe,South Pole Carbon Asset Management S.A.S.,07/01/2011,06/30/2041,08/14/2023,Official,N/A,Polygon,1,0,0
Reduced Emissions from Deforestation and Degradation in Seima Protection Forest,VCS1650,Asia,Verra,VM0015,AD,Cambodia,"Royal Government of Cambodia, Ministry of Environment",01/01/2010,12/31/2069,07/17/2023,Georeferenced,Yes,Polygon,1,1,0
"Reduced Emissions in Community Forests - Oddar Meanchey, Cambodia",VCS904,Asia,Verra,VM0006,AD,Cambodia,Cambodian Government,02/28/2008,02/27/2038,08/14/2023,Georeferenced,Yes,Polygon,1,0,0
Southern Cardamom's REDD+ Project,VCS1748,Asia,Verra,VM0009,AD,Cambodia,"Royal Government of Cambodia, Ministry of Environment",01/01/2015,12/31/2044,07/22/2023,Official,N/A,Polygon,1,0,0
Tumring REDD+ Project,VCS1689,Asia,Verra,VM0009,AD,Cambodia,Cambodian Government,01/01/2015,12/31/2044,08/14/2023,Official,N/A,Polygon,1,0,0
Afforestation Project in Xining City,VCS1825,Asia,Verra,AR-ACM0003,ARR,China,"Qinghai Forestry Ecological Construction and Investment Co., Ltd.",04/21/2014,04/20/2114,04/29/2024,Georeferenced,Yes,Point,1,0,0
"Afforestation on Degraded Lands in Mountainous Areas of Northern Guandong, China",GS3343,Asia,Gold Standard,Gold Standard: Afforestation/Reforestation,ARR,China,FDF,06/01/2009,06/01/2038,09/07/2023,Georeferenced,Yes,Point,1,0,0
Anhuang Afforestation Project,VCS2310,Asia,Verra,AR-ACM0003,ARR,China,"Guizhou Xinzhanxin Agricultural Technology Co., Ltd.",03/15/2016,03/14/2046,10/23/2023,Official,N/A,Polygon,1,0,0
Baoxing Afforestation Project,VCS2408,Asia,Verra,AR-ACM0003,ARR,China,Sichuan Jiajinshan Forestry Bureau,09/01/2016,08/31/2043,10/20/2023,Official,N/A,Polygon,1,0,0
Chudu Afforestation Project,VCS2087,Asia,Verra,AR-ACM0003,ARR,China,"Xichuan Rongda Agriculture and Forestry Co., Ltd",01/01/2016,12/31/2035,10/23/2023,Official,N/A,Polygon,1,0,0
Fujian Qingliu IFM (conversion of logged to protected forest) Project,VCS2606,Asia,Verra,VM0010,IFM,China,"Fujian Qingliu Forestry Co., Ltd.",01/01/2017,12/31/2046,05/01/2024,Official,N/A,Polygon,1,0,0
Fujian Yong'an Improved Forest Management Project,VCS1577,Asia,Verra,VM0010,IFM,China,"Yong'an Forestry Bureau of Fujian Provinc, P.R. China",07/01/2011,06/30/2031,04/29/2024,Georeferenced,Yes,Point,1,0,0
Gansu Dingxi Afforestation Project,VCS2405,Asia,Verra,AR-ACM0003,ARR,China,Dingxi City Chankou Forestry Proving Ground,09/22/2016,09/21/2076,04/30/2024,Official,N/A,Polygon,1,0,0
Gansu Lanzhou Afforestation Project,VCS2418,Asia,Verra,AR-ACM0003,ARR,China,Lanzhou Landscaping and Greening Service Center,09/13/2016,09/12/2076,10/19/2023,Official,N/A,Polygon,1,0,0
Gansu Tianshui Afforestation Project,VCS2391,Asia,Verra,AR-ACM0003,ARR,China,Tianshui Forestry Science Institute,09/21/2016,09/20/2076,04/30/2024,Official,N/A,Polygon,1,0,0
Guangxi Huanjiang IFM (conversion of logged to protected forest) Project,VCS2327,Asia,Verra,VM0010,IFM,China,"Huanjiang Maonan Autonomous County Huashan Forestry Investment Co., Ltd",01/01/2016,12/31/2035,04/30/2024,Official,N/A,Polygon,1,0,0
Guangxi Jinxiu IFM (conversion of logged to protected forest) Project,VCS2326,Asia,Verra,VM0010,IFM,China,Jinxiu Yao Autonomous County Forestry and Grassland Bureau,01/01/2016,12/31/2035,04/30/2024,Official,N/A,Polygon,1,0,0
Guinan Afforestation Project,VCS2070,Asia,Verra,AR-ACM0003,ARR,China,"Guizhou Baiheng Fertilizer Co., Ltd.",03/23/2015,03/22/2045,10/23/2023,Official,N/A,Polygon,1,0,0
Guoluo Grassland Sustainable Management Project,VCS2458,Asia,Verra,VM0026,ARR,China,"Qinghai Guanglv Landscaping Co., Ltd.",06/20/2016,06/19/2056,10/19/2023,Official,N/A,Polygon,1,0,0
Haidong Afforestation Project,VCS1832,Asia,Verra,AR-ACM0003,ARR,China,"Qinghai Forestry Ecological Construction and Investment Co., Ltd.",04/21/2014,04/20/2114,04/29/2024,Georeferenced,Yes,Point,1,0,0
Hainan Lingshui Mangove Blue Carbon Project,VCS2568,Asia,Verra,AR-AM0014,ARR,China,Lingshui County Forestry Bureau,05/21/2016,05/20/2046,10/19/2023,Linear,N/A,Polygon,1,0,0
Hechu Afforestation Project in Anhui Province,VCS1855,Asia,Verra,AR-ACM0003,ARR,China,"Hefei Zhuoya Landscaping Engineering Co., Ltd",04/22/2014,04/21/2034,10/24/2023,Official,N/A,Polygon,1,0,0
Henan Fangcheng and Tanghe Afforestation Project,VCS2249,Asia,Verra,AR-ACM0003,ARR,China,"Beijing Qianyuhui International Environmental Investment Co., Ltd.",10/20/2015,10/19/2075,10/23/2023,Official,N/A,Polygon,1,0,0
Henan Nanzhao Afforestation Project,VCS1930,Asia,Verra,AR-ACM0003,ARR,China,"Beijing Pingtouge Forestry Carbon Technology Development Co., Ltd",09/01/2014,10/19/2074,10/23/2023,Official,N/A,Polygon,1,0,0
Henan Yiyang Afforestation Project,VCS2652,Asia,Verra,AR-ACM0003,ARR,China,"Guizhou Qianhe Carbon Technology Co., Ltd",06/01/2017,05/31/2077,05/01/2024,Official,N/A,Polygon,1,0,0
Huadu Afforestation Project,VCS2379,Asia,Verra,AR-ACM0003,ARR,China,"Guizhou Xinzhanxin Agricultural Technology Co., Ltd.",04/28/2016,04/27/2046,10/21/2023,Official,N/A,Polygon,1,0,0
Hubei Hongshan IFM (Conversion of Logged to Protected Forest) Project,VCS1935,Asia,Verra,VM0010,IFM,China,"Zhejiang Zhongzheng Forestry Development Co., Ltd",01/01/2015,12/31/2044,10/23/2023,Official,N/A,Polygon,1,0,0
Hunan Northern and Northwestern Area Afforestation Project,VCS1896,Asia,Verra,AR-ACM0003,ARR,China,"Jilin Forest Industry Environmental Technology Co., Ltd",05/15/2017,05/14/2057,10/24/2023,Official,N/A,Polygon,1,0,0
Inner Mongolia Chao'er Improved Forest Management Project,VCS1529,Asia,Verra,VM0010,IFM,China,"Chao'er Forest Bureau of Inner Mongolia Autonomous Region, P.R. China",01/01/2010,12/31/2029,10/26/2023,Official,N/A,Polygon,1,0,0
Inner Mongolia Keyihe IFM (Conversion of Logged to Projected) Forest,VCS1718,Asia,Verra,VM0010,IFM,China,Inner Mongolia Keyihe Forest Industry LLC.,01/01/2013,12/31/2042,10/25/2023,Georeferenced,Yes,Point,1,0,0
Inner Mongolia Wu'erqihan IFM (Conversion of Logged to Protected Forest) Project,VCS1715,Asia,Verra,VM0010,IFM,China,"China Inner Mongolia Forest Indutry Wu'erqihan Forest Industry Co., Ltd",01/01/2013,12/31/2042,10/25/2023,Official,N/A,Polygon,1,0,0
Jiangxi Province Le'an County Forest Farm Carbon Sink Project,VCS1162,Asia,Verra,VM0010,IFM,China,"Beijing Shengdahuitong Carbon Management Co., Ltd.",01/01/2006,12/31/2035,10/27/2023,Georeferenced,Yes,Point,1,0,0
Jilin Sanchazi Afforestation Project,VCS2375,Asia,Verra,AR-ACM0003,ARR,China,"Jilin Forest Industry Environmental Technology Co., Ltd",08/15/2016,08/14/2076,10/21/2023,Official,N/A,Polygon,1,0,0
Liangdu Afforestation Project,VCS2083,Asia,Verra,AR-ACM0003,ARR,China,"Guizhou Xinzhanxin Agricultural Technology Co., Ltd.",01/01/2016,12/31/2044,10/23/2023,Official,N/A,Polygon,1,0,0
Liugui Afforestation Project,VCS2387,Asia,Verra,AR-ACM0003,ARR,China,"Guangxi Baixin Agricultural Technology Co., Ltd.",05/05/2016,05/04/2046,10/20/2023,Official,N/A,Polygon,1,0,0
Miaoling Afforestation Project,VCS2378,Asia,Verra,AR-ACM0003,ARR,China,"Guizhou Xinzhanxin Agricultural Technology Co., Ltd.",04/20/2016,04/19/2046,10/21/2023,Official,N/A,Polygon,1,0,0
Qianbei Afforestation Project,VCS2082,Asia,Verra,AR-ACM0003,ARR,China,"Guizhou Xinzhanxin Agricultural Technology Co., Ltd.",01/01/2016,12/31/2044,10/23/2023,Official,N/A,Polygon,1,0,0
Qianxinan Afforestation Project in Guizhou Province,VCS1847,Asia,Verra,AR-ACM0003,ARR,China,"Guizhou Baiheng Fertilizer Co., Ltd.",05/15/2014,04/14/2034,10/24/2023,Georeferenced,Yes,Point,1,0,0
Qinghai Afforestation Project,VCS1826,Asia,Verra,AR-ACM0003,ARR,China,"Qinghai Forestry Ecological Construction and Investment Co., Ltd.",04/21/2014,04/20/2114,04/29/2024,Official,N/A,Polygon,1,1,0
"Reforestation Project in Yingjing County, Sichuan Province",VCS1332,Asia,Verra,AR-ACM0003,ARR,China,Paocaowan Forestry Limited Company,04/01/2011,03/31/2041,10/25/2023,Official,Yes,Point,1,0,0
Reforestation in the Qinghai Province 2012,VCS1361,Asia,Verra,AR-ACM0003,ARR,China,Forestry Technology Centre of Huangzhong County,04/01/2012,03/31/2042,10/27/2023,Official,N/A,Polygon,1,0,0
Shanxi Loufan Afforestation Project,VCS2451,Asia,Verra,AR-ACM0003,ARR,China,Loufan County Forest Workstation,09/30/2016,09/29/2076,10/19/2023,Official,N/A,Polygon,1,0,0
Wuwei City Afforestation Project in Gansu Province,VCS2745,Asia,Verra,AR-ACM0003,ARR,China,Toudunying Forest Farm of Liangzhou District,09/20/2017,09/19/2077,05/01/2024,Official,N/A,Polygon,1,0,0
Xiguan Afforestation Project in Guizhou Province,VCS1865,Asia,Verra,AR-ACM0003,ARR,China,"Guizhou Baiheng Fertilizer Co., Ltd.",04/01/2014,03/31/2044,10/24/2023,Official,N/A,Polygon,1,0,0
XinJiang Makit County Afforestation,VCS1866,Asia,Verra,AR-ACM0003,ARR,China,"Makit Base Junlian Cotton Industry Co.,Ltd",03/10/2014,03/09/2054,04/29/2024,Georeferenced,Yes,Point,1,0,0
Yunnan Kunming Liangqu Improved Forest Management Project,VCS1542,Asia,Verra,VM0010,IFM,China,"Kunmin Yuming Investment Development Co., Ltd.",04/01/2011,03/31/2031,10/26/2023,Official,N/A,Polygon,1,0,0
Yunnan Qiubei Afforestation Project,VCS2565,Asia,Verra,AR-ACM0003,ARR,China,"Eco Green Link Co., Ltd",06/01/2017,05/31/2077,05/01/2024,Official,Yes,Polygon,1,0,0
Yunnan Xishuangbanna Improved Forest Management Project,VCS1664,Asia,Verra,VM0010,IFM,China,Xishuangbanna Forestry Bureau of Yunnan Province,01/01/2012,12/31/2031,10/25/2023,Official,N/A,Polygon,1,0,0
Zhangjiakou Chongli Afforestation Project in Hebei Province,VCS2301,Asia,Verra,AR-ACM0003,ARR,China,"Zhangjiakou Sailin Landscaping Co., Ltd.",06/01/2018,05/31/2038,10/23/2023,Georeferenced,Yes,Point,1,0,0
Zhangjiakou Yuxian Afforestation Project in Hebei Province,VCS2305,Asia,Verra,AR-ACM0003,ARR,China,"Zhangjiakou Sailin Landscaping Co., Ltd.",04/01/2018,03/31/2038,10/23/2023,Official,N/A,Polygon,1,0,0
Zhangjiakou Zhangbei County 2017 Afforestation Project,VCS2413,Asia,Verra,AR-ACM0003,ARR,China,"Zhangjiakou Sailin Landscaping Co., Ltd.",05/12/2017,05/11/2037,04/30/2024,Official,N/A,Polygon,1,0,0
Zhangye City Afforestation Project in Gansu Province,VCS2370,Asia,Verra,AR-ACM0003,ARR,China,Zhangye Academy of Forestry Sciences,05/10/2016,05/09/2076,10/21/2023,Official,N/A,Polygon,1,1,0
Zhanjiang Mangrove Afforestation Project,VCS2343,Asia,Verra,AR-AM0014,ARR,China,"Third Institute of Oceanography, Ministry of Natural Resources",04/30/2015,04/29/2055,10/23/2023,Official,N/A,Polygon,1,0,0
Afforestation with Hazelnut Plantations in Western Georgia,GS3975,Asia,Gold Standard,Gold Standard: Afforestation/Reforestation,ARR,Georgia,Ferrero Trading LUX S.A.,01/01/2007,01/01/2037,09/07/2023,Georeferenced,Yes,Polygon,1,0,0
"Agricultural Land Management Project in Beed District, India implemented by Godrej Properties Ltd.",VCS1704,Asia,Verra,VM0017,ARR,India,Godrej Properties Ltd.,07/28/2017,07/27/2037,10/25/2023,Official,N/A,Polygon,1,0,0
Araku Valley Livelihood Project,VCS1328,Asia,Verra,AR-ACM0003,ARR,India,Livelihoods Fund,08/27/2010,08/26/2030,10/26/2023,Official,N/A,Polygon,1,0,0
Bagepalli CDM Reforestation Programme,GS4240,Asia,Gold Standard,AR-AM0004,ARR,India,Agricultural Development and Training Society,04/01/2005,03/31/2035,09/07/2023,Official,Yes,Polygon,1,0,0
Community-based Reforestation Project on Degraded Lands in Uttar Pradesh,VCS1015,Asia,Verra,AR-AMS0005,ARR,India,Indian Farm Forestry Development Co-operative Limited,07/15/2008,07/14/2038,10/25/2023,Official,N/A,Polygon,1,0,0
Grouped Reforestation Project by Cropzone Agro Forestry Private Limited,VCS2833,Asia,Verra,AR-ACM0003,ARR,India,Cropzone Agro Forestry Private Limited,06/04/2017,06/03/2037,05/02/2024,Official,N/A,Polygon,1,0,0
India Sundarbans Mangrove Restoration,VCS1463,Asia,Verra,AR-ACM0014,ARR,India,Livelihoods Fund,09/28/2010,09/27/2030,10/27/2023,Official,N/A,Polygon,1,0,0
Mahogany Plantation in India,VCS2479,Asia,Verra,AR-ACM0003,ARR,India,Mahogani Vishwa Agro Pvt Ltd,03/12/2019,03/11/2049,04/30/2024,Official,N/A,Polygon,1,0,0
Plantation Project on Wastelands by Sun Plant Agro Limited,VCS922,Asia,Verra,AR-AMS0005,ARR,India,Sun Plant Agro Limited,10/12/2006,10/11/2039,10/24/2023,Official,N/A,Polygon,1,0,0
Reforestation of Degraded Land by MTPL in India,VCS2404,Asia,Verra,AR-ACM0001,ARR,India,Mangalam Timber Products Limited,06/25/2001,06/24/2031,10/20/2023,Official,N/A,Polygon,1,0,0
"Reforestation of Degraded Land in Chhattisgarh, India",VCS689,Asia,Verra,AR-ACM0002,ARR,India,Prakash Industries Limited,06/15/2002,06/14/2066,10/25/2023,Official,N/A,Polygon,1,0,0
"TIST Program in India, VCS 001",VCS994,Asia,Verra,AR-AMS0001,ARR,India,TIST,01/01/2004,12/31/2033,08/08/2023,Official,N/A,Polygon,1,0,0
Katingan Peatlan Restoration and Conservation Project,VCS1477,Asia,Verra,VM0007,AD,Indonesia,PT Rimba Makmur Utama,11/01/2010,10/31/2070,07/20/2023,Official,N/A,Polygon,1,0,0
"Mangrove Restoration and Coastal Greenbelt Protection in the East Coast of Aceh and North Sumatra Province, Indonesia",VCS1493,Asia,Verra,AR-ACM0014,ARR,Indonesia,Livelihoods Fund,06/14/2011,06/13/2031,10/27/2023,Official,N/A,Polygon,1,0,0
Preserving Peat Swamp Forest Ecosystem Through REDD+ Activity in Kampar Peninsula Riau-Indonesia,VCS1498,Asia,Verra,VM0007,AD,Indonesia,"KPHP Tasik Besar Serkap, Riau Province-Indonesia",12/16/2014,12/15/2034,10/27/2023,Official,N/A,Polygon,1,0,0
Riau Ecosystem Restoration Carbon Project,VCS2403,Asia,Verra,VM0007,AD,Indonesia,Himpanzee Pte Ltd,06/17/2016,06/16/2073,04/30/2024,Official,N/A,Polygon,1,0,0
Rimba Raya Biodiversity Reserve Project,VCS674,Asia,Verra,VM0004,AD,Indonesia,InfiniteEarth,07/01/2009,06/30/2039,07/26/2023,Georeferenced,Yes,Polygon,1,0,0
Sumatra Merang Peatland Project (SMPP),VCS1899,Asia,Verra,VM0007,ARR,Indonesia,PT Global Alam Lestari,01/01/2016,12/31/2062,04/29/2024,Official,N/A,Polygon,1,0,0
"Mitigation of GHG: Rubber Based Agro-forestry System for Sustainable Development and Poverty Reduction in Pakkading, Bolikhamsay Province, Lao PDR",VCS1684,Asia,Verra,AR-ACM0003,ARR,Laos,Lao Thai Hua Rubber Co. Ltd,07/08/2008,07/07/2038,10/25/2023,Official,N/A,Polygon,1,0,0
Reducing Emissions from Deforestation and Carbon Enhancement in Xe Pian National Protected Area,VCS1398,Asia,Verra,VM0015,AD,Laos,Provincial Office of Agriculture and Forestry,09/01/2014,08/31/2044,10/25/2023,Official,N/A,Polygon,1,0,0
"INFAPRO Rehabilitation of logged-over Dipterocarp Forest in Sabah, Malaysia",VCS672,Asia,Verra,VM0005,IFM,Malaysia,Face the Future,01/01/2007,12/31/2036,10/23/2023,Official,N/A,Polygon,1,0,0
Kuamut Rainforest Conservation Project,VCS2609,Asia,Verra,VM0010,IFM,Malaysia,Permian Malaysia SDN. BHD,12/11/2015,12/10/2045,05/01/2024,Official,N/A,Polygon,1,0,0
"Korea- Myanmar Joint - Bago District REDD+ Program, with North Zamari Wildlife Sanctuary",VCS1848,Asia,Verra,VM0006,AD,Myanmar,Forestry Department of Myanmar,06/03/2016,06/02/2046,10/24/2023,Georeferenced,Yes,Polygon,1,0,0
Mangrove Restoration and Sustainable Development in Myanmar,VCS2088,Asia,Verra,AR-AM0014,ARR,Myanmar,Worldview International Foundation,06/01/2020,05/31/2040,04/30/2024,Official,N/A,Polygon,1,0,0
Reforestation and Restoration of degraded mangrove lands in Myanmar,VCS1764,Asia,Verra,AR-AM0014,ARR,Myanmar,Worldview International Foundation,06/15/2015,06/14/2035,07/27/2023,Georeferenced,Yes,Point,1,0,0
Restoration of Degraded Mangroves and Sustainable Developement in Myanmar,VCS2792,Asia,Verra,AR-AM0014,ARR,Myanmar,Worldview International Foundation,09/01/2020,08/31/2040,05/01/2024,Official,N/A,Polygon,1,0,0
Delta Blue Carbon - 1 - The Indus Delta Mangrove Restoration Project,VCS2250,Asia,Verra,VM0033,ARR,Pakistan,Indus Delta Capital Limited,02/19/2015,02/18/2075,07/17/2023,Official,N/A,Polygon,1,0,0
Lanao del Sur Bamboo Reforestation Project,VCS2958,Asia,Verra,AR-ACM0003,ARR,Philippines,"EcoPlanet Bamboo Group, LLC",06/01/2022,05/31/2042,10/19/2023,Official,N/A,Polygon,1,0,0
Mindanao Tree Planting Program for our Climate and Communities (MinTrees),VCS2412,Asia,Verra,AR-ACM0003,ARR,Philippines,Kennemer Eco Solutions,03/15/2015,03/14/2065,04/30/2024,Official,Yes,Polygon,1,0,0
Protection of High Conservation Value Forests by Terneyles Group,VCS1544,Asia,Verra,VM0010,IFM,Russian Federation,Joint Stock Company Terneyles,08/14/2013,08/13/2043,10/26/2023,Georeferenced,Yes,Point,1,0,0
ACAP Albania Vjose-Narte A/R Project,VCS2547,Europe,Verra,AR-ACM0003,ARR,Albania,Carbon Sink Group s.r.l.,01/19/2021,01/18/2041,05/01/2024,Official,N/A,Polygon,1,1,0
Westphalen Forest Carbon Project,VCS3363,Europe,Verra,VM0012,IFM,Germany,Matthias Graf von Westphalen,01/01/2018,12/31/2047,05/02/2024,Georeferenced,Yes,Point,1,0,0
Rotunda Forest Carbon Project,VCS2386,Europe,Verra,VM0012,IFM,Romania,SC Rotunda SRL,01/01/2018,12/31/2047,10/20/2023,Official,N/A,Polygon,1,0,0
Australian Yarra Yarra Biodiveristy Project,GS3039,Oceania,Gold Standard,Gold Standard: Afforestation/Reforestation,ARR,Australia,Carbon Neutral,06/11/2015,06/11/2058,09/07/2023,Official,N/A,Polygon,1,0,0
Protection of a Tasmanian Native Forest (Project 3: Peter Downie),VCS587,Oceania,Verra,VM0010,IFM,Australia,Peter Downie,03/01/2010,03/01/2035,10/23/2023,Georeferenced,Yes,Polygon,1,0,0
Protection of a Tasmanian Native Forest - Project 1 - REDD Forests Pilot,VCS605,Oceania,Verra,VM0010,IFM,Australia,"Marcus Archer, Heidi Archer, and Fiona Archer",03/13/2009,03/12/2034,10/23/2023,Official,N/A,Polygon,1,0,0
REDD Forests Grouped Project: Protection of Tasmanian Native Forest,VCS641,Oceania,Verra,VM0010,IFM,Australia,William Gooch and Marie Gooch,07/26/2011,03/31/2035,10/25/2023,Georeferenced,Yes,Polygon,1,1,0
April Salumei REDD Project,VCS1122,Oceania,Verra,VM0010,IFM,Papua New Guinea,Rainforest Project Management Limited,05/22/2009,05/21/2047,04/29/2024,Georeferenced,Yes,Polygon,1,0,0
NIHT Topaiyo REDD+,VCS2293,Oceania,Verra,VM0009,AD,Papua New Guinea,NIHT,06/01/2017,05/31/2047,08/14/2023,Official,N/A,Polygon,1,0,0
WithOneSeed Timor Leste Community Forestry Program,GS4210,Oceania,Gold Standard,Gold Standard: Afforestation/Reforestation,ARR,Timor-Leste,xPand Foundation,07/30/2010,07/30/2038,09/07/2023,Georeferenced,Yes,Point,1,0,0
