{"type":"FeatureCollection","features":[{"type":"Feature","properties":{"projectId":"VCS1684","name":"Mitigation of GHG: Rubber based agro-forestry system for sustainable development and poverty reduction in Pakkading, Bolikhamsay Province, Lao PDR","sourceRegistry":"Verra VCS","externalId":"VCS1684","projectType":"afforestation","country":"Laos","vintageYears":[2015,2019,2020,2021,2022],"sourceUrl":"https://zenodo.org/records/11459391","license":"CC BY 4.0 (Karnik et al. dataset); CarbonPlan Terms of Use also apply to the PMTiles derivative","retrievedAt":"2026-10-05","illustrative":false},"geometry":{"type":"MultiPolygon","coordinates":[[[[104.28724765777588,18.144628336603333],[104.28759098052979,18.14432247649283],[104.28789138793945,18.144179741591486],[104.288170337677,18.14420013229882],[104.2887282371521,18.144363257871817],[104.28924322128296,18.145138102265093],[104.28947925567627,18.145219664633046],[104.29001569747925,18.1448118524128],[104.29033756256104,18.14468950856123],[104.29057359695435,18.14468950856123],[104.29093837738037,18.14491380555704],[104.2911958694458,18.144893414932938],[104.29145336151123,18.145260445802734],[104.29149627685547,18.14554591372432],[104.29143190383911,18.145770209621418],[104.29136753082275,18.145851771694467],[104.29123878479004,18.14589255271673],[104.29136753082275,18.146178019606154],[104.29121732711792,18.14644309558608],[104.29095983505249,18.147217930761272],[104.29076671600342,18.147483005164347],[104.29076058522834,18.147483005164347],[104.2907452583313,18.147503395486396],[104.2906379699707,18.147727688871953],[104.2907452583313,18.147992762502028],[104.2910885810852,18.147972372237064],[104.29121732711792,18.1481354942902],[104.29141044616699,18.14850251835317],[104.29025173187256,18.149277344399735],[104.28924322128296,18.149195783924995],[104.28868532180786,18.149012272717698],[104.28844928741455,18.14939968504048],[104.28776264190674,18.14972592633049],[104.28733348846436,18.148910321963726],[104.28774118423462,18.148604469345003],[104.28774118423462,18.148482128147677],[104.28746223449707,18.147911201427902],[104.28739786148071,18.147707298576066],[104.28739786148071,18.14740144385236],[104.28752660751343,18.147014027100766],[104.28748369216919,18.146116848169072],[104.28754806518555,18.145851771694467],[104.28774118423462,18.145321617539466],[104.28733348846436,18.14491380555704],[104.28724765777588,18.144628336603333]]],[[[104.28763389587402,18.137532244263213],[104.2877197265625,18.137083631047773],[104.28793430328369,18.136471883899745],[104.28844928741455,18.1362067928045],[104.28909301757812,18.135207599680783],[104.28945779800415,18.134983290235937],[104.28954362869263,18.134840547712173],[104.28954362869263,18.134473494973406],[104.28947925567627,18.13424918458726],[104.28905010223389,18.134126833346315],[104.28892135620117,18.134045265804815],[104.28885698318481,18.133841346784678],[104.28889989852905,18.133535467808812],[104.28823471069336,18.133331548194462],[104.28823471069336,18.13329076424307],[104.28834199905396,18.13312762834242],[104.28840637207031,18.132984884304562],[104.28847074508667,18.13292370825269],[104.28847074508667,18.132760572009786],[104.28855657577515,18.132658611780727],[104.2886209487915,18.13263821972778],[104.28855657577515,18.132434299067626],[104.28877115249634,18.132169201854126],[104.28887844085693,18.132169201854126],[104.28898572921753,18.13206724128044],[104.2896294593811,18.132230378169808],[104.28965091705322,18.13206724128044],[104.29033756256104,18.130476648637725],[104.2907452583313,18.130599002431254],[104.29080963134766,18.130864102023793],[104.29078817367554,18.131108808983484],[104.29044485092163,18.13202645703433],[104.29044485092163,18.132230378169808],[104.29057359695435,18.132271162368383],[104.29065942764282,18.132373122823253],[104.2907452583313,18.13312762834242],[104.29147481918335,18.133413116068724],[104.29149627685547,18.13355585975718],[104.29126024246216,18.134167617102804],[104.29104566574097,18.134412319442063],[104.29089546203613,18.134514278649092],[104.29076671600342,18.134738588695328],[104.29070234298706,18.13502407379275],[104.29057359695435,18.135309558424296],[104.29059505462646,18.135411517108352],[104.29072380065918,18.135513475732992],[104.29080963134766,18.135676609408804],[104.29087400436401,18.135962092975404],[104.29177522659302,18.136410709067263],[104.29177522659302,18.1365126671095],[104.2911958694458,18.136349534213394],[104.29102420806885,18.136369925833733],[104.29078817367554,18.136329142590682],[104.29059505462646,18.136369925833733],[104.29046630859375,18.136492275505816],[104.29031610488892,18.136573841906326],[104.29031610488892,18.136675799853478],[104.29025173187256,18.136757366168396],[104.29025173187256,18.136879715569492],[104.29027318954468,18.137124414114908],[104.29040193557739,18.137287546288334],[104.29044485092163,18.137409895318555],[104.29038047790527,18.137491461291162],[104.29091691970825,18.137491461291162],[104.29132461547852,18.137409895318555],[104.29162502288818,18.137246763259256],[104.29156064987183,18.136675799853478],[104.29158210754395,18.136614625092307],[104.29183959960938,18.136594233500503],[104.2922043800354,18.136675799853478],[104.29256916046143,18.136553450309762],[104.29297685623169,18.136471883899745],[104.29327726364136,18.136492275505816],[104.29362058639526,18.13643110068047],[104.29385662078857,18.136410709067263],[104.29415702819824,18.136329142590682],[104.29428577423096,18.136349534213394],[104.29518699645996,18.136940890237938],[104.29580926895142,18.137532244263213],[104.29651737213135,18.138021639185936],[104.29675340652466,18.138143987702676],[104.29754734039307,18.13842946724219],[104.29789066314697,18.13887807700567],[104.29791212081909,18.13904120754347],[104.2978048324585,18.139775293080575],[104.29786920547485,18.14016272587176],[104.29784774780273,18.1404889843986],[104.29789066314697,18.140774460110308],[104.2980408668518,18.140937588879183],[104.29801940917969,18.141019153206557],[104.29786920547485,18.141447365301104],[104.29761171340942,18.14185518536867],[104.29767608642578,18.14199792216759],[104.297354221344,18.142099876952656],[104.29711818695068,18.142099876952656],[104.29686069488525,18.142344568194233],[104.297354221344,18.142405740951133],[104.29754734039307,18.142752386169292],[104.29765462875366,18.14324176648384],[104.29756879806519,18.143710754666657],[104.29726839065552,18.1440573972976],[104.2970623969191,18.144220523003753],[104.29707527160645,18.144220523003753],[104.29688215255737,18.144363257871817],[104.29662466049194,18.144424429922452],[104.29531574249268,18.14330293892685],[104.29516553878784,18.14330293892685],[104.29402828216553,18.142956294800157],[104.29400682449341,18.142874731376338],[104.29389953613281,18.142956294800157],[104.29319143295288,18.142874731376338],[104.2931056022644,18.1427116044146],[104.29261207580566,18.142589259093413],[104.29259061813354,18.142446522777178],[104.29239749908447,18.142344568194233],[104.29233312606812,18.142222222616255],[104.29229021072388,18.14195714023694],[104.292311668396,18.141610493442272],[104.29235458374023,18.14148814735067],[104.29252624511719,18.141325019095376],[104.2926549911499,18.140978371047623],[104.29259061813354,18.140244290560545],[104.29250478744507,18.14016272587176],[104.29237604141235,18.140652113433788],[104.29237604141235,18.14112110856226],[104.2922043800354,18.14150853837188],[104.29214000701904,18.142201831678264],[104.29151773452759,18.142568868198225],[104.29123878479004,18.142568868198225],[104.29098129272461,18.142487304593715],[104.29091691970825,18.142222222616255],[104.29104566574097,18.141794012419155],[104.29113149642944,18.141528929390716],[104.29136753082275,18.14120267280404],[104.2916464805603,18.14030546405216],[104.2915391921997,18.140183117047513],[104.29160356521606,18.13924512050174],[104.29216146469116,18.13930629434286],[104.29229021072388,18.13953059824391],[104.29229021072388,18.13946942448125],[104.29239749908447,18.139347076891724],[104.2925477027893,18.13928590306486],[104.29271936416626,18.13928590306486],[104.29280519485474,18.139163555346954],[104.29280519485474,18.138918859654396],[104.29274082183838,18.13844985862002],[104.29284811019897,18.138266336133796],[104.29301977157593,18.13816437911379],[104.29316997528076,18.137878899141597],[104.29293394088745,18.138042030611345],[104.29248332977295,18.138082813454986],[104.29207563400269,18.138266336133796],[104.29196834564209,18.13849064136859],[104.29177522659302,18.138653772267773],[104.29143190383911,18.139122772755314],[104.29134607315063,18.139224729216608],[104.29138898849487,18.139652945705038],[104.2913031578064,18.139673336940234],[104.29111003875732,18.139550989493358],[104.2900800704956,18.139367468162575],[104.2891788482666,18.139020816234563],[104.28844928741455,18.13842946724219],[104.28844928741455,18.138062422034352],[104.28774118423462,18.137736158980758],[104.28763389587402,18.137532244263213]]],[[[104.2898440361023,18.1496035859181],[104.29229021072388,18.147992762502028],[104.29289102554321,18.148584079151405],[104.29291248321533,18.148849151482793],[104.29342746734619,18.14984826665726],[104.29329872131348,18.150133727086683],[104.29293394088745,18.150317237116525],[104.29252624511719,18.15019489711804],[104.29214000701904,18.150154117099518],[104.29192543029785,18.15007255703391],[104.29188251495361,18.15033762710796],[104.29222583770752,18.151194004599702],[104.29214000701904,18.151662971447962],[104.29229021072388,18.15211154725567],[104.29205417633057,18.152172716594777],[104.29171085357666,18.15184647987209],[104.29132461547852,18.151561022240173],[104.2908525466919,18.15133673377369],[104.29057359695435,18.150928935824467],[104.28990840911865,18.15064347669386],[104.2898440361023,18.1496035859181]]],[[[104.29705381393433,18.13437153574263],[104.29733276367188,18.13410644146451],[104.29739713668823,18.133882130607716],[104.297354221344,18.133107236344145],[104.29750442504883,18.132760572009786],[104.29786920547485,18.13241390698856],[104.2981481552124,18.132373122823253],[104.29857730865479,18.132515867360212],[104.29947853088379,18.132740179968735],[104.2997145652771,18.132842140150245],[104.29965019226074,18.133311156219946],[104.29857730865479,18.134840547712173],[104.298255443573,18.134779372309197],[104.29784774780273,18.135207599680783],[104.29744005203247,18.13492211488287],[104.29707527160645,18.13471819688482],[104.29705381393433,18.13437153574263]]],[[[104.29797649383545,18.147972372237064],[104.2980408668518,18.147788859745347],[104.29799795150757,18.14762573736874],[104.29864168167114,18.146524657345196],[104.29864168167114,18.14630036241607],[104.29862022399902,18.14627997195369],[104.29847002029419,18.146341143333686],[104.29844856262207,18.14632075287605],[104.29851293563843,18.14627997195369],[104.29853439331055,18.146178019606154],[104.29849147796631,18.14601489572641],[104.29853439331055,18.14589255271673],[104.29847002029419,18.145851771694467],[104.29829835891724,18.145688647510326],[104.29834127426147,18.145688647510326],[104.2983627319336,18.1456478664405],[104.29823398590088,18.145586694817936],[104.29831981658936,18.145464351508593],[104.29831981658936,18.145382789254796],[104.29862022399902,18.145280836384032],[104.29872751235962,18.145138102265093],[104.29851293563843,18.144709899209104],[104.29855585098267,18.144648727258343],[104.2988133430481,18.14454677395952],[104.29889917373657,18.144648727258343],[104.29902791976929,18.144730289854593],[104.2990493774414,18.1448118524128],[104.29917812347412,18.144873024306477],[104.29932832717896,18.145015758641833],[104.29939270019531,18.145158492860645],[104.29949998855591,18.145240055219077],[104.29958581924438,18.145362398685393],[104.29958581924438,18.14550513262121],[104.29967164993286,18.145607085361178],[104.29952144622803,18.14574981909722],[104.29952144622803,18.145810990662696],[104.29956436157227,18.145851771694467],[104.2997145652771,18.14627997195369],[104.29958581924438,18.146463486029432],[104.29956436157227,18.146626609490582],[104.29962873458862,18.14670817116408],[104.29954290390015,18.146871294396902],[104.29939270019531,18.147340272843408],[104.29943561553955,18.147483005164347],[104.29942607880028,18.147483005164347],[104.29943561553955,18.147523785806072],[104.29934978485107,18.147646127674136],[104.29928541183472,18.14785003059731],[104.29900646209717,18.14785003059731],[104.2988133430481,18.147911201427902],[104.29844856262207,18.148115104041892],[104.2983627319336,18.148115104041892],[104.29831981658936,18.1481354942902],[104.29806232452393,18.1481354942902],[104.29797649383545,18.147972372237064]]],[[[104.29917812347412,18.144648727258343],[104.29919958114624,18.144505992623337],[104.29954290390015,18.144220523003753],[104.29954620483794,18.144220523003753],[104.29984331130981,18.143975834387433],[104.30052995681763,18.143914662179853],[104.30078744888306,18.14379231770046],[104.30087327957153,18.14369036390225],[104.30104494094849,18.143731145428674],[104.30138826370239,18.14393505291808],[104.30153846740723,18.143975834387433],[104.30166721343994,18.1440573972976],[104.30186033248901,18.14428169510434],[104.30196762084961,18.14430208579978],[104.30250406265259,18.14458755528618],[104.30254697799683,18.14479146177682],[104.30267572402954,18.14491380555704],[104.30304050445557,18.145097321066842],[104.30325508117676,18.145240055219077],[104.30323362350464,18.14458755528618],[104.30357694625854,18.144220523003753],[104.30357920494073,18.144220523003753],[104.30359840393066,18.14420013229882],[104.3037486076355,18.144179741591486],[104.30387735372815,18.144220523017992],[104.3043065071106,18.14432247649283],[104.30443525314331,18.144505992623337],[104.30441379547119,18.144648727258343],[104.30428504943848,18.144750680497708],[104.30400609970093,18.14485263367763],[104.30398464202881,18.145097321066842],[104.3037486076355,18.145301226962943],[104.30387735366821,18.14548474206609],[104.30407047271729,18.14544396094871],[104.30419921875,18.14550513262121],[104.30426359176636,18.145627475902018],[104.30419921875,18.145851771694467],[104.30402755737305,18.14644309558608],[104.30434942245483,18.14632075287605],[104.30462837219238,18.146463486029432],[104.30456399917603,18.146667390332084],[104.30514335632324,18.146810123202428],[104.30533647537231,18.14644309558608],[104.30561542510986,18.1464838764704],[104.30567979812622,18.14660621906627],[104.30548667907715,18.14727910181304],[104.30546522140503,18.147462614839924],[104.30613040924072,18.14740144385236],[104.3061089515686,18.147483005164347],[104.3061089515636,18.147483005164347],[104.30608749389648,18.147564566438263],[104.30604457855225,18.1479315917],[104.3061089515686,18.147870420876572],[104.30623769760132,18.14785003059731],[104.30645227432251,18.147911201427902],[104.30647373199463,18.148155884536138],[104.30653810501099,18.1482986161911],[104.30662393569946,18.147911201427902],[104.30675268173218,18.147768469456594],[104.30701017379761,18.147727688871953],[104.30658102035522,18.147503395486396],[104.30649518966675,18.14678973279952],[104.3066668510437,18.14619841008043],[104.30685997009277,18.146055676710617],[104.30703163146973,18.14601489572641],[104.3075680732727,18.146096457685317],[104.30786848068237,18.145933333729474],[104.30788993835449,18.145851771694467],[104.30804014205933,18.14552552317396],[104.30825471878052,18.14550513262121],[104.30840492248535,18.145301226962943],[104.30861949920654,18.145199274044614],[104.30874824523926,18.145036149251638],[104.30889844894409,18.144974977415046],[104.30904865264893,18.144934196178752],[104.30930614471436,18.144995368029626],[104.30994987487793,18.14485263367763],[104.31010007858276,18.144934196178752],[104.3103575706482,18.14479146177682],[104.31055068969727,18.144832243046395],[104.3105936050415,18.144709899209104],[104.31074380874634,18.144628336603333],[104.31065797805786,18.14454677395952],[104.31042194366455,18.144444820601237],[104.3102502822876,18.144485601951686],[104.31001424789429,18.144709899209104],[104.30988550186157,18.144669117910965],[104.30973529815674,18.144567164624036],[104.30971384048462,18.14438364855775],[104.30956363677979,18.14458755528618],[104.30943489074707,18.144730289854593],[104.30930614471436,18.14477107113845],[104.30900573730469,18.144750680497708],[104.30894136428833,18.14458755528618],[104.30894136428833,18.144505992623337],[104.30904865264893,18.144424429922452],[104.30904865264893,18.144363257871817],[104.30896282196045,18.14424091370634],[104.30876970291138,18.14432247649283],[104.3086838722229,18.144220523003753],[104.30869460112464,18.144220523003753],[104.30846929550171,18.143914662179853],[104.30844783782959,18.143710754666657],[104.30806159973145,18.14375153618832],[104.3077826499939,18.143629191594783],[104.30780410766602,18.14379231770046],[104.30765390396118,18.144098178738403],[104.3075394630232,18.144220523003753],[104.30754661560059,18.144220523003753],[104.30752607099483,18.144234839889847],[104.30748224258423,18.14428169510434],[104.3072247505188,18.144444820601237],[104.30705308914185,18.144465211277662],[104.30660247802734,18.14458755528618],[104.30692434310913,18.144709899209104],[104.30718183517456,18.14485263367763],[104.30741786956787,18.145178883453823],[104.30716037750244,18.145280836384032],[104.30681705474854,18.14552552317396],[104.3065595626831,18.14583138117976],[104.30625915527344,18.145770209621418],[104.3062162399292,18.14552552317396],[104.30604457855225,18.14566825697659],[104.30589437484741,18.145586694817936],[104.30578708648682,18.1456478664405],[104.30557250976562,18.14566825697659],[104.305100440979,18.145627475902018],[104.30488586425781,18.145464351508593],[104.30460691452026,18.14542357038644],[104.30441379547119,18.145260445802734],[104.30439233779907,18.145015758641833],[104.3045425415039,18.14479146177682],[104.30495023727417,18.144526383292614],[104.30525064468384,18.144444820601237],[104.30525064468384,18.144220523003753],[104.30546522140503,18.14395544365395],[104.30507898330688,18.14332332973642],[104.30516481399536,18.143078639864513],[104.30546522140503,18.142854340514432],[104.3055510520935,18.142752386169292],[104.30537939071655,18.142548477300664],[104.3052077293396,18.14242613186535],[104.30467128753662,18.142140658850025],[104.30460691452026,18.142059095045767],[104.30471420288086,18.14189596732311],[104.30458545684814,18.141590102432943],[104.30443525314331,18.141325019095376],[104.30404901504517,18.14099876212829],[104.30398464202881,18.140876415608687],[104.30411338806152,18.140652113433788],[104.30413484573364,18.14038702867437],[104.30404901504517,18.14012194351311],[104.30422067642212,18.139714119403493],[104.30527210235596,18.138592598198414],[104.30527210235596,18.138388684479338],[104.30518627166748,18.138082813454986],[104.3053150177002,18.138001247758154],[104.30552959442139,18.138082813454986],[104.30572271347046,18.138327510317268],[104.30578708648682,18.13844985862002],[104.30572271347046,18.138143987702676],[104.30572271347046,18.137858507697175],[104.30585145950317,18.137491461291162],[104.30613040924072,18.13732832930792],[104.3067741394043,18.13716519717252],[104.30698871612549,18.13718558869776],[104.30688142776489,18.13704284797113],[104.30701017379761,18.13702245642925],[104.30731058120728,18.136859324008583],[104.30763244628906,18.1364514922913],[104.30786848068237,18.136227184441466],[104.30799722671509,18.13602326796476],[104.30831909179688,18.13575817618967],[104.30855512619019,18.135615434298202],[104.30885553359985,18.135737784498005],[104.3091344833374,18.1359417013075],[104.30926322937012,18.135900917964634],[104.30945634841919,18.135900917964634],[104.30994987487793,18.135635826004105],[104.31007862091064,18.135635826004105],[104.3105936050415,18.135819351250333],[104.31074380874634,18.136043659623127],[104.31074380874634,18.1362067928045],[104.3108081817627,18.136247576076073],[104.31091547012329,18.136594233500503],[104.31089401245117,18.136716583015698],[104.31074380874634,18.1368389324453],[104.31095838546753,18.136757366168396],[104.31106567382812,18.136818540879645],[104.31110858917236,18.136961281789326],[104.31113004684448,18.137369112317984],[104.31102275848389,18.137634201651693],[104.3111515045166,18.13769537605627],[104.3112587928772,18.137878899141597],[104.3112587928772,18.138001247758154],[104.31145191192627,18.138062422034352],[104.31179523468018,18.13861298955723],[104.3118166923523,18.138776120342285],[104.3117094039917,18.138898468331234],[104.31175231933594,18.13898003360964],[104.31177377700806,18.139326685618485],[104.31151628494263,18.13953059824391],[104.31128025054932,18.139652945705038],[104.311044216156,18.13957138074045],[104.31113004684448,18.139652945705038],[104.3111515045166,18.13989764037052],[104.31138753890991,18.139714119403493],[104.31166648864746,18.139612163227497],[104.31175231933594,18.139652945705038],[104.31183815002441,18.13975490185726],[104.31177377700806,18.139877249161458],[104.31194543838501,18.13989764037052],[104.31207418441772,18.14008116114495],[104.3121600151062,18.14038702867437],[104.31224584579468,18.14038702867437],[104.31235313415527,18.14042781097119],[104.31237459182739,18.1404889843986],[104.31237459182739,18.140590940063433],[104.31222438812256,18.140692895668806],[104.31218147277832,18.140794851214736],[104.31220293045044,18.140896806701235],[104.31239604949951,18.140856024513766],[104.31252479553223,18.14099876212829],[104.31252479553223,18.14112110856226],[104.31263208389282,18.14128423700778],[104.31265354156494,18.14112110856226],[104.31273937225342,18.140937588879183],[104.31295394897461,18.140733677894318],[104.31278228759766,18.140692895668806],[104.31280374526978,18.140550157804654],[104.31291103363037,18.140468593258518],[104.31273937225342,18.14050937553634],[104.31248188018799,18.14034624636801],[104.31235313415527,18.140040378767267],[104.31235313415527,18.139979205182925],[104.3122673034668,18.139877249161458],[104.31231021881104,18.139734510631556],[104.31220293045044,18.139673336940234],[104.31211709976196,18.139489815737846],[104.31218147277832,18.138959642293585],[104.31207418441772,18.138714946315716],[104.31209564208984,18.13853142410767],[104.31173086166382,18.138062422034352],[104.3117094039917,18.13794007346057],[104.31149482727051,18.137776941895737],[104.31149482727051,18.13771576751971],[104.3113660812378,18.13757302722574],[104.3113660812378,18.13732832930792],[104.31130170822144,18.13714480564491],[104.3113660812378,18.137063239510653],[104.31128025054932,18.137063239510653],[104.3111515045166,18.136940890237938],[104.31110858917236,18.136614625092307],[104.31123733520508,18.1365126671095],[104.31097984313965,18.136410709067263],[104.31085109710693,18.13606405127912],[104.3108081817627,18.135819351250333],[104.31085109710693,18.135656217707634],[104.31108713150024,18.135533867450775],[104.31138753890991,18.135513475732992],[104.31177377700806,18.135697001107573],[104.31194543838501,18.135819351250333],[104.31213855743408,18.136104834583975],[104.31237459182739,18.13598248464089],[104.31250333786011,18.135860134612244],[104.31248188018799,18.13575817618967],[104.31256771087646,18.135574650879235],[104.31273937225342,18.135554259166213],[104.31318998336792,18.135839742932475],[104.3132758140564,18.136104834583975],[104.31349039077759,18.135962092975404],[104.31368350982666,18.135921309637254],[104.31376934051514,18.1359417013075],[104.31370496749878,18.135717392803983],[104.31379079818726,18.135513475732992],[104.31413412094116,18.13526877493402],[104.31447744369507,18.13526877493402],[104.31447744369507,18.135187207924957],[104.3146276473999,18.135146424406173],[104.31494951248169,18.135207599680783],[104.31533575057983,18.13543190883803],[104.31531429290771,18.135493084012808],[104.31540012359619,18.135676609408804],[104.31550741195679,18.135860134612244],[104.31561470031738,18.1359417013075],[104.31555032730103,18.136043659623127],[104.31537866592407,18.136043659623127],[104.31531429290771,18.13606405127912],[104.31531429290771,18.136390317451685],[104.31550741195679,18.136696191435774],[104.31531429290771,18.136900107128],[104.31520700454712,18.13714480564491],[104.31497097015381,18.13718558869776],[104.31488513946533,18.137246763259256],[104.31477785110474,18.137471069801578],[104.3152928352356,18.138266336133796],[104.31531429290771,18.138388684479338],[104.31520700454712,18.138776120342285],[104.31524991989136,18.139020816234563],[104.315185546875,18.13930629434286],[104.31531429290771,18.139489815737846],[104.31535720825195,18.139877249161458],[104.31497097015381,18.14012194351311],[104.31486368179321,18.14030546405216],[104.31490659713745,18.14034624636801],[104.315185546875,18.140448202116048],[104.31555032730103,18.14030546405216],[104.31565761566162,18.14034624636801],[104.31572198867798,18.140876415608687],[104.31587219238281,18.14110071749589],[104.31591510772705,18.141447365301104],[104.31602239608765,18.14169205745577],[104.31625843048096,18.14201831312937],[104.3163013458252,18.142263004485088],[104.31617259979248,18.142548477300664],[104.31591510772705,18.142568868198225],[104.31580781936646,18.142528086400716],[104.31587219238281,18.142752386169292],[104.31606531143188,18.142833949650182],[104.31606531143188,18.142976685650154],[104.31600093841553,18.143180594019427],[104.31600093841553,18.143568019265913],[104.31610822677612,18.143588410044586],[104.31625843048096,18.143710754666657],[104.31604385375977,18.144179741591486],[104.31589365005493,18.14434286718351],[104.31561470031738,18.14434286718351],[104.3155288696289,18.144220523003753],[104.31553423405632,18.144220523003753],[104.31550741195679,18.144179741591486],[104.31537866592407,18.14420013229882],[104.31527137756348,18.144037006573626],[104.31516408920288,18.143975834387433],[104.31512117385864,18.143894271439237],[104.31516408920288,18.14369036390225],[104.31514263153076,18.143547628484882],[104.31494951248169,18.143486456127462],[104.31486368179321,18.14340489295097],[104.3148422241211,18.143588410044586],[104.31471347808838,18.143649582366308],[104.31421995162964,18.14375153618832],[104.31379079818726,18.143731145428674],[104.31344747543335,18.14340489295097],[104.31344747543335,18.14332332973642],[104.31299686431885,18.14340489295097],[104.31291103363037,18.14338450215091],[104.31278228759766,18.14324176648384],[104.31323289871216,18.143894271439237],[104.31299686431885,18.14393505291808],[104.31280374526978,18.143894271439237],[104.31256771087646,18.14393505291808],[104.31252479553223,18.143975834387433],[104.31252479553223,18.144159350881793],[104.31246042250088,18.144220523003753],[104.31246042251587,18.144220523003753],[104.31237459182739,18.14430208579978],[104.31190252304077,18.144505992623337],[104.31173086166382,18.144648727258343],[104.31200981140137,18.14479146177682],[104.31207418441772,18.144974977415046],[104.3120527267456,18.145280836384032],[104.31209564208984,18.14550513262121],[104.31190252304077,18.14572942857062],[104.3117094039917,18.145851771694467],[104.31155920028687,18.14601489572641],[104.31089401245117,18.145974114732695],[104.31067943572998,18.145933333729474],[104.3105936050415,18.14601489572641],[104.31022882461548,18.146178019606154],[104.30997133255005,18.14619841008043],[104.30949926376343,18.145994505230746],[104.30941343307495,18.145851771694467],[104.309241771698,18.145586694817936],[104.30904865264893,18.1456478664405],[104.30891990661621,18.14572942857062],[104.30911302566528,18.14572942857062],[104.309241771698,18.145851771694467],[104.309241771698,18.14660621906627],[104.30909156799316,18.146973246340124],[104.30885553359985,18.14727910181304],[104.30864095687866,18.14725871146483],[104.30836200714111,18.147197540405926],[104.30808305740356,18.146973246340124],[104.30806159973145,18.147381053518416],[104.30784702301025,18.14740144385236],[104.30765390396118,18.147360663182113],[104.30754661560059,18.147686908277805],[104.30731058120728,18.14807432353811],[104.30743932723999,18.14833939664254],[104.30782556533813,18.148359786864688],[104.30793285369873,18.148420957516876],[104.30786848068237,18.148624859536227],[104.30808305740356,18.148971492423257],[104.30821180343628,18.148400567301863],[104.30855512619019,18.148196665020876],[104.30872678756714,18.14821705525968],[104.30898427963257,18.148380177084476],[104.30874824523926,18.14899188257165],[104.30904865264893,18.148889931805797],[104.30952072143555,18.149073443141546],[104.30964946746826,18.149175393800377],[104.30962800979614,18.149318124622837],[104.30947780609131,18.149440465235045],[104.30937051773071,18.149746316390903],[104.30917739868164,18.149868656703404],[104.30939197540283,18.149990996930242],[104.30928468704224,18.15021528712373],[104.30919885635376,18.150317237116525],[104.30889844894409,18.150826986188477],[104.30891990661621,18.150949325744534],[104.30870532989502,18.151051275309158],[104.30844783782959,18.15149985268694],[104.3081259727478,18.15176492059625],[104.30786848068237,18.151866869685094],[104.30769681930542,18.151866869685094],[104.30758953094482,18.15172414094407],[104.30739641189575,18.15133673377369],[104.3072247505188,18.151214394488832],[104.30713891983032,18.1511736147082],[104.30643081665039,18.15099010557752],[104.3061089515686,18.150949325744534],[104.30595874786377,18.150969715662214],[104.3055510520935,18.151153224814294],[104.30537939071655,18.15127556414197],[104.30477857589722,18.150561916856617],[104.30437088012695,18.15045996700654],[104.3037486076355,18.14990943678852],[104.303297996521,18.14954241567979],[104.30314779281616,18.149481245420077],[104.30256843566895,18.14899188257165],[104.30246114730835,18.148971492423257],[104.3022894859314,18.14882876131773],[104.30192470550537,18.148951102272463],[104.30164575576782,18.14899188257165],[104.30138826370239,18.148951102272463],[104.30121660232544,18.14880837115028],[104.30110931396484,18.148563688955406],[104.30098056793213,18.148482128147677],[104.30076599121094,18.148461737939783],[104.30007934570312,18.148543298757033],[104.2998218536377,18.148624859536227],[104.29975748062134,18.148584079151405],[104.29962873458862,18.148380177084476],[104.2996072769165,18.147748079165467],[104.2996918070414,18.147483005164347],[104.29967164993286,18.147483005164347],[104.2997228179914,18.147385759400162],[104.2998218536377,18.147075198223888],[104.29997205734253,18.146871294396902],[104.30022954940796,18.146178019606154],[104.30018663406372,18.14601489572641],[104.30025100708008,18.14589255271673],[104.30022954940796,18.145872162206786],[104.30003643035889,18.145851771694467],[104.29988622665405,18.145974114732695],[104.29986476898193,18.145933333729474],[104.29986476898193,18.145851771694467],[104.29977893829346,18.145382789254796],[104.29984331130981,18.145382789254796],[104.30001497268677,18.14550513262121],[104.29930686950684,18.1448118524128],[104.29919958114624,18.144750680497708],[104.29917812347412,18.144648727258343]],[[104.30076599121094,18.14424091370634],[104.30076599121094,18.144261304406527],[104.30121660232544,18.14434286718351],[104.30076599121094,18.14424091370634]],[[104.30205345153809,18.146055676710617],[104.30239677429199,18.1460352862197],[104.30248260498047,18.145974114732695],[104.30239677429199,18.14601489572641],[104.30205345153809,18.146055676710617]],[[104.30643081665039,18.139489815737846],[104.3065595626831,18.139612163227497],[104.30662393569946,18.139632554467454],[104.30643081665039,18.139489815737846]],[[104.30688142776489,18.13999959638008],[104.30707454681396,18.14026468172679],[104.30746078491211,18.140468593258518],[104.30788993835449,18.140917197791396],[104.30816888809204,18.140917197791396],[104.30808305740356,18.140876415608687],[104.30791139602661,18.140896806701235],[104.30743932723999,18.140407419823973],[104.3071174621582,18.140183117047513],[104.30694580078125,18.139938422781483],[104.30688142776489,18.13999959638008]],[[104.30786848068237,18.14201831312937],[104.30804014205933,18.14197753120345],[104.3082332611084,18.14216104979515],[104.30821180343628,18.142344568194233],[104.30806159973145,18.142568868198225],[104.30821180343628,18.142976685650154],[104.30836200714111,18.14293590394776],[104.30861949920654,18.142976685650154],[104.3086838722229,18.143099030700256],[104.30870532989502,18.142976685650154],[104.30866241455078,18.14269121353368],[104.30872678756714,18.142548477300664],[104.30859804153442,18.142446522777178],[104.30849075317383,18.142303786344414],[104.3085765838623,18.141753230440926],[104.3086838722229,18.141610493442272],[104.309241771698,18.14156971142124],[104.30922031402588,18.141549320407165],[104.30864095687866,18.141365801173464],[104.30829763412476,18.141182281747163],[104.30821180343628,18.140978371047623],[104.30821180343628,18.14116189068791],[104.30831909179688,18.141243454910665],[104.30844783782959,18.14128423700778],[104.30849075317383,18.141610493442272],[104.30840492248535,18.141753230440926],[104.30799722671509,18.14185518536867],[104.30786848068237,18.14201831312937]],[[104.3080186843872,18.14964436606509],[104.30821180343628,18.149746316390903],[104.30842638015747,18.149440465235045],[104.3082332611084,18.149460855328755],[104.30806159973145,18.14939968504048],[104.3080186843872,18.14964436606509]],[[104.30816888809204,18.140917197791396],[104.30821180343628,18.140978371047623],[104.30821180343628,18.140937588879183],[104.30816888809204,18.140917197791396]],[[104.309241771698,18.14156971142124],[104.30952072143555,18.141794012419155],[104.30937051773071,18.1416308844492],[104.309241771698,18.14156971142124]],[[104.30977821350098,18.14197753120345],[104.3097996711731,18.14199792216759],[104.31005716323853,18.142059095045767],[104.30977821350098,18.14197753120345]],[[104.310142993927,18.142059095045767],[104.31050777435303,18.142222222616255],[104.31037902832031,18.142120267902527],[104.31022882461548,18.142038704088748],[104.310142993927,18.142059095045767]],[[104.31050777435303,18.142222222616255],[104.31074380874634,18.142446522777178],[104.31132316589355,18.142630040876654],[104.31162357330322,18.142793167914505],[104.31183815002441,18.142833949650182],[104.31218147277832,18.142976685650154],[104.31194543838501,18.142833949650182],[104.31164503097534,18.142752386169292],[104.31074380874634,18.142364959115582],[104.31050777435303,18.142222222616255]]],[[[104.29952144622803,18.135472692290264],[104.29958581924438,18.13526877493402],[104.29995059967041,18.13469780507195],[104.30031538009644,18.13426957645244],[104.30050849914551,18.134004482019805],[104.3007230758667,18.13347429194947],[104.30080890655518,18.133535467808812],[104.30093765258789,18.134126833346315],[104.30089473724365,18.134575454144766],[104.30076599121094,18.134860939508428],[104.30033683776855,18.135472692290264],[104.3001651763916,18.13575817618967],[104.30010080337524,18.13602326796476],[104.29990768432617,18.13628835933814],[104.30050849914551,18.136879715569492],[104.30080890655518,18.136696191435774],[104.30136680603027,18.136471883899745],[104.30145263671875,18.1365126671095],[104.30147409439087,18.136247576076073],[104.30171012878418,18.136267967708292],[104.3018388748169,18.136104834583975],[104.3020749092102,18.1359417013075],[104.30216073989868,18.135187207924957],[104.30233240127563,18.135126032643214],[104.30250406265259,18.135146424406173],[104.30261135101318,18.135187207924957],[104.30267572402954,18.135533867450775],[104.30276155471802,18.135574650879235],[104.30282592773438,18.135697001107573],[104.30342674255371,18.136043659623127],[104.30359840393066,18.136104834583975],[104.30357694625854,18.136349534213394],[104.30372714996338,18.136390317451685],[104.30379152297974,18.1365126671095],[104.30379152297974,18.136818540879645],[104.3036413192749,18.137491461291162],[104.30282592773438,18.13714480564491],[104.30276155471802,18.13757302722574],[104.30250406265259,18.13783811625038],[104.30237531661987,18.138143987702676],[104.30220365524292,18.138143987702676],[104.30209636688232,18.138776120342285],[104.30194616317749,18.13861298955723],[104.30192470550537,18.13904120754347],[104.30198907852173,18.139163555346954],[104.30211782455444,18.139591771985167],[104.30211782455444,18.13981607552006],[104.30233240127563,18.14128423700778],[104.30231094360352,18.141406583242045],[104.30125951766968,18.14150853837188],[104.30070161819458,18.14138619220894],[104.3006157875061,18.140713286782756],[104.30068016052246,18.140652113433788],[104.30074453353882,18.14038702867437],[104.30070161819458,18.140325855211273],[104.30065870285034,18.1400607699573],[104.30068016052246,18.139979205182925],[104.30087327957153,18.139938422781483],[104.30068016052246,18.13989764037052],[104.30065870285034,18.13975490185726],[104.30057287216187,18.139714119403493],[104.3006157875061,18.139326685618485],[104.30068016052246,18.13930629434286],[104.30070161819458,18.138837294347454],[104.30040121078491,18.138551815473605],[104.30007934570312,18.13849064136859],[104.30003643035889,18.13828672753067],[104.29997205734253,18.138225553332944],[104.29999351501465,18.13794007346057],[104.30012226104736,18.137858507697175],[104.30074453353882,18.137960464895485],[104.30102348327637,18.137878899141597],[104.30063724517822,18.137797333349667],[104.29999351501465,18.137491461291162],[104.30010080337524,18.13714480564491],[104.29988622665405,18.137063239510653],[104.2996072769165,18.13710402258252],[104.29952144622803,18.136940890237938],[104.29952144622803,18.136818540879645],[104.29965019226074,18.136736974593234],[104.29969310760498,18.13663501668175],[104.2996072769165,18.136614625092307],[104.29956436157227,18.1364514922913],[104.29965019226074,18.135860134612244],[104.29952144622803,18.135472692290264]]],[[[104.29986476898193,18.131639006222116],[104.29988622665405,18.131271946766475],[104.30003643035889,18.130497040942572],[104.30014371871948,18.130231940793948],[104.29990768432617,18.129824093627207],[104.29992914199829,18.129518207628323],[104.30052995681763,18.129355068210288],[104.30113077163696,18.12925310599678],[104.3011736869812,18.1297629164702],[104.30149555206299,18.129926055507994],[104.30177450180054,18.129885270762813],[104.30222511291504,18.13010958674373],[104.30321216583252,18.130313510113226],[104.30310487747192,18.129824093627207],[104.30250406265259,18.12972213168699],[104.30237531661987,18.12937546064586],[104.30241823196411,18.129191928640168],[104.30239677429199,18.12908996633162],[104.30231094360352,18.12898800396364],[104.30201053619385,18.12882486405134],[104.30216073989868,18.12835583595627],[104.30216073989868,18.128049947390934],[104.30304050445557,18.127968377016543],[104.30306196212769,18.128029554800904],[104.30304050445557,18.128804471551604],[104.3030834197998,18.129171536183208],[104.30334091186523,18.129151143723874],[104.30379152297974,18.129191928640168],[104.3038558959961,18.12939585307906],[104.3040919303894,18.12906957386278],[104.30424213409424,18.128947218999826],[104.30497169494629,18.129151143723874],[104.30505752563477,18.129110358798073],[104.30529356002808,18.129110358798073],[104.30544376373291,18.12896761148292],[104.30540084838867,18.128804471551604],[104.30559396743774,18.1286821165033],[104.30589437484741,18.12860054642357],[104.30593729019165,18.128417013605173],[104.30638790130615,18.128151910305448],[104.30653810501099,18.127723665665286],[104.30688142776489,18.127764450914256],[104.30752515792847,18.12790719921081],[104.30758953094482,18.127988769613708],[104.30788993835449,18.127315812652768],[104.30806159973145,18.127356597996794],[104.30829763412476,18.127295419977187],[104.30846929550171,18.12705070768496],[104.30864095687866,18.126296175963276],[104.30876970291138,18.12615342635273],[104.30874824523926,18.126051462273892],[104.30735349655151,18.126336961544908],[104.30705308914185,18.126275783168893],[104.30658102035522,18.125867926782334],[104.30598020553589,18.125398890762852],[104.30602312088013,18.12527653333366],[104.3063235282898,18.124685137886857],[104.30788993835449,18.124338456868387],[104.30821180343628,18.124297670821065],[104.30838346481323,18.124338456868387],[104.30887699127197,18.124216098697943],[104.30889844894409,18.124277277793837],[104.30887699127197,18.125296926244474],[104.3093490600586,18.125460069445367],[104.30956363677979,18.12558242674625],[104.30967092514038,18.125949498135682],[104.30973529815674,18.12596989096808],[104.30975675582886,18.125929105300898],[104.31044340133667,18.126255390372137],[104.3108081817627,18.12578635539097],[104.31128025054932,18.125888319624238],[104.31134462356567,18.126071855094423],[104.31128025054932,18.126296175963276],[104.31110858917236,18.126500103776394],[104.31113004684448,18.126704031351906],[104.31130170822144,18.127397383331314],[104.31113004684448,18.127723665665286],[104.311044216156,18.128151910305448],[104.31087255477905,18.128294658285967],[104.3100357055664,18.128294658285967],[104.31007862091064,18.12853936883883],[104.31102275848389,18.128478191232688],[104.311044216156,18.12860054642357],[104.31100130081177,18.12939585307906],[104.3108081817627,18.129640562092035],[104.3107008934021,18.12968134689426],[104.3105936050415,18.129803701243915],[104.31048631668091,18.129824093627207],[104.30997133255005,18.12962016968737],[104.30986404418945,18.1297629164702],[104.30967092514038,18.129885270762813],[104.30954217910767,18.129905663136597],[104.30939197540283,18.129885270762813],[104.3093490600586,18.129987232607974],[104.30992841720581,18.130089194393705],[104.31016445159912,18.130150371436656],[104.31018590927124,18.130354294758604],[104.31005716323853,18.130456256330476],[104.30992841720581,18.13072135613926],[104.3105936050415,18.131312731188473],[104.31132316589355,18.130700963860534],[104.31213855743408,18.13104763227564],[104.31140899658203,18.13072135613926],[104.31153774261475,18.130456256330476],[104.31188106536865,18.130231940793948],[104.31211709976196,18.129987232607974],[104.3122673034668,18.129905663136597],[104.31233167648315,18.12978330885825],[104.31228876113892,18.129701739291818],[104.31196689605713,18.129640562092035],[104.31149482727051,18.129416245509873],[104.31143045425415,18.129171536183208],[104.31143045425415,18.128947218999826],[104.31155920028687,18.128763686545],[104.31207418441772,18.128376228508273],[104.3121600151062,18.12835583595627],[104.31303977966309,18.12835583595627],[104.31331872940063,18.128376228508273],[104.31353330612183,18.128417013605173],[104.31482076644897,18.129151143723874],[104.31512117385864,18.129416245509873],[104.31516408920288,18.129558992459067],[104.31505680084229,18.12972213168699],[104.31516408920288,18.129905663136597],[104.31514263153076,18.129987232607974],[104.31520700454712,18.130313510113226],[104.31505680084229,18.130476648637725],[104.31514263153076,18.13066017929596],[104.31542158126831,18.130578610138272],[104.31524991989136,18.13019115612005],[104.31520700454712,18.129824093627207],[104.31535720825195,18.12966095449434],[104.31546449661255,18.129640562092035],[104.31576490402222,18.12978330885825],[104.31589365005493,18.129966840243696],[104.31617259979248,18.13004840968655],[104.31655883789062,18.130497040942572],[104.31681632995605,18.130741748415602],[104.31700944900513,18.13068057157942],[104.31761026382446,18.13063978701011],[104.31782484054565,18.130700963860534],[104.31808233261108,18.130904886540833],[104.31799650192261,18.131231162334984],[104.31791067123413,18.13143508439738],[104.31782484054565,18.131496260969755],[104.31767463684082,18.131537045339456],[104.31758880615234,18.131496260969755],[104.31713819503784,18.13178175135802],[104.31698799133301,18.13172057488545],[104.31690216064453,18.131822535661158],[104.31673049926758,18.131944888513573],[104.31647300720215,18.13202645703433],[104.31625843048096,18.132169201854126],[104.31587219238281,18.132271162368383],[104.31567907333374,18.132230378169808],[104.31555032730103,18.13208763339992],[104.31555032730103,18.131312731188473],[104.31544303894043,18.131944888513573],[104.31546449661255,18.13210802551704],[104.31542158126831,18.13225077027029],[104.3152928352356,18.132373122823253],[104.31550741195679,18.13249547529064],[104.31546449661255,18.13308684434348],[104.31535720825195,18.13316841233184],[104.31514263153076,18.13312762834242],[104.31503534317017,18.13292370825269],[104.3148422241211,18.13312762834242],[104.31469202041626,18.133148020338325],[104.31441307067871,18.133148020338325],[104.31424140930176,18.13320919631174],[104.31415557861328,18.133331548194462],[104.31398391723633,18.133331548194462],[104.31394100189209,18.13351507585807],[104.31411266326904,18.13386173869739],[104.31439161300659,18.133902522515683],[104.31456327438354,18.133984090123732],[104.31454181671143,18.134167617102804],[104.31441307067871,18.134330752033677],[104.31437015533447,18.13449388681245],[104.31415557861328,18.1345958459719],[104.31400537490845,18.134860939508428],[104.31396245956421,18.13502407379275],[104.31379079818726,18.13516681616676],[104.31359767913818,18.135187207924957],[104.31349039077759,18.135370733641864],[104.31336164474487,18.135472692290264],[104.31308269500732,18.135248383185314],[104.31291103363037,18.13532995016584],[104.31269645690918,18.135187207924957],[104.31263208389282,18.135248383185314],[104.31254625320435,18.135289166680323],[104.31246042251587,18.135370733641864],[104.31243896484375,18.135472692290264],[104.31235313415527,18.135513475732992],[104.31209564208984,18.13526877493402],[104.31207418441772,18.135187207924957],[104.31185960769653,18.13516681616676],[104.31175231933594,18.13475898050345],[104.3116021156311,18.134779372309197],[104.31158065795898,18.13502407379275],[104.31108713150024,18.13526877493402],[104.31095838546753,18.13526877493402],[104.31087255477905,18.135391125376287],[104.31072235107422,18.135452300565348],[104.31052923202515,18.135411517108352],[104.31033611297607,18.135248383185314],[104.30997133255005,18.135003682015522],[104.30988550186157,18.134901723093776],[104.30973529815674,18.13492211488287],[104.30962800979614,18.134840547712173],[104.3090271949768,18.133922914421248],[104.30954217910767,18.133413116068724],[104.30962800979614,18.133453899991594],[104.30971384048462,18.13361703558799],[104.30982112884521,18.133331548194462],[104.31005716323853,18.133005276317107],[104.3102502822876,18.13286253217943],[104.31055068969727,18.132780964048465],[104.311044216156,18.133025668327264],[104.31138753890991,18.133005276317107],[104.31175231933594,18.133392724103714],[104.31200981140137,18.133188804322984],[104.3122673034668,18.133148020338325],[104.31267499923706,18.133188804322984],[104.31299686431885,18.133188804322984],[104.31312561035156,18.133433508031345],[104.3131685256958,18.13359664364677],[104.31366205215454,18.133984090123732],[104.31389808654785,18.13410644146451],[104.3140697479248,18.13426957645244],[104.31415557861328,18.134555062315243],[104.31411266326904,18.13424918458726],[104.31391954421997,18.13408604958032],[104.31331872940063,18.133678211397438],[104.31310415267944,18.13329076424307],[104.31308269500732,18.13312762834242],[104.31310415267944,18.132679003831285],[104.31325435638428,18.132169201854126],[104.31297540664673,18.13190410423894],[104.31293249130249,18.132006064907685],[104.31278228759766,18.132230378169808],[104.31239604949951,18.132944100272354],[104.31231021881104,18.133025668327264],[104.31168794631958,18.132740179968735],[104.31151628494263,18.132454691144346],[104.31145191192627,18.132658611780727],[104.3111515045166,18.132903316230653],[104.31078672409058,18.13280135608477],[104.31067943572998,18.132658611780727],[104.31063652038574,18.132515867360212],[104.3107008934021,18.13241390698856],[104.31057214736938,18.132373122823253],[104.31046485900879,18.13247508321868],[104.31040048599243,18.13259743561477],[104.31016445159912,18.132617827672476],[104.30949926376343,18.132291554464103],[104.30947780609131,18.13225077027029],[104.30939197540283,18.132352730737026],[104.30911302566528,18.132434299067626],[104.30876970291138,18.132169201854126],[104.30849075317383,18.132658611780727],[104.30842638015747,18.13269939587947],[104.3081259727478,18.13255665149225],[104.30808305740356,18.132658611780727],[104.30793285369873,18.13263821972778],[104.30784702301025,18.132536259427425],[104.30782556533813,18.132454691144346],[104.30784702301025,18.132352730737026],[104.30780410766602,18.132128417631776],[104.30791139602661,18.131822535661158],[104.30791139602661,18.13170018272318],[104.30795431137085,18.131537045339456],[104.30797576904297,18.131088416749904],[104.30784702301025,18.13063978701011],[104.30780410766602,18.130089194393705],[104.30754661560059,18.13004840968655],[104.3071174621582,18.130558217842918],[104.30688142776489,18.130619394721876],[104.30683851242065,18.130843709761706],[104.30668830871582,18.131231162334984],[104.30670976638794,18.131516653155785],[104.3066668510437,18.131659398391506],[104.30613040924072,18.131639006222116],[104.30606603622437,18.131455476590546],[104.30529356002808,18.13139430000392],[104.30507898330688,18.131271946766475],[104.30503606796265,18.131108808983484],[104.30512189865112,18.130333902437116],[104.30497169494629,18.13027272545834],[104.3048644065857,18.13010958674373],[104.3048644065857,18.129926055507994],[104.30381298065186,18.12957938487088],[104.30383443832397,18.12984448600811],[104.30404901504517,18.130150371436656],[104.30400609970093,18.130558217842918],[104.30394172668457,18.130741748415602],[104.30396318435669,18.13082331749723],[104.30417776107788,18.131068024513965],[104.3040919303894,18.131231162334984],[104.3040919303894,18.13135351560095],[104.30394172668457,18.131598221876175],[104.303297996521,18.13172057488545],[104.30297613143921,18.131639006222116],[104.3028473854065,18.131659398391506],[104.3027400970459,18.131618614050325],[104.30271863937378,18.131231162334984],[104.30267572402954,18.131312731188473],[104.3018388748169,18.131169985669928],[104.30166721343994,18.13202645703433],[104.3020749092102,18.13210802551704],[104.30190324783325,18.13249547529064],[104.30138826370239,18.132944100272354],[104.30098056793213,18.133148020338325],[104.30048704147339,18.132944100272354],[104.30057287216187,18.131802143510768],[104.29986476898193,18.131639006222116]],[[104.3093490600586,18.129987232607974],[104.30909156799316,18.130089194393705],[104.30896282196045,18.13004840968655],[104.30891990661621,18.13012997909138],[104.30894136428833,18.13025233312733],[104.3091344833374,18.130619394721876],[104.30932760238647,18.13004840968655],[104.3093490600586,18.129987232607974]],[[104.30514335632324,18.129803701243915],[104.30750370025635,18.13004840968655],[104.30720329284668,18.129946447877046],[104.30690288543701,18.12978330885825],[104.3066668510437,18.129436637938312],[104.30653810501099,18.12962016968737],[104.30647373199463,18.12966095449434],[104.30630207061768,18.12947742278807],[104.3058729171753,18.12929389088933],[104.3055510520935,18.129110358798073],[104.30548667907715,18.129701739291818],[104.30514335632324,18.129803701243915]],[[104.31110858917236,18.133759779110065],[104.31155920028687,18.133576251703147],[104.31175231933594,18.133494683904942],[104.31179523468018,18.133453899991594],[104.31110858917236,18.133759779110065]]],[[[104.30093765258789,18.126336961544908],[104.30113077163696,18.12615342635273],[104.30151700973511,18.125929105300898],[104.30175304412842,18.125684391098304],[104.30179595947266,18.12558242674625],[104.30164575576782,18.12527653333366],[104.30145263671875,18.124766709791416],[104.30134534835815,18.124644351920324],[104.30177450180054,18.124583172952697],[104.30205345153809,18.124807495729442],[104.30216073989868,18.125133782891524],[104.3025255203247,18.125562033868704],[104.30261135101318,18.125867926782334],[104.30286884307861,18.126275783168893],[104.30349111557007,18.126500103776394],[104.30336236953735,18.126928351410527],[104.3022894859314,18.126744816838496],[104.30196762084961,18.126765209578224],[104.30166721343994,18.126683638605044],[104.30093765258789,18.126336961544908]]],[[[104.303297996521,18.115915936485422],[104.30336236953735,18.11573239036855],[104.3035340309143,18.11565081425485],[104.30469274520874,18.115140962683427],[104.30484294891357,18.11520214495036],[104.30477857589722,18.11542647974629],[104.30492877960205,18.115467267860126],[104.30492877960205,18.11524293311645],[104.30537939071655,18.1143048028932],[104.30546522140503,18.113917312856344],[104.30548667907715,18.113121935884465],[104.30664539337158,18.113121935884465],[104.3072247505188,18.113550216241194],[104.3075680732727,18.11397849555074],[104.30754661560059,18.114100860875396],[104.30739641189575,18.114202831913985],[104.3072247505188,18.114406773813045],[104.30718183517456,18.11448835050618],[104.30718183517456,18.11461071547464],[104.30750370025635,18.11463110962775],[104.30754661560059,18.114712686216393],[104.30763244628906,18.11473308035761],[104.30773973464966,18.114937021639264],[104.30741786956787,18.115344903490097],[104.30739641189575,18.115528450013073],[104.3072247505188,18.115773178411146],[104.30713891983032,18.115956724485272],[104.30713891983032,18.11630342210043],[104.30724620819092,18.11656854334305],[104.3072247505188,18.11699681527172],[104.30739641189575,18.117037603019824],[104.30754661560059,18.117200753917245],[104.3073320388794,18.117629024299788],[104.30728912353516,18.117975718604214],[104.30707454681396,18.118302018499023],[104.30705308914185,18.118424380802807],[104.30709600448608,18.118893435508554],[104.30705308914185,18.119138159204056],[104.30696725845337,18.119321701751232],[104.30675268173218,18.119566424848188],[104.30698871612549,18.11950524410601],[104.30761098861694,18.119586818424153],[104.30769681930542,18.120035476494607],[104.30737495422363,18.12015783758703],[104.3072247505188,18.120300592086764],[104.30705308914185,18.120382166034375],[104.30690288543701,18.12036177255102],[104.30615186691284,18.12095318260333],[104.3058729171753,18.121116329852413],[104.3056583404541,18.121075543054403],[104.30567979812622,18.1207696417664],[104.30537939071655,18.120749248328195],[104.30503606796265,18.12066767455164],[104.3052077293396,18.11989272177871],[104.30559396743774,18.11983154115056],[104.30570125579834,18.11960721199776],[104.30619478225708,18.119260520923547],[104.30630207061768,18.119260520923547],[104.30625915527344,18.119158552829916],[104.30625915527344,18.118954616464507],[104.30617332458496,18.118852648192714],[104.3062162399292,18.118159262369858],[104.30606603622437,18.11801650612432],[104.30595874786377,18.118036899880806],[104.30542230606079,18.11791453730625],[104.30535793304443,18.11783296220905],[104.30544376373291,18.117343510827794],[104.30452108383179,18.117159966207154],[104.30449962615967,18.11752705525609],[104.30456399917603,18.11791453730625],[104.3045425415039,18.118342805943115],[104.30458545684814,18.118546743021085],[104.30411338806152,18.1185059556245],[104.30394172668457,18.118383593377715],[104.30372714996338,18.118179656109717],[104.30370569229126,18.117955324840608],[104.30372714996338,18.117710599492],[104.30379152297974,18.11756784288069],[104.3038558959961,18.117241541617858],[104.30387735366821,18.11689484585989],[104.30366277694702,18.116466573681848],[104.30344820022583,18.116384997910146],[104.30334091186523,18.116242240218227],[104.303297996521,18.115915936485422]]],[[[104.30400609970093,18.121034756246885],[104.3040919303894,18.12056570727748],[104.30426359176636,18.120341379065323],[104.30460691452026,18.120259805098712],[104.30480003356934,18.12028019859393],[104.30503606796265,18.12066767455164],[104.30505752563477,18.120851215495463],[104.30499315261841,18.12115711664093],[104.30488586425781,18.121340657071656],[104.30477857589722,18.121320263699957],[104.30467128753662,18.121340657071656],[104.30449962615967,18.121585377346662],[104.30404901504517,18.12148341060697],[104.30400609970093,18.121034756246885]]],[[[104.30456399917603,18.122686614350897],[104.30462837219238,18.12219717653754],[104.30477857589722,18.12221756980709],[104.30501461029053,18.1225438617967],[104.30516481399536,18.122645827918717],[104.30535793304443,18.122992512289358],[104.30643081665039,18.123481947879114],[104.30608749389648,18.123910202897605],[104.30593729019165,18.123971382100436],[104.30458545684814,18.12340037537585],[104.30460691452026,18.12284975998459],[104.30456399917603,18.122686614350897]]],[[[104.30600166320801,18.122401109126073],[104.30724620819092,18.121299870325885],[104.30737495422363,18.121361050440967],[104.3075680732727,18.12164655736194],[104.3077826499939,18.1220952101542],[104.30795431137085,18.122319536119164],[104.3080186843872,18.12221756980709],[104.30849075317383,18.12205442358423],[104.30846929550171,18.121687344026938],[104.30864095687866,18.12148341060697],[104.30960655212402,18.12121829680588],[104.3096923828125,18.12164655736194],[104.30960655212402,18.12191167051452],[104.30971384048462,18.121993243711458],[104.30977821350098,18.122156389991332],[104.3095850944519,18.122278749601463],[104.30816888809204,18.122584648252626],[104.30819034576416,18.12284975998459],[104.30810451507568,18.12295172592846],[104.30793285369873,18.122890546369277],[104.30771827697754,18.122707007563434],[104.30731058120728,18.12262543469906],[104.30703163146973,18.12252346856515],[104.30696725845337,18.1225438617967],[104.30692434310913,18.122605041477044],[104.3066668510437,18.122829366788707],[104.30617332458496,18.1225438617967],[104.30600166320801,18.122401109126073]]],[[[104.30784702301025,18.12081042863568],[104.30808305740356,18.120422952993906],[104.30806159973145,18.120178231094116],[104.30825471878052,18.119811147603087],[104.30791139602661,18.119321701751232],[104.30900573730469,18.118811860867382],[104.30917739868164,18.118832254531227],[104.30932760238647,18.118954616464507],[104.30945634841919,18.119158552829916],[104.30943489074707,18.119280914535167],[104.30964946746826,18.119260520923547],[104.30986404418945,18.11960721199776],[104.30999279022217,18.11970917983011],[104.310142993927,18.11960721199776],[104.31029319763184,18.119362488957805],[104.31074380874634,18.119158552829916],[104.31123733520508,18.119321701751232],[104.31130170822144,18.11946445693269],[104.31119441986084,18.11979075405324],[104.31117296218872,18.120096657051505],[104.31130170822144,18.120422952993906],[104.31121587753296,18.1205249203512],[104.31091547012329,18.12066767455164],[104.3105936050415,18.12093278918651],[104.31037902832031,18.120973576017775],[104.3102502822876,18.121034756246885],[104.310142993927,18.120973576017775],[104.31005716323853,18.12081042863568],[104.30997133255005,18.12072885488763],[104.30982112884521,18.12081042863568],[104.30932760238647,18.12081042863568],[104.30926322937012,18.120851215495463],[104.3091344833374,18.120892002345727],[104.30883407592773,18.120830822066765],[104.30844783782959,18.120912395767306],[104.30821180343628,18.120851215495463],[104.30791139602661,18.120892002345727],[104.30784702301025,18.12081042863568]]],[[[104.31063652038574,18.117282329308964],[104.31078672409058,18.116792876388686],[104.31089401245117,18.116609331190915],[104.31158065795898,18.116405391856645],[104.31164503097534,18.11648696761884],[104.31168794631958,18.1168336641843],[104.31233167648315,18.117343510827794],[104.31237459182739,18.117751387073852],[104.3118166923523,18.118200049847218],[104.31132316589355,18.118322412222255],[104.31091547012329,18.118261231045423],[104.31063652038574,18.11758823668943],[104.31063652038574,18.117282329308964]]],[[[104.311044216156,18.122401109126073],[104.31108713150024,18.122278749601463],[104.31110858917236,18.1219728504158],[104.31145191192627,18.121585377346662],[104.31158065795898,18.121544590657905],[104.31200981140137,18.1219728504158],[104.3118166923523,18.122319536119164],[104.3117094039917,18.12238071587791],[104.31140899658203,18.122707007563434],[104.31132316589355,18.122707007563434],[104.311044216156,18.122401109126073]]],[[[104.31177377700806,18.126683638605044],[104.31185960769653,18.126398139899536],[104.3120527267456,18.126051462273892],[104.31200981140137,18.125867926782334],[104.3120527267456,18.125643605364615],[104.31231021881104,18.12543967655357],[104.3126106262207,18.125480462334792],[104.31349039077759,18.125929105300898],[104.3136191368103,18.126051462273892],[104.31357622146606,18.125847533938057],[104.3136191368103,18.1257251768225],[104.31340456008911,18.12541928365941],[104.31312561035156,18.124889067576987],[104.31310415267944,18.124746316818843],[104.3131685256958,18.124603565944284],[104.31334018707275,18.124542386962403],[104.31336164474487,18.124440421945096],[104.31379079818726,18.123991775163276],[104.31415557861328,18.123828630593906],[104.3141770362854,18.123726665160817],[104.31411266326904,18.123481947879114],[104.31421995162964,18.123176050795877],[104.31492805480957,18.12284975998459],[104.315185546875,18.123033298640777],[104.31531429290771,18.123155657637994],[104.31550741195679,18.123155657637994],[104.31570053100586,18.123216837104522],[104.31582927703857,18.123339195973458],[104.31604385375977,18.123624699668355],[104.316086769104,18.123910202897605],[104.31595802307129,18.12407334739096],[104.31546449661255,18.124216098697943],[104.315185546875,18.123828630593906],[104.31512117385864,18.123808237512037],[104.31501388549805,18.123889809825243],[104.3148422241211,18.12413452653678],[104.31516408920288,18.124623958933483],[104.31520700454712,18.124929853486506],[104.31494951248169,18.125133782891524],[104.31479930877686,18.125296926244474],[104.31482076644897,18.12543967655357],[104.3147349357605,18.12580674824237],[104.3146276473999,18.125949498135682],[104.31443452835083,18.126092247912553],[104.31432723999023,18.126255390372137],[104.3145203590393,18.12615342635273],[104.31477785110474,18.126092247912553],[104.31494951248169,18.126010676625754],[104.31512117385864,18.12580674824237],[104.31595802307129,18.125704783961595],[104.31617259979248,18.125827141091406],[104.31713819503784,18.126377747117033],[104.31718111038208,18.12658167483511],[104.31703090667725,18.126765209578224],[104.31694507598877,18.12694874412888],[104.3168592453003,18.12725463461892],[104.31688070297241,18.12758091721902],[104.31698799133301,18.127784843535167],[104.3170952796936,18.127784843535167],[104.3172025680542,18.127927591815094],[104.31735277175903,18.127988769613708],[104.31743860244751,18.128070339978592],[104.31756734848022,18.128090732563862],[104.31773900985718,18.128029554800904],[104.31788921356201,18.128294658285967],[104.31793212890625,18.128315050845117],[104.3182110786438,18.12835583595627],[104.31853294372559,18.128294658285967],[104.31864023208618,18.128396621057917],[104.31864023208618,18.128478191232688],[104.31887626647949,18.128722901528903],[104.31898355484009,18.12896761148292],[104.31913375854492,18.129171536183208],[104.31904792785645,18.129518207628323],[104.31881189346313,18.12957938487088],[104.31857585906982,18.129742524079774],[104.31842565536499,18.129885270762813],[104.31827545166016,18.129946447877046],[104.31829690933228,18.13010958674373],[104.31823253631592,18.13039507939449],[104.31808233261108,18.130578610138272],[104.31737422943115,18.130558217842918],[104.31728839874268,18.130435864020853],[104.31728839874268,18.13019115612005],[104.31673049926758,18.130415471708858],[104.31662321090698,18.130415471708858],[104.31651592254639,18.13004840968655],[104.31634426116943,18.130028017329394],[104.31604385375977,18.1297629164702],[104.31589365005493,18.12939585307906],[104.31572198867798,18.12931428333202],[104.3157434463501,18.129518207628323],[104.31561470031738,18.129558992459067],[104.31537866592407,18.12953860004488],[104.31531429290771,18.12931428333202],[104.31522846221924,18.12925310599678],[104.315185546875,18.129151143723874],[104.31501388549805,18.12906957386278],[104.31499242782593,18.128906434026504],[104.31520700454712,18.128702509017288],[104.31570053100586,18.128804471551604],[104.31567907333374,18.128376228508273],[104.31537866592407,18.12860054642357],[104.31524991989136,18.128620938947066],[104.31486368179321,18.128845256548686],[104.31475639343262,18.12878407904948],[104.31475639343262,18.128661723986923],[104.31471347808838,18.12860054642357],[104.314284324646,18.128417013605173],[104.31424140930176,18.128049947390934],[104.3145203590393,18.12754013192726],[104.31467056274414,18.12737699066524],[104.31482076644897,18.127234241936222],[104.31494951248169,18.12717306387384],[104.31464910507202,18.12696913684485],[104.31486368179321,18.12672442409638],[104.31458473205566,18.12658167483511],[104.31449890136719,18.1266428531042],[104.31421995162964,18.126520496544643],[104.31424140930176,18.126438925457407],[104.31396245956421,18.126336961544908],[104.31366205215454,18.12615342635273],[104.31376934051514,18.126540889310505],[104.31349039077759,18.1269079586898],[104.31308269500732,18.127356597996794],[104.31297540664673,18.127560524574335],[104.31278228759766,18.12760130986132],[104.3126106262207,18.12754013192726],[104.31239604949951,18.127703273037227],[104.3121600151062,18.127642095138825],[104.31198835372925,18.127397383331314],[104.3118166923523,18.127091493090774],[104.31177377700806,18.126683638605044]],[[104.31501388549805,18.127152671181648],[104.31537866592407,18.127030314978498],[104.31540012359619,18.12694874412888],[104.31533575057983,18.127009922269664],[104.31501388549805,18.127152671181648]]],[[[104.31458473205566,18.13471819688482],[104.31460618972778,18.13449388681245],[104.31479930877686,18.134147225225746],[104.31499242782593,18.133984090123732],[104.31516408920288,18.133963698225287],[104.3152928352356,18.134004482019805],[104.31533575057983,18.133759779110065],[104.31537866592407,18.133698603329165],[104.31570053100586,18.133800562952132],[104.31600093841553,18.134004482019805],[104.31610822677612,18.134208400849786],[104.31615114212036,18.13437153574263],[104.31627988815308,18.134555062315243],[104.31638717651367,18.13439192759354],[104.3166446685791,18.13424918458726],[104.31662321090698,18.134208400849786],[104.31673049926758,18.13408604958032],[104.31668758392334,18.13382095486959],[104.31660175323486,18.13373938718547],[104.31640863418579,18.133678211397438],[104.31658029556274,18.133351940166577],[104.31679487228394,18.133372332136332],[104.31692361831665,18.133433508031345],[104.31703090667725,18.13359664364677],[104.31715965270996,18.13361703558799],[104.3173098564148,18.133698603329165],[104.31735277175903,18.133943306324454],[104.31752443313599,18.13373938718547],[104.31791067123413,18.134004482019805],[104.31816816329956,18.13410644146451],[104.31829690933228,18.13428996831523],[104.31823253631592,18.134901723093776],[104.31803941726685,18.135289166680323],[104.31812524795532,18.135452300565348],[104.31806087493896,18.135533867450775],[104.31771755218506,18.135493084012808],[104.31756734848022,18.135493084012808],[104.31722402572632,18.135391125376287],[104.31707382202148,18.13543190883803],[104.31741714477539,18.135656217707634],[104.31694507598877,18.135921309637254],[104.31681632995605,18.13608444293274],[104.3167519569397,18.136308750965597],[104.31728839874268,18.136410709067263],[104.31746006011963,18.136798149311616],[104.3175458908081,18.136696191435774],[104.31756734848022,18.136594233500503],[104.31771755218506,18.1365126671095],[104.31793212890625,18.136553450309762],[104.3177604675293,18.136267967708292],[104.31763172149658,18.136145617879308],[104.31748151779175,18.13608444293274],[104.31748151779175,18.13602326796476],[104.31788921356201,18.135656217707634],[104.31814670562744,18.135533867450775],[104.3183183670044,18.135676609408804],[104.31844711303711,18.13598248464089],[104.31853294372559,18.135921309637254],[104.31861877441406,18.135737784498005],[104.3187689781189,18.135595042589912],[104.31891918182373,18.135737784498005],[104.31906938552856,18.13577856787893],[104.31919813156128,18.135717392803983],[104.31943416595459,18.135513475732992],[104.31964874267578,18.135411517108352],[104.32072162628174,18.135411517108352],[104.32089328765869,18.135717392803983],[104.32087182998657,18.135880526289625],[104.32104349136353,18.13600287630402],[104.3210220336914,18.135900917964634],[104.32119369506836,18.13577856787893],[104.32130098342896,18.135574650879235],[104.32147264480591,18.135635826004105],[104.32130098342896,18.135370733641864],[104.32149410247803,18.135085249110162],[104.32164430618286,18.134962898453963],[104.32205200195312,18.134412319442063],[104.32215929031372,18.134351143889347],[104.3222451210022,18.13426957645244],[104.32230949401855,18.134310360175647],[104.32237386703491,18.134432711288227],[104.32239532470703,18.134657021439054],[104.32245969772339,18.13482015591356],[104.32256698608398,18.134901723093776],[104.32282447814941,18.13502407379275],[104.32286739349365,18.135085249110162],[104.32282447814941,18.13522799143425],[104.32288885116577,18.135411517108352],[104.32299613952637,18.135554259166213],[104.32286739349365,18.13577856787893],[104.32288885116577,18.135962092975404],[104.32276010513306,18.13616600952342],[104.3228030204773,18.136247576076073],[104.32278156280518,18.136410709067263],[104.32267427444458,18.136410709067263],[104.32299613952637,18.136594233500503],[104.32321071624756,18.1368389324453],[104.3232536315918,18.13718558869776],[104.32306051254272,18.13769537605627],[104.32273864746094,18.138062422034352],[104.32260990142822,18.13816437911379],[104.32228803634644,18.13830711892517],[104.32175159454346,18.13830711892517],[104.32147264480591,18.138062422034352],[104.32138681411743,18.138205161928923],[104.32132244110107,18.138572206837196],[104.3210220336914,18.13881690301477],[104.32080745697021,18.13887807700567],[104.320228099823,18.138959642293585],[104.320228099823,18.139143164052342],[104.32014226913452,18.13957138074045],[104.32005643844604,18.139632554467454],[104.31999206542969,18.13975490185726],[104.31982040405273,18.13983646673624],[104.31958436965942,18.140040378767267],[104.31945562362671,18.1400607699573],[104.31939125061035,18.13999959638008],[104.31926250457764,18.139979205182925],[104.31909084320068,18.14008116114495],[104.31898355484009,18.1400607699573],[104.31887626647949,18.13991803157718],[104.3187689781189,18.13989764037052],[104.31868314743042,18.139428641960905],[104.31842565536499,18.139612163227497],[104.31836128234863,18.139734510631556],[104.31799650192261,18.139877249161458],[104.3177604675293,18.13989764037052],[104.31756734848022,18.13981607552006],[104.31750297546387,18.139958813983398],[104.31733131408691,18.140183117047513],[104.31705236434937,18.140325855211273],[104.3166446685791,18.140448202116048],[104.31634426116943,18.140468593258518],[104.31617259979248,18.140244290560545],[104.31606531143188,18.139856857950036],[104.316086769104,18.139734510631556],[104.31548595428467,18.13946942448125],[104.31535720825195,18.139122772755314],[104.31533575057983,18.138939250975184],[104.31537866592407,18.138857685677763],[104.3156361579895,18.138898468331234],[104.31595802307129,18.13849064136859],[104.31570053100586,18.138205161928923],[104.31567907333374,18.13794007346057],[104.31576490402222,18.13771576751971],[104.31640863418579,18.137858507697175],[104.31666612625122,18.138082813454986],[104.31679487228394,18.137960464895485],[104.31718111038208,18.13783811625038],[104.31746006011963,18.138062422034352],[104.31769609451294,18.138184770522543],[104.31778192520142,18.13830711892517],[104.31812524795532,18.138266336133796],[104.31795358657837,18.137899290583633],[104.3182110786438,18.137348720814146],[104.31816816329956,18.137287546288334],[104.31784629821777,18.137307937799307],[104.31737422943115,18.13716519717252],[104.31737422943115,18.137246763259256],[104.31726694107056,18.137430286815274],[104.31696653366089,18.137369112317984],[104.31677341461182,18.137389503819463],[104.31677341461182,18.137634201651693],[104.31643009185791,18.13771576751971],[104.31589365005493,18.13761381017875],[104.31570053100586,18.13732832930792],[104.31567907333374,18.13710402258252],[104.31580781936646,18.136859324008583],[104.316086769104,18.1365126671095],[104.31634426116943,18.136410709067263],[104.31600093841553,18.136329142590682],[104.31576490402222,18.136104834583975],[104.31570053100586,18.13598248464089],[104.31565761566162,18.135595042589912],[104.31567907333374,18.13543190883803],[104.31589365005493,18.135452300565348],[104.31640863418579,18.13535034190504],[104.31632280349731,18.135064857340083],[104.31623697280884,18.135187207924957],[104.316086769104,18.135248383185314],[104.31591510772705,18.13522799143425],[104.31580781936646,18.135085249110162],[104.31550741195679,18.13488133130228],[104.31546449661255,18.134983290235937],[104.31531429290771,18.135146424406173],[104.31522846221924,18.13516681616676],[104.31509971618652,18.13502407379275],[104.3148422241211,18.135003682015522],[104.31464910507202,18.134962898453963],[104.31460618972778,18.134942506669603],[104.31458473205566,18.13471819688482]],[[104.31853294372559,18.137083631047773],[104.3187689781189,18.13718558869776],[104.3190050125122,18.137348720814146],[104.3190050125122,18.13745067830962],[104.31917667388916,18.137409895318555],[104.31924104690552,18.137430286815274],[104.31936979293823,18.13757302722574],[104.31941270828247,18.137307937799307],[104.31975603103638,18.13714480564491],[104.31973457336426,18.136981673338354],[104.31982040405273,18.136594233500503],[104.31958436965942,18.13663501668175],[104.319326877594,18.136492275505816],[104.3192195892334,18.136349534213394],[104.31902647018433,18.136349534213394],[104.31894063949585,18.13628835933814],[104.31898355484009,18.136349534213394],[104.31904792785645,18.136736974593234],[104.31898355484009,18.136961281789326],[104.31887626647949,18.13702245642925],[104.31853294372559,18.137083631047773]]],[[[104.31490659713745,18.137634201651693],[104.31497097015381,18.137491461291162],[104.31492805480957,18.137348720814146],[104.31501388549805,18.137246763259256],[104.31522846221924,18.13722637174112],[104.31542158126831,18.137287546288334],[104.31546449661255,18.137389503819463],[104.31531429290771,18.13781772480121],[104.3150782585144,18.13783811625038],[104.31490659713745,18.137634201651693]]],[[[104.31531429290771,18.11561002618376],[104.31578636169434,18.115385691622947],[104.31651592254639,18.114427167989888],[104.31756734848022,18.114753474496467],[104.31818962097168,18.11528372127303],[104.31784629821777,18.116140270367026],[104.31726694107056,18.116038300456466],[104.31726694107056,18.11579357242887],[104.31707382202148,18.11573239036855],[104.31643009185791,18.11616066434202],[104.31621551513672,18.11620145228487],[104.31580781936646,18.115977118481638],[104.31550741195679,18.116038300456466],[104.31537866592407,18.115977118481638],[104.31535720825195,18.115915936485422],[104.31531429290771,18.11561002618376]]],[[[104.31576490402222,18.13286253217943],[104.31578636169434,18.13280135608477],[104.31589365005493,18.132658611780727],[104.31602239608765,18.13259743561477],[104.31621551513672,18.13259743561477],[104.31638717651367,18.132679003831285],[104.31647300720215,18.1328217481187],[104.31647300720215,18.133005276317107],[104.31636571884155,18.13327037226381],[104.31621551513672,18.133331548194462],[104.31604385375977,18.133331548194462],[104.31587219238281,18.13322958829815],[104.31576490402222,18.13286253217943]]],[[[104.3166446685791,18.111490382075317],[104.3168592453003,18.110878545479125],[104.31724548339844,18.11098051839356],[104.31803941726685,18.111000912969317],[104.3182110786438,18.11114367493316],[104.3182110786438,18.111368014927038],[104.31838274002075,18.111653538140075],[104.31816816329956,18.11206142763713],[104.31803941726685,18.112122610979768],[104.31778192520142,18.11179629957209],[104.31694507598877,18.112122610979768],[104.31707382202148,18.11216339986298],[104.31733131408691,18.11216339986298],[104.31746006011963,18.11224497760095],[104.31763172149658,18.11248971058683],[104.31784629821777,18.11299956987591],[104.3175458908081,18.11332587904208],[104.31735277175903,18.11336666764511],[104.31718111038208,18.11334627334479],[104.31698799133301,18.113162724534988],[104.31690216064453,18.113019964216605],[104.31690216064453,18.112632471337363],[104.3167519569397,18.112367344136615],[104.3168592453003,18.112102216534595],[104.31683778762817,18.111857483007327],[104.3166446685791,18.111755510603388],[104.3166446685791,18.111490382075317]]],[[[104.31713819503784,18.11750666144023],[104.31722402572632,18.117343510827794],[104.31746006011963,18.117200753917245],[104.3176531791687,18.1169764213941],[104.31778192520142,18.116874451970403],[104.31791067123413,18.116874451970403],[104.3181037902832,18.11705799689031],[104.3183183670044,18.117037603019824],[104.31846857070923,18.117180360063387],[104.31825399398804,18.11750666144023],[104.31782484054565,18.117853355986924],[104.31915521621704,18.118791467201135],[104.31849002838135,18.119342095355705],[104.31829690933228,18.119647999137825],[104.31816816329956,18.119729573389463],[104.31735277175903,18.119138159204056],[104.31786775588989,18.118669105153884],[104.3173098564148,18.118302018499023],[104.31756734848022,18.11805729363492],[104.31713819503784,18.11750666144023]]],[[[104.31739568710327,18.125194961666693],[104.31761026382446,18.12448120795915],[104.31784629821777,18.12415491958062],[104.31814670562744,18.123971382100436],[104.31836128234863,18.123950989035194],[104.31849002838135,18.124216098697943],[104.31883335113525,18.12403256128188],[104.31889772415161,18.123747058252192],[104.31879043579102,18.123481947879114],[104.31864023208618,18.12337998224409],[104.31898355484009,18.12309447815008],[104.31887626647949,18.122768187186765],[104.3186616897583,18.12284975998459],[104.31844711303711,18.122890546369277],[104.31782484054565,18.12256425502585],[104.31782484054565,18.12252346856515],[104.3183183670044,18.120749248328195],[104.31872606277466,18.12068806799934],[104.3192195892334,18.120830822066765],[104.31924104690552,18.12115711664093],[104.31913375854492,18.121279476949454],[104.31891918182373,18.12219717653754],[104.31898355484009,18.122584648252626],[104.31894063949585,18.122727400773584],[104.31945562362671,18.122890546369277],[104.31954145431519,18.123053691812927],[104.32020664215088,18.12340037537585],[104.31992769241333,18.123910202897605],[104.31988477706909,18.124521993963683],[104.3197774887085,18.12466474490479],[104.31994915008545,18.124766709791416],[104.32048559188843,18.124909460532933],[104.32072162628174,18.125031818218716],[104.32104349136353,18.12527653333366],[104.3212366104126,18.12558242674625],[104.32097911834717,18.126071855094423],[104.32063579559326,18.126173819161366],[104.32074308395386,18.12619421196763],[104.32110786437988,18.126438925457407],[104.32117223739624,18.126622460350205],[104.3212366104126,18.12660206759385],[104.3213438987732,18.1266428531042],[104.32140827178955,18.126765209578224],[104.32149410247803,18.127193456563674],[104.32132244110107,18.127703273037227],[104.32080745697021,18.127723665665286],[104.32065725326538,18.127662487774003],[104.32063579559326,18.127438168656326],[104.32070016860962,18.127213849251135],[104.32039976119995,18.127356597996794],[104.32014226913452,18.127295419977187],[104.3196702003479,18.12696913684485],[104.31964874267578,18.12660206759385],[104.31979894638062,18.12631656875527],[104.31857585906982,18.12596989096808],[104.31851148605347,18.12599028379809],[104.31825399398804,18.12574556968103],[104.31795358657837,18.125663998232653],[104.31750297546387,18.125684391098304],[104.31739568710327,18.125194961666693]],[[104.31859731674194,18.124399635921534],[104.31885480880737,18.124909460532933],[104.31887626647949,18.124909460532933],[104.31859731674194,18.124399635921534]]],[[[104.3177604675293,18.110389074663615],[104.31795358657837,18.109756839502893],[104.31859731674194,18.10989960248054],[104.31846857070923,18.110511442495707],[104.3185544013977,18.110817361701976],[104.31849002838135,18.110960123815417],[104.3181037902832,18.110919334652024],[104.31816816329956,18.110511442495707],[104.3177604675293,18.110389074663615]]],[[[104.31904792785645,18.13135351560095],[104.31949853897095,18.130497040942572],[104.32044267654419,18.131190377894],[104.32048559188843,18.13104763227564],[104.3205714225769,18.13104763227564],[104.32003498077393,18.13019115612005],[104.32007789611816,18.130028017329394],[104.32029247283936,18.129905663136597],[104.32048559188843,18.129885270762813],[104.32065725326538,18.13017076377953],[104.3206787109375,18.129864878386655],[104.32100057601929,18.1297629164702],[104.32127952575684,18.1297629164702],[104.32192325592041,18.130068802041322],[104.32211637496948,18.129946447877046],[104.32228803634644,18.129640562092035],[104.32237386703491,18.12962016968737],[104.3225884437561,18.1297629164702],[104.32278156280518,18.129803701243915],[104.32276010513306,18.130211548458178],[104.32256698608398,18.130293117786977],[104.32245969772339,18.130802925230384],[104.32256698608398,18.130884494283507],[104.32250261306763,18.131577829699637],[104.32230949401855,18.131679790558536],[104.32226657867432,18.13190410423894],[104.32248115539551,18.13225077027029],[104.32254552841187,18.132536259427425],[104.32250261306763,18.132842140150245],[104.32239532470703,18.13292370825269],[104.32166576385498,18.133025668327264],[104.32181596755981,18.133107236344145],[104.32170867919922,18.133372332136332],[104.32155847549438,18.13351507585807],[104.32145118713379,18.133698603329165],[104.32100057601929,18.133718995258505],[104.32046413421631,18.133453899991594],[104.32016372680664,18.133413116068724],[104.31997060775757,18.13327037226381],[104.31969165802002,18.13286253217943],[104.31986331939697,18.13257704355469],[104.31992769241333,18.13259743561477],[104.32016372680664,18.132352730737026],[104.32018518447876,18.132230378169808],[104.32005643844604,18.131985672778697],[104.31986331939697,18.131802143510768],[104.31934833526611,18.131598221876175],[104.31939125061035,18.131475868781337],[104.31917667388916,18.131475868781337],[104.31904792785645,18.13135351560095]]],[[[104.31990623474121,18.118567136715825],[104.31992769241333,18.1183631996616],[104.3201208114624,18.118098081136026],[104.32108640670776,18.117730993284113],[104.32142972946167,18.117180360063387],[104.3213438987732,18.117037603019824],[104.32145118713379,18.117017209146965],[104.32228803634644,18.11713957234852],[104.32230949401855,18.116854058078545],[104.32248115539551,18.11677248248732],[104.32267427444458,18.11677248248732],[104.3225884437561,18.11750666144023],[104.32333946228027,18.117180360063387],[104.32357549667358,18.11695602751412],[104.32441234588623,18.11662972511128],[104.32451963424683,18.116711300768984],[104.32443380355835,18.117221147768745],[104.3242621421814,18.117547449069576],[104.32394027709961,18.117792174646212],[104.32389736175537,18.11787374976241],[104.32409048080444,18.118302018499023],[104.3240475654602,18.118587530408192],[104.32391881942749,18.118832254531227],[104.32391881942749,18.11903619103917],[104.3242621421814,18.119199340074502],[104.32400465011597,18.119403276154884],[104.32353258132935,18.119199340074502],[104.32241678237915,18.118893435508554],[104.32239532470703,18.119219733693228],[104.32198762893677,18.119158552829916],[104.32153701782227,18.119158552829916],[104.32147264480591,18.119199340074502],[104.3213438987732,18.119403276154884],[104.32149410247803,18.119546031269834],[104.32170867919922,18.12013744407757],[104.32173013687134,18.120402559515327],[104.32155847549438,18.12058610073707],[104.32155847549438,18.12068806799934],[104.32173013687134,18.120912395767306],[104.32166576385498,18.121055149651838],[104.32136535644531,18.121544590657905],[104.32044267654419,18.12117751003163],[104.32029247283936,18.120178231094116],[104.3200135231018,18.11944406334247],[104.3200135231018,18.119138159204056],[104.31990623474121,18.118567136715825]]],[[[104.3206787109375,18.115895542481937],[104.32070016860962,18.114039678223747],[104.32082891464233,18.11371337038736],[104.32119369506836,18.11352982196223],[104.32181596755981,18.113672581865075],[104.32183742523193,18.113611399063828],[104.32230949401855,18.113183118856682],[104.3223524093628,18.113081147224435],[104.32228803634644,18.112836415064876],[104.3223524093628,18.112571288172816],[104.32252407073975,18.112408132962855],[104.3232536315918,18.112041033184838],[104.32357549667358,18.11206142763713],[104.32361841201782,18.112714048856873],[104.32372570037842,18.113019964216605],[104.32366132736206,18.113305484736998],[104.32333946228027,18.11375415890015],[104.32321071624756,18.114162043505672],[104.3231463432312,18.11424362031279],[104.32239532470703,18.11436598545224],[104.32248115539551,18.116405391856645],[104.32194471359253,18.11648696761884],[104.32175159454346,18.11648696761884],[104.32153701782227,18.116425785800757],[104.3206787109375,18.115895542481937]]],[[[104.32254552841187,18.122645827918717],[104.32271718978882,18.122156389991332],[104.32282447814941,18.1219728504158],[104.32310342788696,18.12176891732841],[104.32342529296875,18.121707737355862],[104.32374715805054,18.121707737355862],[104.32406902313232,18.12183009727957],[104.32428359985352,18.122034030295694],[104.32417631149292,18.122319536119164],[104.32383298873901,18.12252346856515],[104.32379007339478,18.122768187186765],[104.32374715805054,18.1231964439514],[104.32398319244385,18.12337998224409],[104.32398319244385,18.123339195973458],[104.32464838027954,18.12278858038978],[104.32529211044312,18.12252346856515],[104.3255066871643,18.12313526447774],[104.3250560760498,18.123420768505227],[104.32441234588623,18.12401216822377],[104.3244981765747,18.12413452653678],[104.32454109191895,18.124338456868387],[104.32464838027954,18.124399635921534],[104.32469129562378,18.124827888694895],[104.32451963424683,18.12495024643769],[104.32383298873901,18.125072604094967],[104.3230390548706,18.125174568744015],[104.32286739349365,18.12511338996171],[104.3228030204773,18.124991032332957],[104.32282447814941,18.124746316818843],[104.32286739349365,18.12466474490479],[104.32366132736206,18.124420028934495],[104.32387590408325,18.124420028934495],[104.32385444641113,18.12431806384592],[104.32387590408325,18.12425688476425],[104.32368278503418,18.124236491732276],[104.32357549667358,18.124338456868387],[104.32333946228027,18.124420028934495],[104.32312488555908,18.124338456868387],[104.32306051254272,18.124195705661208],[104.32297468185425,18.123502340998982],[104.3230390548706,18.123441161632243],[104.32263135910034,18.122931332744443],[104.32254552841187,18.122645827918717]]],[[[104.32288885116577,18.12044334647011],[104.32331800460815,18.120198624598828],[104.32355403900146,18.12050452688449],[104.3237042427063,18.121136723247858],[104.32374715805054,18.12121829680588],[104.32376861572266,18.121299870325885],[104.32363986968994,18.121422230534648],[104.32344675064087,18.121381443807905],[104.32323217391968,18.12125908357065],[104.32301759719849,18.121055149651838],[104.32288885116577,18.12044334647011]]],[[[104.32323217391968,18.132169201854126],[104.32336091995239,18.131985672778697],[104.32333946228027,18.131475868781337],[104.32348966598511,18.13139430000392],[104.32421922683716,18.130782532961177],[104.32443380355835,18.130904886540833],[104.32445526123047,18.13120397219748],[104.32445526123047,18.131129201214662],[104.3244981765747,18.131802143510768],[104.32430505752563,18.13208763339992],[104.32411193847656,18.132271162368383],[104.32475566864014,18.132536259427425],[104.3250560760498,18.132780964048465],[104.32533502578735,18.13286253217943],[104.32546377182007,18.132760572009786],[104.32574272155762,18.132352730737026],[104.3260645866394,18.132169201854126],[104.326171875,18.132271162368383],[104.32645082473755,18.132515867360212],[104.32623624801636,18.133025668327264],[104.32640790939331,18.13296449228966],[104.3267297744751,18.132984884304562],[104.32675123214722,18.13312762834242],[104.32664394378662,18.133372332136332],[104.32638645172119,18.133433508031345],[104.32623624801636,18.133413116068724],[104.326171875,18.133351940166577],[104.32615041732788,18.133311156219946],[104.32612895965576,18.133392724103714],[104.32550674232546,18.133373013615962],[104.32552814483643,18.13363742752685],[104.32542085647583,18.133759779110065],[104.32552814483643,18.134004482019805],[104.32580709457397,18.134208400849786],[104.32557106018066,18.1345958459719],[104.32533502578735,18.135064857340083],[104.32520627975464,18.135207599680783],[104.32535648345947,18.13526877493402],[104.32533502578735,18.135533867450775],[104.32501316070557,18.13606405127912],[104.32529211044312,18.13600287630402],[104.3255066871643,18.136125226232835],[104.32557106018066,18.136492275505816],[104.32548522949219,18.136798149311616],[104.32535648345947,18.13704284797113],[104.32509899139404,18.137267154774975],[104.32486295700073,18.137267154774975],[104.32456254959106,18.137205980220642],[104.32445526123047,18.13702245642925],[104.32445526123047,18.137013393436163],[104.32436943054199,18.136859324008583],[104.32434797286987,18.136390317451685],[104.32441234588623,18.136227184441466],[104.32497024536133,18.13608444293274],[104.32464838027954,18.13602326796476],[104.32441234588623,18.135900917964634],[104.32421922683716,18.135717392803983],[104.32394027709961,18.135574650879235],[104.32376861572266,18.135003682015522],[104.32387590408325,18.134208400849786],[104.32402610778809,18.13402487391349],[104.32389736175537,18.133943306324454],[104.32385444641113,18.13382095486959],[104.32396173477173,18.133351940166577],[104.3238115310669,18.133046060335047],[104.32383298873901,18.132617827672476],[104.32389736175537,18.13255665149225],[104.3238115310669,18.13241390698856],[104.32336091995239,18.132332338648425],[104.32323217391968,18.132169201854126]]],[[[104.32338237762451,18.1154468738044],[104.32428359985352,18.11495741575436],[104.32439088821411,18.115038992191018],[104.32394027709961,18.11579357242887],[104.32344675064087,18.116017906467235],[104.32338237762451,18.115915936485422],[104.32338237762451,18.1154468738044]]],[[[104.32497024536133,18.12005587001596],[104.32546377182007,18.11950524410601],[104.32552814483643,18.119342095355705],[104.32574272155762,18.11903619103917],[104.326171875,18.118791467201135],[104.32636499404907,18.118689498834357],[104.32638645172119,18.118587530408192],[104.3266224861145,18.118261231045423],[104.32694435119629,18.11793493107463],[104.32675123214722,18.11793493107463],[104.32645082473755,18.117853355986924],[104.326171875,18.11766981190064],[104.32595729827881,18.11752705525609],[104.3258285522461,18.117282329308964],[104.32585000991821,18.11689484585989],[104.326171875,18.116384997910146],[104.32625770568848,18.11626263418134],[104.3265151977539,18.11495741575436],[104.3266224861145,18.11491662752178],[104.32681560516357,18.115018598085413],[104.32737350463867,18.11491662752178],[104.3276309967041,18.11505938629425],[104.32782411575317,18.114977809867085],[104.32823181152344,18.115018598085413],[104.32857513427734,18.114386379633828],[104.3287467956543,18.11352982196223],[104.32902574539185,18.113468639111133],[104.32960510253906,18.112938386839573],[104.32971239089966,18.11289759813681],[104.32996988296509,18.112591682563377],[104.33014154434204,18.112571288172816],[104.33087110519409,18.113387061943058],[104.3309998512268,18.113407456238633],[104.331214427948,18.11332587904208],[104.33147192001343,18.113305484736998],[104.33170795440674,18.113468639111133],[104.33157920837402,18.113611399063828],[104.33136463165283,18.113591004791985],[104.33130025863647,18.113774553152993],[104.33136463165283,18.1143048028932],[104.33130025863647,18.114386379633828],[104.3311071395874,18.11436598545224],[104.33078527450562,18.114182437711023],[104.33067798614502,18.1143048028932],[104.33016300201416,18.114100860875396],[104.3299913406372,18.11414164929795],[104.32971239089966,18.113937707090173],[104.32941198348999,18.11406007244335],[104.32917594909668,18.11461071547464],[104.3290901184082,18.115038992191018],[104.32921886444092,18.115140962683427],[104.32913303375244,18.115344903490097],[104.32885408401489,18.115406085685805],[104.32872533798218,18.115773178411146],[104.32876825332642,18.115956724485272],[104.32876825332642,18.116140270367026],[104.32887554168701,18.116425785800757],[104.32878971099854,18.116548149415564],[104.32996988296509,18.117159966207154],[104.33014154434204,18.117547449069576],[104.33039903640747,18.118322412222255],[104.33074235916138,18.118383593377715],[104.33125734329224,18.118832254531227],[104.33151483535767,18.118893435508554],[104.33235168457031,18.118669105153884],[104.33271646499634,18.118811860867382],[104.33288812637329,18.119056584676898],[104.33288812637329,18.119219733693228],[104.33299541473389,18.118526349323986],[104.33336019515991,18.11811847488302],[104.33351039886475,18.11801650612432],[104.33385372161865,18.11805729363492],[104.33404684066772,18.11822044358233],[104.33441162109375,18.11864871147101],[104.33462619781494,18.118832254531227],[104.33486223220825,18.118934222814886],[104.33505535125732,18.11917894645339],[104.3351411819458,18.119301308144372],[104.33494806289673,18.119729573389463],[104.33481931686401,18.11993350885227],[104.3340253829956,18.119729573389463],[104.33385372161865,18.11962760556898],[104.33366060256958,18.119851934695646],[104.33340311050415,18.120973576017775],[104.3332314491272,18.12117751003163],[104.33320999145508,18.121564984003456],[104.33329582214355,18.12207481687041],[104.33344602584839,18.12238071587791],[104.33336019515991,18.122605041477044],[104.3327808380127,18.12278858038978],[104.33198690414429,18.122768187186765],[104.3311071395874,18.122503075331252],[104.3313217163086,18.122768187186765],[104.3316650390625,18.12301290546627],[104.33164358139038,18.1232372302553],[104.33145046234131,18.12337998224409],[104.33050632476807,18.122931332744443],[104.33029174804688,18.12301290546627],[104.32996988296509,18.123278016549676],[104.3296480178833,18.12340037537585],[104.32902574539185,18.123441161632243],[104.32855367660522,18.123359589109967],[104.32833909988403,18.1231964439514],[104.32833909988403,18.122339929374462],[104.32844638824463,18.12205442358423],[104.32851076126099,18.121422230534648],[104.32831764221191,18.121422230534648],[104.32810306549072,18.121605770687452],[104.32786703109741,18.12219717653754],[104.3277382850647,18.122401109126073],[104.32780265808105,18.122707007563434],[104.32769536972046,18.122870153178127],[104.32735204696655,18.122992512289358],[104.32715892791748,18.12313526447774],[104.32705163955688,18.123257623403674],[104.32698726654053,18.123481947879114],[104.32677268981934,18.12368587897096],[104.32657957077026,18.123747058252192],[104.32636499404907,18.12376745134118],[104.326171875,18.123706272067082],[104.32602167129517,18.123645092771596],[104.32574272155762,18.123359589109967],[104.32559251785278,18.122931332744443],[104.3256139755249,18.122707007563434],[104.3257212638855,18.12252346856515],[104.32593584060669,18.122503075331252],[104.326171875,18.12256425502585],[104.3262791633606,18.12252346856515],[104.32645082473755,18.12219717653754],[104.32677268981934,18.12193206381731],[104.32677268981934,18.121789310647827],[104.32670831680298,18.121626164025884],[104.32623624801636,18.121503803959655],[104.326171875,18.121340657071656],[104.3260645866394,18.12119790341994],[104.32593584060669,18.121116329852413],[104.3257212638855,18.121055149651838],[104.32522773742676,18.1207696417664],[104.32507753372192,18.12050452688449],[104.32497024536133,18.12005587001596]],[[104.3315577507019,18.12015783758703],[104.33160066604614,18.12013744407757],[104.33179378509521,18.11989272177871],[104.3315577507019,18.12015783758703]],[[104.33190107345581,18.119688786268398],[104.3323302268982,18.119586818424153],[104.33263063430786,18.11946445693269],[104.3323302268982,18.119566424848188],[104.33190107345581,18.119688786268398]]],[[[104.32537794113159,18.12495024643769],[104.32559251785278,18.124562779958737],[104.32589292526245,18.124216098697943],[104.32610750198364,18.12407334739096],[104.326171875,18.12411413349055],[104.32647228240967,18.12431806384592],[104.32634353637695,18.124603565944284],[104.326171875,18.124725923843883],[104.32604312896729,18.124807495729442],[104.32589292526245,18.12511338996171],[104.32580709457397,18.12515417581895],[104.32537794113159,18.12495024643769]]],[[[104.3260645866394,18.130925278795786],[104.32615041732788,18.130497040942572],[104.326171875,18.130497040942572],[104.32664394378662,18.130558217842918],[104.32698726654053,18.130802925230384],[104.32722330093384,18.130884494283507],[104.32737350463867,18.131068024513965],[104.32743787765503,18.131210770115672],[104.3276309967041,18.131251554551923],[104.32795286178589,18.13135351560095],[104.3280816078186,18.131169985669928],[104.3282961845398,18.131088416749904],[104.32840347290039,18.13135351560095],[104.32831764221191,18.132148809744137],[104.32848930358887,18.13225077027029],[104.3286395072937,18.132740179968735],[104.32859659194946,18.13296449228966],[104.32827472686768,18.133107236344145],[104.32790994644165,18.13312762834242],[104.32788848876953,18.133125774524288],[104.32788848876953,18.13312762834242],[104.32743787765503,18.13308684434348],[104.3268370628357,18.132515867360212],[104.32670831680298,18.131475868781337],[104.3268370628357,18.13143508439738],[104.32642936706543,18.131231162334984],[104.326171875,18.13100684779188],[104.3260645866394,18.130925278795786]]],[[[104.32608604431152,18.136981673338354],[104.32612895965576,18.136614625092307],[104.326171875,18.136573841906326],[104.32645082473755,18.136247576076073],[104.32666540145874,18.136104834583975],[104.32692289352417,18.136329142590682],[104.327073097229,18.136247576076073],[104.32713747024536,18.1359417013075],[104.32730913162231,18.135880526289625],[104.32735204696655,18.135635826004105],[104.32748079299927,18.135452300565348],[104.3276309967041,18.13502407379275],[104.32788848876953,18.134901723093776],[104.32788848876953,18.134915317603202],[104.32801723480225,18.134860939508428],[104.32825326919556,18.135187207924957],[104.32825326919556,18.135289166680323],[104.32836055755615,18.135370733641864],[104.32870388031006,18.135472692290264],[104.32881116867065,18.135737784498005],[104.32868242263794,18.136125226232835],[104.32870388031006,18.13643110068047],[104.32859659194946,18.136859324008583],[104.32855367660522,18.13700206488498],[104.32825326919556,18.13714480564491],[104.3280816078186,18.13714480564491],[104.32788848876953,18.137056207895704],[104.32788848876953,18.137063239510653],[104.32745933532715,18.136859324008583],[104.32735204696655,18.136716583015698],[104.327073097229,18.136757366168396],[104.32709455490112,18.136798149311616],[104.32709455490112,18.13714480564491],[104.3268370628357,18.137552635745664],[104.32642936706543,18.137511852778374],[104.32625770568848,18.137430286815274],[104.32610750198364,18.137430286815274],[104.32608604431152,18.136981673338354]]],[[[104.32687997817993,18.133718995258505],[104.32696580886841,18.13355585975718],[104.32730913162231,18.134065657693753],[104.3275237083435,18.134045265804815],[104.32780265808105,18.133413116068724],[104.32790994644165,18.133331548194462],[104.32803869247437,18.133372332136332],[104.3281888961792,18.13373938718547],[104.32788848876953,18.13418800897749],[104.32748079299927,18.13422879271971],[104.3271803855896,18.134167617102804],[104.32687997817993,18.133718995258505]]],[[[104.32936906814575,18.135472692290264],[104.32941198348999,18.13526877493402],[104.32981967926025,18.13502407379275],[104.33046340942383,18.134901723093776],[104.33095693588257,18.135003682015522],[104.3313217163086,18.135207599680783],[104.331214427948,18.13449388681245],[104.33140754699707,18.13439192759354],[104.33106422424316,18.13428996831523],[104.33080673217773,18.13320919631174],[104.33097839355469,18.13263821972778],[104.33153629302979,18.13269939587947],[104.33224439620972,18.132944100272354],[104.33254480361938,18.133005276317107],[104.33275938034058,18.13312762834242],[104.33299541473389,18.133453899991594],[104.33293104171753,18.133759779110065],[104.33254480361938,18.13439192759354],[104.3326735496521,18.134453103132003],[104.3331241607666,18.13600287630402],[104.3332314491272,18.13665540826881],[104.3331241607666,18.1368389324453],[104.33361768722534,18.137348720814146],[104.33273792266846,18.13794007346057],[104.33160066604614,18.137409895318555],[104.33082818984985,18.137205980220642],[104.33087110519409,18.136736974593234],[104.33093547821045,18.136573841906326],[104.33057069778442,18.136267967708292],[104.3300986289978,18.136104834583975],[104.32992696762085,18.13598248464089],[104.32994842529297,18.135635826004105],[104.32936906814575,18.135472692290264]]],[[[104.32979822158813,18.115936330486534],[104.32996988296509,18.115691602316446],[104.33029174804688,18.115589632144648],[104.33104276657104,18.115630420220498],[104.33213710784912,18.115956724485272],[104.33284521102905,18.11616066434202],[104.33320999145508,18.11656854334305],[104.33389663696289,18.117159966207154],[104.33308124542236,18.11799611236546],[104.33250188827515,18.11799611236546],[104.33218002319336,18.118159262369858],[104.33181524276733,18.1185059556245],[104.33162212371826,18.118546743021085],[104.33084964752197,18.11783296220905],[104.33067798614502,18.11758823668943],[104.33048486709595,18.116711300768984],[104.33057069778442,18.11656854334305],[104.3302059173584,18.11634421001004],[104.32992696762085,18.11630342210043],[104.32981967926025,18.116099482409936],[104.32979822158813,18.115936330486534]]],[[[104.33035612106323,18.128804471551604],[104.33050632476807,18.12835583595627],[104.33078527450562,18.128315050845117],[104.33102130889893,18.128580153897687],[104.33168649673462,18.128559761369445],[104.33175086975098,18.128743294038145],[104.33164358139038,18.12896761148292],[104.33112859725952,18.12947742278807],[104.33080673217773,18.12947742278807],[104.33059215545654,18.129355068210288],[104.33035612106323,18.128804471551604]]],[[[104.33093547821045,18.130415471708858],[104.33130025863647,18.130293117786977],[104.33162212371826,18.130068802041322],[104.33202981948853,18.130028017329394],[104.33250188827515,18.129966840243696],[104.33297395706177,18.13082331749723],[104.33284521102905,18.131292338978653],[104.3325662612915,18.13188371209806],[104.33218002319336,18.13218959396174],[104.3320083618164,18.13218959396174],[104.33168649673462,18.131924496377437],[104.33164358139038,18.131598221876175],[104.33170795440674,18.131190377894],[104.33147192001343,18.130904886540833],[104.3311071395874,18.13068057157942],[104.33093547821045,18.130415471708858]]],[[[104.33243751525879,18.12431806384592],[104.33245897293091,18.12401216822377],[104.33269500732422,18.123706272067082],[104.333016872406,18.123543127231613],[104.3331241607666,18.12337998224409],[104.33303833007812,18.1232372302553],[104.33303833007812,18.12307408498269],[104.33318853378296,18.122890546369277],[104.3336820602417,18.122808973590423],[104.3340253829956,18.122829366788707],[104.33428287506104,18.123176050795877],[104.33432579040527,18.12313526447774],[104.33411121368408,18.12191167051452],[104.33441162109375,18.12183009727957],[104.3341326713562,18.121687344026938],[104.33387517929077,18.121463017251912],[104.33374643325806,18.12115711664093],[104.33376789093018,18.120749248328195],[104.33393955230713,18.120117050565725],[104.33432579040527,18.11995390238549],[104.33481931686401,18.11993350885227],[104.33509826660156,18.11993350885227],[104.33552742004395,18.121361050440967],[104.33574199676514,18.121585377346662],[104.33589220046997,18.122299142861507],[104.33610677719116,18.122339929374462],[104.3364930152893,18.1225438617967],[104.33672904968262,18.122727400773584],[104.33683633804321,18.12309447815008],[104.3367075920105,18.123461554756858],[104.33690071105957,18.123808237512037],[104.33709383010864,18.123706272067082],[104.33730840682983,18.123502340998982],[104.33732986450195,18.123114871315096],[104.33752298355103,18.122972119110102],[104.33810234069824,18.12295172592846],[104.3386173248291,18.122992512289358],[104.33941125869751,18.123502340998982],[104.33954000473022,18.12366548587248],[104.33954000473022,18.123441161632243],[104.33975458145142,18.123359589109967],[104.3400764465332,18.123420768505227],[104.34026956558228,18.123543127231613],[104.34044122695923,18.123726665160817],[104.34065580368042,18.123849023673387],[104.34059143066406,18.12415491958062],[104.34069871902466,18.12431806384592],[104.34091329574585,18.124583172952697],[104.3409776687622,18.12527653333366],[104.3407416343689,18.125562033868704],[104.33986186981201,18.125867926782334],[104.3397331237793,18.125684391098304],[104.33960437774658,18.125398890762852],[104.3395185470581,18.125521248106494],[104.33930397033691,18.125643605364615],[104.33930397033691,18.125867926782334],[104.3390679359436,18.126234997573007],[104.3391752243042,18.126704031351906],[104.33904647827148,18.126867173241237],[104.33881044387817,18.127091493090774],[104.33831691741943,18.127234241936222],[104.33808088302612,18.127193456563674],[104.33790922164917,18.12745856131528],[104.33752298355103,18.127295419977187],[104.33756589889526,18.127152671181648],[104.33743715286255,18.127091493090774],[104.33713674545288,18.127111885790114],[104.33696508407593,18.1269079586898],[104.33713674545288,18.126540889310505],[104.33754444122314,18.126173819161366],[104.33739423751831,18.125521248106494],[104.33707237243652,18.12533771205895],[104.33707237243652,18.12515417581895],[104.33722257614136,18.125092997029512],[104.33735132217407,18.12495024643769],[104.3372654914856,18.124623958933483],[104.33748006820679,18.124379242906187],[104.33732986450195,18.124195705661208],[104.33700799942017,18.1240529543376],[104.33702945709229,18.124236491732276],[104.33685779571533,18.124603565944284],[104.33666467666626,18.124787102761616],[104.33640718460083,18.124827888694895],[104.33619260787964,18.124787102761616],[104.3358063697815,18.124889067576987],[104.33520555496216,18.124889067576987],[104.33505535125732,18.125031818218716],[104.33490514755249,18.12523574750493],[104.33434724807739,18.12523574750493],[104.33421850204468,18.12533771205895],[104.3341326713562,18.125460069445367],[104.3336820602417,18.125460069445367],[104.33329582214355,18.12523574750493],[104.33314561843872,18.12484828165796],[104.33325290679932,18.124501600962603],[104.33303833007812,18.124562779958737],[104.3325662612915,18.12448120795915],[104.33243751525879,18.12431806384592]]]]}}]}
