{"type":"FeatureCollection","features":[{"type":"Feature","properties":{"projectId":"VCS1382","name":"The Envira Amazonia Project - A Tropical Forest Conservation Project in Acre, Brazil","sourceRegistry":"Verra VCS","externalId":"VCS1382","projectType":"avoided_deforestation","country":"Brazil","vintageYears":[2013,2014,2015,2016,2017,2018,2019,2020,2021],"sourceUrl":"https://zenodo.org/records/11459391","license":"CC BY 4.0 (Karnik et al. dataset); CarbonPlan Terms of Use also apply to the PMTiles derivative","retrievedAt":"2026-10-05","illustrative":false},"geometry":{"type":"MultiPolygon","coordinates":[[[[-70.33803462982178,-8.698356837454071],[-70.33728361129761,-8.699353747054204],[-70.33666133880615,-8.70026581095928],[-70.33623218536377,-8.701093029789078],[-70.33451557159424,-8.703765570438946],[-70.33385038375854,-8.704868518160211],[-70.33352851867676,-8.705568464066488],[-70.33327102661133,-8.706777458457012],[-70.33299207687378,-8.707541031848677],[-70.33260583877563,-8.708347024293502],[-70.33217668533325,-8.709089384219453],[-70.33048152923584,-8.711507346333889],[-70.33003091812134,-8.712228489902643],[-70.32981634140015,-8.712695111470666],[-70.32921552658081,-8.713543512829574],[-70.32844305038452,-8.714243442501242],[-70.32646894454956,-8.715516038546511],[-70.32601833343506,-8.715919026390893],[-70.32524585723877,-8.716894679372487],[-70.32468795776367,-8.717827910275673],[-70.32357215881348,-8.718358154068625],[-70.32279968261719,-8.718421783273229],[-70.32209157943726,-8.718400573539569],[-70.32194137573242,-8.718358154068625],[-70.32194137573242,-8.718315734592892],[-70.32249927520752,-8.718315734592892],[-70.3224778175354,-8.717785490739715],[-70.32275676727295,-8.717764280969945],[-70.32275676727295,-8.717509763638702],[-70.3230357170105,-8.717509763638702],[-70.3230357170105,-8.716958308826293],[-70.32275676727295,-8.716958308826293],[-70.32275676727295,-8.716428063046905],[-70.3224778175354,-8.716428063046905],[-70.3224778175354,-8.716152334944312],[-70.3230357170105,-8.716152334944312],[-70.3230357170105,-8.715876606638275],[-70.3224778175354,-8.715876606638275],[-70.3224778175354,-8.715600878128825],[-70.32219886779785,-8.715600878128825],[-70.32219886779785,-8.715070630423526],[-70.32194137573242,-8.715070630423526],[-70.32194137573242,-8.714794901319493],[-70.32166242599487,-8.714794901319493],[-70.32166242599487,-8.715070630423526],[-70.32084703445435,-8.715070630423526],[-70.32084703445435,-8.715346359324158],[-70.32028913497925,-8.715346359324158],[-70.32028913497925,-8.715622088021377],[-70.31812191009521,-8.715622088021377],[-70.31812191009521,-8.716428063046905],[-70.3186583518982,-8.716428063046905],[-70.3186583518982,-8.71670379094607],[-70.31893730163574,-8.71670379094607],[-70.31893730163574,-8.716979518641793],[-70.31921625137329,-8.716979518641793],[-70.31921625137329,-8.717255246134101],[-70.31867980957031,-8.717064357891871],[-70.31805753707886,-8.716894679372487],[-70.31707048416138,-8.716809840083897],[-70.31518220901489,-8.716894679372487],[-70.31372308731079,-8.71704314808116],[-70.31453847885132,-8.716046285619896],[-70.31582593917847,-8.715028210574602],[-70.31638383865356,-8.714943370862315],[-70.31683444976807,-8.715049420499668],[-70.31749963760376,-8.715134260187881],[-70.31831502914429,-8.715134260187881],[-70.31904458999634,-8.71498579072086],[-70.3200101852417,-8.714625221769765],[-70.32082557678223,-8.714137392635223],[-70.32254219055176,-8.71307689232043],[-70.32312154769897,-8.712419380614506],[-70.3235936164856,-8.711655817182347],[-70.32400131225586,-8.710828621704607],[-70.32423734664917,-8.710149895843458],[-70.32434463500977,-8.70942874826629],[-70.32430171966553,-8.709322697034736],[-70.32423734664917,-8.709237856027826],[-70.32413005828857,-8.709174225260014],[-70.32402276992798,-8.709174225260014],[-70.32389402389526,-8.709237856027826],[-70.32380819320679,-8.709343907283454],[-70.32370090484619,-8.710022634607355],[-70.323486328125,-8.710637730180665],[-70.32312154769897,-8.711401295691772],[-70.32267093658447,-8.712122439465048],[-70.32219886779785,-8.712652691352176],[-70.3205680847168,-8.713691982869449],[-70.31977415084839,-8.714137392635223],[-70.3188943862915,-8.714476752100552],[-70.31829357147217,-8.714604011820626],[-70.31756401062012,-8.714604011820626],[-70.31694173812866,-8.71451917201206],[-70.3164267539978,-8.71439191226311],[-70.31612634658813,-8.714413122224272],[-70.31558990478516,-8.71451917201206],[-70.31421661376953,-8.715609233491502],[-70.31421661376953,-8.715622088021377],[-70.31331539154053,-8.71670379094607],[-70.3125,-8.717340085321553],[-70.31241416931152,-8.717403714699515],[-70.31179189682007,-8.717594602768372],[-70.31144297016695,-8.71768160340115],[-70.31078338623047,-8.7178703298068],[-70.31078338623047,-8.71784606266309],[-70.30941009521484,-8.718188476136746],[-70.308358669281,-8.7183793638047],[-70.30640602111816,-8.718527831923453],[-70.30548334121704,-8.71876113884801],[-70.30451774597168,-8.719185332883043],[-70.30357360839844,-8.719715574749515],[-70.30265092849731,-8.720139767700815],[-70.30046224594116,-8.721433553227044],[-70.29964685440063,-8.721963791902112],[-70.29911041259766,-8.722409191807387],[-70.29835939407349,-8.723278780567625],[-70.29823064804077,-8.723278780567625],[-70.29823064804077,-8.721921372835794],[-70.29797315597534,-8.721921372835794],[-70.29795169830322,-8.721666858336803],[-70.29823064804077,-8.721666858336803],[-70.29823064804077,-8.721115409660683],[-70.29850959777832,-8.721115409660683],[-70.29850959777832,-8.720563960170395],[-70.29823064804077,-8.720563960170395],[-70.29823064804077,-8.72083968501731],[-70.29795169830322,-8.72083968501731],[-70.29795169830322,-8.721115409660683],[-70.2976942062378,-8.721115409660683],[-70.2976942062378,-8.721391134100529],[-70.29741525650024,-8.721391134100529],[-70.29741525650024,-8.721666858336803],[-70.2971363067627,-8.721666858336803],[-70.2971363067627,-8.721942582369564],[-70.29687881469727,-8.721942582369564],[-70.29687881469727,-8.722472820321912],[-70.2971363067627,-8.722472820321912],[-70.29715776443481,-8.723830226049259],[-70.29659986495972,-8.723830226049259],[-70.29659986495972,-8.723554503410242],[-70.29606342315674,-8.723554503410242],[-70.29606342315674,-8.723830226049259],[-70.29578447341919,-8.723830226049259],[-70.29578447341919,-8.724105948484677],[-70.29634237289429,-8.724105948484677],[-70.29634237289429,-8.724381670716497],[-70.29659986495972,-8.724381670716497],[-70.29659986495972,-8.725187626841986],[-70.29687881469727,-8.725187626841986],[-70.29687881469727,-8.72544213894119],[-70.29653549194336,-8.725908744005764],[-70.29589176177979,-8.726438976325724],[-70.2951192855835,-8.726990417139518],[-70.29286623001099,-8.728793198729733],[-70.29127836227417,-8.729811236250782],[-70.29050588607788,-8.730150581473907],[-70.28973340988159,-8.730595971610867],[-70.28904676437378,-8.731104988259233],[-70.2886176109314,-8.731465541298306],[-70.28820991516113,-8.732101810517165],[-70.28793096542358,-8.7329289588792],[-70.28780221939087,-8.733459181223438],[-70.28743743896484,-8.73415907356366],[-70.2870512008667,-8.734689294159097],[-70.2867078781128,-8.735049843733364],[-70.28580665588379,-8.735792150582725],[-70.28512001037598,-8.736492038544327],[-70.28460502624512,-8.737191925192121],[-70.28378963470459,-8.738655320300666],[-70.28348922729492,-8.739143117393525],[-70.28306007385254,-8.739694539425415],[-70.28239488601685,-8.740076292661868],[-70.28153657913208,-8.740415628543786],[-70.28048515319824,-8.740733755652471],[-70.27870416641235,-8.741136716266922],[-70.2778673171997,-8.741200341587259],[-70.27398347854614,-8.741942636188583],[-70.27327537536621,-8.74223955361505],[-70.27239561080933,-8.74264251260108],[-70.27132272720337,-8.742960637808523],[-70.27104377746582,-8.742981846146023],[-70.27104377746582,-8.742091094931382],[-70.27130126953125,-8.742091094931382],[-70.27130126953125,-8.741560884864015],[-70.2715802192688,-8.741560884864015],[-70.2715802192688,-8.741285175330816],[-70.27185916900635,-8.741285175330816],[-70.27185916900635,-8.740458045507296],[-70.27130126953125,-8.740458045507296],[-70.27130126953125,-8.740733755652471],[-70.27076482772827,-8.740733755652471],[-70.27076482772827,-8.741560884864015],[-70.27048587799072,-8.741560884864015],[-70.27048587799072,-8.741285175330816],[-70.27020692825317,-8.741285175330816],[-70.27020692825317,-8.741009465593635],[-70.27048587799072,-8.741009465593635],[-70.27048587799072,-8.740479253987246],[-70.2696704864502,-8.740479253987246],[-70.2696704864502,-8.740203543653791],[-70.26939153671265,-8.740203543653791],[-70.26939153671265,-8.73857048595849],[-70.2691125869751,-8.73857048595849],[-70.2691125869751,-8.738846197499981],[-70.26857614517212,-8.738846197499981],[-70.26857614517212,-8.73857048595849],[-70.26748180389404,-8.73857048595849],[-70.26748180389404,-8.738315982816104],[-70.2672028541565,-8.738315982816104],[-70.2672028541565,-8.738040270882422],[-70.26692390441895,-8.738040270882422],[-70.26692390441895,-8.737764558744828],[-70.26638746261597,-8.737764558744828],[-70.26638746261597,-8.738040270882422],[-70.26610851287842,-8.738040270882422],[-70.26610851287842,-8.738315982816104],[-70.26529312133789,-8.738315982816104],[-70.26529312133789,-8.737764558744828],[-70.26475667953491,-8.737785767378043],[-70.26475667953491,-8.738591694545846],[-70.26467084884644,-8.738591694545846],[-70.2639627456665,-8.737891810525994],[-70.26237487792969,-8.73670412554604],[-70.26256799697876,-8.73670412554604],[-70.26256799697876,-8.736428412420281],[-70.26284694671631,-8.736428412420281],[-70.26282548904419,-8.736152699090653],[-70.26310443878174,-8.736152699090653],[-70.26310443878174,-8.735346766650437],[-70.26282548904419,-8.735346766650437],[-70.26282548904419,-8.735071052521008],[-70.26256799697876,-8.735071052521008],[-70.26256799697876,-8.734795338187709],[-70.26201009750366,-8.734795338187709],[-70.26201009750366,-8.73426511774305],[-70.26119470596313,-8.73426511774305],[-70.26119470596313,-8.734540832468355],[-70.26065826416016,-8.734540832468355],[-70.26065826416016,-8.734795338187709],[-70.26037931442261,-8.73481654698982],[-70.26037931442261,-8.734540832468355],[-70.26010036468506,-8.734540832468355],[-70.26010036468506,-8.73481654698982],[-70.25977849960327,-8.73481654698982],[-70.25956392288208,-8.734689294159097],[-70.25956392288208,-8.734540832468355],[-70.25928497314453,-8.73451962365057],[-70.25928497314453,-8.733989402813918],[-70.258469581604,-8.733989402813918],[-70.258469581604,-8.734137864724161],[-70.25615215301514,-8.733204674592272],[-70.25568008422852,-8.7329925856003],[-70.25492906570435,-8.732547198324625],[-70.25293350219727,-8.731677631158504],[-70.25205373764038,-8.73112619727118],[-70.25132417678833,-8.730808061965433],[-70.25100231170654,-8.730617180651763],[-70.24902820587158,-8.72940826339746],[-70.24782657623291,-8.728814407873088],[-70.24821281433105,-8.728602316385334],[-70.2489423751831,-8.728326597271064],[-70.2496075630188,-8.728453852272196],[-70.2511739730835,-8.729068917499262],[-70.25235414505005,-8.729302217837429],[-70.25452136993408,-8.729980908900913],[-70.25705337524414,-8.73093531612028],[-70.2579116821289,-8.73135949632298],[-70.25904893875122,-8.731783676043378],[-70.25997161865234,-8.732059392602991],[-70.26095867156982,-8.732313900015612],[-70.26254653930664,-8.732377526841631],[-70.26282548904419,-8.732441153656808],[-70.26282548904419,-8.733162256803524],[-70.26364088058472,-8.733162256803524],[-70.26364088058472,-8.732632034037195],[-70.26533603668213,-8.733098630111371],[-70.26610851287842,-8.733162256803524],[-70.26891946792603,-8.732759287569849],[-70.2700138092041,-8.732398735781231],[-70.27082920074463,-8.732080601560682],[-70.27185916900635,-8.73152916826902],[-70.2737045288086,-8.73114740628192],[-70.27467012405396,-8.730850480021857],[-70.27544260025024,-8.73072322583809],[-70.27615070343018,-8.730744434871724],[-70.27645111083984,-8.730808061965433],[-70.27690172195435,-8.731062570231728],[-70.27748107910156,-8.73112619727118],[-70.27799606323242,-8.73112619727118],[-70.27846813201904,-8.731083779246106],[-70.27956247329712,-8.731104988259233],[-70.2811074256897,-8.730786852935395],[-70.28168678283691,-8.730744434871724],[-70.28278112411499,-8.730786852935395],[-70.2834677696228,-8.730765643904164],[-70.28471231460571,-8.730638389691435],[-70.28481960296631,-8.730574762568793],[-70.28490543365479,-8.730447508290965],[-70.28490543365479,-8.730277835853002],[-70.28481960296631,-8.730150581473907],[-70.28464794158936,-8.730108163337889],[-70.28342485427856,-8.730214208668883],[-70.28278112411499,-8.730256626792837],[-70.2816653251648,-8.730192999605094],[-70.28104305267334,-8.730256626792837],[-70.27951955795288,-8.730553553525496],[-70.27846813201904,-8.730553553525496],[-70.2779746055603,-8.730595971610867],[-70.2775239944458,-8.730595971610867],[-70.27705192565918,-8.73053234448102],[-70.27666568756104,-8.730299044911973],[-70.27623653411865,-8.730214208668883],[-70.275399684906,-8.730192999605094],[-70.27456283569336,-8.730320253969737],[-70.27357578277588,-8.730638389691435],[-70.2716875076294,-8.731020152199406],[-70.27059316635132,-8.731592795228892],[-70.26982069015503,-8.73191092986545],[-70.26881217956543,-8.732229064230708],[-70.26612997055054,-8.732610825110868],[-70.26544332504272,-8.732568407254576],[-70.26391983032227,-8.73212301947244],[-70.26391983032227,-8.732080601560682],[-70.26374816894531,-8.732080601560682],[-70.262610912323,-8.73184730295985],[-70.2610445022583,-8.731783676043378],[-70.26012182235718,-8.731550377256852],[-70.25922060012817,-8.731274660321034],[-70.25810480117798,-8.730871689048286],[-70.25726795196533,-8.730447508290965],[-70.25469303131104,-8.729471890719026],[-70.25248289108276,-8.728771989585184],[-70.25132417678833,-8.728538688915506],[-70.24965047836304,-8.727923622814558],[-70.25121688842773,-8.727075254115476],[-70.25295495986938,-8.725760278821213],[-70.25460720062256,-8.724233204924658],[-70.25568008422852,-8.723406037289507],[-70.2558946609497,-8.723321199479741],[-70.25630235671997,-8.723257571109755],[-70.25816917419434,-8.72321515219042],[-70.25909185409546,-8.723151523802372],[-70.25982141494751,-8.723066685934768],[-70.26035785675049,-8.722939429097224],[-70.26074409484863,-8.722748543759621],[-70.2614951133728,-8.72221830619874],[-70.26158094406128,-8.722133468119125],[-70.26181697845459,-8.721666858336803],[-70.26192426681519,-8.72094573298115],[-70.26209592819214,-8.720288235119966],[-70.26233196258545,-8.719885251987833],[-70.26263236999512,-8.719588316770214],[-70.26291131973267,-8.719397429719947],[-70.26349067687988,-8.719227752260053],[-70.26387691497803,-8.719058074723108],[-70.2655291557312,-8.719058074723108],[-70.26604413986206,-8.719121703808497],[-70.26655912399292,-8.719333800681525],[-70.26733160018921,-8.719821623032487],[-70.2679967880249,-8.720351863995816],[-70.26857614517212,-8.72094573298115],[-70.2690052986145,-8.721454762788497],[-70.26932716369629,-8.721751696522418],[-70.26994943618774,-8.721942582369564],[-70.2702283859253,-8.721942582369564],[-70.27074337005615,-8.721857744227322],[-70.27115106582642,-8.721666858336803],[-70.27143001556396,-8.721645648787401],[-70.27190208435059,-8.721730486977819],[-70.27224540710449,-8.721963791902112],[-70.27316808700562,-8.722769753246382],[-70.27366161346436,-8.72308789540348],[-70.27436971664429,-8.723193942728955],[-70.27690172195435,-8.723045476464861],[-70.27821063995361,-8.722854591181445],[-70.27949810028076,-8.722748543759621],[-70.28134346008301,-8.722706124782448],[-70.28207302093506,-8.722769753246382],[-70.28310298919678,-8.723193942728955],[-70.2843689918518,-8.723893854321659],[-70.28512001037598,-8.72404232024843],[-70.28572082519531,-8.72404232024843],[-70.28640747070312,-8.723957482583216],[-70.28724431991577,-8.723724178904504],[-70.28799533843994,-8.723384827838885],[-70.28859615325928,-8.722875800662194],[-70.28902530670166,-8.722430401313432],[-70.289626121521,-8.722091049072091],[-70.29035568237305,-8.721815325148967],[-70.29185771942139,-8.72083968501731],[-70.2922010421753,-8.720733637023358],[-70.29278039932251,-8.720670008212522],[-70.29290914535522,-8.720606379390858],[-70.2929949760437,-8.720479121715016],[-70.2929949760437,-8.720330654371736],[-70.29293060302734,-8.72020339660196],[-70.29278039932251,-8.720139767700815],[-70.2920937538147,-8.72020339660196],[-70.29162168502808,-8.720351863995816],[-70.29011964797974,-8.721327505401703],[-70.28939008712769,-8.721603229684973],[-70.28870344161987,-8.721985001433438],[-70.28823137283325,-8.722472820321912],[-70.28767347335815,-8.722939429097224],[-70.2870512008667,-8.723236361650677],[-70.28632164001465,-8.72342724673895],[-70.28567790985107,-8.723490875080017],[-70.2851414680481,-8.723490875080017],[-70.28456211090088,-8.723406037289507],[-70.28333902359009,-8.722706124782448],[-70.28215885162354,-8.722239515715628],[-70.28136491775513,-8.722175887161328],[-70.28084993362427,-8.722175887161328],[-70.27945518493652,-8.722197096680631],[-70.27885437011719,-8.722260725231308],[-70.27913331985474,-8.721794115607977],[-70.2799916267395,-8.720754846624558],[-70.28061389923096,-8.720160977335723],[-70.2810001373291,-8.719906461637208],[-70.28153657913208,-8.719651945765278],[-70.28192281723022,-8.719567107102776],[-70.28310298919678,-8.719588316770214],[-70.28520584106445,-8.719524687764277],[-70.28606414794922,-8.719376220041667],[-70.28709411621094,-8.719121703808497],[-70.28831720352173,-8.71873992913362],[-70.28958320617676,-8.717997588371276],[-70.29069900512695,-8.717212826533142],[-70.29078483581543,-8.717085567701389],[-70.29078483581543,-8.716937099009542],[-70.29067754745483,-8.716809840083897],[-70.29052734375,-8.716746210604825],[-70.29037714004517,-8.716788630258733],[-70.28928279876709,-8.717552183205939],[-70.28812408447266,-8.71825210537024],[-70.2869439125061,-8.718591461099152],[-70.28595685958862,-8.718845977693562],[-70.28512001037598,-8.71899444562689],[-70.28310298919678,-8.719036865025586],[-70.2819013595581,-8.719036865025586],[-70.28134346008301,-8.719142913501216],[-70.28074264526367,-8.71941863939702],[-70.28024911880493,-8.719757994066327],[-70.27960538864136,-8.720394283240367],[-70.27870416641235,-8.721475972348756],[-70.27814626693726,-8.722324353771128],[-70.27683734893799,-8.722494029824347],[-70.2743911743164,-8.722663705800471],[-70.27381181716919,-8.722557658324433],[-70.27351140975952,-8.722345563282019],[-70.2725887298584,-8.721539601022272],[-70.27209520339966,-8.72122145754625],[-70.27145147323608,-8.721115409660683],[-70.27106523513794,-8.721136619240212],[-70.2705717086792,-8.721327505401703],[-70.27020692825317,-8.721412343664383],[-70.27007818222046,-8.721412343664383],[-70.26958465576172,-8.721263876692035],[-70.26836156845093,-8.719948880932336],[-70.267653465271,-8.719376220041667],[-70.26679515838623,-8.718845977693562],[-70.26615142822266,-8.718612670821969],[-70.26555061340332,-8.718527831923453],[-70.26445627212524,-8.718506622195818],[-70.26454210281372,-8.718358154068625],[-70.26471376419067,-8.717764280969945],[-70.26475667953491,-8.717276455932762],[-70.2654218673706,-8.713161732456328],[-70.26572227478027,-8.713098102356213],[-70.2660870552063,-8.71307689232043],[-70.26668787002563,-8.713161732456328],[-70.26814699172974,-8.713501092807363],[-70.26924133300781,-8.713819242856673],[-70.27200937271118,-8.713755612868482],[-70.27462720870972,-8.713564722838882],[-70.2759575843811,-8.713543512829574],[-70.2784252166748,-8.713649562864063],[-70.28057098388672,-8.713585932846996],[-70.28149366378784,-8.713416252748473],[-70.2826738357544,-8.71299205216529],[-70.28426170349121,-8.712334540310152],[-70.28486251831055,-8.71229212015075],[-70.2853775024414,-8.712270910069265],[-70.28599977493286,-8.712398170540226],[-70.28664350509644,-8.71263148129114],[-70.28754472732544,-8.713055682283454],[-70.28797388076782,-8.713395042730767],[-70.28881072998047,-8.714285862439226],[-70.28902530670166,-8.714328282372392],[-70.2891755104065,-8.714264652470831],[-70.28926134109497,-8.714073762701176],[-70.2891755104065,-8.713882872834048],[-70.28836011886597,-8.71299205216529],[-70.28784513473511,-8.712610271228883],[-70.28784513473511,-8.712461800759456],[-70.28838157653809,-8.712461800759456],[-70.28838157653809,-8.712186069731217],[-70.28810262680054,-8.712186069731217],[-70.28810262680054,-8.711931548601598],[-70.28784513473511,-8.711931548601598],[-70.28784513473511,-8.711380085559753],[-70.28756618499756,-8.711380085559753],[-70.28756618499756,-8.71110435373383],[-70.28728723526001,-8.71110435373383],[-70.28728723526001,-8.710849831867918],[-70.28700828552246,-8.710849831867918],[-70.28700828552246,-8.710298367230834],[-70.28675079345703,-8.710298367230834],[-70.28675079345703,-8.710022634607355],[-70.28647184371948,-8.710022634607355],[-70.28647184371948,-8.710298367230834],[-70.28619289398193,-8.710298367230834],[-70.28619289398193,-8.710574099651026],[-70.2853775024414,-8.710574099651026],[-70.2853775024414,-8.711401295691772],[-70.2859354019165,-8.711380085559753],[-70.2859354019165,-8.711655817182347],[-70.28647184371948,-8.711655817182347],[-70.28647184371948,-8.711380085559753],[-70.28702974319458,-8.711380085559753],[-70.28702974319458,-8.712228489902643],[-70.28617143630981,-8.711889128396479],[-70.28544187545776,-8.71174065764069],[-70.28481960296631,-8.71174065764069],[-70.28417587280273,-8.71180428797183],[-70.28248071670532,-8.71250422089959],[-70.28134346008301,-8.712907211990895],[-70.28052806854248,-8.713034472245269],[-70.27844667434692,-8.713119312390788],[-70.2759575843811,-8.713013262205877],[-70.27458429336548,-8.713034472245269],[-70.27200937271118,-8.71320415251705],[-70.26928424835205,-8.713267782599118],[-70.26829719543457,-8.712970842123497],[-70.26677370071411,-8.712610271228883],[-70.26610851287842,-8.712546641034933],[-70.26550769805908,-8.712589061165446],[-70.26570081710815,-8.711889128396479],[-70.26585102081299,-8.710701360699474],[-70.2659797668457,-8.710107475436232],[-70.26630163192749,-8.710107475436232],[-70.26630163192749,-8.70942874826629],[-70.26636600494385,-8.709280276533676],[-70.26655912399292,-8.709280276533676],[-70.26655912399292,-8.709004543159622],[-70.26651620864868,-8.709004543159622],[-70.2669882774353,-8.70805007991062],[-70.2674388885498,-8.707647083585371],[-70.2692198753357,-8.706353250343824],[-70.26984214782715,-8.705971462630728],[-70.27048587799072,-8.705632095447598],[-70.27123689651489,-8.70539878033064],[-70.27318954467773,-8.70472004461783],[-70.27473449707031,-8.70410493931476],[-70.27554988861084,-8.70410493931476],[-70.27554988861084,-8.704380676299792],[-70.27608633041382,-8.704359465769699],[-70.27608633041382,-8.70410493931476],[-70.27664422988892,-8.70410493931476],[-70.2766227722168,-8.703829202126599],[-70.27690172195435,-8.703829202126599],[-70.27690172195435,-8.703553464735265],[-70.2766227722168,-8.703553464735265],[-70.2766227722168,-8.7032989377322],[-70.27690172195435,-8.7032777271408],[-70.27690172195435,-8.703150463567155],[-70.27825355529785,-8.702408091858445],[-70.27932643890381,-8.701708140041731],[-70.2798843383789,-8.70128392618254],[-70.2814507484436,-8.700456707774535],[-70.28187990188599,-8.700329443241856],[-70.2821159362793,-8.7003082324822],[-70.28233051300049,-8.7005415507723],[-70.28239488601685,-8.700668815232888],[-70.28269529342651,-8.701835404105765],[-70.28293132781982,-8.702492934413968],[-70.2831244468689,-8.702874725675798],[-70.28445482254028,-8.704380676299792],[-70.28516292572021,-8.704932149660337],[-70.28619289398193,-8.705356359384666],[-70.28859615325928,-8.706056304378407],[-70.28949737548828,-8.706480512828279],[-70.29035568237305,-8.707053193472674],[-70.29196500778198,-8.708262183065301],[-70.2938961982727,-8.710086265230814],[-70.296471118927,-8.712716321528106],[-70.29700756072998,-8.713458672780334],[-70.29743671417236,-8.714264652470831],[-70.29767274856567,-8.714858531130773],[-70.29780149459839,-8.715388779136973],[-70.29780149459839,-8.716046285619896],[-70.29775857925415,-8.716258384238614],[-70.29724359512329,-8.717509763638702],[-70.29705047607422,-8.71848541246699],[-70.29709339141846,-8.71867629998323],[-70.29726505279541,-8.718803558273194],[-70.29743671417236,-8.718782348561206],[-70.29756546020508,-8.718633880543592],[-70.29775857925415,-8.717679441878786],[-70.29827356338501,-8.716428063046905],[-70.29833793640137,-8.716088705353272],[-70.29833793640137,-8.715325149415946],[-70.29818773269653,-8.714688851609935],[-70.2979302406311,-8.714052552720759],[-70.29745817184448,-8.713161732456328],[-70.29690027236938,-8.712376960464724],[-70.29428243637085,-8.709704481327634],[-70.29230833053589,-8.707837976635645],[-70.29065608978271,-8.706607775269461],[-70.28973340988159,-8.706013883506984],[-70.28881072998047,-8.705568464066488],[-70.28636455535889,-8.704847307657758],[-70.28542041778564,-8.704465518408156],[-70.28481960296631,-8.703977676022404],[-70.28359651565552,-8.702598987581311],[-70.28344631195068,-8.702280827989128],[-70.28321027755737,-8.701686929360193],[-70.2829098701477,-8.700499129275812],[-70.28280258178711,-8.70024460019603],[-70.28499126434326,-8.700202178665904],[-70.2864933013916,-8.700371864757543],[-70.2871584892273,-8.700668815232888],[-70.2879524230957,-8.700923344024275],[-70.2890682220459,-8.701156661931051],[-70.28926134109497,-8.701623297308359],[-70.28975486755371,-8.702089932104016],[-70.29050588607788,-8.702471723776895],[-70.29190063476562,-8.702726251342469],[-70.29350996017456,-8.703171674165759],[-70.29408931732178,-8.70353225415829],[-70.29496908187866,-8.70395646546946],[-70.29642820358276,-8.70425341310117],[-70.29906749725342,-8.705504832674563],[-70.30102014541626,-8.70616235653597],[-70.30378818511963,-8.706968351951033],[-70.30466794967651,-8.70718045571904],[-70.30541896820068,-8.707434980081914],[-70.30621290206909,-8.707541031848677],[-70.30707120895386,-8.707541031848677],[-70.30788660049438,-8.707413769724965],[-70.30889511108398,-8.707095614226276],[-70.30996799468994,-8.706565354460537],[-70.31125545501709,-8.706247198240362],[-70.3125,-8.706247198240362],[-70.31359434127808,-8.706374460760912],[-70.31471014022827,-8.706628985672111],[-70.31623363494873,-8.706904720797183],[-70.31739234924316,-8.706904720797183],[-70.31840085983276,-8.706819879241891],[-70.3215765953064,-8.706841089632505],[-70.3223705291748,-8.706798668850041],[-70.32320737838745,-8.706586564865603],[-70.32372236251831,-8.706310829506052],[-70.32434463500977,-8.70573814772537],[-70.3248381614685,-8.705207886035836],[-70.32518148422241,-8.704507939455127],[-70.3253960609436,-8.703659517602134],[-70.3253960609436,-8.703235305954394],[-70.32531023025513,-8.702535355684518],[-70.32509565353394,-8.701835404105765],[-70.32490253448486,-8.7005415507723],[-70.32477378845215,-8.70041428626844],[-70.3246021270752,-8.700371864757543],[-70.32445192337036,-8.700456707774535],[-70.324387550354,-8.700626393750824],[-70.32443046569824,-8.701114240504268],[-70.32455921173096,-8.701941457459398],[-70.32477378845215,-8.70266261946729],[-70.32485961914062,-8.7032777271408],[-70.32485961914062,-8.703574675311046],[-70.32466650009155,-8.704359465769699],[-70.324387550354,-8.704932149660337],[-70.32397985458374,-8.705356359384666],[-70.32340049743652,-8.705886620863794],[-70.32299280166626,-8.706098725245042],[-70.32230615615845,-8.706268408663462],[-70.32155513763428,-8.706289619085354],[-70.31840085983276,-8.706268408663462],[-70.31737089157104,-8.706374460760912],[-70.31627655029297,-8.706353250343824],[-70.31481742858887,-8.706098725245042],[-70.31421661376953,-8.705964259063654],[-70.31421661376953,-8.705971462630728],[-70.31368017196655,-8.705844199973129],[-70.3125,-8.705716937272229],[-70.31121253967285,-8.705716937272229],[-70.31105160680578,-8.705748753013738],[-70.30979633331299,-8.706035093943285],[-70.3086805343628,-8.706607775269461],[-70.30775785446167,-8.706883510410165],[-70.30702829360962,-8.706989562333249],[-70.30623435974121,-8.707010772714256],[-70.3055477142334,-8.706904720797183],[-70.30483961105347,-8.706671406473802],[-70.30393838882446,-8.706438092004944],[-70.3011703491211,-8.705653305905557],[-70.29926061630249,-8.704995781149648],[-70.29662132263184,-8.70374435987398],[-70.29514074325562,-8.703447411838354],[-70.2943468093872,-8.703065621160675],[-70.29372453689575,-8.702683830093562],[-70.29290914535522,-8.70242930249914],[-70.29202938079834,-8.702195985385544],[-70.29172897338867,-8.70215356407654],[-70.29247999191284,-8.701623297308359],[-70.29320955276489,-8.70134755829207],[-70.29359579086304,-8.70124150477018],[-70.29503345489502,-8.701177872642631],[-70.29593467712402,-8.701008186916283],[-70.29679298400879,-8.700753658182578],[-70.29730796813965,-8.700626393750824],[-70.29810190200806,-8.7005415507723],[-70.29870271682739,-8.7005415507723],[-70.2991533279419,-8.700605183007994],[-70.29973268508911,-8.700774868916994],[-70.30093431472778,-8.700944554749071],[-70.30310153961182,-8.700774868916994],[-70.30391693115234,-8.700796079650203],[-70.30460357666016,-8.70085971184264],[-70.30559062957764,-8.701177872642631],[-70.30713558197021,-8.70185661477889],[-70.30827283859253,-8.702068721444107],[-70.30932426452637,-8.702047510782975],[-70.31078338623047,-8.70192896350285],[-70.31078338623047,-8.701920246791076],[-70.31091213226318,-8.70189903612156],[-70.31094074247942,-8.701884895680555],[-70.31101083755493,-8.701835404103363],[-70.31105313982022,-8.701765711888044],[-70.31108379364014,-8.701644507993507],[-70.31103014946288,-8.701503103405825],[-70.31100064516225,-8.70146421713127],[-70.31092383645304,-8.701420831617547],[-70.31080339856585,-8.701394375691658],[-70.30928134918213,-8.70149603317222],[-70.30833721160889,-8.701517243864586],[-70.30730724334717,-8.70134755829207],[-70.30578374862671,-8.700668815232888],[-70.30471086502075,-8.7003082324822],[-70.30393838882446,-8.70024460019603],[-70.30310153961182,-8.70024460019603],[-70.30097723007202,-8.70041428626844],[-70.2998399734497,-8.70024460019603],[-70.29926061630249,-8.70007491404671],[-70.29872417449951,-8.699990070943215],[-70.29805898666382,-8.70001128172089],[-70.29722213745117,-8.70009612481958],[-70.29664278030396,-8.700223389431585],[-70.29578447341919,-8.700499129275812],[-70.29496908187866,-8.70064760449246],[-70.2935528755188,-8.700711236710134],[-70.29305934906006,-8.700817290382233],[-70.29222249984741,-8.701135451218263],[-70.29095649719238,-8.702026300120679],[-70.29067754745483,-8.701962668126512],[-70.29009819030762,-8.701686929360193],[-70.28971195220947,-8.70128392618254],[-70.28964757919312,-8.701177872642631],[-70.29037714004517,-8.70105060835509],[-70.29102087020874,-8.700753658182578],[-70.2915358543396,-8.70026581095928],[-70.29250144958496,-8.699671909133883],[-70.29327392578125,-8.699035584704205],[-70.29391765594482,-8.698250783085115],[-70.29430389404297,-8.697423557976535],[-70.29462575912476,-8.69682965164364],[-70.29509782791138,-8.696129689399484],[-70.29632091522217,-8.695111560164122],[-70.29730796813965,-8.694560072339684],[-70.29786586761475,-8.694157061493087],[-70.29898166656494,-8.693563149981685],[-70.29988288879395,-8.693266193872986],[-70.30179262161255,-8.69311771573038],[-70.30275821685791,-8.69299044870418],[-70.30361652374268,-8.692969237528956],[-70.30432462692261,-8.69284197045232],[-70.3049898147583,-8.6926298585619],[-70.30574083328247,-8.692205634420901],[-70.30625581741333,-8.691760198556011],[-70.30677080154419,-8.69114507196754],[-70.3070068359375,-8.691166283246005],[-70.30726432800293,-8.691229917074239],[-70.30786514282227,-8.691569297309002],[-70.30820846557617,-8.691887465999997],[-70.3085732460022,-8.692078367084946],[-70.3090238571167,-8.69218442320124],[-70.3091311454773,-8.69218442320124],[-70.3093671798706,-8.692417746551428],[-70.30986070632935,-8.692799548083855],[-70.31026840209961,-8.69316013806285],[-70.31054735183716,-8.693499516549636],[-70.31081176569391,-8.694022268198898],[-70.31166315078735,-8.695069138052617],[-70.3125,-8.695705469221025],[-70.31275749206543,-8.695896368360792],[-70.31327247619629,-8.696150900395793],[-70.31421661376953,-8.696405432257862],[-70.31421661376953,-8.696412674952894],[-70.31503200531006,-8.696638752979482],[-70.31614780426025,-8.6968508626003],[-70.31831502914429,-8.69693570641499],[-70.31895875930786,-8.69693570641499],[-70.32007455825806,-8.69682965164364],[-70.32082557678223,-8.696617542010799],[-70.3220272064209,-8.696469065196354],[-70.32252073287964,-8.696426643238553],[-70.323486328125,-8.696469065196354],[-70.32413005828857,-8.69670238587834],[-70.3248381614685,-8.697359925200189],[-70.32567501068115,-8.698378048324273],[-70.32580375671387,-8.698441680927615],[-70.32593250274658,-8.698420470061023],[-70.32601833343506,-8.698335626582676],[-70.32608270645142,-8.698208361329122],[-70.32603979110718,-8.698017463367691],[-70.32522439956665,-8.696978128315138],[-70.32440900802612,-8.696256955359345],[-70.32361507415771,-8.695938790378634],[-70.32252073287964,-8.695896368360792],[-70.32196283340454,-8.695938790378634],[-70.32071828842163,-8.696087267403257],[-70.31996726989746,-8.69629937733636],[-70.31891584396362,-8.696405432257862],[-70.31831502914429,-8.696405432257862],[-70.31619071960449,-8.69629937733636],[-70.31516075134277,-8.696108478401968],[-70.31421661376953,-8.695851825164935],[-70.31421661376953,-8.695853946338133],[-70.31344413757324,-8.695641836152816],[-70.31301498413086,-8.695408514810254],[-70.3125,-8.695026715936294],[-70.3120493888855,-8.694687338832765],[-70.31127691268921,-8.693754050213016],[-70.31101942062378,-8.693223771552539],[-70.31065464019775,-8.692799548083855],[-70.31022548675537,-8.692396535343775],[-70.30977487564087,-8.692035944630035],[-70.31061172485352,-8.691632931068824],[-70.31101406126386,-8.691378392620699],[-70.31170210608666,-8.690935508140267],[-70.3125,-8.690084506513244],[-70.31273603439331,-8.68982997035772],[-70.31342267990112,-8.689236051989383],[-70.31503200531006,-8.688196692580846],[-70.31917333602905,-8.685842214693992],[-70.31973123550415,-8.685566464064578],[-70.32052516937256,-8.685333136450552],[-70.32144784927368,-8.685163443549186],[-70.32241344451904,-8.685078597069733],[-70.32325029373169,-8.685078597069733],[-70.32417297363281,-8.685163443549186],[-70.32464504241943,-8.685375559663896],[-70.3251600265503,-8.685714945197915],[-70.32629728317261,-8.687327022290347],[-70.32676935195923,-8.687878520757337],[-70.32726287841797,-8.688260326913138],[-70.32784223556519,-8.68838759554535],[-70.3283143043518,-8.68838759554535],[-70.32945156097412,-8.688090635336337],[-70.33063173294067,-8.68751792569762],[-70.33118963241577,-8.68730581079464],[-70.3325629234314,-8.686711888427965],[-70.3338074684143,-8.685884637849767],[-70.33427953720093,-8.685460406076189],[-70.33438682556152,-8.685290713232405],[-70.3348159790039,-8.685290713232405],[-70.3348159790039,-8.685014962197513],[-70.33509492874146,-8.685014962197513],[-70.33509492874146,-8.684739210959918],[-70.3348159790039,-8.684739210959918],[-70.3348159790039,-8.684548306138197],[-70.33496618270874,-8.684208919548595],[-70.33524513244629,-8.683657415685587],[-70.33550262451172,-8.683254393119114],[-70.33597469329834,-8.682893793613715],[-70.3363823890686,-8.6828725818673],[-70.33747673034668,-8.682999852327754],[-70.33777713775635,-8.686966426700295],[-70.33792734146118,-8.690105717851722],[-70.33803462982178,-8.694305539223862],[-70.33803462982178,-8.698356837454071]],[[-70.3230357170105,-8.716152334944312],[-70.3230357170105,-8.716682581114895],[-70.32329320907593,-8.716682581114895],[-70.32329320907593,-8.716958308826293],[-70.32357215881348,-8.716958308826293],[-70.32357215881348,-8.716152334944312],[-70.3230357170105,-8.716152334944312]],[[-70.33644676208496,-8.684187707876546],[-70.33644676208496,-8.683381663450035],[-70.33563137054443,-8.683381663450035],[-70.33563137054443,-8.684463459519577],[-70.33618927001953,-8.684463459519577],[-70.33618927001953,-8.684208919548595],[-70.33644676208496,-8.684187707876546]],[[-70.32902240753174,-8.713691982869449],[-70.32902240753174,-8.712589061165446],[-70.32874345779419,-8.712589061165446],[-70.32874345779419,-8.712334540310152],[-70.32902240753174,-8.712334540310152],[-70.32900094985962,-8.711783077862648],[-70.32846450805664,-8.711783077862648],[-70.32846450805664,-8.712058809188065],[-70.32818555831909,-8.712058809188065],[-70.32818555831909,-8.712610271228883],[-70.32792806625366,-8.712610271228883],[-70.32792806625366,-8.712864791896465],[-70.32820701599121,-8.712864791896465],[-70.32820701599121,-8.713140522424169],[-70.32792806625366,-8.713140522424169],[-70.32792806625366,-8.713416252748473],[-70.32764911651611,-8.713416252748473],[-70.32764911651611,-8.713691982869449],[-70.32820701599121,-8.713691982869449],[-70.32820701599121,-8.713416252748473],[-70.32846450805664,-8.713416252748473],[-70.32846450805664,-8.713691982869449],[-70.32902240753174,-8.713691982869449]],[[-70.30202865600586,-8.71649169258015],[-70.30202865600586,-8.715134260187881],[-70.30093431472778,-8.715134260187881],[-70.30093431472778,-8.71540998904156],[-70.30067682266235,-8.71540998904156],[-70.30067682266235,-8.715685717691855],[-70.30093431472778,-8.715685717691855],[-70.30093431472778,-8.71594023626541],[-70.30149221420288,-8.71594023626541],[-70.30149221420288,-8.716215964524494],[-70.30174970626831,-8.716215964524494],[-70.30177116394043,-8.71649169258015],[-70.30202865600586,-8.71649169258015]],[[-70.29986143112183,-8.72083968501731],[-70.29986143112183,-8.720288235119966],[-70.29958248138428,-8.720288235119966],[-70.29958248138428,-8.720033719508137],[-70.2990460395813,-8.720033719508137],[-70.2990460395813,-8.72083968501731],[-70.29986143112183,-8.72083968501731]],[[-70.27801752090454,-8.709237856027826],[-70.27801752090454,-8.707625873240445],[-70.27692317962646,-8.707625873240445],[-70.27692317962646,-8.707074403850072],[-70.2771806716919,-8.707074403850072],[-70.2771806716919,-8.706268408663462],[-70.27773857116699,-8.706268408663462],[-70.27773857116699,-8.705716937272229],[-70.27745962142944,-8.705716937272229],[-70.27745962142944,-8.70544120127181],[-70.2771806716919,-8.70544120127181],[-70.2771806716919,-8.705716937272229],[-70.27664422988892,-8.705716937272229],[-70.27664422988892,-8.705462411740598],[-70.27636528015137,-8.705462411740598],[-70.27636528015137,-8.705716937272229],[-70.27608633041382,-8.705716937272229],[-70.27608633041382,-8.705992673069446],[-70.27501344680786,-8.705992673069446],[-70.27501344680786,-8.706268408663462],[-70.27391910552979,-8.706268408663462],[-70.27391910552979,-8.706819879241891],[-70.27336120605469,-8.706819879241891],[-70.2733826637268,-8.707095614226276],[-70.27310371398926,-8.707095614226276],[-70.27310371398926,-8.707625873240445],[-70.27282476425171,-8.707625873240445],[-70.27282476425171,-8.708983332891663],[-70.27310371398926,-8.708983332891663],[-70.27310371398926,-8.709259066281362],[-70.27366161346436,-8.709259066281362],[-70.27366161346436,-8.70953479946779],[-70.27529239654541,-8.70953479946779],[-70.27529239654541,-8.709259066281362],[-70.27610778808594,-8.709259066281362],[-70.27610778808594,-8.708983332891663],[-70.27638673782349,-8.708983332891663],[-70.27638673782349,-8.708707599298691],[-70.27745962142944,-8.708707599298691],[-70.27745962142944,-8.708983332891663],[-70.27773857116699,-8.708983332891663],[-70.27773857116699,-8.709237856027826],[-70.27801752090454,-8.709237856027826]],[[-70.27565717697144,-8.739376411429646],[-70.27565717697144,-8.738549277369913],[-70.27512073516846,-8.738549277369913],[-70.27512073516846,-8.738273565608807],[-70.27484178543091,-8.738294774213045],[-70.27484178543091,-8.739100700280346],[-70.27512073516846,-8.739100700280346],[-70.27512073516846,-8.739376411429646],[-70.27565717697144,-8.739376411429646]],[[-70.2734899520874,-8.741263966896753],[-70.2734899520874,-8.740733755652471],[-70.27267456054688,-8.740733755652471],[-70.27267456054688,-8.741285175330816],[-70.27295351028442,-8.741285175330816],[-70.27295351028442,-8.741539676445626],[-70.27321100234985,-8.741539676445626],[-70.27321100234985,-8.741263966896753],[-70.2734899520874,-8.741263966896753]],[[-70.25900602340698,-8.733183465698502],[-70.25900602340698,-8.732377526841631],[-70.25872707366943,-8.732377526841631],[-70.25872707366943,-8.732632034037195],[-70.25819063186646,-8.732653242962314],[-70.25819063186646,-8.733459181223438],[-70.258469581604,-8.733459181223438],[-70.258469581604,-8.733183465698502],[-70.25900602340698,-8.733183465698502]]],[[[-70.33801317214966,-8.699268903787313],[-70.3379487991333,-8.701623297308359],[-70.33782005310059,-8.704507939455127],[-70.33717632293701,-8.70465641308165],[-70.33663988113403,-8.704868518160211],[-70.33621072769165,-8.705186675552639],[-70.33565282821655,-8.70544120127181],[-70.33460140228271,-8.705610884988431],[-70.33404350280762,-8.705780568628072],[-70.33432245254517,-8.70514425458262],[-70.33496618270874,-8.70406251822213],[-70.33668279647827,-8.701368768992836],[-70.33713340759277,-8.7005415507723],[-70.33801317214966,-8.699268903787313]]],[[[-70.33777713775635,-8.705059412628131],[-70.3374981880188,-8.708940912352134],[-70.33719778060913,-8.712016388997398],[-70.33719778060913,-8.711761867752273],[-70.33691883087158,-8.711761867752273],[-70.33691883087158,-8.712037599093321],[-70.33663988113403,-8.712037599093321],[-70.33663988113403,-8.71229212015075],[-70.3363823890686,-8.71229212015075],[-70.3363823890686,-8.712567851100772],[-70.33610343933105,-8.712567851100772],[-70.33610343933105,-8.713395042730767],[-70.3363823890686,-8.713395042730767],[-70.3363823890686,-8.713925292812945],[-70.33666133880615,-8.713925292812945],[-70.33666133880615,-8.714201022558441],[-70.33681154251099,-8.714201022558441],[-70.33612489700317,-8.714582801870279],[-70.33552408218384,-8.714794901319493],[-70.33419370651245,-8.715473618748135],[-70.33352851867676,-8.71574934735149],[-70.33273458480835,-8.716025075751404],[-70.33086776733398,-8.716449272892532],[-70.32902240753174,-8.716788630258733],[-70.3279709815979,-8.71687346955214],[-70.3264045715332,-8.717106777509684],[-70.32554626464844,-8.717446134278802],[-70.32567501068115,-8.717212826533142],[-70.3264045715332,-8.716300803947902],[-70.32679080963135,-8.71596144613872],[-70.32878637313843,-8.71466764166442],[-70.32962322235107,-8.7139040828241],[-70.33028841018677,-8.712970842123497],[-70.33050298690796,-8.71250422089959],[-70.33093214035034,-8.71180428797183],[-70.33264875411987,-8.709365117530979],[-70.33307790756226,-8.708622758152288],[-70.33350706100464,-8.70773192495308],[-70.33376455307007,-8.70694714156761],[-70.3339147567749,-8.706416881591466],[-70.33404350280762,-8.706353250343824],[-70.33470869064331,-8.706141146106859],[-70.3358244895935,-8.705950252190789],[-70.3364896774292,-8.705653305905557],[-70.33687591552734,-8.705356359384666],[-70.33736944198608,-8.70516546506822],[-70.33777713775635,-8.705059412628131]]],[[[-70.33743381500244,-8.682448346687352],[-70.3363823890686,-8.682321076039827],[-70.33584594726562,-8.68236349959379],[-70.33573865890503,-8.682405923142966],[-70.33539533615112,-8.682639252577687],[-70.33511638641357,-8.682915005358922],[-70.33477306365967,-8.683381663450035],[-70.33425807952881,-8.684463459519577],[-70.33408641815186,-8.684739210959918],[-70.33400058746338,-8.684739210959918],[-70.33400058746338,-8.684887692420745],[-70.33389329910278,-8.685078597069733],[-70.33348560333252,-8.685460406076189],[-70.33230543136597,-8.686224022923113],[-70.3309965133667,-8.68679673453795],[-70.33039569854736,-8.687030061241387],[-70.32927989959717,-8.687581560145134],[-70.32870054244995,-8.68775125195232],[-70.32824993133545,-8.68783609782713],[-70.32788515090942,-8.687857309292824],[-70.32749891281128,-8.687772463422817],[-70.32715559005737,-8.687496714212728],[-70.32672643661499,-8.686987638215186],[-70.32558917999268,-8.685396771268785],[-70.32657623291016,-8.685375559663896],[-70.32749891281128,-8.685099808691405],[-70.32968759536743,-8.683784685879786],[-70.33097505569458,-8.68236349959379],[-70.33191919326782,-8.680730189303432],[-70.33236980438232,-8.680051408909847],[-70.33275604248047,-8.679415051175909],[-70.33322811126709,-8.67882111631748],[-70.33378601074219,-8.678269604535998],[-70.33425807952881,-8.67790900024076],[-70.33507347106934,-8.677527183550609],[-70.33569574356079,-8.677166578542241],[-70.3368330001831,-8.676890821537413],[-70.33715486526489,-8.679669594398959],[-70.33743381500244,-8.682448346687352]],[[-70.33082485198975,-8.686817946062433],[-70.33082485198975,-8.686011907288261],[-70.33000946044922,-8.686011907288261],[-70.33000946044922,-8.68628765759017],[-70.33028841018677,-8.68628765759017],[-70.33028841018677,-8.686817946062433],[-70.33082485198975,-8.686817946062433]],[[-70.33000946044922,-8.686011907288261],[-70.33000946044922,-8.685184655166069],[-70.32973051071167,-8.685184655166069],[-70.32973051071167,-8.686011907288261],[-70.33000946044922,-8.686011907288261]]],[[[-70.33676862716675,-8.67636051903581],[-70.33550262451172,-8.676657488528988],[-70.3348159790039,-8.677039306103651],[-70.33400058746338,-8.677442335344509],[-70.33344268798828,-8.677866576183263],[-70.33284187316895,-8.67843930055507],[-70.33230543136597,-8.679118083864168],[-70.33191919326782,-8.679754442101626],[-70.33146858215332,-8.680433223032296],[-70.33052444458008,-8.68206653461526],[-70.32934427261353,-8.683360451731218],[-70.32728433609009,-8.684590729440302],[-70.32649040222168,-8.684824057516153],[-70.32531023025513,-8.684866480787079],[-70.32475233078003,-8.684824057516153],[-70.32428026199341,-8.684633152737632],[-70.32327175140381,-8.684527094485347],[-70.32239198684692,-8.684548306138197],[-70.3213620185852,-8.684633152737632],[-70.32037496566772,-8.684824057516153],[-70.31953811645508,-8.685078597069733],[-70.31891584396362,-8.685375559663896],[-70.31475305557251,-8.68773004048063],[-70.31421661376953,-8.688076765969976],[-70.31421661376953,-8.688090635336337],[-70.31307935714722,-8.688811824007388],[-70.3125,-8.689342108909884],[-70.31136274337769,-8.690508733055054],[-70.31078338623047,-8.69089053653218],[-70.31078338623047,-8.69088647465411],[-70.31035423278809,-8.691166283246005],[-70.30973196029663,-8.691463241018639],[-70.3093671798706,-8.691611719816748],[-70.30906677246094,-8.691632931068824],[-70.30876636505127,-8.691569297309002],[-70.30850887298584,-8.69144202975697],[-70.30816555023193,-8.691123860687853],[-70.30750036239624,-8.69074205744839],[-70.30707120895386,-8.69061478961548],[-70.30771493911743,-8.689087572250287],[-70.30822992324829,-8.688239115470239],[-70.30878782272339,-8.687560348663837],[-70.3091311454773,-8.686881580628722],[-70.30930280685425,-8.68628765759017],[-70.3100323677063,-8.684378612881787],[-70.31065464019775,-8.683381663450035],[-70.31078338623047,-8.683245908207804],[-70.31078338623047,-8.683233181393106],[-70.3119421005249,-8.682024111027715],[-70.3125,-8.681345332974615],[-70.31292915344238,-8.680772613037263],[-70.31322956085205,-8.680030197002765],[-70.31346559524536,-8.679605958609386],[-70.3138518333435,-8.679118083864168],[-70.31410932540894,-8.67882111631748],[-70.31543970108032,-8.677887788212615],[-70.31719923019409,-8.676996881947858],[-70.31822919845581,-8.676318094803335],[-70.31891584396362,-8.6758090036396],[-70.31968832015991,-8.675066577788598],[-70.32088994979858,-8.673305962045902],[-70.3213620185852,-8.67190594845637],[-70.3215765953064,-8.671439276100344],[-70.32187700271606,-8.670993815583358],[-70.32318592071533,-8.669805918289313],[-70.32352457818438,-8.669615005873922],[-70.32350778579712,-8.669615005873922],[-70.32578229904175,-8.668342253959224],[-70.32666206359863,-8.667918002363109],[-70.32734870910645,-8.667578600741408],[-70.32829284667969,-8.667260411442712],[-70.32906532287598,-8.66706949773419],[-70.33052444458008,-8.666857371277672],[-70.33142566680908,-8.666390692651959],[-70.33378601074219,-8.666793733317377],[-70.33410787582397,-8.66692100922721],[-70.33460140228271,-8.66715434828329],[-70.33526659011841,-8.667918002363109],[-70.33543825149536,-8.668151340800236],[-70.33571720123291,-8.669615005873922],[-70.33571136834142,-8.669615005873922],[-70.33584594726562,-8.670336230045365],[-70.33633947372437,-8.67343323574984],[-70.33676862716675,-8.67636051903581]],[[-70.33108234405518,-8.679754442101626],[-70.33108234405518,-8.678672632456014],[-70.33080339431763,-8.678672632456014],[-70.33080339431763,-8.67894838815198],[-70.33052444458008,-8.67894838815198],[-70.33052444458008,-8.679224143645328],[-70.33026695251465,-8.679224143645328],[-70.33026695251465,-8.679775654024269],[-70.33052444458008,-8.679775654024269],[-70.33052444458008,-8.680030197002765],[-70.33080339431763,-8.680030197002765],[-70.33080339431763,-8.679775654024269],[-70.33108234405518,-8.679754442101626]]],[[[-70.33663988113403,-8.715028210574602],[-70.33642530441284,-8.715028210574602],[-70.33651113510132,-8.71498579072086],[-70.33663988113403,-8.715028210574602]]],[[[-70.33524513244629,-8.667048285093927],[-70.33490180969238,-8.666708882686876],[-70.33395767211914,-8.666263416562558],[-70.33365726470947,-8.666220991189846],[-70.33370270459359,-8.666220991189846],[-70.33179044723511,-8.665902800741947],[-70.33196210861206,-8.665499759121289],[-70.33209085464478,-8.66458761070011],[-70.33206939697266,-8.663654247234263],[-70.33196210861206,-8.662529965437983],[-70.33196210861206,-8.661320828434228],[-70.33215522766113,-8.658435854268902],[-70.33226251602173,-8.657629754591994],[-70.33249855041504,-8.65678122675071],[-70.33271312713623,-8.656250895878344],[-70.33395767211914,-8.661087485757974],[-70.33464431762695,-8.664163354866503],[-70.33507284043284,-8.666220991189846],[-70.33507347106934,-8.666220991189846],[-70.33524513244629,-8.667048285093927]]],[[[-70.33254146575928,-8.655572071271251],[-70.33239126205444,-8.655699350978338],[-70.33219814300537,-8.656038763320154],[-70.33198356628418,-8.656611520952865],[-70.33172607421875,-8.657523688716466],[-70.33161878585815,-8.658372214883514],[-70.33142566680908,-8.661320828434228],[-70.33142566680908,-8.662551178333175],[-70.33151149749756,-8.663675460066031],[-70.3315544128418,-8.664566397919799],[-70.33142566680908,-8.665372482730248],[-70.33125400543213,-8.665775524487358],[-70.33112525939941,-8.665945226150555],[-70.33056735984562,-8.666220991189846],[-70.33058881759644,-8.666220991189846],[-70.33035278320312,-8.666327054612637],[-70.32895803451538,-8.666539181368435],[-70.32812118530273,-8.666751308004535],[-70.32715559005737,-8.667090710373259],[-70.32541751861572,-8.667918002363109],[-70.32286405563354,-8.669360455835829],[-70.32263521539754,-8.669569007261925],[-70.322585105896,-8.669615005873922],[-70.32258474183607,-8.669615005873922],[-70.32149076461792,-8.670611991862714],[-70.32110452651978,-8.67116351489021],[-70.32086849212646,-8.671715037108058],[-70.32041788101196,-8.673072626810026],[-70.31928062438965,-8.674705970417051],[-70.31857252120972,-8.675384760475907],[-70.31792879104614,-8.675872640072825],[-70.31694173812866,-8.676530215917822],[-70.31516075134277,-8.677421123289989],[-70.31421661376953,-8.67808163319414],[-70.31421661376953,-8.678099908440217],[-70.31375088146333,-8.678413817691824],[-70.31344413757324,-8.67875748038405],[-70.31301498413086,-8.679308991448693],[-70.31275749206543,-8.679796865945761],[-70.3125,-8.6804120111468],[-70.31245708465576,-8.680496858681622],[-70.31153440475464,-8.681684722154642],[-70.31078338623047,-8.682448346687352],[-70.31074047088623,-8.68187562843353],[-70.31063318252563,-8.68136654480736],[-70.30998945236206,-8.679860501702962],[-70.30964612960815,-8.678736268403838],[-70.30932426452637,-8.678057484404292],[-70.30715703964233,-8.675533245637723],[-70.30653476715088,-8.674578697144426],[-70.30627727508545,-8.67394233013431],[-70.30614852905273,-8.67351808486184],[-70.30614852905273,-8.673157476003482],[-70.30616998672485,-8.672924140675335],[-70.30629873275757,-8.67275444216385],[-70.30747890472412,-8.67173624948488],[-70.30842304229736,-8.671269576918064],[-70.30906677246094,-8.671184727298169],[-70.31081856276772,-8.670746569109362],[-70.310862859079,-8.670729053089762],[-70.31125545501709,-8.670463504755446],[-70.31166315078735,-8.67008168049587],[-70.31169928953082,-8.670016927472911],[-70.31200647354126,-8.669445305867683],[-70.31230688095093,-8.668469529344677],[-70.31230688095093,-8.666517968698244],[-70.3123927116394,-8.665796737199443],[-70.3125,-8.665393695465085],[-70.31273603439331,-8.664566397919799],[-70.31331539154053,-8.663336054614092],[-70.31363725662231,-8.662487539644005],[-70.31376600265503,-8.661278402503868],[-70.31376600265503,-8.660726864973583],[-70.31355142593384,-8.659348017609958],[-70.31331539154053,-8.658287362352908],[-70.3128433227539,-8.655720564258672],[-70.31273603439331,-8.655402364928179],[-70.31273603439331,-8.655147805270104],[-70.31299352645874,-8.655147805270104],[-70.31299352645874,-8.654320485192372],[-70.31271457672119,-8.654320485192372],[-70.31271457672119,-8.654065924802666],[-70.31299352645874,-8.65404471142908],[-70.31299352645874,-8.65379015085287],[-70.31245708465576,-8.65379015085287],[-70.31245708465576,-8.654617472096149],[-70.3114914894104,-8.653302242600674],[-70.30840158462524,-8.650565701990175],[-70.30822992324829,-8.650311139061927],[-70.30810117721558,-8.649823226301805],[-70.30814409255981,-8.648529193746498],[-70.30807971954346,-8.647786714043775],[-70.30799388885498,-8.647510935495745],[-70.3079080581665,-8.647383653020881],[-70.30773639678955,-8.64732001176732],[-70.3075647354126,-8.647383653020881],[-70.30747890472412,-8.647468508008899],[-70.307457447052,-8.6475957904551],[-70.30754327774048,-8.647913996382442],[-70.30760765075684,-8.648529193746498],[-70.3075647354126,-8.64986565352342],[-70.30773639678955,-8.6505444884194],[-70.3080153465271,-8.650947546059939],[-70.31110525131226,-8.653662870500213],[-70.31198501586914,-8.654893245439865],[-70.31230688095093,-8.655847843915552],[-70.3125,-8.65684486640518],[-70.31280040740967,-8.658393428013156],[-70.31303644180298,-8.659475296039858],[-70.31273603439331,-8.659475296039858],[-70.31273603439331,-8.660026835405176],[-70.31301498413086,-8.660026835405176],[-70.31301498413086,-8.660302604784604],[-70.31314373016357,-8.660302604784604],[-70.31322956085205,-8.660790503960655],[-70.31322956085205,-8.661257189536883],[-70.31310081481934,-8.6623390493274],[-70.31280040740967,-8.66314513891274],[-70.3125,-8.663823949854944],[-70.31224250793457,-8.664396695634224],[-70.31185626983643,-8.665733099059594],[-70.31177043914795,-8.66649675602686],[-70.31177043914795,-8.668405891657343],[-70.3114914894104,-8.669254393269085],[-70.31123399734497,-8.669763493316495],[-70.3109335899353,-8.670039255554201],[-70.31078338623047,-8.670145317899411],[-70.31078338623047,-8.67014205443103],[-70.31065464019775,-8.670230167754028],[-70.31009674072266,-8.670378654953524],[-70.30895948410034,-8.670654416739723],[-70.30822992324829,-8.67076047891129],[-70.30719995498657,-8.671269576918064],[-70.30629873275757,-8.672033222634667],[-70.30623435974121,-8.671757461860508],[-70.30623435974121,-8.671057452832414],[-70.30625581741333,-8.670187742829114],[-70.30633518130306,-8.669615005873922],[-70.30632019042969,-8.669615005873922],[-70.30647039413452,-8.668639229791552],[-70.30677080154419,-8.667918002363109],[-70.30709266662598,-8.667217986182536],[-70.30755124773856,-8.666393722997897],[-70.30758619308472,-8.666220991189846],[-70.307587493533,-8.666220991189846],[-70.3076720237732,-8.665669460908973],[-70.30773639678955,-8.66306028745882],[-70.30788660049438,-8.66202085559442],[-70.30820846557617,-8.660896568915177],[-70.30880928039551,-8.659666213603984],[-70.3101396560669,-8.657205490910513],[-70.3103756904602,-8.656293322375632],[-70.31033277511597,-8.656123616357775],[-70.31018257141113,-8.656017550057754],[-70.31001091003418,-8.656038763320154],[-70.30988216400146,-8.656144829614192],[-70.30964612960815,-8.657014572097808],[-70.30833721160889,-8.659390443758042],[-70.30769348144531,-8.660726864973583],[-70.3073501586914,-8.661914790956928],[-70.30719995498657,-8.662996648855795],[-70.30713558197021,-8.665627035469228],[-70.30702829360962,-8.666220991189846],[-70.30659914016724,-8.666984647165961],[-70.30619144439697,-8.667918002363109],[-70.30595541000366,-8.668511954463568],[-70.30571937561035,-8.670145317899411],[-70.30569791793823,-8.67179988660817],[-70.30582666397095,-8.672499894252837],[-70.305655002594,-8.67273322984451],[-70.30561208724976,-8.673136263706922],[-70.30561208724976,-8.673581721683263],[-70.30576229095459,-8.674112028109107],[-70.30606269836426,-8.674854455847282],[-70.30670642852783,-8.675851427929615],[-70.30885219573975,-8.678312028547964],[-70.30915260314941,-8.67894838815198],[-70.3094744682312,-8.680051408909847],[-70.31011819839478,-8.681536239426151],[-70.31020402908325,-8.681939263838231],[-70.31026840209961,-8.682724099608876],[-70.31031131744385,-8.68295742884574],[-70.30953884124756,-8.684124072853209],[-70.30878782272339,-8.686096753556583],[-70.30863761901855,-8.686669465365782],[-70.30831575393677,-8.687263387799646],[-70.30780076980591,-8.687899732220629],[-70.30724287033081,-8.688833035417872],[-70.30647039413452,-8.690657212231244],[-70.3058910369873,-8.691378395964762],[-70.30541896820068,-8.691760198556011],[-70.30479669570923,-8.692120789535068],[-70.30419588088989,-8.692332901713613],[-70.30355215072632,-8.692438957757872],[-70.30271530151367,-8.692460168963123],[-70.30172824859619,-8.692587436169404],[-70.29979705810547,-8.692735914522117],[-70.29887437820435,-8.69303287105106],[-70.29760837554932,-8.693690416813382],[-70.2970290184021,-8.694093428161906],[-70.2960205078125,-8.694666127753592],[-70.29471158981323,-8.69572668024135],[-70.29453992843628,-8.695981212391672],[-70.29415369033813,-8.696575120069824],[-70.29383182525635,-8.697169026806307],[-70.29346704483032,-8.697953830692256],[-70.29290914535522,-8.6986325786728],[-70.29217958450317,-8.699247692967575],[-70.29123544692993,-8.699841595465841],[-70.29074192047119,-8.700287021721351],[-70.29020547866821,-8.7005415507723],[-70.28971195220947,-8.70064760449246],[-70.2891755104065,-8.700626393750824],[-70.28810262680054,-8.700393075513603],[-70.28737306594849,-8.70015975713099],[-70.28664350509644,-8.699841595465841],[-70.28501272201538,-8.699650698336981],[-70.28269529342651,-8.699714330724078],[-70.28179407119751,-8.699799173890057],[-70.28123617172241,-8.699947649384256],[-70.27962684631348,-8.700817290382233],[-70.27902603149414,-8.701262715476972],[-70.27795314788818,-8.701962668126512],[-70.2766227722168,-8.702683830093562],[-70.2766227722168,-8.702471723776895],[-70.27636528015137,-8.702471723776895],[-70.27634382247925,-8.701920246791076],[-70.27499198913574,-8.701941457459398],[-70.27499198913574,-8.702195985385544],[-70.27552843093872,-8.702195985385544],[-70.27554988861084,-8.703023199950223],[-70.27499198913574,-8.703023199950223],[-70.27499198913574,-8.702747461965131],[-70.2747130393982,-8.702747461965131],[-70.2747130393982,-8.703023199950223],[-70.27445554733276,-8.703023199950223],[-70.27445554733276,-8.7032989377322],[-70.27417659759521,-8.7032989377322],[-70.27417659759521,-8.703553464735265],[-70.27445554733276,-8.703553464735265],[-70.27445554733276,-8.70363830703117],[-70.27301788330078,-8.704210992025367],[-70.27226686477661,-8.704465518408156],[-70.27254581451416,-8.70353225415829],[-70.27288913726807,-8.702789883206819],[-70.27327537536621,-8.702195985385544],[-70.27376890182495,-8.701580875934454],[-70.27451992034912,-8.700902133298271],[-70.27533531188965,-8.70024460019603],[-70.2764081954956,-8.699544644334452],[-70.27816772460938,-8.698441680927615],[-70.28205156326294,-8.696723596842219],[-70.2831244468689,-8.696129689399484],[-70.28404712677002,-8.695535781015138],[-70.28479814529419,-8.695111560164122],[-70.28602123260498,-8.694602494508842],[-70.28657913208008,-8.694454016895762],[-70.28902530670166,-8.694432805803388],[-70.28984069824219,-8.694411594709806],[-70.29044151306152,-8.694135850383901],[-70.2908706665039,-8.69381768360185],[-70.29093503952026,-8.693732839081008],[-70.29095649719238,-8.693605572263735],[-70.29091358184814,-8.693478305403218],[-70.29084920883179,-8.693414671956745],[-70.2906346321106,-8.693351038499486],[-70.29052734375,-8.693393460805538],[-70.29016256332397,-8.693669205677764],[-70.28973340988159,-8.693881316979883],[-70.28653621673584,-8.693902528103479],[-70.28582811355591,-8.694093428161906],[-70.28454065322876,-8.694623705591638],[-70.28378963470459,-8.695069138052617],[-70.28284549713135,-8.695663047176751],[-70.28181552886963,-8.696235744369034],[-70.27793169021606,-8.697953830692256],[-70.27610778808594,-8.699078006366491],[-70.27503490447998,-8.699799173890057],[-70.27417659759521,-8.700477918525777],[-70.2733826637268,-8.701199083353032],[-70.27284622192383,-8.701877825450822],[-70.27241706848145,-8.702535355684518],[-70.27205228805542,-8.703341358911402],[-70.27162313461304,-8.704698834106978],[-70.27029275894165,-8.705123044095785],[-70.26958465576172,-8.705483622208192],[-70.26891946792603,-8.705907831307329],[-70.2672028541565,-8.707159245347654],[-70.26731014251709,-8.705526043139727],[-70.26739597320557,-8.705059412628131],[-70.26756763458252,-8.704486728932238],[-70.26859760284424,-8.702895936290034],[-70.26937007904053,-8.702089932104016],[-70.26969194412231,-8.70189903612156],[-70.27020692825317,-8.701665718677447],[-70.27076482772827,-8.70124150477018],[-70.27194499969482,-8.699799173890057],[-70.27381181716919,-8.6973175033433],[-70.27387619018555,-8.6973175033433],[-70.27387619018555,-8.697190237743769],[-70.27398347854614,-8.697041761156342],[-70.2741551399231,-8.697041761156342],[-70.2741551399231,-8.696787229726667],[-70.27436971664429,-8.696511487149337],[-70.27443408966064,-8.696511487149337],[-70.27443408966064,-8.69644785421805],[-70.27484178543091,-8.695938790378634],[-70.27567863464355,-8.695153982270838],[-70.27735233306885,-8.694008583703493],[-70.27810335159302,-8.693414671956745],[-70.27870416641235,-8.692863181634763],[-70.27921915054321,-8.692078367084946],[-70.27949810028076,-8.69135718469829],[-70.27949810028076,-8.69074205744839],[-70.28007745742798,-8.69021177452619],[-70.28061389923096,-8.689639068127647],[-70.2808928489685,-8.68917241782269],[-70.28147220611572,-8.68751792569762],[-70.28170824050903,-8.686563407689334],[-70.2820086479187,-8.685884637849767],[-70.28243780136108,-8.685184655166069],[-70.28363943099976,-8.683869532651926],[-70.28406858444214,-8.683296816567562],[-70.28428316116333,-8.683063487541787],[-70.2844762802124,-8.682978640587336],[-70.28462648391724,-8.683063487541787],[-70.28486251831055,-8.683275604843942],[-70.28561353683472,-8.684187707876546],[-70.2859354019165,-8.684505882831289],[-70.28640747070312,-8.684802845878906],[-70.28707265853882,-8.685078597069733],[-70.28771638870239,-8.685205866781729],[-70.28863906860352,-8.685248290009469],[-70.28930425643921,-8.685142231931138],[-70.29014110565186,-8.684887692420745],[-70.29059171676636,-8.684675576030145],[-70.29129981994629,-8.684314977890821],[-70.29129981994629,-8.684781634240437],[-70.29155731201172,-8.684781634240437],[-70.29155731201172,-8.685333136450552],[-70.29183626174927,-8.685333136450552],[-70.29183626174927,-8.685587675658653],[-70.29211521148682,-8.685587675658653],[-70.29211521148682,-8.685863426272476],[-70.29293060302734,-8.685863426272476],[-70.29293060302734,-8.685587675658653],[-70.29320955276489,-8.685587675658653],[-70.29320955276489,-8.685863426272476],[-70.29402494430542,-8.685863426272476],[-70.29402494430542,-8.685587675658653],[-70.29428243637085,-8.685587675658653],[-70.29428243637085,-8.685036173822795],[-70.29537677764893,-8.685036173822795],[-70.29537677764893,-8.684781634240437],[-70.29565572738647,-8.684760422600775],[-70.29565572738647,-8.684505882831289],[-70.29593467712402,-8.684505882831289],[-70.2959132194519,-8.68395437940488],[-70.29565572738647,-8.68395437940488],[-70.29565572738647,-8.683678627387607],[-70.29537677764893,-8.683678627387607],[-70.29537677764893,-8.683424086884088],[-70.29509782791138,-8.683424086884088],[-70.29509782791138,-8.683148334477025],[-70.29484033584595,-8.683148334477025],[-70.29481887817383,-8.6828725818673],[-70.29428243637085,-8.6828725818673],[-70.29428243637085,-8.683148334477025],[-70.2940034866333,-8.683148334477025],[-70.2940034866333,-8.6828725818673],[-70.2938961982727,-8.6828725818673],[-70.29398202896118,-8.682851370119707],[-70.2953553199768,-8.68274531136369],[-70.2956771850586,-8.682787734869692],[-70.29632091522217,-8.682999852327754],[-70.29750108718872,-8.683805897574615],[-70.29820919036865,-8.684039226138651],[-70.29874563217163,-8.684166496203304],[-70.29953956604004,-8.684166496203304],[-70.30014038085938,-8.684018014456996],[-70.300612449646,-8.68372105078808],[-70.30069828033447,-8.683636203982346],[-70.30074119567871,-8.683508933737784],[-70.30069828033447,-8.683360451731218],[-70.300612449646,-8.683275604843942],[-70.30046224594116,-8.683233181393106],[-70.30033349990845,-8.683275604843942],[-70.29996871948242,-8.683508933737784],[-70.29947519302368,-8.683614992277924],[-70.29881000518799,-8.683614992277924],[-70.29835939407349,-8.683530145448216],[-70.29775857925415,-8.683318028289975],[-70.29655694961548,-8.682490770226934],[-70.29580593109131,-8.682257440699871],[-70.2953553199768,-8.682215017133899],[-70.2938961982727,-8.68229986426104],[-70.29314517974854,-8.682554405527299],[-70.29239416122437,-8.68295742884574],[-70.29112815856934,-8.683784685879786],[-70.29037714004517,-8.684187707876546],[-70.28992652893066,-8.684399824543036],[-70.2891755104065,-8.684633152737632],[-70.2886176109314,-8.684717999317854],[-70.28780221939087,-8.684675576030145],[-70.28724431991577,-8.684569517789853],[-70.28668642044067,-8.68433618955568],[-70.28630018234253,-8.68410286117637],[-70.28602123260498,-8.68382710926825],[-70.28524875640869,-8.682893793613715],[-70.28494834899902,-8.682639252577687],[-70.28473377227783,-8.68251198199492],[-70.28488397598267,-8.682257440699871],[-70.28711557388306,-8.680263527914732],[-70.28758764266968,-8.679775654024269],[-70.28881072998047,-8.678418088556867],[-70.2895188331604,-8.67706051817973],[-70.2898621559143,-8.676636276430116],[-70.29009819030762,-8.676445367486394],[-70.29065608978271,-8.676084761438972],[-70.29140710830688,-8.675702942893608],[-70.29200792312622,-8.675490821311769],[-70.29258728027344,-8.675405972645478],[-70.29293060302734,-8.675405972645478],[-70.29325246810913,-8.675469609146987],[-70.29361724853516,-8.675660518586824],[-70.29396057128906,-8.675999912906875],[-70.29464721679688,-8.676424155375543],[-70.29531240463257,-8.676551428022677],[-70.29578447341919,-8.676530215917822],[-70.2959132194519,-8.676487791704488],[-70.2960205078125,-8.67636051903581],[-70.29599905014038,-8.67616960995187],[-70.29589176177979,-8.6760211250417],[-70.29578447341919,-8.675999912906875],[-70.2953553199768,-8.675999912906875],[-70.29481887817383,-8.675915064355635],[-70.29428243637085,-8.675575669958889],[-70.29391765594482,-8.675215063076237],[-70.29342412948608,-8.674960516832911],[-70.29297351837158,-8.674854455847282],[-70.29252290725708,-8.674875668046795],[-70.29185771942139,-8.674960516832911],[-70.2911925315857,-8.675215063076237],[-70.29037714004517,-8.67561809427525],[-70.28975486755371,-8.675999912906875],[-70.28949737548828,-8.676254458445612],[-70.2890682220459,-8.67676354900533],[-70.28838157653809,-8.678078696422844],[-70.28720140457153,-8.679415051175909],[-70.28672933578491,-8.679881713619636],[-70.2844762802124,-8.68187562843353],[-70.28417587280273,-8.68236349959379],[-70.28409004211426,-8.682575617291704],[-70.28396129608154,-8.682639252577687],[-70.28366088867188,-8.682915005358922],[-70.28323173522949,-8.683530145448216],[-70.28203010559082,-8.68484526915222],[-70.28153657913208,-8.685630098843205],[-70.28119325637817,-8.686372503796122],[-70.28095722198486,-8.687348233784846],[-70.28039932250977,-8.6889390924524],[-70.2802062034607,-8.68929968614529],[-70.27951955795288,-8.689999661147269],[-70.27951955795288,-8.689129995038883],[-70.27966976165771,-8.68781488636023],[-70.27990579605103,-8.686563407689334],[-70.27990579605103,-8.685184655166069],[-70.27981996536255,-8.684590729440302],[-70.27926206588745,-8.683636203982346],[-70.27754545211792,-8.68181199301803],[-70.2766227722168,-8.681090790888149],[-70.27537822723389,-8.680602918073149],[-70.27488470077515,-8.680348375483106],[-70.27454137802124,-8.680030197002765],[-70.27428388595581,-8.679669594398959],[-70.2741551399231,-8.679351415343177],[-70.2741551399231,-8.678884752240123],[-70.27419805526733,-8.678333240552135],[-70.2743911743164,-8.67720900267885],[-70.27441263198853,-8.676105973568994],[-70.274498462677,-8.675915064355635],[-70.27475595474243,-8.67555445779891],[-70.2749490737915,-8.675342336133184],[-70.27580738067627,-8.674790819241522],[-70.27803897857666,-8.673581721683263],[-70.27896165847778,-8.672860503742513],[-70.2796483039856,-8.672181709121503],[-70.27986288070679,-8.671884736089112],[-70.28003454208374,-8.671502913273926],[-70.28037786483765,-8.671396851311954],[-70.28072118759155,-8.671205939704933],[-70.2816653251648,-8.671015028000909],[-70.28218030929565,-8.670781691342029],[-70.28374671936035,-8.669869555739567],[-70.28421020563604,-8.66957682295081],[-70.28554916381836,-8.668660442342016],[-70.28621435165405,-8.66849074190472],[-70.28679370880127,-8.668299828821162],[-70.28737306594849,-8.668172553378255],[-70.28974239738868,-8.668256959435919],[-70.28977858392675,-8.668255170775936],[-70.29020547866821,-8.668214978530685],[-70.29136419296265,-8.667918002363109],[-70.29151439666748,-8.667875577177156],[-70.29282331466675,-8.66717556091757],[-70.29340267181396,-8.666899796578562],[-70.2940034866333,-8.666687670026278],[-70.29447555541992,-8.666602819371832],[-70.29509782791138,-8.666602819371832],[-70.2956771850586,-8.666666457364457],[-70.2966856956482,-8.66683615862543],[-70.29771566390991,-8.667111923011134],[-70.29883146286011,-8.667536175517156],[-70.29964685440063,-8.667918002363109],[-70.30031204223633,-8.668214978530685],[-70.30228614807129,-8.669445305867683],[-70.30245780944824,-8.669487730876426],[-70.30260801315308,-8.669381668345594],[-70.30267238616943,-8.669296818299372],[-70.30267238616943,-8.669169543194116],[-70.30258655548096,-8.668999842986707],[-70.30086994171143,-8.667918002363109],[-70.30054807662964,-8.667727088988613],[-70.29902458190918,-8.66702707245247],[-70.29788732528687,-8.666602819371832],[-70.29679298400879,-8.66630584193048],[-70.29574155807495,-8.66613614043007],[-70.2951192855835,-8.666072502347689],[-70.29443264007568,-8.666072502347689],[-70.29385328292847,-8.66617856581236],[-70.29320955276489,-8.666411905329326],[-70.29258728027344,-8.666687670026278],[-70.29127836227417,-8.66738768719452],[-70.2900767326355,-8.667684663781131],[-70.28971195220947,-8.667727088988613],[-70.28733015060425,-8.667642238568817],[-70.28775930404663,-8.667493750288102],[-70.28829904704214,-8.667001215599619],[-70.2888536453247,-8.666220991189846],[-70.28888170510264,-8.666220991189846],[-70.28913259506226,-8.66588158803583],[-70.29022693634033,-8.664163354866503],[-70.29112815856934,-8.663420906005811],[-70.29162168502808,-8.663166351773242],[-70.29215812683105,-8.66282694586178],[-70.29258728027344,-8.662487539644005],[-70.29303789138794,-8.662084494362546],[-70.29486179351807,-8.660748077970467],[-70.29554843902588,-8.660196539662593],[-70.29604196548462,-8.659687426660682],[-70.29627799987793,-8.659348017609958],[-70.29640674591064,-8.658902542766185],[-70.29659986495972,-8.658478280519844],[-70.29782295227051,-8.657205490910513],[-70.29865980148315,-8.65616604286943],[-70.29887437820435,-8.65561449784505],[-70.29896020889282,-8.654872032112905],[-70.2989387512207,-8.6540234980543],[-70.29881000518799,-8.653387096255173],[-70.29842376708984,-8.652602199221334],[-70.29812335968018,-8.652135502912003],[-70.29735088348389,-8.65143545736342],[-70.29677152633667,-8.650650556261368],[-70.29655694961548,-8.650226284714265],[-70.2963638305664,-8.649653517367511],[-70.29627799987793,-8.648974680865692],[-70.29625654220581,-8.648465552686474],[-70.29649257659912,-8.646598743475678],[-70.29653549194336,-8.645792618456966],[-70.2965784072876,-8.645601693857827],[-70.307457447052,-8.64384094021743],[-70.30803680419922,-8.644201577175139],[-70.30822992324829,-8.644222791103076],[-70.30838012695312,-8.644137935384137],[-70.30844449996948,-8.643989437830044],[-70.30842304229736,-8.643819726268006],[-70.30829429626465,-8.643713656502925],[-70.31078338623047,-8.643311889790715],[-70.31078338623047,-8.643310591123353],[-70.3125,-8.643034809299536],[-70.3155255317688,-8.642546887116936],[-70.31578302383423,-8.643225735199053],[-70.3163194656372,-8.64392579600323],[-70.3169846534729,-8.644477358145224],[-70.31756401062012,-8.644880422276984],[-70.31943082809448,-8.645750190776624],[-70.32294988632202,-8.647998851251003],[-70.32631874084473,-8.649738371844208],[-70.32846450805664,-8.651096040871408],[-70.32910823822021,-8.65143545736342],[-70.32917261123657,-8.651541524954439],[-70.32966613769531,-8.652050648975433],[-70.33206939697266,-8.653938644543246],[-70.33254146575928,-8.655572071271251]],[[-70.32885074615479,-8.663484544537013],[-70.32882928848267,-8.662996648855795],[-70.32876491546631,-8.662678455679185],[-70.32801389694214,-8.662678455679185],[-70.32801389694214,-8.663760311381168],[-70.32829284667969,-8.663760311381168],[-70.32829284667969,-8.663505757378346],[-70.32885074615479,-8.663484544537013]],[[-70.32691955566406,-8.6605147349389],[-70.32691955566406,-8.659432869901337],[-70.32664060592651,-8.659432869901337],[-70.32664060592651,-8.65835100175265],[-70.32636165618896,-8.65835100175265],[-70.32636165618896,-8.658626772360492],[-70.32500982284546,-8.658626772360492],[-70.32500982284546,-8.659432869901337],[-70.32473087310791,-8.659432869901337],[-70.32473087310791,-8.659708639716172],[-70.32528877258301,-8.659708639716172],[-70.32528877258301,-8.659984409328871],[-70.32582521438599,-8.659984409328871],[-70.32582521438599,-8.660260178739392],[-70.32664060592651,-8.660238965714996],[-70.32664060592651,-8.6605147349389],[-70.32691955566406,-8.6605147349389]],[[-70.31546115875244,-8.654850818784752],[-70.31543970108032,-8.65404471142908],[-70.31518220901489,-8.65404471142908],[-70.31518220901489,-8.653768937463738],[-70.31490325927734,-8.653768937463738],[-70.31490325927734,-8.654872032112905],[-70.31546115875244,-8.654850818784752]],[[-70.30818700790405,-8.684187707876546],[-70.30818700790405,-8.683911956030812],[-70.30792951583862,-8.683911956030812],[-70.3079080581665,-8.683636203982346],[-70.30818700790405,-8.683636203982346],[-70.30818700790405,-8.68283015837089],[-70.30765056610107,-8.68283015837089],[-70.30762910842896,-8.681472603953097],[-70.30627727508545,-8.681472603953097],[-70.30627727508545,-8.682024111027715],[-70.30574083328247,-8.682024111027715],[-70.30574083328247,-8.682575617291704],[-70.3059983253479,-8.682554405527299],[-70.3059983253479,-8.683105911011808],[-70.306556224823,-8.683105911011808],[-70.306556224823,-8.68283015837089],[-70.30709266662598,-8.68283015837089],[-70.30709266662598,-8.683911956030812],[-70.30737161636353,-8.683911956030812],[-70.30737161636353,-8.684187707876546],[-70.30818700790405,-8.684187707876546]],[[-70.29312372207642,-8.665245206296149],[-70.29312372207642,-8.664693674583717],[-70.29258728027344,-8.664714887356851],[-70.29258728027344,-8.664439121212808],[-70.29177188873291,-8.664439121212808],[-70.29177188873291,-8.664969440541057],[-70.29205083847046,-8.664969440541057],[-70.29205083847046,-8.665245206296149],[-70.29312372207642,-8.665245206296149]],[[-70.28123617172241,-8.695938790378634],[-70.28123617172241,-8.694857027422941],[-70.28069972991943,-8.694857027422941],[-70.28069972991943,-8.695132771218084],[-70.2798843383789,-8.695132771218084],[-70.2798843383789,-8.695684258199492],[-70.27960538864136,-8.695684258199492],[-70.27960538864136,-8.695938790378634],[-70.27932643890381,-8.695938790378634],[-70.27932643890381,-8.69649027617345],[-70.28016328811646,-8.69649027617345],[-70.28014183044434,-8.695684258199492],[-70.28069972991943,-8.695663047176751],[-70.28069972991943,-8.695938790378634],[-70.28123617172241,-8.695938790378634]],[[-70.28016328811646,-8.69973554151737],[-70.28016328811646,-8.699481011918522],[-70.27962684631348,-8.699481011918522],[-70.27962684631348,-8.69973554151737],[-70.27878999710083,-8.699756752309469],[-70.27881145477295,-8.700287021721351],[-70.27906894683838,-8.700287021721351],[-70.27906894683838,-8.70056276151874],[-70.27962684631348,-8.70056276151874],[-70.27962684631348,-8.700287021721351],[-70.2798843383789,-8.700287021721351],[-70.2798843383789,-8.69973554151737],[-70.28016328811646,-8.69973554151737]],[[-70.27769565582275,-8.697572034412602],[-70.27769565582275,-8.697041761156342],[-70.27715921401978,-8.697041761156342],[-70.27715921401978,-8.6973175033433],[-70.27688026428223,-8.6973175033433],[-70.27688026428223,-8.697847776209173],[-70.27743816375732,-8.697847776209173],[-70.27743816375732,-8.697572034412602],[-70.27769565582275,-8.697572034412602]]],[[[-70.33181190490723,-8.653026468091468],[-70.33003091812134,-8.651647592515573],[-70.32960176467896,-8.651202108558024],[-70.32955884933472,-8.651096040871408],[-70.32958030700684,-8.647723072858284],[-70.32962322235107,-8.64740486676969],[-70.32979488372803,-8.646726026215717],[-70.33086776733398,-8.649992935159617],[-70.33181190490723,-8.653026468091468]]],[[[-70.32951593399048,-8.64594111530053],[-70.32930135726929,-8.646450246891305],[-70.3290867805481,-8.64729879801375],[-70.32904386520386,-8.64768064539534],[-70.32900094985962,-8.65077783763229],[-70.32657623291016,-8.649271671985773],[-70.32320737838745,-8.647532149237378],[-70.31970977783203,-8.645283485977629],[-70.31786441802979,-8.644434930316805],[-70.31670570373535,-8.643565158781655],[-70.31625509262085,-8.642971167311543],[-70.31606197357178,-8.64244081699367],[-70.3275203704834,-8.640595192071402],[-70.32846450805664,-8.643056023293155],[-70.32951593399048,-8.64594111530053]]],[[[-70.3256106376648,-8.756194405626019],[-70.3255033493042,-8.756491311686318],[-70.32547958694815,-8.756491311686318],[-70.32421588897705,-8.759354322248896],[-70.32284259796143,-8.762259725247432],[-70.32264947891235,-8.762259725247432],[-70.32264947891235,-8.761729543912125],[-70.32183408737183,-8.761729543912125],[-70.32183408737183,-8.762005238300844],[-70.32155513763428,-8.762005238300844],[-70.32155513763428,-8.762259725247432],[-70.32183408737183,-8.762259725247432],[-70.32183408737183,-8.762535419242951],[-70.3223705291748,-8.762535419242951],[-70.3223705291748,-8.763214049745386],[-70.32041788101196,-8.767052530197319],[-70.32022476196289,-8.766628390659548],[-70.31985998153687,-8.766140629592542],[-70.31936645507812,-8.765695281972171],[-70.31863689422607,-8.765228726749754],[-70.3178858757019,-8.764825792222624],[-70.31679153442383,-8.764380443026454],[-70.31528949737549,-8.7637018146537],[-70.31421661376953,-8.763253201034182],[-70.31421661376953,-8.763256464110654],[-70.3125,-8.762535419242951],[-70.31224250793457,-8.76242938311502],[-70.31123399734497,-8.762132481795916],[-70.31078338623047,-8.76209006730241],[-70.31078338623047,-8.762087946575182],[-70.3103756904602,-8.762047652804043],[-70.30938863754272,-8.761814372976588],[-70.30810117721558,-8.761708336642968],[-70.30619144439697,-8.761411434747998],[-70.3048825263977,-8.761305398299456],[-70.30395984649658,-8.761135739918899],[-70.30327320098877,-8.760838837566624],[-70.30273675918579,-8.760478312962945],[-70.302414894104,-8.760096580648636],[-70.30205011367798,-8.759523981442314],[-70.30168533325195,-8.758569647472399],[-70.30147075653076,-8.757848593515362],[-70.3014063835144,-8.757318405890373],[-70.30138492584229,-8.755579385175807],[-70.30132055282593,-8.754985571362582],[-70.30125617980957,-8.754794702435618],[-70.30104160308838,-8.754328133535239],[-70.30063390731812,-8.753903979481734],[-70.29996871948242,-8.753352578489356],[-70.29977560043335,-8.753098085448045],[-70.29977798470067,-8.753098085448045],[-70.29953956604004,-8.752779968901663],[-70.29902458190918,-8.751719578449794],[-70.30099868774414,-8.751146966349538],[-70.30282258987427,-8.750744016565733],[-70.30415296554565,-8.75051072964942],[-70.31035423278809,-8.748602013024481],[-70.31078338623047,-8.748504456082994],[-70.31078338623047,-8.748495972925056],[-70.3125,-8.74811422831705],[-70.31393766403198,-8.747902147810152],[-70.31460285186768,-8.747880939752804],[-70.31533241271973,-8.7480081880787],[-70.31651258468628,-8.748347516735123],[-70.31857252120972,-8.748474764901545],[-70.31949520111084,-8.748644429055801],[-70.3199028968811,-8.748877717141653],[-70.32024621963501,-8.749153421054672],[-70.32125473022461,-8.750362274262898],[-70.32176971435547,-8.750913679685752],[-70.32322883605957,-8.752822384456891],[-70.32468795776367,-8.754794702435618],[-70.3256106376648,-8.756194405626019]]],[[[-70.32222032546997,-8.717234036334204],[-70.32194137573242,-8.717234036334204],[-70.32194137573242,-8.716958308826293],[-70.32222032546997,-8.716958308826293],[-70.32222032546997,-8.717234036334204]]],[[[-70.32168388366699,-8.747541610671192],[-70.32110452651978,-8.747075032679064],[-70.32024621963501,-8.746629662232124],[-70.3188943862915,-8.746353956450434],[-70.31683444976807,-8.746205499406514],[-70.31578302383423,-8.745908585141152],[-70.31473159790039,-8.745717711559848],[-70.31376600265503,-8.745760127919695],[-70.3125,-8.745929793310822],[-70.31078338623047,-8.74629033201029],[-70.31078338623047,-8.746285583884935],[-70.30977487564087,-8.746523621571015],[-70.30698537826538,-8.74735073792688],[-70.30361652374268,-8.748411140823777],[-70.30239343643188,-8.748644429055801],[-70.3005051612854,-8.749047381112277],[-70.29760837554932,-8.749874491861817],[-70.29653549194336,-8.749916907748158],[-70.29533386230469,-8.749704828268136],[-70.29408931732178,-8.749429124763495],[-70.2926516532898,-8.748792885127344],[-70.29213666915894,-8.748602013024481],[-70.29132127761841,-8.748432348850898],[-70.29069900512695,-8.748411140823777],[-70.28994798660278,-8.748538388968456],[-70.28969049453735,-8.748623221040745],[-70.28788805007935,-8.74968362031349],[-70.28702974319458,-8.749895699805592],[-70.28632164001465,-8.749959323629668],[-70.28578519821167,-8.749959323629668],[-70.28578519821167,-8.749916907748158],[-70.28550624847412,-8.749916907748158],[-70.28550624847412,-8.749641204400575],[-70.28524875640869,-8.749641204400575],[-70.28524875640869,-8.74936550084881],[-70.28496980667114,-8.74936550084881],[-70.28496980667114,-8.749641204400575],[-70.28443336486816,-8.749641204400575],[-70.28441190719604,-8.748835301136921],[-70.2846908569336,-8.748835301136921],[-70.2846908569336,-8.748283892635598],[-70.28387546539307,-8.748283892635598],[-70.28387546539307,-8.749111005081332],[-70.28359651565552,-8.749111005081332],[-70.28359651565552,-8.747753691383437],[-70.28278112411499,-8.747753691383437],[-70.28278112411499,-8.748559596988343],[-70.28250217437744,-8.748559596988343],[-70.28252363204956,-8.749386708821575],[-70.28224468231201,-8.749386708821575],[-70.28224468231201,-8.749853283916835],[-70.28170824050903,-8.74978966007464],[-70.28168678283691,-8.749662412357637],[-70.28142929077148,-8.749662412357637],[-70.28142929077148,-8.749747244173818],[-70.28115034103394,-8.749726036221574],[-70.28115034103394,-8.749662412357637],[-70.28087139129639,-8.749662412357637],[-70.28087139129639,-8.749386708821575],[-70.2798843383789,-8.749386708821575],[-70.27951955795288,-8.749238252986814],[-70.27951955795288,-8.748580805007009],[-70.27924060821533,-8.748580805007009],[-70.27924060821533,-8.748305100669981],[-70.27896165847778,-8.748305100669981],[-70.27896165847778,-8.747223489376324],[-70.27814626693726,-8.747223489376324],[-70.27814626693726,-8.747774899448032],[-70.2778673171997,-8.747774899448032],[-70.2778673171997,-8.748050604177664],[-70.27733087539673,-8.748050604177664],[-70.27733087539673,-8.748347516735123],[-70.27705192565918,-8.748220268525202],[-70.27705192565918,-8.747774899448032],[-70.27733087539673,-8.747774899448032],[-70.27733087539673,-8.747499194514248],[-70.2759575843811,-8.747499194514248],[-70.2759575843811,-8.747732483317648],[-70.27486324310303,-8.747181073183157],[-70.27486324310303,-8.746968992144772],[-70.27514219284058,-8.746968992144772],[-70.27514219284058,-8.747244697471103],[-70.27542114257812,-8.747244697471103],[-70.27542114257812,-8.746141874941017],[-70.27567863464355,-8.746141874941017],[-70.27567863464355,-8.745887376970288],[-70.27514219284058,-8.745887376970288],[-70.27514219284058,-8.745611670639079],[-70.27432680130005,-8.745611670639079],[-70.27432680130005,-8.745335964103788],[-70.2740478515625,-8.745335964103788],[-70.2740478515625,-8.745611670639079],[-70.27351140975952,-8.745611670639079],[-70.27351140975952,-8.745887376970288],[-70.27376890182495,-8.745887376970288],[-70.27376890182495,-8.746163083097386],[-70.2740478515625,-8.746163083097386],[-70.2740478515625,-8.746417580879708],[-70.2746057510376,-8.746417580879708],[-70.2746057510376,-8.746693286614303],[-70.27432680130005,-8.746693286614303],[-70.27432680130005,-8.746905367809703],[-70.27357578277588,-8.746544829705655],[-70.27282476425171,-8.746078250464635],[-70.27179479598999,-8.745335964103788],[-70.27123689651489,-8.744763342186047],[-70.27005672454834,-8.743724137198072],[-70.27076482772827,-8.743724137198072],[-70.27076482772827,-8.743575679105987],[-70.27145147323608,-8.743469637575416],[-70.27256727218628,-8.743151512802612],[-70.27413368225098,-8.742472845712712],[-70.27793169021606,-8.741730552167667],[-70.27878999710083,-8.741666926937839],[-70.28061389923096,-8.741263966896753],[-70.28172969818115,-8.740924631787308],[-70.28260946273804,-8.740564087894967],[-70.28342485427856,-8.740097501163547],[-70.28393983840942,-8.739440037050528],[-70.28424024581909,-8.738931031779416],[-70.28466939926147,-8.738167522569455],[-70.28587102890015,-8.738082688116265],[-70.28767347335815,-8.738294774213045],[-70.29093503952026,-8.73814631395797],[-70.29350996017456,-8.738273565608807],[-70.29572010040283,-8.738697737464534],[-70.29739379882812,-8.738994657476326],[-70.29945373535156,-8.739694539425415],[-70.30018329620361,-8.73988541609252],[-70.30110597610474,-8.740055084158996],[-70.30282258987427,-8.740097501163547],[-70.30344486236572,-8.740224752148237],[-70.30468940734863,-8.74081858950224],[-70.3055477142334,-8.741094299380649],[-70.30642747879028,-8.741327592195361],[-70.30732870101929,-8.741476051183227],[-70.30816555023193,-8.741476051183227],[-70.30870199203491,-8.741391217483113],[-70.30908823013306,-8.7410730909357],[-70.30934572219849,-8.740670130252454],[-70.30971050262451,-8.740436837026152],[-70.31022548675537,-8.740288377624282],[-70.3103756904602,-8.740182335158167],[-70.31039714813232,-8.740055084158996],[-70.3103756904602,-8.739949041626488],[-70.31033277511597,-8.739864207578776],[-70.31022548675537,-8.739800582030313],[-70.31007528305054,-8.739779373511738],[-70.30953884124756,-8.739906624605055],[-70.30895948410034,-8.740288377624282],[-70.3086805343628,-8.740712547187002],[-70.3084659576416,-8.740882214876905],[-70.3081226348877,-8.740945840240698],[-70.30737161636353,-8.740924631787308],[-70.306556224823,-8.740797381041602],[-70.30486106872559,-8.74030958611388],[-70.30359506607056,-8.739715747948807],[-70.30288696289062,-8.739546079727845],[-70.3011703491211,-8.739524871194789],[-70.30031204223633,-8.739376411429646],[-70.2996039390564,-8.739164325948295],[-70.29752254486084,-8.738464443003608],[-70.29357433319092,-8.73774335011042],[-70.29093503952026,-8.737616098278579],[-70.28769493103027,-8.737764558744828],[-70.28589248657227,-8.737531263699907],[-70.28499126434326,-8.73759488963573],[-70.28552770614624,-8.736852586375448],[-70.28617143630981,-8.73619511653925],[-70.28709411621094,-8.735431601726177],[-70.28745889663696,-8.735049843733364],[-70.28788805007935,-8.734455997189983],[-70.28829574584961,-8.733650061082841],[-70.28844594955444,-8.733056212310558],[-70.28870344161987,-8.732335108958821],[-70.28900384902954,-8.7318260939889],[-70.28936862945557,-8.73152916826902],[-70.29003381729126,-8.731062570231728],[-70.29076337814331,-8.730617180651763],[-70.2915358543396,-8.730299044911973],[-70.29239416122437,-8.729747608987068],[-70.2929949760437,-8.729832445336271],[-70.29363870620728,-8.729980908900913],[-70.29398202896118,-8.730171790540098],[-70.29449701309204,-8.730553553525496],[-70.29488325119019,-8.731062570231728],[-70.29554843902588,-8.731720049116078],[-70.29634237289429,-8.732186646331016],[-70.29705047607422,-8.73252598939348],[-70.29790878295898,-8.732780496487749],[-70.29863834381104,-8.732844123234173],[-70.29926061630249,-8.732738078650755],[-70.2998399734497,-8.732483571527567],[-70.3005051612854,-8.732101810517165],[-70.30123472213745,-8.731762467068819],[-70.30166387557983,-8.731656422177906],[-70.30258655548096,-8.731592795228892],[-70.30288696289062,-8.7316140042131],[-70.30357360839844,-8.7318260939889],[-70.30647039413452,-8.733204674592272],[-70.30818700790405,-8.73392577626285],[-70.30898094177246,-8.733989402813918],[-70.31011819839478,-8.733946985114414],[-70.31078338623047,-8.733862149691298],[-70.31078338623047,-8.733840940844559],[-70.31144857406616,-8.733777314268181],[-70.31200647354126,-8.733777314268181],[-70.3125,-8.733883358556113],[-70.31335830688477,-8.734053029354115],[-70.31363725662231,-8.73415907356366],[-70.31421661376953,-8.734562041284931],[-70.31421661376953,-8.734563737599894],[-70.31524658203125,-8.735283140330978],[-70.31711339950562,-8.738846197499981],[-70.31713485717773,-8.739546079727845],[-70.31730651855469,-8.740373211575445],[-70.31758546829224,-8.7410730909357],[-70.31805753707886,-8.741624510111933],[-70.31850814819336,-8.741921427791908],[-70.31876564025879,-8.74198505297828],[-70.32168388366699,-8.747541610671192]],[[-70.30404567718506,-8.747414362185864],[-70.30404567718506,-8.746862951580283],[-70.30323028564453,-8.746862951580283],[-70.30323028564453,-8.747138656985143],[-70.30295133590698,-8.747138656985143],[-70.30295133590698,-8.747965771974904],[-70.30323028564453,-8.747944563921195],[-70.30323028564453,-8.747690067182447],[-70.30378818511963,-8.747690067182447],[-70.30376672744751,-8.747414362185864],[-70.30404567718506,-8.747414362185864]],[[-70.30400276184082,-8.735474019256813],[-70.30400276184082,-8.734668085349739],[-70.30290842056274,-8.734668085349739],[-70.30290842056274,-8.734392370718524],[-70.30155658721924,-8.734392370718524],[-70.30155658721924,-8.734668085349739],[-70.30181407928467,-8.734668085349739],[-70.30183553695679,-8.734943799777142],[-70.30237197875977,-8.734943799777142],[-70.30237197875977,-8.73519830522146],[-70.30265092849731,-8.73519830522146],[-70.30265092849731,-8.735474019256813],[-70.30237197875977,-8.735474019256813],[-70.30237197875977,-8.735749733088284],[-70.30209302902222,-8.735749733088284],[-70.30209302902222,-8.7360254467159],[-70.30183553695679,-8.7360254467159],[-70.30183553695679,-8.736301160139632],[-70.30155658721924,-8.736301160139632],[-70.30155658721924,-8.736831377689157],[-70.30127763748169,-8.736831377689157],[-70.30127763748169,-8.736576873359496],[-70.30046224594116,-8.736576873359496],[-70.30046224594116,-8.7371070905169],[-70.30074119567871,-8.7371070905169],[-70.30074119567871,-8.737382803140747],[-70.30183553695679,-8.737382803140747],[-70.30183553695679,-8.7371070905169],[-70.30237197875977,-8.7371070905169],[-70.30237197875977,-8.736555664657502],[-70.30292987823486,-8.736555664657502],[-70.30292987823486,-8.736279951421977],[-70.3031873703003,-8.736279951421977],[-70.3031873703003,-8.7360254467159],[-70.30346632003784,-8.7360254467159],[-70.30346632003784,-8.735749733088284],[-70.30374526977539,-8.735749733088284],[-70.30374526977539,-8.735474019256813],[-70.30400276184082,-8.735474019256813]],[[-70.28876781463623,-8.742854596102887],[-70.28876781463623,-8.742303178747079],[-70.2879524230957,-8.742303178747079],[-70.2879524230957,-8.742578887527003],[-70.28767347335815,-8.742578887527003],[-70.28767347335815,-8.742854596102887],[-70.28876781463623,-8.742854596102887]]],[[[-70.32058954238892,-8.717827910275673],[-70.32048225402832,-8.717785490739715],[-70.32058954238892,-8.717785490739715],[-70.32058954238892,-8.717827910275673]]],[[[-70.32007455825806,-8.767688738596064],[-70.3179931640625,-8.771442345968353],[-70.31786441802979,-8.769045979538447],[-70.31747817993164,-8.767815980145073],[-70.3170919418335,-8.767200978921139],[-70.31659841537476,-8.766225457650208],[-70.31623363494873,-8.764995448918881],[-70.31606197357178,-8.76465613544893],[-70.3176498413086,-8.765313555015581],[-70.31835794448853,-8.765695281972171],[-70.31902313232422,-8.766119422575116],[-70.31947374343872,-8.766501148703796],[-70.31977415084839,-8.766904081414168],[-70.32007455825806,-8.767688738596064]]],[[[-70.32003164291382,-8.716979518641793],[-70.31975269317627,-8.716979518641793],[-70.31975269317627,-8.71670379094607],[-70.32003164291382,-8.71670379094607],[-70.32003164291382,-8.716979518641793]]],[[[-70.31975269317627,-8.71670379094607],[-70.31949520111084,-8.71670379094607],[-70.31947374343872,-8.716428063046905],[-70.31975269317627,-8.716428063046905],[-70.31975269317627,-8.71670379094607]]],[[[-70.31829357147217,-8.741094299380649],[-70.31805753707886,-8.740797381041602],[-70.31780004501343,-8.740139918163266],[-70.31829357147217,-8.741094299380649]]],[[[-70.31745672225952,-8.771357519102096],[-70.31741380691528,-8.772460266852008],[-70.31528949737549,-8.775980555058482],[-70.31421661376953,-8.777652592669797],[-70.31421661376953,-8.777698273930184],[-70.3125,-8.780327852847904],[-70.31084775924683,-8.782745352503781],[-70.31078338623047,-8.782766558571396],[-70.31078338623047,-8.782764437960266],[-70.31020402908325,-8.78293620706863],[-70.30962467193604,-8.78293620706863],[-70.30900239944458,-8.782745352503781],[-70.3084659576416,-8.782448467429873],[-70.30625581741333,-8.781070069330738],[-70.30492544174194,-8.779967347163264],[-70.30406713485718,-8.779437191108244],[-70.30374526977539,-8.779055478279517],[-70.30316591262817,-8.778228432470002],[-70.30265092849731,-8.777761892994945],[-70.30215740203857,-8.777465003932676],[-70.30149221420288,-8.777316559312467],[-70.29988288879395,-8.777210527404534],[-70.29911041259766,-8.777465003932676],[-70.29870271682739,-8.777486210302158],[-70.29831647872925,-8.776998463497776],[-70.29775857925415,-8.77638347748288],[-70.29700756072998,-8.775895729229177],[-70.29610633850098,-8.775407980334478],[-70.29574155807495,-8.775344360866185],[-70.29507637023926,-8.77530194788126],[-70.29430389404297,-8.775450393307295],[-70.29301643371582,-8.775916935688315],[-70.2924370765686,-8.776341064616702],[-70.29207229614258,-8.776680367410421],[-70.29151439666748,-8.776913637901146],[-70.29082775115967,-8.776998463497776],[-70.2898621559143,-8.776807605878076],[-70.2890682220459,-8.776722780237833],[-70.28842449188232,-8.776743986649706],[-70.28675079345703,-8.776998463497776],[-70.28612852096558,-8.777040876288837],[-70.2853775024414,-8.776977257100441],[-70.2851414680481,-8.776913637901146],[-70.28582811355591,-8.776510716052343],[-70.28655767440796,-8.775980555058482],[-70.28711557388306,-8.775450393307295],[-70.28743743896484,-8.775005056851072],[-70.28831720352173,-8.774178002014835],[-70.28870344161987,-8.773944729804796],[-70.28928279876709,-8.773711457448158],[-70.29037714004517,-8.773478184944949],[-70.29121398925781,-8.773478184944949],[-70.29312372207642,-8.773117672606205],[-70.29381036758423,-8.772926812991031],[-70.29469013214111,-8.772608713414371],[-70.29509782791138,-8.772269406898886],[-70.29537677764893,-8.77193010007332],[-70.29572010040283,-8.771272692216442],[-70.29614925384521,-8.77025476807735],[-70.2961277961731,-8.770063906990657],[-70.29595613479614,-8.769936666211692],[-70.29578447341919,-8.769957873011222],[-70.29565572738647,-8.770063906990657],[-70.29522657394409,-8.771039418181005],[-70.29494762420654,-8.77161199964273],[-70.29471158981323,-8.77188768669832],[-70.29443264007568,-8.772120960200851],[-70.29363870620728,-8.772417853537561],[-70.29301643371582,-8.772587506766257],[-70.29114961624146,-8.772926812991031],[-70.29029130935669,-8.77294801961979],[-70.28913259506226,-8.773202499070337],[-70.28848886489868,-8.77343577174679],[-70.28797388076782,-8.773753870614811],[-70.28702974319458,-8.774623339463332],[-70.2867078781128,-8.775089882883933],[-70.28621435165405,-8.775556425718108],[-70.28552770614624,-8.776065380868388],[-70.28499126434326,-8.776404683914151],[-70.28441190719604,-8.776616748160222],[-70.2820086479187,-8.775386773846265],[-70.28067827224731,-8.774856611246932],[-70.27932643890381,-8.7740931757736],[-70.27844667434692,-8.773456978346474],[-70.27812480926514,-8.772969226247326],[-70.27801752090454,-8.772651126707018],[-70.27780294418335,-8.772269406898886],[-70.27713775634766,-8.77070011023153],[-70.27685880661011,-8.770318388417792],[-70.27623653411865,-8.769851839001504],[-70.27413368225098,-8.768643049151251],[-70.27306079864502,-8.768091670018393],[-70.27175188064575,-8.767073737161496],[-70.27123689651489,-8.766819253511457],[-70.27003526687622,-8.766437527709584],[-70.26949882507324,-8.766225457650208],[-70.26906967163086,-8.765949766392026],[-70.26838302612305,-8.765462004434184],[-70.26776075363159,-8.764910620580437],[-70.26690244674683,-8.763977507579568],[-70.26662349700928,-8.76382905756796],[-70.26604413986206,-8.76368060749708],[-70.26546478271484,-8.763638193180213],[-70.26475667953491,-8.763638193180213],[-70.26402711868286,-8.7637230218091],[-70.26357650756836,-8.76382905756796],[-70.26319026947021,-8.76401992185771],[-70.2627182006836,-8.764210786049432],[-70.26233196258545,-8.764253200300956],[-70.26211738586426,-8.764168371793076],[-70.26185989379883,-8.763892679008777],[-70.26168823242188,-8.76365940033925],[-70.2614951133728,-8.763171635375286],[-70.26140928268433,-8.76221731076842],[-70.26128053665161,-8.761623507554319],[-70.26108741760254,-8.761072118006226],[-70.26080846786499,-8.760584349647374],[-70.26027202606201,-8.75992692171647],[-70.25975704193115,-8.759502774047377],[-70.25907039642334,-8.758802929335658],[-70.25842666625977,-8.757742556050829],[-70.25806188583374,-8.756915462789934],[-70.25796859161511,-8.756491311686318],[-70.25795459747314,-8.756491311686318],[-70.25795459747314,-8.756427688979059],[-70.25789022445679,-8.754794702435618],[-70.25776147842407,-8.753543448156094],[-70.25767779339597,-8.753350457402899],[-70.25748252868652,-8.752949631093571],[-70.25724649429321,-8.752525475468758],[-70.25617361068726,-8.751040926975037],[-70.25540113449097,-8.749768452124826],[-70.2536416053772,-8.7480081880787],[-70.25102376937866,-8.746566037839088],[-70.24975776672363,-8.745738919740376],[-70.24868488311768,-8.744805758654593],[-70.24744033813477,-8.743384804329224],[-70.2462387084961,-8.742218345235273],[-70.24454355239868,-8.741348800625815],[-70.24338483810425,-8.740924631787308],[-70.24190425872803,-8.740564087894967],[-70.24083137512207,-8.74016112666132],[-70.24038076400757,-8.739736956470992],[-70.24001598358154,-8.739270368704055],[-70.23988723754883,-8.739058283162365],[-70.23982286453247,-8.738803780353024],[-70.23971557617188,-8.737913019151947],[-70.23984432220459,-8.735410392959054],[-70.24003744125366,-8.73451962365057],[-70.24005889892578,-8.733819731986983],[-70.24003744125366,-8.733141047907338],[-70.23960828781128,-8.731741258093052],[-70.2395224571228,-8.73114740628192],[-70.23947954177856,-8.730150581473907],[-70.23956537246704,-8.729493099823799],[-70.23956537246704,-8.728644734692523],[-70.23943662643433,-8.727711530820585],[-70.23986577987671,-8.727817576832635],[-70.24055242538452,-8.727881204425401],[-70.24100303649902,-8.728050877953095],[-70.24214029312134,-8.72866594384432],[-70.2432131767273,-8.729153754002738],[-70.2444577217102,-8.729641563523472],[-70.2455735206604,-8.730192999605094],[-70.2464747428894,-8.73053234448102],[-70.24795532226562,-8.731274660321034],[-70.24990797042847,-8.732504780461113],[-70.25038003921509,-8.732759287569849],[-70.2510666847229,-8.733056212310558],[-70.25194644927979,-8.733586434473892],[-70.25396347045898,-8.734477206011377],[-70.25460720062256,-8.734858964590416],[-70.25522947311401,-8.735177096441063],[-70.25765419006348,-8.736131490364542],[-70.25765419006348,-8.736173907815555],[-70.25782585144043,-8.73619511653925],[-70.25909185409546,-8.736895003744422],[-70.25986433029175,-8.737531263699907],[-70.26153802871704,-8.738740154623557],[-70.26258945465088,-8.739546079727845],[-70.26550769805908,-8.742472845712712],[-70.26537895202637,-8.74329997106372],[-70.26512145996094,-8.74423313592176],[-70.26503562927246,-8.745251131282629],[-70.26503562927246,-8.746226707559273],[-70.2650785446167,-8.747032616468957],[-70.26531457901001,-8.748156644403934],[-70.26540040969849,-8.748898925142214],[-70.26533603668213,-8.748898925142214],[-70.26533603668213,-8.749704828268136],[-70.26561498641968,-8.749704828268136],[-70.26561498641968,-8.750256234664874],[-70.26587247848511,-8.750256234664874],[-70.26589393615723,-8.750531937556943],[-70.2660870552063,-8.750531937556943],[-70.2664303779602,-8.750913679685752],[-70.2664303779602,-8.751062134852361],[-70.2665376663208,-8.751062134852361],[-70.26677370071411,-8.751443876437406],[-70.26711702346802,-8.75218615062083],[-70.26752471923828,-8.752949631093571],[-70.26758561268419,-8.753098085448045],[-70.26758909225464,-8.753098085448045],[-70.26784658432007,-8.753734317724948],[-70.26797533035278,-8.754243302763214],[-70.26803970336914,-8.754794702435618],[-70.26806116104126,-8.754964363708865],[-70.2681040763855,-8.755049194316484],[-70.2682113647461,-8.755134024904748],[-70.26834011077881,-8.755155232548788],[-70.2684473991394,-8.755112817259487],[-70.26853322982788,-8.755049194316484],[-70.26857614517212,-8.75494315605394],[-70.26857614517212,-8.754794702435618],[-70.26851177215576,-8.754137264270994],[-70.26834011077881,-8.753543448156094],[-70.26801824569702,-8.752716345559747],[-70.26758909225464,-8.751931656781863],[-70.26724576950073,-8.751189382090871],[-70.26700973510742,-8.750786432352982],[-70.26724576950073,-8.750786432352982],[-70.26724576950073,-8.75051072964942],[-70.26752471923828,-8.75051072964942],[-70.26752471923828,-8.750786432352982],[-70.26861906051636,-8.750786432352982],[-70.26861906051636,-8.751337837147503],[-70.26915550231934,-8.751316629285895],[-70.26915550231934,-8.751062134852361],[-70.26943445205688,-8.751062134852361],[-70.26943445205688,-8.750786432352982],[-70.26969194412231,-8.750786432352982],[-70.26969194412231,-8.75051072964942],[-70.26997089385986,-8.75051072964942],[-70.26997089385986,-8.750235026741635],[-70.27024984359741,-8.750235026741635],[-70.27024984359741,-8.749959323629668],[-70.27050733566284,-8.749959323629668],[-70.27050733566284,-8.74968362031349],[-70.27024984359741,-8.74968362031349],[-70.27024984359741,-8.749429124763495],[-70.27078628540039,-8.749429124763495],[-70.27078628540039,-8.749153421054672],[-70.27050733566284,-8.749153421054672],[-70.27050733566284,-8.748602013024481],[-70.27024984359741,-8.748602013024481],[-70.2702283859253,-8.747796107511405],[-70.26997089385986,-8.747796107511405],[-70.26997089385986,-8.747520402593324],[-70.26969194412231,-8.747520402593324],[-70.26969194412231,-8.746990200254046],[-70.26941299438477,-8.746990200254046],[-70.26941299438477,-8.74671449473928],[-70.26913404464722,-8.74671449473928],[-70.26913404464722,-8.746438789020388],[-70.26887655258179,-8.746438789020388],[-70.26887655258179,-8.746163083097386],[-70.26859760284424,-8.746163083097386],[-70.26859760284424,-8.745632878825646],[-70.26831865310669,-8.745632878825646],[-70.26831865310669,-8.745357172306043],[-70.26803970336914,-8.745357172306043],[-70.26803970336914,-8.744848175118307],[-70.26973485946655,-8.746311540158217],[-70.27035713195801,-8.746968992144772],[-70.2710223197937,-8.747456778352472],[-70.27164459228516,-8.747880939752804],[-70.27252435684204,-8.748432348850898],[-70.27430534362793,-8.749280668945644],[-70.27557134628296,-8.749938115689503],[-70.27544260025024,-8.75038348217889],[-70.27509927749634,-8.751125758477045],[-70.27492761611938,-8.751719578449794],[-70.27492761611938,-8.752355813083483],[-70.27488470077515,-8.752610306632391],[-70.27479887008667,-8.752758761122237],[-70.27475595474243,-8.752779968901663],[-70.27434825897217,-8.752758761122237],[-70.27434825897217,-8.752398228687056],[-70.2746057510376,-8.752398228687056],[-70.2746057510376,-8.75184682546353],[-70.27488470077515,-8.75184682546353],[-70.27488470077515,-8.751040926975037],[-70.2746057510376,-8.751040926975037],[-70.2746057510376,-8.75048952174069],[-70.27432680130005,-8.75048952174069],[-70.27432680130005,-8.750213818817187],[-70.27351140975952,-8.750235026741635],[-70.27351140975952,-8.75048952174069],[-70.27325391769409,-8.75048952174069],[-70.27325391769409,-8.750235026741635],[-70.27297496795654,-8.750235026741635],[-70.27297496795654,-8.75048952174069],[-70.27243852615356,-8.75051072964942],[-70.27243852615356,-8.750765224459968],[-70.27215957641602,-8.750765224459968],[-70.27215957641602,-8.751040926975037],[-70.27160167694092,-8.751040926975037],[-70.27160167694092,-8.750765224459968],[-70.27134418487549,-8.750786432352982],[-70.27134418487549,-8.751040926975037],[-70.27106523513794,-8.751040926975037],[-70.27106523513794,-8.751316629285895],[-70.27078628540039,-8.751316629285895],[-70.27078628540039,-8.75159233139253],[-70.27052879333496,-8.75159233139253],[-70.27052879333496,-8.752143734993098],[-70.27080774307251,-8.752143734993098],[-70.27080774307251,-8.752398228687056],[-70.27106523513794,-8.752398228687056],[-70.27106523513794,-8.752949631093571],[-70.27175188064575,-8.752949631093571],[-70.27160167694092,-8.753098085448045],[-70.27143001556396,-8.753543448156094],[-70.27141006747638,-8.753996909746924],[-70.27155876159668,-8.754794702435618],[-70.27166604995728,-8.755621800411916],[-70.27166604995728,-8.756618557068194],[-70.27179479598999,-8.75761531105347],[-70.27200937271118,-8.758760514462324],[-70.27233123779297,-8.759884506971332],[-70.27239561080933,-8.760414690937779],[-70.2723741531372,-8.761390227460709],[-70.27207374572754,-8.76240817588581],[-70.27194499969482,-8.763108013811049],[-70.27196645736694,-8.763235256928624],[-70.2720308303833,-8.763320085649482],[-70.27222394943237,-8.763404914350957],[-70.2723741531372,-8.763341292826652],[-70.27245998382568,-8.763214049745386],[-70.2725887298584,-8.762535419242951],[-70.27291059494019,-8.761517471166286],[-70.2729320526123,-8.760393483593646],[-70.27286767959595,-8.759778470087326],[-70.27252435684204,-8.75863326981326],[-70.27233123779297,-8.757530481031068],[-70.27220249176025,-8.756576141945729],[-70.27220249176025,-8.755558177555955],[-70.27209520339966,-8.754794702435618],[-70.27194499969482,-8.753988810331123],[-70.27196645736694,-8.753628279087678],[-70.27205228805542,-8.753394993979313],[-70.27224540710449,-8.753204124236404],[-70.27243852615356,-8.75311929320813],[-70.27243852615356,-8.75347982494472],[-70.27325391769409,-8.75347982494472],[-70.27325391769409,-8.753204124236404],[-70.27372598648071,-8.753204124236404],[-70.27400493621826,-8.753267747494917],[-70.27460806186443,-8.75332941310423],[-70.27484178543091,-8.753310162994552],[-70.27503869109334,-8.753235312119623],[-70.2751564979601,-8.753168777968904],[-70.27522802352905,-8.753098085448045],[-70.27522915286927,-8.753098085448045],[-70.27542114257812,-8.75273755334159],[-70.27546405792236,-8.75237702088586],[-70.27546405792236,-8.751783201962098],[-70.2756142616272,-8.751295421423066],[-70.27593612670898,-8.750574353368364],[-70.2760648727417,-8.750150195036625],[-70.27870416641235,-8.751253005693826],[-70.27870416641235,-8.751295421423066],[-70.27881145477295,-8.751295421423066],[-70.27984142303467,-8.75169837060993],[-70.28007745742798,-8.751761994125872],[-70.28007745742798,-8.751825617630928],[-70.28061389923096,-8.751825617630928],[-70.28061389923096,-8.75210131936052],[-70.28115034103394,-8.75210131936052],[-70.28115034103394,-8.751889241125113],[-70.2812147140503,-8.751910448954092],[-70.28117179870605,-8.753204124236404],[-70.28108596801758,-8.753734317724948],[-70.28082847595215,-8.754794702435618],[-70.28037786483765,-8.756491311686318],[-70.28036866862114,-8.756491311686318],[-70.28005599975586,-8.75750927352243],[-70.27956247329712,-8.758378780384533],[-70.27917623519897,-8.758993796205843],[-70.27902603149414,-8.759460359253865],[-70.27900457382202,-8.759820884844558],[-70.27911186218262,-8.760202617441934],[-70.27936935424805,-8.760690386301562],[-70.27992725372314,-8.761432642034066],[-70.28016328811646,-8.761665922101074],[-70.28142929077148,-8.763214049745386],[-70.28172969818115,-8.763638193180213],[-70.28209447860718,-8.764338028789453],[-70.28230905532837,-8.76486820640396],[-70.28239488601685,-8.765419590320633],[-70.28241634368896,-8.767370634532881],[-70.28228759765625,-8.768515807885535],[-70.28237342834473,-8.768685462896798],[-70.28258800506592,-8.768749083506052],[-70.28273820877075,-8.768685462896798],[-70.28282403945923,-8.768537014766196],[-70.28295278549194,-8.767413048423705],[-70.28295278549194,-8.76537717620225],[-70.28280258178711,-8.764698549649609],[-70.28258800506592,-8.764104750399468],[-70.28218030929565,-8.763341292826652],[-70.28185844421387,-8.762874734649046],[-70.28057098388672,-8.761284191006112],[-70.28035640716553,-8.761093325311663],[-70.27981996536255,-8.760372276248276],[-70.27960538864136,-8.759990543825097],[-70.279541015625,-8.759757262706898],[-70.27956247329712,-8.759566396228578],[-70.27966976165771,-8.759227077803018],[-70.28003454208374,-8.758654477257792],[-70.2805495262146,-8.757721348554284],[-70.28093576431274,-8.756470104118435],[-70.28138637542725,-8.754794702435618],[-70.28162240982056,-8.753861564049785],[-70.2816653251648,-8.75358586362431],[-70.28209447860718,-8.754200887369961],[-70.28241634368896,-8.754794702435618],[-70.28263092041016,-8.75528247838767],[-70.2830171585083,-8.756491311686318],[-70.28300015483106,-8.756491311686318],[-70.28331756591797,-8.757530481031068],[-70.28417587280273,-8.758654477257792],[-70.28417587280273,-8.759417944455492],[-70.28445482254028,-8.759417944455492],[-70.28445482254028,-8.759142248148251],[-70.28456211090088,-8.759142248148251],[-70.28488397598267,-8.759545188836057],[-70.28529167175293,-8.760372276248276],[-70.28582811355591,-8.761093325311663],[-70.28582811355591,-8.761305398299456],[-70.28612852096558,-8.761305398299456],[-70.28636455535889,-8.761496263885036],[-70.28636455535889,-8.761581093002732],[-70.2864933013916,-8.761581093002732],[-70.28685808181763,-8.761687129372632],[-70.28775930404663,-8.761729543912125],[-70.28878927230835,-8.761941616536987],[-70.29039859771729,-8.762493004795417],[-70.29224395751953,-8.763362500002643],[-70.29541969299316,-8.764740963845455],[-70.29741525650024,-8.765970973419144],[-70.2980375289917,-8.766416320709112],[-70.29846668243408,-8.76686166746525],[-70.29876708984375,-8.767391841478897],[-70.29898166656494,-8.767858393985051],[-70.29908895492554,-8.768324945905263],[-70.29911041259766,-8.769512529967017],[-70.29917478561401,-8.769618564073596],[-70.29928207397461,-8.76968218452302],[-70.2993893623352,-8.76968218452302],[-70.29951810836792,-8.769639770891274],[-70.2996039390564,-8.769533736790763],[-70.29962539672852,-8.769448909488531],[-70.29962539672852,-8.768282532118548],[-70.29947519302368,-8.767688738596064],[-70.29926061630249,-8.767137358046767],[-70.29891729354858,-8.766564769687122],[-70.29835939407349,-8.765992180445068],[-70.29771566390991,-8.76552562559543],[-70.29565572738647,-8.764253200300956],[-70.29245853424072,-8.762874734649046],[-70.29059171676636,-8.762005238300844],[-70.28908967971802,-8.761475056602592],[-70.28908967971802,-8.761305398299456],[-70.28964757919312,-8.761284191006112],[-70.28964757919312,-8.760754008279562],[-70.28936862945557,-8.760754008279562],[-70.28936862945557,-8.760478312962945],[-70.28908967971802,-8.760478312962945],[-70.28908967971802,-8.760202617441934],[-70.28883218765259,-8.760202617441934],[-70.28883218765259,-8.759672433173066],[-70.28908967971802,-8.759672433173066],[-70.28908967971802,-8.759121040731543],[-70.28936862945557,-8.759121040731543],[-70.28936862945557,-8.758845344204175],[-70.28964757919312,-8.758845344204175],[-70.289626121521,-8.75859085492057],[-70.2901840209961,-8.758569647472399],[-70.2901840209961,-8.757763763546151],[-70.29044151306152,-8.757763763546151],[-70.29044151306152,-8.757488066012598],[-70.29072046279907,-8.757488066012598],[-70.29072046279907,-8.756682179742782],[-70.29044151306152,-8.756682179742782],[-70.29044151306152,-8.756406481407552],[-70.28934717178345,-8.756406481407552],[-70.28934717178345,-8.75613078286797],[-70.28881072998047,-8.756151990455194],[-70.28881072998047,-8.756406481407552],[-70.28827428817749,-8.756406481407552],[-70.28827428817749,-8.756682179742782],[-70.28799533843994,-8.756682179742782],[-70.28799533843994,-8.756151990455194],[-70.28853178024292,-8.756151990455194],[-70.28853178024292,-8.755049194316484],[-70.28825283050537,-8.755049194316484],[-70.28825283050537,-8.754519002701556],[-70.28771638870239,-8.754519002701556],[-70.28771638870239,-8.754243302763214],[-70.28662204742432,-8.754243302763214],[-70.28662204742432,-8.754519002701556],[-70.28634309768677,-8.754519002701556],[-70.28634309768677,-8.754794702435618],[-70.28636455535889,-8.755876291726992],[-70.28552770614624,-8.755876291726992],[-70.28552770614624,-8.756151990455194],[-70.28580665588379,-8.756151990455194],[-70.28580665588379,-8.756427688979059],[-70.28527021408081,-8.756427688979059],[-70.28527021408081,-8.756703387298586],[-70.28471231460571,-8.756703387298586],[-70.28471231460571,-8.756427688979059],[-70.28445482254028,-8.756427688979059],[-70.28445482254028,-8.757784971040266],[-70.28419733047485,-8.757784971040266],[-70.28381109237671,-8.757275990847731],[-70.28355952245646,-8.756443054755733],[-70.2831244468689,-8.755091609613032],[-70.28299570083618,-8.754794702435618],[-70.28254508972168,-8.75392518719589],[-70.28237771916564,-8.75366523995003],[-70.28200990932037,-8.753158900631979],[-70.28172969818115,-8.752801176679881],[-70.28175115585327,-8.75210131936052],[-70.28198719024658,-8.75210131936052],[-70.28198719024658,-8.752907215552852],[-70.28252363204956,-8.752907215552852],[-70.28252363204956,-8.752355813083483],[-70.28280258178711,-8.752355813083483],[-70.28280258178711,-8.75210131936052],[-70.28306007385254,-8.75210131936052],[-70.28306007385254,-8.752058903723096],[-70.28462648391724,-8.752122527177406],[-70.28636455535889,-8.75210131936052],[-70.28741598129272,-8.752037695902587],[-70.28870344161987,-8.75169837060993],[-70.28984069824219,-8.751040926975037],[-70.29035568237305,-8.750701600773638],[-70.29052734375,-8.750616769174954],[-70.29076337814331,-8.750574353368364],[-70.29106378555298,-8.750574353368364],[-70.29155731201172,-8.750680392875779],[-70.29348850250244,-8.751507499996848],[-70.29492616653442,-8.751825617630928],[-70.29629945755005,-8.752058903723096],[-70.29790878295898,-8.752016488080855],[-70.2984881401062,-8.75186803329494],[-70.29908895492554,-8.753076877686738],[-70.2991054058211,-8.753098085448045],[-70.29911041259766,-8.753098085448045],[-70.29958248138428,-8.753713109999907],[-70.30026912689209,-8.754306925844048],[-70.300612449646,-8.7546674564299],[-70.30065536499023,-8.754794702435618],[-70.30078411102295,-8.755091609613032],[-70.3008484840393,-8.75560059279448],[-70.30086994171143,-8.756491311686318],[-70.30085934215114,-8.756491311686318],[-70.30086994171143,-8.757360820928199],[-70.30093431472778,-8.75795463094967],[-70.3011703491211,-8.75873930702383],[-70.30155658721924,-8.759736055325249],[-70.3019642829895,-8.760414690937779],[-70.30237197875977,-8.760881252202893],[-70.30299425125122,-8.761305398299456],[-70.30378818511963,-8.761644714828307],[-70.30481815338135,-8.761856787501557],[-70.30623435974121,-8.761962823792814],[-70.30647039413452,-8.762683869771223],[-70.30653476715088,-8.763171635375286],[-70.30651330947876,-8.764634928346752],[-70.30636310577393,-8.767858393985051],[-70.30638456344604,-8.770530456140534],[-70.30636310577393,-8.771103038387025],[-70.30606269836426,-8.77193010007332],[-70.30591249465942,-8.772120960200851],[-70.3055477142334,-8.772417853537561],[-70.30511856079102,-8.772587506766257],[-70.30471086502075,-8.772693539994805],[-70.30211448669434,-8.77282077982909],[-70.30198574066162,-8.772905606361064],[-70.30194282531738,-8.77305405274538],[-70.3019642829895,-8.773202499070337],[-70.30205011367798,-8.773308532123266],[-70.30222177505493,-8.773350945335949],[-70.30481815338135,-8.77322370568335],[-70.30529022216797,-8.773117672606205],[-70.30582666397095,-8.77288439972989],[-70.30629873275757,-8.772502680161608],[-70.306556224823,-8.772184580221548],[-70.30687808990479,-8.771209072039497],[-70.30692100524902,-8.770530456140534],[-70.30692100524902,-8.767879600903228],[-70.30709266662598,-8.7637230218091],[-70.30707120895386,-8.76312922100034],[-70.30698537826538,-8.76257783368564],[-70.30683517456055,-8.762047652804043],[-70.3080153465271,-8.76223851800853],[-70.30930280685425,-8.762344554190918],[-70.31026840209961,-8.76257783368564],[-70.31078338623047,-8.76263003606773],[-70.31078338623047,-8.762620248123511],[-70.31110525131226,-8.762662662556536],[-70.3120493888855,-8.762938356253215],[-70.3125,-8.76312922100034],[-70.31518220901489,-8.764253200300956],[-70.31533241271973,-8.764550099926026],[-70.31556844711304,-8.76486820640396],[-70.31571865081787,-8.765186312609586],[-70.31610488891602,-8.766437527709584],[-70.31661987304688,-8.767455462309684],[-70.3169846534729,-8.768049256205046],[-70.31734943389893,-8.769194427465635],[-70.31745672225952,-8.771357519102096]],[[-70.29022693634033,-8.771590792937673],[-70.29022693634033,-8.771336312382502],[-70.28994798660278,-8.771336312382502],[-70.28994798660278,-8.771060624917553],[-70.28966903686523,-8.771060624917553],[-70.28966903686523,-8.770784937247967],[-70.2894115447998,-8.770784937247967],[-70.2894115447998,-8.770509249373703],[-70.28913259506226,-8.770530456140534],[-70.28913259506226,-8.77025476807735],[-70.2888536453247,-8.77025476807735],[-70.2888536453247,-8.769979079809545],[-70.28857469558716,-8.769979079809545],[-70.28857469558716,-8.76970339133706],[-70.28831720352173,-8.76970339133706],[-70.28831720352173,-8.769979079809545],[-70.28803825378418,-8.769979079809545],[-70.28803825378418,-8.77025476807735],[-70.28775930404663,-8.77025476807735],[-70.28775930404663,-8.770806143999053],[-70.28803825378418,-8.770784937247967],[-70.28803825378418,-8.771060624917553],[-70.28831720352173,-8.771060624917553],[-70.28831720352173,-8.771336312382502],[-70.2894115447998,-8.771336312382502],[-70.2894115447998,-8.77161199964273],[-70.29022693634033,-8.771590792937673]],[[-70.25087356567383,-8.744593676263591],[-70.25087356567383,-8.74378776207655],[-70.25031566619873,-8.74378776207655],[-70.25031566619873,-8.744063469757805],[-70.24922132492065,-8.744063469757805],[-70.24922132492065,-8.745145090229016],[-70.25031566619873,-8.745145090229016],[-70.25031566619873,-8.744614884508124],[-70.25087356567383,-8.744593676263591]]],[[[-70.31468868255615,-8.734222700074909],[-70.31421661376953,-8.733903451055278],[-70.31421661376953,-8.733904567410093],[-70.31389474868774,-8.73369247881611],[-70.31371235850206,-8.733618247783465],[-70.31348705291748,-8.733544016728573],[-70.3125,-8.73333192792957],[-70.3120493888855,-8.733247092376203],[-70.31144440174026,-8.73322647262068],[-70.31009674072266,-8.733416763463637],[-70.30900239944458,-8.733437972344149],[-70.30831575393677,-8.733395554581932],[-70.30668497085571,-8.732716869730453],[-70.30378818511963,-8.731338287324306],[-70.3029727935791,-8.731062570231728],[-70.30256509780884,-8.731041361216171],[-70.30155658721924,-8.73112619727118],[-70.3010630607605,-8.731253451317528],[-70.3005051612854,-8.731486750289747],[-70.30022621154785,-8.7316140042131],[-70.2996039390564,-8.7319957657227],[-70.29911041259766,-8.732207855281459],[-70.29863834381104,-8.732292691071194],[-70.29801607131958,-8.732250273178735],[-70.29726505279541,-8.732038183644107],[-70.29659986495972,-8.731720049116078],[-70.29584884643555,-8.731274660321034],[-70.29529094696045,-8.730702016803221],[-70.29486179351807,-8.730171790540098],[-70.29430389404297,-8.729726399896762],[-70.29381036758423,-8.729471890719026],[-70.2931022644043,-8.729302217837429],[-70.2954626083374,-8.72741460182651],[-70.29623508453369,-8.72688437089245],[-70.2965784072876,-8.726587441240355],[-70.2976942062378,-8.726608650509036],[-70.29857397079468,-8.72671469683445],[-70.29958248138428,-8.726990417139518],[-70.30020475387573,-8.72709646335646],[-70.30232906341553,-8.727032835629899],[-70.3030800819397,-8.727032835629899],[-70.30434608459473,-8.727202509543275],[-70.30698537826538,-8.7273721833795],[-70.31022548675537,-8.727647903198886],[-70.31078338623047,-8.727683101457698],[-70.31078338623047,-8.727669112407312],[-70.31127691268921,-8.727711530820585],[-70.3125,-8.730065745197052],[-70.31468868255615,-8.734222700074909]],[[-70.31189918518066,-8.731656422177906],[-70.31189918518066,-8.731380705320461],[-70.31162023544312,-8.731380705320461],[-70.31162023544312,-8.73082927099425],[-70.31136274337769,-8.73082927099425],[-70.31136274337769,-8.731104988259233],[-70.31080484390259,-8.731104988259233],[-70.31080484390259,-8.731380705320461],[-70.30971050262451,-8.731380705320461],[-70.30971050262451,-8.731656422177906],[-70.30945301055908,-8.731656422177906],[-70.30945301055908,-8.731932138831567],[-70.30917406082153,-8.731932138831567],[-70.30917406082153,-8.732207855281459],[-70.30973196029663,-8.732207855281459],[-70.30973196029663,-8.732462362592784],[-70.30998945236206,-8.732462362592784],[-70.30998945236206,-8.733289510155288],[-70.31026840209961,-8.733289510155288],[-70.31026840209961,-8.733013794504927],[-70.3108263015747,-8.733013794504927],[-70.31080484390259,-8.732462362592784],[-70.31108379364014,-8.732462362592784],[-70.31108379364014,-8.731656422177906],[-70.31189918518066,-8.731656422177906]]],[[[-70.31097650527954,-8.727138881834804],[-70.31078338623047,-8.727138881834804],[-70.31078338623047,-8.727133097497013],[-70.31026840209961,-8.727117672596236],[-70.30702829360962,-8.726820743129736],[-70.30438899993896,-8.72665106904283],[-70.30312299728394,-8.72650260415351],[-70.30235052108765,-8.726481394878789],[-70.30232906341553,-8.72599358122757],[-70.30370235443115,-8.72597237192393],[-70.30370235443115,-8.72516641749256],[-70.3034234046936,-8.72516641749256],[-70.3034234046936,-8.724890695840273],[-70.30288696289062,-8.724890695840273],[-70.30288696289062,-8.724360461321268],[-70.30260801315308,-8.724360461321268],[-70.30260801315308,-8.724084739073788],[-70.30232906341553,-8.724084739073788],[-70.30232906341553,-8.724360461321268],[-70.3020715713501,-8.724360461321268],[-70.3020715713501,-8.72463618336512],[-70.30179262161255,-8.72463618336512],[-70.30179262161255,-8.72516641749256],[-70.301513671875,-8.72516641749256],[-70.301513671875,-8.72544213894119],[-70.30125617980957,-8.72544213894119],[-70.30125617980957,-8.72599358122757],[-70.30179262161255,-8.72599358122757],[-70.30179262161255,-8.72650260415351],[-70.30022621154785,-8.726566231970452],[-70.29988288879395,-8.72650260415351],[-70.29988288879395,-8.72599358122757],[-70.29934644699097,-8.72599358122757],[-70.29934644699097,-8.72626930206529],[-70.29906749725342,-8.72626930206529],[-70.29906749725342,-8.726290511352047],[-70.29865980148315,-8.72618446490614],[-70.29775857925415,-8.726057209131284],[-70.29709339141846,-8.726057209131284],[-70.29752254486084,-8.725463348274971],[-70.2976942062378,-8.725463348274971],[-70.2976942062378,-8.725187626841986],[-70.29797315597534,-8.725187626841986],[-70.29799461364746,-8.72463618336512],[-70.29878854751587,-8.72463618336512],[-70.29878854751587,-8.724360461321268],[-70.29825210571289,-8.724360461321268],[-70.29825210571289,-8.724275623728346],[-70.29947519302368,-8.722812172216322],[-70.29996871948242,-8.722387982300134],[-70.30290842056274,-8.720606379390858],[-70.30380964279175,-8.72020339660196],[-70.30475378036499,-8.719673155427884],[-70.30567646026611,-8.71927017163226],[-70.30649185180664,-8.719058074723108],[-70.3079080581665,-8.718952026223391],[-70.30683517456055,-8.71927017163226],[-70.31097650527954,-8.727138881834804]],[[-70.301513671875,-8.724084739073788],[-70.301513671875,-8.72380901662271],[-70.30069828033447,-8.72380901662271],[-70.30069828033447,-8.724084739073788],[-70.30041933059692,-8.724084739073788],[-70.30041933059692,-8.724360461321268],[-70.30069828033447,-8.724360461321268],[-70.30069828033447,-8.72463618336512],[-70.30097723007202,-8.72463618336512],[-70.30097723007202,-8.724360461321268],[-70.30123472213745,-8.724360461321268],[-70.30123472213745,-8.724084739073788],[-70.301513671875,-8.724084739073788]],[[-70.30097723007202,-8.72544213894119],[-70.30097723007202,-8.724911905205374],[-70.30041933059692,-8.724911905205374],[-70.30041933059692,-8.72516641749256],[-70.3001618385315,-8.725187626841986],[-70.3001618385315,-8.724911905205374],[-70.29988288879395,-8.724911905205374],[-70.29988288879395,-8.725187626841986],[-70.2996039390564,-8.725187626841986],[-70.2996039390564,-8.72544213894119],[-70.30097723007202,-8.72544213894119]]],[[[-70.31035423278809,-8.783445152094714],[-70.30816555023193,-8.786477601726602],[-70.30651330947876,-8.786138307895271],[-70.3046464920044,-8.786117102020512],[-70.30372381210327,-8.786180719641166],[-70.30312299728394,-8.786286748984693],[-70.30220031738281,-8.786604836833291],[-70.30181407928467,-8.786604836833291],[-70.30174970626831,-8.786583630985206],[-70.301513671875,-8.786074690267327],[-70.30125617980957,-8.785480925213363],[-70.30104160308838,-8.784759923512198],[-70.30065536499023,-8.78293620706863],[-70.2999472618103,-8.779924934706742],[-70.2996039390564,-8.779055478279517],[-70.2990460395813,-8.778016369144964],[-70.29956102371216,-8.777910337436992],[-70.2999472618103,-8.777740686641238],[-70.30144929885864,-8.777867924745337],[-70.30194282531738,-8.77797395646543],[-70.30232906341553,-8.778207226142953],[-70.30275821685791,-8.778588939844397],[-70.30331611633301,-8.779394778591126],[-70.30370235443115,-8.779840109779158],[-70.30460357666016,-8.780391471461769],[-70.30595541000366,-8.781515398507537],[-70.30818700790405,-8.782915001010721],[-70.30876636505127,-8.783233091752052],[-70.30953884124756,-8.783487564148686],[-70.31035423278809,-8.783445152094714]],[[-70.30526876449585,-8.784569069886018],[-70.30526876449585,-8.784038920408932],[-70.30417442321777,-8.784038920408932],[-70.30417442321777,-8.784844747314509],[-70.3049898147583,-8.784844747314509],[-70.3049898147583,-8.784569069886018],[-70.30526876449585,-8.784569069886018]]],[[[-70.30782222747803,-8.786944130237586],[-70.30550479888916,-8.78997655124516],[-70.30535459518433,-8.78978570030506],[-70.30473232269287,-8.789340381062559],[-70.30389547348022,-8.788831444130139],[-70.30273675918579,-8.788068037420999],[-70.30239343643188,-8.787686333476728],[-70.30205011367798,-8.787134982641035],[-70.30230760574341,-8.787134982641035],[-70.30327320098877,-8.78681689524737],[-70.30380964279175,-8.786710866055486],[-70.30466794967651,-8.786668454370258],[-70.30647039413452,-8.786668454370258],[-70.30782222747803,-8.786944130237586]]],[[[-70.30516147613525,-8.790400664093426],[-70.30372381210327,-8.792181932754687],[-70.30170679092407,-8.79459935509476],[-70.29964685440063,-8.796974351149586],[-70.29786586761475,-8.798946434510697],[-70.2976942062378,-8.79814063827763],[-70.29750108718872,-8.797525687340752],[-70.29707193374634,-8.79485381968638],[-70.2969217300415,-8.794366095732187],[-70.29653549194336,-8.793602700427485],[-70.2949047088623,-8.790973215668515],[-70.29391765594482,-8.788895061284904],[-70.29348850250244,-8.78825888924571],[-70.2929949760437,-8.787919597044947],[-70.2909779548645,-8.78673207189631],[-70.28870344161987,-8.785671778370116],[-70.28724431991577,-8.78526886603504],[-70.28520584106445,-8.784993188921888],[-70.28385400772095,-8.784738717558582],[-70.2831244468689,-8.784378216161585],[-70.28275966644287,-8.784038920408932],[-70.28235197067261,-8.783593594262385],[-70.28207302093506,-8.782915001010721],[-70.2819013595581,-8.782003139373401],[-70.2814507484436,-8.777719480286322],[-70.28138637542725,-8.77587452276883],[-70.28134346008301,-8.775683664571119],[-70.28179407119751,-8.77587452276883],[-70.284583568573,-8.777316559312467],[-70.28529167175293,-8.777528623037455],[-70.28610706329346,-8.777592242131306],[-70.28681516647339,-8.777549829403284],[-70.28846740722656,-8.777295352933308],[-70.2890682220459,-8.777252940171351],[-70.28979778289795,-8.777337765690433],[-70.29080629348755,-8.777528623037455],[-70.2916431427002,-8.777443797562],[-70.29235124588013,-8.777146908245243],[-70.29275894165039,-8.77676519306037],[-70.29327392578125,-8.776404683914151],[-70.2944540977478,-8.775959348602967],[-70.2951192855835,-8.775832109844487],[-70.29569864273071,-8.77587452276883],[-70.29595613479614,-8.775916935688315],[-70.29672861099243,-8.776341064616702],[-70.29739379882812,-8.776786399469827],[-70.29790878295898,-8.777358972067162],[-70.2983808517456,-8.77795275012383],[-70.29878854751587,-8.778652558756448],[-70.29911041259766,-8.779288747277064],[-70.29943227767944,-8.780094584503729],[-70.30014038085938,-8.783042237339998],[-70.30052661895752,-8.784908365153527],[-70.30074119567871,-8.785650572468668],[-70.30102014541626,-8.786307954849761],[-70.3016209602356,-8.787474275560058],[-70.3019642829895,-8.788025625891052],[-70.30237197875977,-8.788492152453543],[-70.30361652374268,-8.78929796967823],[-70.3044319152832,-8.78978570030506],[-70.3049898147583,-8.79018860772996],[-70.30516147613525,-8.790400664093426]]],[[[-70.29840230941772,-8.654850818784752],[-70.29833793640137,-8.655508431401572],[-70.29818773269653,-8.655932696996217],[-70.29741525650024,-8.65686607962094],[-70.29617071151733,-8.658160083521139],[-70.2959132194519,-8.658690411702807],[-70.29580593109131,-8.659072247530787],[-70.29563426971436,-8.659326804534103],[-70.29518365859985,-8.659814704975744],[-70.29453992843628,-8.660323817805434],[-70.29269456863403,-8.661660235704915],[-70.29224395751953,-8.662084494362546],[-70.29183626174927,-8.662402688041695],[-70.29084920883179,-8.662975435985729],[-70.29014110565186,-8.663526970218498],[-70.2898621559143,-8.661893578025825],[-70.28984069824219,-8.66085414293697],[-70.29001235961914,-8.659793491926237],[-70.29026985168457,-8.659284378378857],[-70.29095649719238,-8.658541919887298],[-70.29224395751953,-8.657311556875726],[-70.2926516532898,-8.656675160636027],[-70.29327392578125,-8.65527508512065],[-70.29361724853516,-8.65404471142908],[-70.29363870620728,-8.652984041225963],[-70.29348850250244,-8.65198700851046],[-70.29331684112549,-8.65130817621477],[-70.29275894165039,-8.650120216752796],[-70.29269456863403,-8.650056575961585],[-70.29256582260132,-8.650014148761471],[-70.29245853424072,-8.650014148761471],[-70.29235124588013,-8.650077789559859],[-70.29226541519165,-8.650205071124361],[-70.29226541519165,-8.650353566228574],[-70.29280185699463,-8.65147788440342],[-70.29295206069946,-8.652093075946112],[-70.2931022644043,-8.653047681522438],[-70.29308080673218,-8.6539598579228],[-70.29278039932251,-8.655084165328674],[-70.29217958450317,-8.656399388597947],[-70.29183626174927,-8.656950932472043],[-70.29057025909424,-8.658160083521139],[-70.28984069824219,-8.65894496896452],[-70.28949737548828,-8.659623787486993],[-70.28930425643921,-8.660811716953958],[-70.28932571411133,-8.661936003886808],[-70.28969049453735,-8.663993652399014],[-70.28868198394775,-8.665584610024709],[-70.28790950775146,-8.666624032037234],[-70.28745889663696,-8.66702707245247],[-70.28679370880127,-8.667260411442712],[-70.28621435165405,-8.667557388129879],[-70.28565645217896,-8.667918002363109],[-70.28421878814697,-8.668936205389187],[-70.2834677696228,-8.669424093361528],[-70.28194427490234,-8.670293805132431],[-70.28151512145996,-8.670505929649224],[-70.28057098388672,-8.670696841611942],[-70.28033494949341,-8.670802903771545],[-70.28149366378784,-8.667918002363109],[-70.28209447860718,-8.666220991189846],[-70.28211044708979,-8.666220991189846],[-70.28226613998413,-8.665393695465085],[-70.28226613998413,-8.664142142062246],[-70.28222322463989,-8.663357267463809],[-70.28170824050903,-8.659857131071192],[-70.28149366378784,-8.659178312969757],[-70.28104305267334,-8.658478280519844],[-70.28037786483765,-8.657523688716466],[-70.2800989151001,-8.656950932472043],[-70.28003454208374,-8.656123616357775],[-70.2800989151001,-8.655508431401572],[-70.28031349182129,-8.654893245439865],[-70.28147220611572,-8.653132535234306],[-70.2820086479187,-8.652093075946112],[-70.2820086479187,-8.65147788440342],[-70.28293132781982,-8.650671769826175],[-70.28342485427856,-8.650183857533264],[-70.28396129608154,-8.649611090121994],[-70.28432607650757,-8.649335312909614],[-70.28494834899902,-8.649017108182889],[-70.28606414794922,-8.648253415742033],[-70.28647184371948,-8.647829141494768],[-70.2869439125061,-8.647150301705281],[-70.29599905014038,-8.64568654924716],[-70.29595613479614,-8.64653510208953],[-70.29572010040283,-8.648465552686474],[-70.29574155807495,-8.649017108182889],[-70.29582738876343,-8.649738371844208],[-70.29604196548462,-8.650438420547559],[-70.29632091522217,-8.650947546059939],[-70.29694318771362,-8.651796087050997],[-70.2976942062378,-8.652474918467078],[-70.29795169830322,-8.652877974041303],[-70.29829502105713,-8.653556803506802],[-70.29840230941772,-8.654065924802666],[-70.29840230941772,-8.654850818784752]]],[[[-70.29823064804077,-8.72342724673895],[-70.29812335968018,-8.723554503410242],[-70.2976942062378,-8.723554503410242],[-70.2976942062378,-8.723278780567625],[-70.29823064804077,-8.723278780567625],[-70.29823064804077,-8.72342724673895]]],[[[-70.297372341156,-8.79947656265476],[-70.2953553199768,-8.801597067637687],[-70.29314517974854,-8.803844789652587],[-70.29089212417603,-8.806050088545533],[-70.28934717178345,-8.807492007635332],[-70.28702974319458,-8.809612466670956],[-70.28464794158936,-8.811669300315202],[-70.28222322463989,-8.813704918219372],[-70.28037786483765,-8.815189215871882],[-70.27977705001831,-8.815231624288629],[-70.27878999710083,-8.815231624288629],[-70.27776002883911,-8.815189215871882],[-70.2757215499878,-8.814828744133052],[-70.27531385421753,-8.814637906011285],[-70.27426242828369,-8.813959369668964],[-70.2731466293335,-8.813556488126167],[-70.26994943618774,-8.812644701960068],[-70.26902675628662,-8.812538680166838],[-70.26793241500854,-8.81245386271037],[-70.2672028541565,-8.812538680166838],[-70.26655912399292,-8.812687110668833],[-70.26520729064941,-8.813174810469931],[-70.26447772979736,-8.813514079517162],[-70.26288986206055,-8.813980573948527],[-70.26203155517578,-8.81404418677991],[-70.26095867156982,-8.814022982504],[-70.25851249694824,-8.81357769242885],[-70.2572250366211,-8.813450466594531],[-70.25780439376831,-8.812559884527928],[-70.25872707366943,-8.811605687075044],[-70.25986433029175,-8.811054371868323],[-70.26040077209473,-8.810842327339103],[-70.26119470596313,-8.810778713956608],[-70.26185989379883,-8.810778713956608],[-70.26276111602783,-8.810693896096268],[-70.26432752609253,-8.810312215483862],[-70.26533603668213,-8.81012137502988],[-70.26683807373047,-8.809612466670956],[-70.26758909225464,-8.80944283039564],[-70.26825428009033,-8.809379216772314],[-70.26898384094238,-8.809209580389975],[-70.26971340179443,-8.808955125670522],[-70.27055025100708,-8.80855223867323],[-70.27215957641602,-8.808106942007598],[-70.2740478515625,-8.807788872632372],[-70.27509927749634,-8.807661644805677],[-70.27642965316772,-8.807598030875909],[-70.27767419815063,-8.807492007635332],[-70.27784585952759,-8.807385984364345],[-70.27788877487183,-8.807216347067538],[-70.27782440185547,-8.807046709692912],[-70.27767419815063,-8.806961890976424],[-70.2750563621521,-8.80711032371751],[-70.27398347854614,-8.807237551733905],[-70.27205228805542,-8.807576826230232],[-70.27035713195801,-8.808043328154426],[-70.26952028274536,-8.80844621570624],[-70.26881217956543,-8.808679466193496],[-70.26814699172974,-8.808849102819053],[-70.26748180389404,-8.808912716533584],[-70.26670932769775,-8.809103557611493],[-70.26520729064941,-8.809591262140799],[-70.26422023773193,-8.80978210286844],[-70.26267528533936,-8.810163784028163],[-70.26181697845459,-8.810248602010148],[-70.26117324829102,-8.810248602010148],[-70.26027202606201,-8.810312215483862],[-70.25967121124268,-8.810545464793819],[-70.25900602340698,-8.810863531797494],[-70.25838375091553,-8.811181598527483],[-70.25739669799805,-8.812220614604698],[-70.25649547576904,-8.813556488126167],[-70.25591611862183,-8.813726122513529],[-70.25462865829468,-8.81419261667719],[-70.25188207626343,-8.815358849509664],[-70.25074481964111,-8.81563450400489],[-70.24999380111694,-8.815719320731276],[-70.24930715560913,-8.815719320731276],[-70.24874925613403,-8.815528483069528],[-70.24821281433105,-8.815210420080874],[-70.2475905418396,-8.814722722966465],[-70.24701118469238,-8.814150208141186],[-70.24653911590576,-8.813747326806464],[-70.24572372436523,-8.813259627760928],[-70.24531602859497,-8.812941562819276],[-70.24486541748047,-8.812496271441034],[-70.24409294128418,-8.811605687075044],[-70.24349212646484,-8.811033167420888],[-70.2431058883667,-8.810863531797494],[-70.24233341217041,-8.81056666926925],[-70.24168968200684,-8.81035462446026],[-70.24096012115479,-8.810184988525492],[-70.24016618728638,-8.809760898348003],[-70.24014472961426,-8.80903994392979],[-70.24031639099121,-8.807173937731179],[-70.24031639099121,-8.80611370274157],[-70.24001598358154,-8.805095874292093],[-70.23932933807373,-8.803357077545229],[-70.24010181427002,-8.803611536116236],[-70.24171113967896,-8.804014428495748],[-70.24231195449829,-8.80407804304187],[-70.24308443069458,-8.80405683819437],[-70.24374961853027,-8.80392960908388],[-70.24447917938232,-8.803717560469181],[-70.2452301979065,-8.803399487319211],[-70.24589538574219,-8.803145028602358],[-70.24641036987305,-8.802996594270027],[-70.24698972702026,-8.802890569710485],[-70.24741888046265,-8.802890569710485],[-70.2480411529541,-8.803123823701384],[-70.25059461593628,-8.804777802327251],[-70.25254726409912,-8.805859245891781],[-70.25323390960693,-8.806028883811095],[-70.25394201278687,-8.806050088545533],[-70.25458574295044,-8.805944064861166],[-70.25570154190063,-8.805477560288878],[-70.25739669799805,-8.804586959017058],[-70.25778293609619,-8.804459730088908],[-70.25883436203003,-8.804417320436457],[-70.25945663452148,-8.804353705948671],[-70.25990724563599,-8.804247681778065],[-70.26057243347168,-8.804141657577063],[-70.26136636734009,-8.804141657577063],[-70.26207447052002,-8.804268886614608],[-70.26258945465088,-8.804459730088908],[-70.2631688117981,-8.804777802327251],[-70.26374816894531,-8.804820211938363],[-70.26443481445312,-8.804714187901453],[-70.26501417160034,-8.804459730088908],[-70.26512145996094,-8.804353705948671],[-70.26516437530518,-8.804205272101314],[-70.2650785446167,-8.804035633345677],[-70.26488542556763,-8.803950813938684],[-70.26428461074829,-8.804184067261104],[-70.2637267112732,-8.804268886614608],[-70.26331901550293,-8.804247681778065],[-70.26280403137207,-8.803972018792237],[-70.26220321655273,-8.80373876533612],[-70.26140928268433,-8.803590331242006],[-70.26052951812744,-8.803611536116236],[-70.25979995727539,-8.803717560469181],[-70.25934934616089,-8.803823584791715],[-70.25881290435791,-8.803887199370664],[-70.2576756477356,-8.80392960908388],[-70.25716066360474,-8.804099247888146],[-70.25546550750732,-8.80498985033421],[-70.2544355392456,-8.805413945983446],[-70.25392055511475,-8.805498765054935],[-70.25327682495117,-8.805498765054935],[-70.25276184082031,-8.80537153644039],[-70.25089502334595,-8.804332501116974],[-70.24829864501953,-8.802636110643618],[-70.24750471115112,-8.802360446457016],[-70.24694681167603,-8.802360446457016],[-70.24626016616821,-8.80248767610712],[-70.24572372436523,-8.802636110643618],[-70.2450156211853,-8.802890569710485],[-70.24430751800537,-8.803208643297992],[-70.24364233016968,-8.803399487319211],[-70.24304151535034,-8.803505511732936],[-70.24235486984253,-8.803526716612026],[-70.24179697036743,-8.80348430685261],[-70.24025201797485,-8.803102618799187],[-70.23950099945068,-8.802848159878167],[-70.23894309997559,-8.802381651401731],[-70.2385139465332,-8.801363812684329],[-70.23821353912354,-8.799837049359013],[-70.23797750473022,-8.798861613937177],[-70.23769855499268,-8.798310279735617],[-70.23746252059937,-8.797928586345833],[-70.23641109466553,-8.796783503815206],[-70.23508071899414,-8.795871676304259],[-70.23475885391235,-8.795511185738732],[-70.23435115814209,-8.794917435806951],[-70.23398637771606,-8.794090425386997],[-70.23366451263428,-8.792351576942409],[-70.23353576660156,-8.791354916227036],[-70.23332118988037,-8.790252224651752],[-70.23325681686401,-8.789467615186453],[-70.2332353591919,-8.788831444130139],[-70.23308515548706,-8.788152860466326],[-70.23272037506104,-8.7875166871531],[-70.23229122161865,-8.787177394272902],[-70.2317762374878,-8.786901718579045],[-70.2311110496521,-8.786307954849761],[-70.23053169250488,-8.785586954757022],[-70.23003816604614,-8.78467509969046],[-70.22924423217773,-8.782808970702973],[-70.22907257080078,-8.782193994320224],[-70.22881507873535,-8.78117610013561],[-70.22857904434204,-8.779394778591126],[-70.22810697555542,-8.777634654854495],[-70.22778511047363,-8.776722780237833],[-70.22765636444092,-8.776001761512774],[-70.2276349067688,-8.77587452276883],[-70.22806406021118,-8.77587452276883],[-70.22806406021118,-8.775598838673957],[-70.22834300994873,-8.775598838673957],[-70.22834300994873,-8.775344360866185],[-70.22860050201416,-8.775344360866185],[-70.22860050201416,-8.77506867637753],[-70.22778511047363,-8.77506867637753],[-70.22778511047363,-8.775344360866185],[-70.22761344909668,-8.775344360866185],[-70.22776365280151,-8.773605424510322],[-70.22793531417847,-8.773181292456115],[-70.22821426391602,-8.772608713414371],[-70.2285361289978,-8.772248200231374],[-70.22885799407959,-8.772036133489607],[-70.22930860519409,-8.771824066626749],[-70.23018836975098,-8.77152717281524],[-70.2310037612915,-8.771187865311433],[-70.23241996765137,-8.770530456140534],[-70.23265600204468,-8.770382008747319],[-70.23269891738892,-8.770509249373703],[-70.23291349411011,-8.770806143999053],[-70.23338556289673,-8.771166658582132],[-70.23480176925659,-8.772036133489607],[-70.23505926132202,-8.772269406898886],[-70.23544549942017,-8.77277836655584],[-70.23568153381348,-8.773202499070337],[-70.23576736450195,-8.7735630113267],[-70.23578882217407,-8.774220415128198],[-70.2357029914856,-8.774220415128198],[-70.23568153381348,-8.773944729804796],[-70.2351450920105,-8.77396593637539],[-70.2351450920105,-8.775047469869932],[-70.2357029914856,-8.775047469869932],[-70.2357029914856,-8.774771785160766],[-70.23578882217407,-8.774771785160766],[-70.23578882217407,-8.775153502395852],[-70.23550987243652,-8.776616748160222],[-70.23512363433838,-8.778801002842172],[-70.23505926132202,-8.779394778591126],[-70.23510217666626,-8.780115790722903],[-70.23527383804321,-8.780709564367427],[-70.23561716079712,-8.781324543211525],[-70.23673295974731,-8.782766558571396],[-70.23799896240234,-8.78408133239499],[-70.2387285232544,-8.784696305647714],[-70.23945808410645,-8.785226454184823],[-70.24003744125366,-8.7854173074726],[-70.2409815788269,-8.785608160662122],[-70.2416467666626,-8.785968660863162],[-70.24237632751465,-8.786541219285397],[-70.24312734603882,-8.787219805899909],[-70.24482250213623,-8.789043501270243],[-70.24615287780762,-8.790124990797267],[-70.24686098098755,-8.790506692229641],[-70.24709701538086,-8.792054699562925],[-70.24722576141357,-8.793072563873494],[-70.2472472190857,-8.793729933087533],[-70.2472472190857,-8.795362748345028],[-70.24729013442993,-8.795977702874396],[-70.24744033813477,-8.796423014137403],[-70.24819135665894,-8.7972500193478],[-70.2487063407898,-8.797483276893658],[-70.25001525878906,-8.79778014992128],[-70.25059461593628,-8.797928586345833],[-70.25102376937866,-8.798119433089909],[-70.25183916091919,-8.798861613937177],[-70.25254726409912,-8.799688613699786],[-70.25306224822998,-8.80011271542537],[-70.25385618209839,-8.800430791400629],[-70.25432825088501,-8.800494406562876],[-70.25591611862183,-8.800494406562876],[-70.25726795196533,-8.800197535712158],[-70.25789022445679,-8.799943074793447],[-70.2580189704895,-8.799773434083775],[-70.2580189704895,-8.799646203500487],[-70.25797605514526,-8.799540177981015],[-70.25786876678467,-8.799455357543565],[-70.25776147842407,-8.79943415243116],[-70.25709629058838,-8.79966740860074],[-70.25585174560547,-8.79996427987669],[-70.25437116622925,-8.79996427987669],[-70.2539849281311,-8.799900664623323],[-70.25336265563965,-8.79966740860074],[-70.25293350219727,-8.799306921731258],[-70.25222539901733,-8.79847992111587],[-70.25130271911621,-8.79767412386731],[-70.25076627731323,-8.797419661213908],[-70.25012254714966,-8.7972500193478],[-70.24885654449463,-8.796974351149586],[-70.24853467941284,-8.796825914342463],[-70.24791240692139,-8.79612614002157],[-70.24782657623291,-8.795871676304259],[-70.24778366088867,-8.79534154299823],[-70.24778366088867,-8.793708727647228],[-70.24776220321655,-8.793030152916387],[-70.24744033813477,-8.790718748411038],[-70.24851322174072,-8.791058038048845],[-70.24939298629761,-8.791227682751227],[-70.25012254714966,-8.79143973851997],[-70.25087356567383,-8.791779027497483],[-70.25168895721436,-8.79252122105244],[-70.25306224822998,-8.794090425386997],[-70.2535343170166,-8.79455694431249],[-70.25428533554077,-8.795235516245938],[-70.25568008422852,-8.796210961221817],[-70.25634527206421,-8.79650783526965],[-70.25718212127686,-8.796719888015218],[-70.25874853134155,-8.796910735382397],[-70.2595853805542,-8.79720760886913],[-70.2600359916687,-8.797525687340752],[-70.26063680648804,-8.798119433089909],[-70.26072263717651,-8.798161843464143],[-70.26085138320923,-8.798183048649406],[-70.26098012924194,-8.798119433089909],[-70.2610445022583,-8.798034612326902],[-70.26108741760254,-8.797886175944882],[-70.26102304458618,-8.797737739503333],[-70.26040077209473,-8.797122787897209],[-70.25979995727539,-8.796719888015218],[-70.25885581970215,-8.796380603564003],[-70.25726795196533,-8.796189755923578],[-70.25651693344116,-8.795998908184771],[-70.25593757629395,-8.795744444380034],[-70.25460720062256,-8.794811408933242],[-70.25389909744263,-8.79417524705353],[-70.25344848632812,-8.793708727647228],[-70.2520751953125,-8.792139521695617],[-70.25113105773926,-8.791312505073293],[-70.25029420852661,-8.790909598870542],[-70.2495002746582,-8.79069754279837],[-70.24864196777344,-8.790527897853238],[-70.24791240692139,-8.790315841562602],[-70.24707555770874,-8.790018962551812],[-70.2464747428894,-8.78970087763345],[-70.24518728256226,-8.788640592600274],[-70.24351358413696,-8.786838101082111],[-70.24274110794067,-8.786138307895271],[-70.24196863174438,-8.785523337034476],[-70.24117469787598,-8.78509921860504],[-70.24016618728638,-8.784887159208395],[-70.23969411849976,-8.784738717558582],[-70.23905038833618,-8.784272186272233],[-70.23838520050049,-8.7836996243458],[-70.23711919784546,-8.782406055257056],[-70.23608922958374,-8.781048863166134],[-70.23578882217407,-8.780518708656771],[-70.23563861846924,-8.779988553389714],[-70.235595703125,-8.779415984850289],[-70.23566007614136,-8.778864621717872],[-70.23602485656738,-8.776722780237833],[-70.23632526397705,-8.775217121896858],[-70.23630380630493,-8.773478184944949],[-70.23617506027222,-8.773011639498776],[-70.23591756820679,-8.772481473507412],[-70.23544549942017,-8.77188768669832],[-70.23510217666626,-8.771590792937673],[-70.23370742797852,-8.770721316987462],[-70.23329973220825,-8.770403215521426],[-70.23319244384766,-8.770233561294788],[-70.2331280708313,-8.77002149340251],[-70.23329973220825,-8.76974580496153],[-70.23336410522461,-8.769448909488531],[-70.23334264755249,-8.769024772686848],[-70.23321390151978,-8.768515807885535],[-70.23272037506104,-8.767646324736702],[-70.23252725601196,-8.767116151086213],[-70.23241996765137,-8.766458734708877],[-70.23237705230713,-8.765037863080849],[-70.23224830627441,-8.764401650143142],[-70.23218393325806,-8.76368060749708],[-70.23220539093018,-8.76060555698065],[-70.23250579833984,-8.75994812908722],[-70.23325681686401,-8.759269492623147],[-70.2339220046997,-8.75994812908722],[-70.2341365814209,-8.760245032150763],[-70.23437261581421,-8.760775215603132],[-70.23490905761719,-8.762111274549753],[-70.23544549942017,-8.763086806620564],[-70.23568153381348,-8.76368060749708],[-70.23617506027222,-8.765546832646763],[-70.23643255233765,-8.76624666466158],[-70.23720502853394,-8.769894252609035],[-70.23759126663208,-8.770933384480088],[-70.23776292800903,-8.771039418181005],[-70.2379560470581,-8.770997004704284],[-70.2380633354187,-8.770890970991275],[-70.2380633354187,-8.77070011023153],[-70.2377200126648,-8.769724598149907],[-70.2369475364685,-8.766119422575116],[-70.2367115020752,-8.765398383262038],[-70.23619651794434,-8.763510950200583],[-70.23591756820679,-8.76285352744523],[-70.23540258407593,-8.761899202021695],[-70.23486614227295,-8.760563142312932],[-70.23460865020752,-8.759969336456763],[-70.23432970046997,-8.759608811009997],[-70.23372888565063,-8.758993796205843],[-70.23366451263428,-8.758866551636615],[-70.23366451263428,-8.75873930702383],[-70.23435115814209,-8.757318405890373],[-70.2345053144134,-8.756491311686318],[-70.23450136184692,-8.756491311686318],[-70.23465156555176,-8.755706630869625],[-70.23467302322388,-8.754794702435618],[-70.23490905761719,-8.753098085448045],[-70.23490905761719,-8.752355813083483],[-70.23488759994507,-8.752228566243758],[-70.23454427719116,-8.75169837060993],[-70.23430824279785,-8.751507499996848],[-70.23375034332275,-8.751422668581839],[-70.23314952850342,-8.751422668581839],[-70.23274183273315,-8.751316629285895],[-70.23237705230713,-8.75108334272845],[-70.23196935653687,-8.750701600773638],[-70.23160457611084,-8.750128987107345],[-70.23136854171753,-8.749386708821575],[-70.23134708404541,-8.748644429055801],[-70.23151874542236,-8.74289701278876],[-70.23147583007812,-8.74151846802603],[-70.2311110496521,-8.739206743054226],[-70.23104667663574,-8.736513247249931],[-70.23093938827515,-8.735707315589025],[-70.2304458618164,-8.734943799777142],[-70.23005962371826,-8.734583250100314],[-70.22855758666992,-8.733628852214409],[-70.22802114486694,-8.733183465698502],[-70.22787094116211,-8.7329925856003],[-70.22759199142456,-8.732483571527567],[-70.22709846496582,-8.731444332305642],[-70.2267336845398,-8.731020152199406],[-70.22632598876953,-8.73061718042269],[-70.22632598876953,-8.730617180651763],[-70.22589683532715,-8.730192999605094],[-70.22503852844238,-8.72885682615616],[-70.224609375,-8.728050877953095],[-70.22409439086914,-8.727054044873299],[-70.22327275227278,-8.726059888681053],[-70.22289276123047,-8.725611813577615],[-70.22289276123047,-8.725600111779894],[-70.22284984588623,-8.725548185597987],[-70.22239923477173,-8.724827067737749],[-70.22199153900146,-8.724275623728346],[-70.2215838432312,-8.723660550603185],[-70.22070407867432,-8.722621286813663],[-70.21993160247803,-8.722069839546776],[-70.2180004119873,-8.720882104206467],[-70.2172064781189,-8.720330654371736],[-70.21677732467651,-8.719927671285376],[-70.21639108657837,-8.719376220041667],[-70.21594047546387,-8.718888397109097],[-70.21536111831665,-8.718464202736925],[-70.21647691726685,-8.718527831923453],[-70.21860122680664,-8.71899444562689],[-70.22063970565796,-8.719779203722922],[-70.22229194641113,-8.720712427420949],[-70.22292902778834,-8.72104580639914],[-70.224609375,-8.721751696522418],[-70.2252745628357,-8.722006210963585],[-70.22632598876953,-8.722345563282019],[-70.22632598876953,-8.722353862251245],[-70.22924423217773,-8.723278780567625],[-70.22924423217773,-8.723512084524629],[-70.2289867401123,-8.723512084524629],[-70.2289867401123,-8.72378780719498],[-70.22870779037476,-8.72378780719498],[-70.22870779037476,-8.724339251924846],[-70.2284288406372,-8.724339251924846],[-70.22845029830933,-8.724869486473963],[-70.22817134857178,-8.724869486473963],[-70.22817134857178,-8.725951162619069],[-70.22870779037476,-8.725951162619069],[-70.22872924804688,-8.726778324615239],[-70.2289867401123,-8.726778324615239],[-70.2289867401123,-8.727308555699963],[-70.22926568984985,-8.727308555699963],[-70.22926568984985,-8.727859995229025],[-70.2289867401123,-8.727859995229025],[-70.2289867401123,-8.728135714688008],[-70.22872924804688,-8.728135714688008],[-70.22872924804688,-8.728941662707854],[-70.22845029830933,-8.728941662707854],[-70.22845029830933,-8.72921738136769],[-70.22872924804688,-8.72921738136769],[-70.22872924804688,-8.729747608987068],[-70.22926568984985,-8.729747608987068],[-70.22928714752197,-8.730299044911973],[-70.2295446395874,-8.730299044911973],[-70.2295446395874,-8.730574762568793],[-70.2301025390625,-8.730574762568793],[-70.2301025390625,-8.730023327051398],[-70.23036003112793,-8.730023327051398],[-70.23036003112793,-8.729747608987068],[-70.23091793060303,-8.729747608987068],[-70.23091793060303,-8.729471890719026],[-70.23117542266846,-8.729471890719026],[-70.23117542266846,-8.728941662707854],[-70.231454372406,-8.728941662707854],[-70.231454372406,-8.72866594384432],[-70.23199081420898,-8.72866594384432],[-70.23199081420898,-8.728390224777058],[-70.23226976394653,-8.728390224777058],[-70.23226976394653,-8.727032835629899],[-70.23199081420898,-8.727032835629899],[-70.23199081420898,-8.726757115356179],[-70.23280620574951,-8.726757115356179],[-70.23280620574951,-8.726481394878789],[-70.23252725601196,-8.726481394878789],[-70.23252725601196,-8.726205674197729],[-70.23308515548706,-8.726205674197729],[-70.23308515548706,-8.725951162619069],[-70.23334264755249,-8.725951162619069],[-70.23334264755249,-8.725675441546386],[-70.23390054702759,-8.725675441546386],[-70.23390054702759,-8.724763439624397],[-70.23518800735474,-8.72514520814191],[-70.23572444915771,-8.72548455760753],[-70.23623943328857,-8.725866325387628],[-70.23681879043579,-8.726375348487096],[-70.23754835128784,-8.72688437089245],[-70.23881435394287,-8.727541857138604],[-70.23892164230347,-8.727902413620598],[-70.23902893066406,-8.72866594384432],[-70.23902893066406,-8.729450681613045],[-70.23894309997559,-8.730129372406495],[-70.23898601531982,-8.731211033306906],[-70.23909330368042,-8.731889720898124],[-70.23947954177856,-8.733183465698502],[-70.2395224571228,-8.733840940844559],[-70.23950099945068,-8.734477206011377],[-70.23930788040161,-8.735346766650437],[-70.2391791343689,-8.737913019151947],[-70.23922204971313,-8.738485651597003],[-70.23930788040161,-8.738931031779416],[-70.2394151687622,-8.739312785797921],[-70.2399730682373,-8.740076292661868],[-70.24044513702393,-8.740542879419849],[-70.24070262908936,-8.741136716266922],[-70.24115324020386,-8.741836594193202],[-70.24211883544922,-8.742918221129898],[-70.24293422698975,-8.743724137198072],[-70.24327754974365,-8.744614884508124],[-70.24334192276001,-8.746481205298124],[-70.24362087249756,-8.751146966349538],[-70.24359941482544,-8.752228566243758],[-70.24372816085815,-8.753267747494917],[-70.24389982223511,-8.753713109999907],[-70.24437189102173,-8.754794702435618],[-70.24475812911987,-8.755706630869625],[-70.24497270584106,-8.756406481407552],[-70.2449757446391,-8.756430079350826],[-70.24499416351318,-8.756491311686318],[-70.24498362976276,-8.756491311686318],[-70.2451229095459,-8.757572896044692],[-70.2451229095459,-8.75818791319871],[-70.2450156211853,-8.75873930702383],[-70.24469375610352,-8.759630018398894],[-70.24357795715332,-8.761432642034066],[-70.24323463439941,-8.762111274549753],[-70.2431058883667,-8.762747491408064],[-70.2431058883667,-8.763298878471076],[-70.24334192276001,-8.764974241836086],[-70.24226903915405,-8.76633149269503],[-70.24183988571167,-8.767158565006099],[-70.24160385131836,-8.768028049296547],[-70.2414321899414,-8.7689399452684],[-70.24151802062988,-8.770275974858706],[-70.24179697036743,-8.772417853537561],[-70.24267673492432,-8.775450393307295],[-70.24306297302246,-8.777210527404534],[-70.24334192276001,-8.778779796547852],[-70.24353504180908,-8.779415984850289],[-70.24387836456299,-8.780052172061758],[-70.24510145187378,-8.781515398507537],[-70.24529457092285,-8.781579016917718],[-70.2454662322998,-8.781494192368385],[-70.24553060531616,-8.781324543211525],[-70.24548768997192,-8.78115489397706],[-70.24430751800537,-8.779734078592398],[-70.24402856826782,-8.779203922204019],[-70.24387836456299,-8.778652558756448],[-70.24359941482544,-8.777104495466304],[-70.2432131767273,-8.77530194788126],[-70.24233341217041,-8.77229061356519],[-70.24205446243286,-8.770212354511017],[-70.2419900894165,-8.768961152124831],[-70.24214029312134,-8.76815529072934],[-70.24233341217041,-8.767370634532881],[-70.24271965026855,-8.766628390659548],[-70.24353504180908,-8.765589246745776],[-70.24368524551392,-8.765949766392026],[-70.2442216873169,-8.766543562693897],[-70.24641036987305,-8.767985635475938],[-70.24688243865967,-8.768346152796795],[-70.24733304977417,-8.7688975315519],[-70.24746179580688,-8.769364082166945],[-70.24746179580688,-8.769851839001504],[-70.24737596511841,-8.770488042605677],[-70.24737596511841,-8.770933384480088],[-70.24750471115112,-8.771421139253604],[-70.24795532226562,-8.771972513443473],[-70.24885654449463,-8.77282077982909],[-70.2490496635437,-8.773160085840686],[-70.24917840957642,-8.7735630113267],[-70.24919986724854,-8.774135588896655],[-70.24919986724854,-8.77665916099491],[-70.24928569793701,-8.778079988155213],[-70.24939298629761,-8.778652558756448],[-70.24969339370728,-8.779373572330726],[-70.25012254714966,-8.780073378283348],[-70.25053024291992,-8.780645945808118],[-70.25164604187012,-8.782427261344068],[-70.25306224822998,-8.785205248257881],[-70.25557279586792,-8.789191941196137],[-70.25617361068726,-8.78987052295723],[-70.25671005249023,-8.790337047197127],[-70.25782585144043,-8.790994421265438],[-70.25876998901367,-8.791185271582918],[-70.25919914245605,-8.791206477167677],[-70.25979995727539,-8.791121654821339],[-70.26102304458618,-8.790739954022513],[-70.26179552078247,-8.79069754279837],[-70.26211738586426,-8.790761159632765],[-70.26304006576538,-8.791185271582918],[-70.26353359222412,-8.791609383047572],[-70.26432752609253,-8.792012288489275],[-70.26467084884644,-8.792075905097903],[-70.26492834091187,-8.792500015542942],[-70.26555061340332,-8.793263413120329],[-70.26630163192749,-8.794450917335567],[-70.26703119277954,-8.795765649703768],[-70.26758909225464,-8.796635066931557],[-70.26825428009033,-8.79735604552323],[-70.26975631713867,-8.79852233144878],[-70.27085065841675,-8.799582588192465],[-70.2719235420227,-8.800409586344117],[-70.27308225631714,-8.800939712392449],[-70.27364015579224,-8.801257787656922],[-70.27434825897217,-8.8019787572442],[-70.27467012405396,-8.802508881044545],[-70.27509927749634,-8.803399487319211],[-70.27552843093872,-8.80450213973647],[-70.27634382247925,-8.80592286012066],[-70.27647256851196,-8.806028883811095],[-70.2766227722168,-8.806028883811095],[-70.27673006057739,-8.805986474338553],[-70.27679443359375,-8.805901655378918],[-70.27683734893799,-8.805774426902957],[-70.27681589126587,-8.805668403139578],[-70.27600049972534,-8.804268886614608],[-70.27559280395508,-8.803187438400656],[-70.27514219284058,-8.802254421715176],[-70.27477741241455,-8.801660682599433],[-70.27428388595581,-8.801130557583932],[-70.2739405632019,-8.800812482210091],[-70.27331829071045,-8.800451996455934],[-70.27222394943237,-8.79996427987669],[-70.27121543884277,-8.799179690987614],[-70.27009963989258,-8.798098227900994],[-70.26864051818848,-8.796974351149586],[-70.26803970336914,-8.796338192985758],[-70.26748180389404,-8.795489980400419],[-70.26677370071411,-8.79417524705353],[-70.26600122451782,-8.792966536471639],[-70.26537895202637,-8.792181932754687],[-70.26733160018921,-8.792203138282403],[-70.26909112930298,-8.79252122105244],[-70.27179479598999,-8.792648454083988],[-70.2730393409729,-8.792860509039429],[-70.27353286743164,-8.793157385773114],[-70.27419805526733,-8.793814754836617],[-70.27499198913574,-8.795235516245938],[-70.27642965316772,-8.797525687340752],[-70.27844667434692,-8.799858254448324],[-70.27932643890381,-8.800706457024717],[-70.28027057647705,-8.801151762599133],[-70.2810001373291,-8.80140622268678],[-70.28172969818115,-8.80157586264798],[-70.28215885162354,-8.801724297550265],[-70.28254508972168,-8.802042372140349],[-70.28275966644287,-8.802275626665974],[-70.28293132781982,-8.802636110643618],[-70.28327465057373,-8.803972018792237],[-70.2840256690979,-8.805095874292093],[-70.28456211090088,-8.80551996981977],[-70.28574228286743,-8.806283340544155],[-70.28625726699829,-8.806749844100082],[-70.28640747070312,-8.806792253485085],[-70.28655767440796,-8.806728639405762],[-70.28664350509644,-8.806643820616316],[-70.28666496276855,-8.806516592395681],[-70.28664350509644,-8.806410568845038],[-70.28657913208008,-8.806325749982648],[-70.28606414794922,-8.805859245891781],[-70.28486251831055,-8.805074669502957],[-70.28441190719604,-8.804714187901453],[-70.28376817703247,-8.80373876533612],[-70.28344631195068,-8.802445266228617],[-70.28321027755737,-8.8019787572442],[-70.28293132781982,-8.801660682599433],[-70.28241634368896,-8.801236582647789],[-70.28187990188599,-8.801045737510975],[-70.28115034103394,-8.800897302336509],[-70.280442237854,-8.800664046942074],[-70.27960538864136,-8.800239945848276],[-70.27883291244507,-8.79947656265476],[-70.27773857116699,-8.79822545901635],[-70.27831792831421,-8.79822545901635],[-70.27831792831421,-8.797949791544468],[-70.27859687805176,-8.797949791544468],[-70.27857542037964,-8.796868324864846],[-70.27831792831421,-8.796868324864846],[-70.27831792831421,-8.796592656382458],[-70.27776002883911,-8.796592656382458],[-70.27776002883911,-8.797419661213908],[-70.27750253677368,-8.797419661213908],[-70.27750253677368,-8.797949791544468],[-70.27685880661011,-8.797228814109076],[-70.27544260025024,-8.79495984654794],[-70.27462720870972,-8.793496673177401],[-70.27387619018555,-8.792754481576878],[-70.27327537536621,-8.792372782460404],[-70.27261018753052,-8.792224343808911],[-70.27185916900635,-8.792118316164263],[-70.26915550231934,-8.791969877410793],[-70.26769638061523,-8.791694205282226],[-70.26737451553345,-8.791651794167336],[-70.26529312133789,-8.791651794167336],[-70.26449918746948,-8.791503355226922],[-70.26381254196167,-8.79114286040975],[-70.26329755783081,-8.790718748411038],[-70.26228904724121,-8.790252224651752],[-70.26183843612671,-8.79016740208695],[-70.26091575622559,-8.79018860772996],[-70.2596926689148,-8.790612720335517],[-70.25917768478394,-8.790676337184465],[-70.25885581970215,-8.790655131569366],[-70.25799751281738,-8.790485486604823],[-70.25703191757202,-8.789891728617263],[-70.2565598487854,-8.789488820869522],[-70.25602340698242,-8.788895061284904],[-70.2535343170166,-8.784929571097436],[-70.25211811065674,-8.782172788219867],[-70.25098085403442,-8.780349059053734],[-70.25057315826416,-8.779776491070734],[-70.25018692016602,-8.779140303386512],[-70.24990797042847,-8.778482908300049],[-70.24982213973999,-8.778037575482927],[-70.24973630905151,-8.77665916099491],[-70.24973630905151,-8.774135588896655],[-70.24969339370728,-8.773456978346474],[-70.24954319000244,-8.77294801961979],[-70.24928569793701,-8.772481473507412],[-70.24834156036377,-8.771590792937673],[-70.24799823760986,-8.771187865311433],[-70.24791240692139,-8.770848557497587],[-70.24791240692139,-8.770530456140534],[-70.24799823760986,-8.769915459410967],[-70.24799823760986,-8.769321668498876],[-70.24782657623291,-8.768643049151251],[-70.2472472190857,-8.767964428563815],[-70.24673223495483,-8.767540290067146],[-70.2445650100708,-8.766140629592542],[-70.24415731430054,-8.765652867885237],[-70.24389982223511,-8.765122691390232],[-70.24364233016968,-8.763277671291462],[-70.24364233016968,-8.762811113034005],[-70.24374961853027,-8.762280932485126],[-70.24405002593994,-8.761687129372632],[-70.24518728256226,-8.759863299596944],[-70.24553060531616,-8.758908966497856],[-70.24565935134888,-8.758230328137358],[-70.24565935134888,-8.757551688538484],[-70.24553206010626,-8.756491311686318],[-70.24553060531616,-8.756491311686318],[-70.24552280242331,-8.756414192220006],[-70.24550914764404,-8.756300443531899],[-70.24527311325073,-8.75553696993488],[-70.24495124816895,-8.754794702435618],[-70.24439334869385,-8.753522240420182],[-70.24424314498901,-8.753098085448045],[-70.24413585662842,-8.75218615062083],[-70.24415731430054,-8.751146966349538],[-70.24402856826782,-8.749174629039501],[-70.24454355239868,-8.749853283916835],[-70.24531602859497,-8.750553145463257],[-70.24583101272583,-8.751062134852361],[-70.24606704711914,-8.751253005693826],[-70.24726867675781,-8.75184682546353],[-70.2481484413147,-8.752228566243758],[-70.24840593338013,-8.752419436487017],[-70.24900674819946,-8.753098085448045],[-70.24919986724854,-8.753373786234931],[-70.24999380111694,-8.754794702435618],[-70.25038003921509,-8.755812668914544],[-70.25055170059204,-8.756491311686318],[-70.25053763011765,-8.756491311686318],[-70.25068044662476,-8.757106330628773],[-70.25085210800171,-8.757975838432884],[-70.25093793869019,-8.760181410085693],[-70.25113105773926,-8.761284191006112],[-70.25138854980469,-8.761941616536987],[-70.25203227996826,-8.763171635375286],[-70.25312662124634,-8.764507685708395],[-70.25349140167236,-8.765186312609586],[-70.25359869003296,-8.765610453793485],[-70.2535343170166,-8.766543562693897],[-70.25314807891846,-8.768261325223364],[-70.25293350219727,-8.76974580496153],[-70.25293350219727,-8.771166658582132],[-70.2530837059021,-8.772651126707018],[-70.25323390960693,-8.77305405274538],[-70.25366306304932,-8.773817490355711],[-70.25417804718018,-8.774453687164993],[-70.25486469268799,-8.774899024282746],[-70.25552988052368,-8.775132295893087],[-70.25739669799805,-8.775153502395852],[-70.25754690170288,-8.775195915397745],[-70.25799751281738,-8.775492806275253],[-70.25831937789917,-8.77587452276883],[-70.25859832763672,-8.776447096773069],[-70.25941371917725,-8.778652558756448],[-70.25979995727539,-8.779458397365005],[-70.26027202606201,-8.78020061558746],[-70.26085138320923,-8.780900419979872],[-70.26188135147095,-8.781812284328367],[-70.26252508163452,-8.782215200419358],[-70.26570081710815,-8.7836996243458],[-70.26662349700928,-8.784272186272233],[-70.26771783828735,-8.78543851338739],[-70.26857614517212,-8.78664724852581],[-70.26881217956543,-8.787113776823276],[-70.26909112930298,-8.787940802816593],[-70.26926279067993,-8.78804683165663],[-70.269455909729,-8.788025625891052],[-70.26958465576172,-8.787898391272094],[-70.26958465576172,-8.787728745045499],[-70.26932716369629,-8.786901718579045],[-70.26904821395874,-8.786371572437673],[-70.26812553405762,-8.78509921860504],[-70.26696681976318,-8.783848066411608],[-70.2659797668457,-8.783233091752052],[-70.26278257369995,-8.781727459832382],[-70.26222467422485,-8.781388161654448],[-70.26168823242188,-8.780900419979872],[-70.26125907897949,-8.780539914851687],[-70.2607011795044,-8.77986131601287],[-70.26027202606201,-8.779182715932734],[-70.25990724563599,-8.778440495673834],[-70.25909185409546,-8.776235032430037],[-70.25876998901367,-8.775577632196644],[-70.25836229324341,-8.775089882883933],[-70.25778293609619,-8.77470816558342],[-70.25750398635864,-8.774623339463332],[-70.25561571121216,-8.774602132930283],[-70.25507926940918,-8.774390067533133],[-70.2545428276062,-8.774050762645714],[-70.25411367416382,-8.773541804733071],[-70.25370597839355,-8.772799573193083],[-70.25359869003296,-8.772523886814568],[-70.25349140167236,-8.771166658582132],[-70.25346994400024,-8.769788218581155],[-70.25368452072144,-8.768367359687133],[-70.25407075881958,-8.766649597647941],[-70.25411367416382,-8.7659285593637],[-70.25480031967163,-8.766458734708877],[-70.25514364242554,-8.766904081414168],[-70.2554440498352,-8.767455462309684],[-70.25574445724487,-8.768134083826908],[-70.25615215301514,-8.768918738410747],[-70.25668859481812,-8.769767011771947],[-70.25718212127686,-8.770318388417792],[-70.25765419006348,-8.770721316987462],[-70.25825500488281,-8.770933384480088],[-70.25949954986572,-8.771230278766367],[-70.25979995727539,-8.771378725820469],[-70.26022911071777,-8.771739239847676],[-70.26100158691406,-8.772651126707018],[-70.26123762130737,-8.77288439972989],[-70.26243925094604,-8.773520598138248],[-70.26349067687988,-8.77398714294479],[-70.26422023773193,-8.77441127407829],[-70.26454210281372,-8.774771785160766],[-70.26471376419067,-8.775153502395852],[-70.26484251022339,-8.775620045150077],[-70.26486396789551,-8.776065380868388],[-70.26520729064941,-8.777125701856377],[-70.26535749435425,-8.7787161776576],[-70.26548624038696,-8.779331159806318],[-70.26589393615723,-8.780073378283348],[-70.2659797668457,-8.780136996940868],[-70.26610851287842,-8.780136996940868],[-70.26621580123901,-8.780094584503729],[-70.26630163192749,-8.780009759614941],[-70.26632308959961,-8.779818903544239],[-70.2659797668457,-8.779161509660227],[-70.26589393615723,-8.778631352453644],[-70.26574373245239,-8.776998463497776],[-70.26540040969849,-8.775959348602967],[-70.26537895202637,-8.775556425718108],[-70.26522874832153,-8.775005056851072],[-70.2649712562561,-8.774432480622252],[-70.26456356048584,-8.77398714294479],[-70.26376962661743,-8.773499391542202],[-70.26267528533936,-8.773032846122689],[-70.26155948638916,-8.772460266852008],[-70.2605938911438,-8.771357519102096],[-70.26010036468506,-8.770912177736292],[-70.25964975357056,-8.770721316987462],[-70.25795459747314,-8.770275974858706],[-70.257568359375,-8.769957873011222],[-70.25713920593262,-8.769470116315901],[-70.25662422180176,-8.768643049151251],[-70.2562165260315,-8.767900807820183],[-70.25593757629395,-8.767200978921139],[-70.25557279586792,-8.766585976679139],[-70.25518655776978,-8.766098215556468],[-70.25469303131104,-8.765674074929322],[-70.2544355392456,-8.76548321148914],[-70.25407075881958,-8.765292347950933],[-70.2539849281311,-8.764974241836086],[-70.25357723236084,-8.764210786049432],[-70.25248289108276,-8.762895941851639],[-70.25188207626343,-8.761729543912125],[-70.25164604187012,-8.761135739918899],[-70.25147438049316,-8.760117788009723],[-70.25138854980469,-8.75789100849272],[-70.25121688842773,-8.757000292952625],[-70.2510961891597,-8.756491311686318],[-70.25108814239502,-8.756491311686318],[-70.25089502334595,-8.755643008028173],[-70.25057315826416,-8.754794702435618],[-70.25044441223145,-8.754476587339724],[-70.24965047836304,-8.753076877686738],[-70.24941444396973,-8.75273755334159],[-70.24877071380615,-8.752016488080855],[-70.24842739105225,-8.751761994125872],[-70.24636745452881,-8.750807640244801],[-70.24617433547974,-8.750659184976712],[-70.24570226669312,-8.750171402964696],[-70.24495124816895,-8.749492748667294],[-70.24426460266113,-8.748559596988343],[-70.24398565292358,-8.748262684600007],[-70.24387836456299,-8.74645999715986],[-70.24381399154663,-8.744530051522744],[-70.24370670318604,-8.74419071938803],[-70.24338483810425,-8.74340601264258],[-70.24250507354736,-8.742557679166552],[-70.24201154708862,-8.742006261371301],[-70.24158239364624,-8.74151846802603],[-70.24117469787598,-8.740861006419891],[-70.24173259735107,-8.741094299380649],[-70.24216175079346,-8.741200341587259],[-70.24325609207153,-8.741454842760007],[-70.24432897567749,-8.74185780259468],[-70.24593830108643,-8.742663720956699],[-70.24705410003662,-8.743766553784937],[-70.24832010269165,-8.745208714864802],[-70.24879217147827,-8.745654087011019],[-70.24943590164185,-8.746184291252561],[-70.25076627731323,-8.747032616468957],[-70.25329828262329,-8.748432348850898],[-70.25497198104858,-8.750086571245177],[-70.25572299957275,-8.751337837147503],[-70.25679588317871,-8.752822384456891],[-70.2569423319036,-8.753098085448045],[-70.25694608688354,-8.753098085448045],[-70.25724649429321,-8.753670694546216],[-70.25735378265381,-8.754794702435618],[-70.25741815567017,-8.756491311686318],[-70.25741736094338,-8.756491311686318],[-70.25741815567017,-8.75651251925298],[-70.25754690170288,-8.757106330628773],[-70.25795459747314,-8.758018253395718],[-70.25864124298096,-8.759121040731543],[-70.25937080383301,-8.759884506971332],[-70.25988578796387,-8.760308654204977],[-70.26035785675049,-8.760881252202893],[-70.2605938911438,-8.761284191006112],[-70.26076555252075,-8.76175075118006],[-70.26087284088135,-8.762280932485126],[-70.26095867156982,-8.763320085649482],[-70.26119470596313,-8.76391388615329],[-70.26145219802856,-8.764253200300956],[-70.26181697845459,-8.764613721243393],[-70.26226758956909,-8.76478337803647],[-70.26284694671631,-8.764719756748121],[-70.26338338851929,-8.764528892817808],[-70.2637267112732,-8.764338028789453],[-70.26409149169922,-8.764253200300956],[-70.26479959487915,-8.764168371793076],[-70.26595830917358,-8.764210786049432],[-70.2664303779602,-8.764338028789453],[-70.26660203933716,-8.764444064372867],[-70.26737451553345,-8.765292347950933],[-70.26803970336914,-8.765886145303412],[-70.2691125869751,-8.766607183669962],[-70.26917695999146,-8.767307013687557],[-70.269455909729,-8.768112876923254],[-70.27162313461304,-8.771951306758993],[-70.27207374572754,-8.772693539994805],[-70.27230978012085,-8.773160085840686],[-70.27235269546509,-8.77447489370654],[-70.27149438858032,-8.777019669893903],[-70.2710223197937,-8.778058781819666],[-70.27063608169556,-8.778525320921418],[-70.27029275894165,-8.779182715932734],[-70.2701210975647,-8.779988553389714],[-70.26999235153198,-8.782087963806347],[-70.2700138092041,-8.782215200419358],[-70.27009963989258,-8.782300024803803],[-70.27020692825317,-8.782363643079393],[-70.27033567428589,-8.782363643079393],[-70.2704644203186,-8.782300024803803],[-70.27052879333496,-8.782193994320224],[-70.27065753936768,-8.780030965838947],[-70.27082920074463,-8.779352366069133],[-70.27108669281006,-8.778801002842172],[-70.27149438858032,-8.778355670406839],[-70.27200937271118,-8.777189321019321],[-70.27286767959595,-8.774602132930283],[-70.27288913726807,-8.773817490355711],[-70.27282476425171,-8.772969226247326],[-70.27254581451416,-8.772417853537561],[-70.27209520339966,-8.771675619750653],[-70.26994943618774,-8.767900807820183],[-70.26971340179443,-8.767200978921139],[-70.2696704864502,-8.76686166746525],[-70.27104377746582,-8.76732822063721],[-70.27149438858032,-8.76756149700347],[-70.27278184890747,-8.768537014766196],[-70.27387619018555,-8.769109600085926],[-70.27593612670898,-8.770318388417792],[-70.27649402618408,-8.770721316987462],[-70.27666568756104,-8.770954591222704],[-70.27730941772461,-8.772481473507412],[-70.2775239944458,-8.772863193097507],[-70.2776312828064,-8.773202499070337],[-70.27803897857666,-8.773817490355711],[-70.27904748916626,-8.774559719860534],[-70.280442237854,-8.77532315437432],[-70.28067827224731,-8.775429186821498],[-70.28084993362427,-8.775938142146245],[-70.28091430664062,-8.777761892994945],[-70.28106451034546,-8.779246334742979],[-70.27969121932983,-8.779776491070734],[-70.27917623519897,-8.779903728476654],[-70.278639793396,-8.780243028012464],[-70.27825355529785,-8.780751976734237],[-70.27799606323242,-8.781260924757689],[-70.27791023254395,-8.781939521035966],[-70.27793169021606,-8.783678418331547],[-70.2778673171997,-8.78467509969046],[-70.27758836746216,-8.785502131124517],[-70.27630090713501,-8.78819527198172],[-70.27587175369263,-8.788831444130139],[-70.27424097061157,-8.79069754279837],[-70.27417659759521,-8.79086718766581],[-70.27424097061157,-8.791036832455603],[-70.27443408966064,-8.791121654821339],[-70.27462720870972,-8.791058038048845],[-70.27630090713501,-8.789170735496086],[-70.27677297592163,-8.78847094671346],[-70.27810335159302,-8.78569298427037],[-70.27840375900269,-8.784759923512198],[-70.27846813201904,-8.7836996243458],[-70.27844667434692,-8.781981933262145],[-70.27851104736328,-8.78136695550802],[-70.27870416641235,-8.781027657000294],[-70.2789831161499,-8.780645945808118],[-70.27941226959229,-8.780391471461769],[-70.2798843383789,-8.780285440432607],[-70.28112888336182,-8.779797697308098],[-70.28136491775513,-8.782087963806347],[-70.2815580368042,-8.783063443390631],[-70.28187990188599,-8.783848066411608],[-70.28237342834473,-8.784420628108833],[-70.28278112411499,-8.784802335415776],[-70.28318881988525,-8.785014394860951],[-70.28464794158936,-8.786965336065052],[-70.28481960296631,-8.787431863962183],[-70.28484106063843,-8.787707539261731],[-70.28473377227783,-8.788174066224641],[-70.2839183807373,-8.789488820869522],[-70.28366088867188,-8.790209813371774],[-70.2835750579834,-8.791058038048845],[-70.28366088867188,-8.791779027497483],[-70.28400421142578,-8.792478810032222],[-70.28439044952393,-8.793072563873494],[-70.28471231460571,-8.793645111319037],[-70.28490543365479,-8.79415404163872],[-70.2849268913269,-8.794684176644722],[-70.28488397598267,-8.796083729414164],[-70.28439044952393,-8.798077022710842],[-70.28439044952393,-8.79820425383349],[-70.28445482254028,-8.798310279735617],[-70.284583568573,-8.798395100435457],[-70.28473377227783,-8.798395100435457],[-70.28484106063843,-8.798310279735617],[-70.2849268913269,-8.798183048649406],[-70.28542041778564,-8.796168550624131],[-70.28546333312988,-8.794684176644722],[-70.28544187545776,-8.794048014546448],[-70.28522729873657,-8.793411851355458],[-70.28484106063843,-8.79277568707181],[-70.2844762802124,-8.792224343808911],[-70.28417587280273,-8.791609383047572],[-70.2841329574585,-8.791079243640894],[-70.28417587280273,-8.790358252830444],[-70.28439044952393,-8.789743288971692],[-70.28522729873657,-8.788407329485878],[-70.2853775024414,-8.787728745045499],[-70.28535604476929,-8.787325834946202],[-70.2851414680481,-8.786710866055486],[-70.2841329574585,-8.785353689720921],[-70.2851414680481,-8.785523337034476],[-70.28713703155518,-8.785799013753405],[-70.2885103225708,-8.786180719641166],[-70.29072046279907,-8.78719860008701],[-70.29271602630615,-8.788386123740906],[-70.2931022644043,-8.788640592600274],[-70.2934455871582,-8.789149529794813],[-70.29408931732178,-8.790549103475627],[-70.29443264007568,-8.79124888833357],[-70.29606342315674,-8.793878371135705],[-70.29642820358276,-8.794578149704236],[-70.29655694961548,-8.794981051916608],[-70.29698610305786,-8.797631713437227],[-70.29717922210693,-8.79826786937842],[-70.29728651046753,-8.79875558819296],[-70.297372341156,-8.79947656265476]],[[-70.29061317443848,-8.804692983090433],[-70.29061317443848,-8.804162862419687],[-70.29033422470093,-8.804162862419687],[-70.29033422470093,-8.803887199370664],[-70.28898239135742,-8.803887199370664],[-70.28898239135742,-8.804692983090433],[-70.28979778289795,-8.804692983090433],[-70.28979778289795,-8.804968645538978],[-70.29033422470093,-8.804968645538978],[-70.29033422470093,-8.804692983090433],[-70.29061317443848,-8.804692983090433]],[[-70.2895188331604,-8.803081413895796],[-70.2895188331604,-8.802530085980763],[-70.28842449188232,-8.802530085980763],[-70.28842449188232,-8.802805750040974],[-70.28788805007935,-8.802805750040974],[-70.28788805007935,-8.803357077545229],[-70.28870344161987,-8.803357077545229],[-70.28870344161987,-8.803081413895796],[-70.2889609336853,-8.803081413895796],[-70.28898239135742,-8.803357077545229],[-70.28923988342285,-8.803335872656419],[-70.28923988342285,-8.803081413895796],[-70.2895188331604,-8.803081413895796]],[[-70.26647329330444,-8.766522355699465],[-70.26647329330444,-8.76624666466158],[-70.26540040969849,-8.766267871671758],[-70.26540040969849,-8.765992180445068],[-70.26430606842041,-8.765992180445068],[-70.26430606842041,-8.766267871671758],[-70.26456356048584,-8.766267871671758],[-70.26458501815796,-8.767073737161496],[-70.26430606842041,-8.767073737161496],[-70.26430606842041,-8.76815529072934],[-70.26512145996094,-8.76815529072934],[-70.26512145996094,-8.768430980350857],[-70.26621580123901,-8.768430980350857],[-70.26621580123901,-8.767879600903228],[-70.26593685150146,-8.767879600903228],[-70.26593685150146,-8.767603910872523],[-70.26512145996094,-8.76762511780521],[-70.26512145996094,-8.767349427585643],[-70.26484251022339,-8.767349427585643],[-70.26484251022339,-8.767073737161496],[-70.26593685150146,-8.767073737161496],[-70.26593685150146,-8.766798046532756],[-70.26621580123901,-8.766798046532756],[-70.26621580123901,-8.766522355699465],[-70.26647329330444,-8.766522355699465]],[[-70.26293277740479,-8.767900807820183],[-70.26293277740479,-8.76762511780521],[-70.26267528533936,-8.76762511780521],[-70.26267528533936,-8.767349427585643],[-70.26158094406128,-8.767349427585643],[-70.26158094406128,-8.76762511780521],[-70.26211738586426,-8.76762511780521],[-70.26211738586426,-8.767900807820183],[-70.26293277740479,-8.767900807820183]],[[-70.25175333023071,-8.763595778858516],[-70.25175333023071,-8.763320085649482],[-70.25093793869019,-8.763320085649482],[-70.25093793869019,-8.763595778858516],[-70.25065898895264,-8.763595778858516],[-70.25065898895264,-8.764147164663086],[-70.25119543075562,-8.764147164663086],[-70.25119543075562,-8.764401650143142],[-70.25147438049316,-8.764401650143142],[-70.25147438049316,-8.763595778858516],[-70.25175333023071,-8.763595778858516]],[[-70.23892164230347,-8.76092366683433],[-70.23892164230347,-8.760372276248276],[-70.23864269256592,-8.760372276248276],[-70.23864269256592,-8.759842092221348],[-70.23782730102539,-8.759842092221348],[-70.23782730102539,-8.76092366683433],[-70.23810625076294,-8.76092366683433],[-70.23810625076294,-8.761199361820672],[-70.23864269256592,-8.761199361820672],[-70.23864269256592,-8.76092366683433],[-70.23892164230347,-8.76092366683433]],[[-70.23619651794434,-8.76092366683433],[-70.23619651794434,-8.760669178973146],[-70.23591756820679,-8.760669178973146],[-70.23591756820679,-8.760393483593646],[-70.23538112640381,-8.760393483593646],[-70.23538112640381,-8.760669178973146],[-70.23510217666626,-8.760669178973146],[-70.23510217666626,-8.76092366683433],[-70.23619651794434,-8.76092366683433]],[[-70.22969484329224,-8.774241621683046],[-70.22969484329224,-8.77396593637539],[-70.22887945175171,-8.77396593637539],[-70.22887945175171,-8.774241621683046],[-70.22860050201416,-8.774241621683046],[-70.22860050201416,-8.774517306785967],[-70.22887945175171,-8.774517306785967],[-70.22887945175171,-8.774792991684123],[-70.22915840148926,-8.774792991684123],[-70.22915840148926,-8.774517306785967],[-70.22941589355469,-8.774517306785967],[-70.22941589355469,-8.774241621683046],[-70.22969484329224,-8.774241621683046]]],[[[-70.29687881469727,-8.724381670716497],[-70.29659986495972,-8.724381670716497],[-70.29659986495972,-8.724105948484677],[-70.29687881469727,-8.724105948484677],[-70.29687881469727,-8.724381670716497]]],[[[-70.29346704483032,-8.683148334477025],[-70.29318809509277,-8.683148334477025],[-70.29346704483032,-8.683021064066963],[-70.29346704483032,-8.683148334477025]]],[[[-70.29237270355225,-8.683699839088462],[-70.29224395751953,-8.683699839088462],[-70.29237270355225,-8.683614992277924],[-70.29237270355225,-8.683699839088462]]],[[[-70.29155731201172,-8.684251342889084],[-70.29140710830688,-8.684251342889084],[-70.29155731201172,-8.684145284528853],[-70.29155731201172,-8.684251342889084]]],[[[-70.28883218765259,-8.761411434747998],[-70.28829574584961,-8.761305398299456],[-70.28883218765259,-8.761305398299456],[-70.28883218765259,-8.761411434747998]]],[[[-70.28827428817749,-8.758039460875338],[-70.28799533843994,-8.758039460875338],[-70.28799533843994,-8.758315158000144],[-70.28771638870239,-8.758315158000144],[-70.28771638870239,-8.757763763546151],[-70.28827428817749,-8.757763763546151],[-70.28827428817749,-8.758039460875338]]],[[[-70.28799533843994,-8.758866551636615],[-70.28773784637451,-8.758866551636615],[-70.28771638870239,-8.75859085492057],[-70.28799533843994,-8.75859085492057],[-70.28799533843994,-8.758866551636615]]],[[[-70.28690099716187,-8.756957877873688],[-70.28662204742432,-8.756957877873688],[-70.28662204742432,-8.756703387298586],[-70.28690099716187,-8.756682179742782],[-70.28690099716187,-8.756957877873688]]],[[[-70.28664350509644,-8.760223824796952],[-70.28636455535889,-8.760223824796952],[-70.28636455535889,-8.760499520302261],[-70.28610706329346,-8.760499520302261],[-70.28608560562134,-8.759672433173066],[-70.28664350509644,-8.759672433173066],[-70.28664350509644,-8.760223824796952]]],[[[-70.28662204742432,-8.756703387298586],[-70.28636455535889,-8.756703387298586],[-70.28636455535889,-8.756427688979059],[-70.28662204742432,-8.756427688979059],[-70.28662204742432,-8.756703387298586]]],[[[-70.28621435165405,-8.647277584258987],[-70.28606414794922,-8.647489721752919],[-70.28572082519531,-8.647829141494768],[-70.28466939926147,-8.64855040743079],[-70.2840256690979,-8.648868612551766],[-70.28359651565552,-8.649208031051188],[-70.28303861618042,-8.649823226301805],[-70.28192281723022,-8.650820264746372],[-70.2816653251648,-8.650459634124317],[-70.28091430664062,-8.64984443991321],[-70.27921915054321,-8.649335312909614],[-70.27801752090454,-8.648592834795778],[-70.28621435165405,-8.647277584258987]]],[[[-70.28608560562134,-8.759672433173066],[-70.28582811355591,-8.759672433173066],[-70.28582811355591,-8.759417944455492],[-70.28608560562134,-8.759396737054516],[-70.28608560562134,-8.759672433173066]]],[[[-70.28608560562134,-8.756703387298586],[-70.28580665588379,-8.756703387298586],[-70.28580665588379,-8.756427688979059],[-70.28608560562134,-8.756427688979059],[-70.28608560562134,-8.756703387298586]]],[[[-70.28580665588379,-8.756957877873688],[-70.28527021408081,-8.75697908541376],[-70.28527021408081,-8.756703387298586],[-70.28580665588379,-8.756703387298586],[-70.28580665588379,-8.756957877873688]]],[[[-70.28527021408081,-8.75750927352243],[-70.28499126434326,-8.75750927352243],[-70.28499126434326,-8.757233575800242],[-70.28527021408081,-8.757233575800242],[-70.28527021408081,-8.75750927352243]]],[[[-70.28172969818115,-8.665330057257009],[-70.2815580368042,-8.666157353121818],[-70.28153476939637,-8.666220991189846],[-70.28153657913208,-8.666220991189846],[-70.28112888336182,-8.66738768719452],[-70.28091431458867,-8.667917980624633],[-70.28091430664062,-8.667918002363109],[-70.28024911880493,-8.669615005873922],[-70.2802276596066,-8.669615005873922],[-70.27971267700195,-8.670887753477672],[-70.27939081192017,-8.671630187588775],[-70.27924060821533,-8.671863523720674],[-70.278639793396,-8.672436257248137],[-70.27773857116699,-8.673115051409141],[-70.27552843093872,-8.674324150469772],[-70.2746057510376,-8.674918092442255],[-70.27424097061157,-8.675342336133184],[-70.2739405632019,-8.674684758207945],[-70.27372598648071,-8.673963542385351],[-70.27364015579224,-8.673157476003482],[-70.27372598648071,-8.670908965901205],[-70.27368307113647,-8.670230167754028],[-70.27359743750074,-8.669615005873922],[-70.273597240448,-8.669615005873922],[-70.27336120605469,-8.667918002363109],[-70.27329683303833,-8.667196773550643],[-70.2730546679146,-8.66635887368884],[-70.27297496795654,-8.666220991189846],[-70.27298097613931,-8.666220991189846],[-70.27267456054688,-8.665775524487358],[-70.27132272720337,-8.664672461809403],[-70.2705717086792,-8.663505757378346],[-70.27027130126953,-8.662869371617461],[-70.2700138092041,-8.662254197691595],[-70.26994943618774,-8.66163902275946],[-70.2699065208435,-8.660960207873543],[-70.27005672454834,-8.660323817805434],[-70.27009963989258,-8.659772278875508],[-70.26997089385986,-8.659093460620952],[-70.26909112930298,-8.656908506048879],[-70.26864051818848,-8.655869057187516],[-70.26733160018921,-8.653938644543246],[-70.26746034622192,-8.653938644543246],[-70.26746034622192,-8.653662870500213],[-70.26801824569702,-8.653662870500213],[-70.26801824569702,-8.653387096255173],[-70.26827573776245,-8.653387096255173],[-70.26827573776245,-8.653111321808126],[-70.26801824569702,-8.653132535234306],[-70.26801824569702,-8.652856760600784],[-70.26773929595947,-8.652856760600784],[-70.26773929595947,-8.652580985765269],[-70.26658058166504,-8.652580985765269],[-70.26634454727173,-8.652093075946112],[-70.2660870552063,-8.651286962685802],[-70.2659797668457,-8.6505444884194],[-70.27733087539673,-8.648698903187366],[-70.27756690979004,-8.648974680865692],[-70.2789831161499,-8.649823226301805],[-70.28063535690308,-8.650332352645847],[-70.28127908706665,-8.650820264746372],[-70.28142929077148,-8.65107482733049],[-70.28147220611572,-8.651923368034716],[-70.2810001373291,-8.652877974041303],[-70.27984142303467,-8.654659898777567],[-70.27956247329712,-8.655381151629925],[-70.27949810028076,-8.656102403100164],[-70.27958393096924,-8.657120638116822],[-70.27990579605103,-8.657820673092587],[-70.28061389923096,-8.65877526414252],[-70.2810001373291,-8.659411656830287],[-70.28119325637817,-8.659984409328871],[-70.28168678283691,-8.663442118850725],[-70.28172969818115,-8.664142142062246],[-70.28172969818115,-8.665330057257009]],[[-70.27591466903687,-8.650650556261368],[-70.27591466903687,-8.650120216752796],[-70.27482032775879,-8.650120216752796],[-70.27482032775879,-8.650926332510679],[-70.27563571929932,-8.650926332510679],[-70.27563571929932,-8.650650556261368],[-70.27591466903687,-8.650650556261368]]],[[[-70.27962684631348,-8.815761729087171],[-70.27726650238037,-8.81758528378495],[-70.27473449707031,-8.819451237411982],[-70.27215957641602,-8.821274773892512],[-70.26883363723755,-8.823501172500343],[-70.26786804199219,-8.823395153823526],[-70.2670955657959,-8.82328913511624],[-70.26595830917358,-8.822886263750831],[-70.26522874832153,-8.822547003312621],[-70.26370525360107,-8.821698850853025],[-70.26183843612671,-8.820787084785735],[-70.26110887527466,-8.820617453641077],[-70.2596926689148,-8.820532638039523],[-70.25864124298096,-8.820553841941745],[-70.25778293609619,-8.820617453641077],[-70.25733232498169,-8.820787084785735],[-70.2561092376709,-8.8212959777521],[-70.25488615036011,-8.821380793178307],[-70.25462865829468,-8.821317181610482],[-70.25417804718018,-8.821105142971916],[-70.25379180908203,-8.820808288673334],[-70.25280475616455,-8.819854112525732],[-70.25237560272217,-8.819557257221376],[-70.25168895721436,-8.819175585765123],[-70.2509593963623,-8.819069565846164],[-70.25010108947754,-8.81904836185872],[-70.24954319000244,-8.81904836185872],[-70.24857759475708,-8.8191119738174],[-70.24834156036377,-8.819175585765123],[-70.24731159210205,-8.819599665136607],[-70.24638891220093,-8.819854112525732],[-70.2455735206604,-8.819366421542554],[-70.24462938308716,-8.819196789745263],[-70.24381399154663,-8.819196789745263],[-70.24329900741577,-8.81904836185872],[-70.24304151535034,-8.818793913914405],[-70.24278402328491,-8.818369833617652],[-70.24263381958008,-8.817797324444612],[-70.24246215820312,-8.816970365183536],[-70.24235486984253,-8.815125603237647],[-70.24229049682617,-8.814468272042532],[-70.24214029312134,-8.813704918219372],[-70.24156093597412,-8.812920358480099],[-70.24061679840088,-8.811478460561872],[-70.24031639099121,-8.810757509493357],[-70.24025201797485,-8.810439442398462],[-70.24076700210571,-8.810693896096268],[-70.24216175079346,-8.811075576314565],[-70.24319171905518,-8.811478460561872],[-70.24370670318604,-8.811987366351815],[-70.2444577217102,-8.812856745455264],[-70.24495124816895,-8.813344445032484],[-70.24544477462769,-8.813704918219372],[-70.24621725082397,-8.814171412409792],[-70.24664640426636,-8.814553089036636],[-70.24722576141357,-8.815125603237647],[-70.24791240692139,-8.815655708188316],[-70.24851322174072,-8.816016179120282],[-70.24922132492065,-8.816270628978145],[-70.25003671646118,-8.816270628978145],[-70.25083065032959,-8.816164608225336],[-70.25160312652588,-8.815994974957547],[-70.2520751953125,-8.8158677499556],[-70.25482177734375,-8.814701518729493],[-70.25608777999878,-8.814235025208319],[-70.25671005249023,-8.81404418677991],[-70.25713920593262,-8.813980573948527],[-70.25844812393188,-8.814107799600322],[-70.26091575622559,-8.814553089036636],[-70.26203155517578,-8.814595497526398],[-70.2629542350769,-8.814510680542014],[-70.26464939117432,-8.814022982504],[-70.26540040969849,-8.813683713923993],[-70.26673078536987,-8.81321721911786],[-70.26731014251709,-8.813068788828787],[-70.26793241500854,-8.812983971493978],[-70.26898384094238,-8.813068788828787],[-70.26982069015503,-8.813174810469931],[-70.27297496795654,-8.814065391054598],[-70.27400493621826,-8.814447067790951],[-70.2750563621521,-8.815125603237647],[-70.27557134628296,-8.815358849509664],[-70.27771711349487,-8.815719320731276],[-70.27876853942871,-8.815782933263293],[-70.27962684631348,-8.815761729087171]],[[-70.24729013442993,-8.817860936618771],[-70.24729013442993,-8.81758528378495],[-70.24701118469238,-8.81758528378495],[-70.24701118469238,-8.81733083483266],[-70.24729013442993,-8.81733083483266],[-70.24729013442993,-8.81677952816807],[-70.2464747428894,-8.81677952816807],[-70.2464747428894,-8.817860936618771],[-70.24729013442993,-8.817860936618771]]],[[[-70.27936935424805,-8.68652098461034],[-70.27913331985474,-8.68773004048063],[-70.2789831161499,-8.689087572250287],[-70.27896165847778,-8.691251128347915],[-70.27872562408447,-8.691845043523472],[-70.27829647064209,-8.69250259137003],[-70.27773857116699,-8.693011659878223],[-70.27700901031494,-8.693563149981685],[-70.27524948120117,-8.694835816353375],[-70.27522802352905,-8.694602494508842],[-70.2755069732666,-8.694602494508842],[-70.2755069732666,-8.694326750323441],[-70.27578592300415,-8.694326750323441],[-70.27578592300415,-8.694051005935094],[-70.2760648727417,-8.694051005935094],[-70.27604341506958,-8.693520727694846],[-70.27578592300415,-8.693520727694846],[-70.27578592300415,-8.693244982713352],[-70.2755069732666,-8.693244982713352],[-70.2755069732666,-8.692714703332484],[-70.2749490737915,-8.692714703332484],[-70.27497053146362,-8.692969237528956],[-70.27469158172607,-8.692969237528956],[-70.27469158172607,-8.693520727694846],[-70.27441263198853,-8.693520727694846],[-70.27441263198853,-8.693796472473437],[-70.2741551399231,-8.693796472473437],[-70.2741551399231,-8.694878238491313],[-70.27387619018555,-8.694878238491313],[-70.27387619018555,-8.695153982270838],[-70.273597240448,-8.695153982270838],[-70.273597240448,-8.695705469221025],[-70.27333974838257,-8.695705469221025],[-70.27333974838257,-8.696235744369034],[-70.27306079864502,-8.696235744369034],[-70.27306079864502,-8.696511487149337],[-70.27278184890747,-8.696511487149337],[-70.27278184890747,-8.696787229726667],[-70.27306079864502,-8.696787229726667],[-70.27306079864502,-8.697062972101008],[-70.27333974838257,-8.697062972101008],[-70.27153730392456,-8.699459801110805],[-70.27037858963013,-8.700880922571073],[-70.2699065208435,-8.701199083353032],[-70.2699065208435,-8.700880922571073],[-70.26986360549927,-8.700435497022099],[-70.26975631713867,-8.70015975713099],[-70.26917695999146,-8.699014373871265],[-70.26868343353271,-8.697614456240686],[-70.26668787002563,-8.694305539223862],[-70.26636600494385,-8.693414671956745],[-70.26604413986206,-8.692735914522117],[-70.26585102081299,-8.692057155858095],[-70.26580810546875,-8.691314762161738],[-70.2659797668457,-8.688811824007388],[-70.26600122451782,-8.68783609782713],[-70.26600122451782,-8.68686036910782],[-70.26589393615723,-8.68603311885714],[-70.2654218673706,-8.684972538943384],[-70.26529312133789,-8.684760422600775],[-70.26409149169922,-8.683318028289975],[-70.26280403137207,-8.68187562843353],[-70.26226758956909,-8.68092109606792],[-70.26196718215942,-8.680115044623903],[-70.26143074035645,-8.678418088556867],[-70.2611517906189,-8.676296882685278],[-70.26117324829102,-8.675363548305143],[-70.26128053665161,-8.67453627271064],[-70.26168823242188,-8.672712017523992],[-70.26213884353638,-8.671524125662728],[-70.26228904724121,-8.670993815583358],[-70.26235342025757,-8.670293805132431],[-70.26254653930664,-8.669657430863495],[-70.2625686471919,-8.669615005873922],[-70.26256799697876,-8.669615005873922],[-70.26291131973267,-8.668957417922897],[-70.2631688117981,-8.668405891657343],[-70.26321172714233,-8.667918002363109],[-70.2631688117981,-8.667536175517156],[-70.2630615234375,-8.667260411442712],[-70.26288986206055,-8.66702707245247],[-70.26267528533936,-8.66683615862543],[-70.26252508168926,-8.666743353276916],[-70.26231050491333,-8.666624032037234],[-70.26185989379883,-8.66645433068048],[-70.2614951133728,-8.666220991189846],[-70.26149676398344,-8.666220991189846],[-70.26143074035645,-8.66617856581236],[-70.26125907897949,-8.665945226150555],[-70.26117324829102,-8.665860375328549],[-70.26102304458618,-8.665839162620031],[-70.26087284088135,-8.665902800741947],[-70.26080846786499,-8.666008864254508],[-70.26078701019287,-8.66617856581236],[-70.26086910915153,-8.66630399737009],[-70.2610575301415,-8.666561909224319],[-70.2614092828478,-8.666793733382022],[-70.26162385940552,-8.66692100922721],[-70.26207447052002,-8.667111923011134],[-70.26233196258545,-8.66723919881322],[-70.26256799697876,-8.667493750288102],[-70.26267528533936,-8.667918002363109],[-70.26265382766724,-8.668236191105095],[-70.26243925094604,-8.668724079986248],[-70.2620530128479,-8.669445305867683],[-70.26181697845459,-8.670145317899411],[-70.26175260543823,-8.670887753477672],[-70.26164531707764,-8.671333214120395],[-70.2611517906189,-8.672563531246752],[-70.26074409484863,-8.674451423828671],[-70.26061534881592,-8.675342336133184],[-70.26061534881592,-8.676318094803335],[-70.26091575622559,-8.678524148535814],[-70.26145219802856,-8.680284739808613],[-70.26177406311035,-8.681133214581223],[-70.26235342025757,-8.682172593563152],[-70.26368379592896,-8.683678627387607],[-70.26486396789551,-8.685078597069733],[-70.26537895202637,-8.686181599805721],[-70.26546478271484,-8.686881580628722],[-70.26546478271484,-8.68781488636023],[-70.26544332504272,-8.688790612595696],[-70.26527166366577,-8.691314762161738],[-70.26531457901001,-8.69218442320124],[-70.26555061340332,-8.692926815174886],[-70.26587247848511,-8.693626783402934],[-70.2661943435669,-8.69453886125332],[-70.26818990707397,-8.697847776209173],[-70.26868343353271,-8.699226482146656],[-70.26926279067993,-8.700371864757543],[-70.26934862136841,-8.700605183007994],[-70.26937007904053,-8.700902133298271],[-70.26932716369629,-8.701474822478659],[-70.26902675628662,-8.701665718677447],[-70.26872634887695,-8.701941457459398],[-70.26818990707397,-8.702556566317995],[-70.26748180389404,-8.703574675311046],[-70.26707410812378,-8.70427462363729],[-70.2668809890747,-8.704932149660337],[-70.26677370071411,-8.705462411740598],[-70.26675224304199,-8.70611993567654],[-70.26662349700928,-8.707647083585371],[-70.2665376663208,-8.707753135291995],[-70.2661943435669,-8.708474286099744],[-70.26574373245239,-8.708474286099744],[-70.26574373245239,-8.70819855213152],[-70.26546478271484,-8.70819855213152],[-70.26546478271484,-8.707922817960068],[-70.2651858329773,-8.707922817960068],[-70.2651858329773,-8.70819855213152],[-70.26492834091187,-8.70819855213152],[-70.26492834091187,-8.708474286099744],[-70.26437044143677,-8.708474286099744],[-70.26437044143677,-8.70819855213152],[-70.26411294937134,-8.70819855213152],[-70.26411294937134,-8.709025753426388],[-70.26464939117432,-8.709025753426388],[-70.26464939117432,-8.709556009704471],[-70.26520729064941,-8.709556009704471],[-70.26520729064941,-8.710107475436232],[-70.2654218673706,-8.710107475436232],[-70.26531457901001,-8.710616520005317],[-70.2651858329773,-8.711761867752273],[-70.2649712562561,-8.712419380614506],[-70.26477813720703,-8.713798032861803],[-70.26424169540405,-8.717212826533142],[-70.2641773223877,-8.717658232102991],[-70.26404857635498,-8.718146056641743],[-70.26389837265015,-8.718358154068625],[-70.26366233825684,-8.718549041649894],[-70.26331901550293,-8.718718719418021],[-70.26265382766724,-8.71890960681506],[-70.26228904724121,-8.719185332883043],[-70.26192426681519,-8.71954589743413],[-70.26158094406128,-8.720097348427359],[-70.2613878250122,-8.72083968501731],[-70.26128053665161,-8.72151839146565],[-70.26113033294678,-8.721815325148967],[-70.26046514511108,-8.722281934745794],[-70.26018619537354,-8.722430401313432],[-70.25973558425903,-8.722536448825608],[-70.2590274810791,-8.722621286813663],[-70.25814771652222,-8.722684915292064],[-70.25625944137573,-8.722706124782448],[-70.25574445724487,-8.722790962731963],[-70.25542259216309,-8.722939429097224],[-70.25424242019653,-8.72380901662271],[-70.2526330947876,-8.725336092254281],[-70.25089502334595,-8.726629859776551],[-70.24990797042847,-8.727138881834804],[-70.24879217147827,-8.727796367632635],[-70.24797677993774,-8.728114505506085],[-70.24722576141357,-8.72851747975649],[-70.24641036987305,-8.728199342226546],[-70.24531602859497,-8.727647903198886],[-70.24402856826782,-8.727160091072165],[-70.24304151535034,-8.72671469683445],[-70.24183988571167,-8.726057209131284],[-70.24106740951538,-8.725781488136903],[-70.2401876449585,-8.725675441546386],[-70.23960828781128,-8.725526976269038],[-70.23870706558228,-8.725060370727306],[-70.23814916610718,-8.724657392744689],[-70.23759126663208,-8.724169576710082],[-70.23696899414062,-8.723724178904504],[-70.2360463142395,-8.723151523802372],[-70.23332118988037,-8.722387982300134],[-70.23143291473389,-8.721730486977819],[-70.22632598876953,-8.720074461906135],[-70.22632598876953,-8.720076138788826],[-70.22600412368774,-8.719970090578087],[-70.224609375,-8.71941863939702],[-70.22396564483643,-8.719142913501216],[-70.22330045700073,-8.718803558273194],[-70.22156238555908,-8.717827910275673],[-70.21926641464233,-8.716937099009542],[-70.21960973739624,-8.7168522597306],[-70.2225923538208,-8.716428063046905],[-70.22289276123047,-8.716371885605213],[-70.22289276123047,-8.716364433502832],[-70.22338628768921,-8.716279594093862],[-70.2240514755249,-8.716046285619896],[-70.224609375,-8.71577055723563],[-70.22574663162231,-8.715091840346176],[-70.22767782211304,-8.71439191226311],[-70.22851467132568,-8.714201022558441],[-70.22937297821045,-8.713946502800596],[-70.230553150177,-8.713501092807363],[-70.23353576660156,-8.7119739688019],[-70.23439407348633,-8.711698237413913],[-70.23439407348633,-8.712652691352176],[-70.23467302322388,-8.712652691352176],[-70.23467302322388,-8.712376960464724],[-70.23495197296143,-8.712376960464724],[-70.23495197296143,-8.712652691352176],[-70.2354884147644,-8.71263148129114],[-70.2354884147644,-8.712907211990895],[-70.23686170578003,-8.712907211990895],[-70.23686170578003,-8.71263148129114],[-70.23739814758301,-8.71263148129114],[-70.23739814758301,-8.712355750388042],[-70.23767709732056,-8.712355750388042],[-70.23767709732056,-8.711825498079776],[-70.23739814758301,-8.711825498079776],[-70.23739814758301,-8.711274034881527],[-70.23711919784546,-8.711274034881527],[-70.23711919784546,-8.710468048744232],[-70.23684024810791,-8.710468048744232],[-70.23684024810791,-8.709386327777281],[-70.23656129837036,-8.709386327777281],[-70.23656129837036,-8.709110594481402],[-70.23574590682983,-8.709110594481402],[-70.23574590682983,-8.70883486098225],[-70.2349305152893,-8.708856071258637],[-70.2349305152893,-8.709386327777281],[-70.23383617401123,-8.709386327777281],[-70.23383617401123,-8.709662060869888],[-70.2335786819458,-8.709662060869888],[-70.2335786819458,-8.709937793759224],[-70.23329973220825,-8.709937793759224],[-70.23329973220825,-8.710489258928007],[-70.2335786819458,-8.710468048744232],[-70.2335786819458,-8.71074378103934],[-70.23411512374878,-8.71074378103934],[-70.23411512374878,-8.711231614601829],[-70.23332118988037,-8.711486136207881],[-70.23033857345581,-8.713013262205877],[-70.2292013168335,-8.713437462765],[-70.22836446762085,-8.713691982869449],[-70.22750616073608,-8.713882872834048],[-70.22632598876953,-8.714313988532545],[-70.22632598876953,-8.714328282372392],[-70.22553205490112,-8.714604011820626],[-70.224609375,-8.715155470106922],[-70.22385835647583,-8.715537248443894],[-70.22323608398438,-8.71574934735149],[-70.22289276123047,-8.715812977000297],[-70.22289276123047,-8.715812370985756],[-70.22173404693604,-8.716025075751404],[-70.21950244903564,-8.716322013800749],[-70.21872997283936,-8.71649169258015],[-70.21812915802002,-8.716682581114895],[-70.2167558670044,-8.716385643352055],[-70.21559715270996,-8.716322013800749],[-70.21559715270996,-8.716237174382158],[-70.21531820297241,-8.716237174382158],[-70.21531820297241,-8.71596144613872],[-70.21422386169434,-8.71596144613872],[-70.21422386169434,-8.716300803947902],[-70.21405220031738,-8.716237174382158],[-70.21383762359619,-8.71596144613872],[-70.21289348602295,-8.71398892277226],[-70.21237850189209,-8.713331412670357],[-70.21222829818726,-8.71320415251705],[-70.21158456802368,-8.712822371797245],[-70.2101469039917,-8.711889128396479],[-70.20933151245117,-8.711231614601829],[-70.20890235900879,-8.710807411540088],[-70.2081298828125,-8.710128685640441],[-70.20694971084595,-8.7095135892299],[-70.2045464515686,-8.708665178727898],[-70.20261526107788,-8.70811371086964],[-70.20304441452026,-8.707477400792229],[-70.20349502563477,-8.706225987816083],[-70.20383834838867,-8.706225987816083],[-70.20383834838867,-8.705971462630728],[-70.20411729812622,-8.705950252190789],[-70.20411729812622,-8.705695726817865],[-70.20383834838867,-8.705695726817865],[-70.20383834838867,-8.705419990801829],[-70.20381689071655,-8.705419990801829],[-70.2040958404541,-8.70455036049728],[-70.20426750183105,-8.70406251822213],[-70.20437479019165,-8.70406251822213],[-70.20439624786377,-8.70372314930782],[-70.20480394363403,-8.703065621160675],[-70.20529747009277,-8.702535355684518],[-70.20587682723999,-8.701962668126512],[-70.20673513412476,-8.701326347590097],[-70.20742177963257,-8.700923344024275],[-70.20795822143555,-8.700711236710134],[-70.2104902267456,-8.699884017036808],[-70.21136999130249,-8.699629487538886],[-70.21203517913818,-8.69950222272503],[-70.21278619766235,-8.699438590301895],[-70.21405220031738,-8.699374957867931],[-70.21774291992188,-8.699777963100374],[-70.21958827972412,-8.70005370327263],[-70.22121906280518,-8.70041428626844],[-70.22250652313232,-8.700923344024275],[-70.22289276123047,-8.701001260930605],[-70.22289276123047,-8.700986976195097],[-70.224609375,-8.70134755829207],[-70.22630055744972,-8.701661005189385],[-70.22757053375244,-8.701771772079155],[-70.23033857345581,-8.70236567057347],[-70.23117542266846,-8.702683830093562],[-70.23349285125732,-8.703659517602134],[-70.23445844650269,-8.704232202563858],[-70.23572444915771,-8.70531393843386],[-70.23731231689453,-8.706798668850041],[-70.23823499679565,-8.707795555966229],[-70.23954391479492,-8.709789322228687],[-70.24016618728638,-8.710531679291918],[-70.24083137512207,-8.71101951313112],[-70.24179697036743,-8.711486136207881],[-70.24312734603882,-8.711910338499635],[-70.24417877197266,-8.712334540310152],[-70.24608850479126,-8.713691982869449],[-70.24679660797119,-8.71398892277226],[-70.24754762649536,-8.714158602610837],[-70.24832010269165,-8.714158602610837],[-70.2490496635437,-8.71398892277226],[-70.25012254714966,-8.713331412670357],[-70.2505087852478,-8.713013262205877],[-70.25222539901733,-8.711995178900253],[-70.25299787521362,-8.711401295691772],[-70.25357723236084,-8.710871042030021],[-70.25434970855713,-8.709980214185691],[-70.25574445724487,-8.709110594481402],[-70.25619506835938,-8.708707599298691],[-70.25668859481812,-8.708134921186925],[-70.2569031715393,-8.707647083585371],[-70.25705337524414,-8.706607775269461],[-70.25705337524414,-8.70592904174967],[-70.2571177482605,-8.705419990801829],[-70.25733232498169,-8.70472004461783],[-70.25726795196533,-8.70455036049728],[-70.2571177482605,-8.704444307882866],[-70.25692462921143,-8.704465518408156],[-70.25679588317871,-8.704613992051506],[-70.25660276412964,-8.705335148909867],[-70.25651693344116,-8.705907831307329],[-70.25651693344116,-8.706565354460537],[-70.25649547576904,-8.706883510410165],[-70.25638818740845,-8.707498611145581],[-70.25623798370361,-8.707837976635645],[-70.25580883026123,-8.708325813988267],[-70.2554440498352,-8.708665178727898],[-70.2539849281311,-8.709577219939973],[-70.2531909942627,-8.710489258928007],[-70.25265455245972,-8.710998302977416],[-70.25192499160767,-8.711528556458703],[-70.25020837783813,-8.712567851100772],[-70.24982213973999,-8.712886001944284],[-70.24881362915039,-8.713501092807363],[-70.2482557296753,-8.713607142853888],[-70.24763345718384,-8.713607142853888],[-70.24696826934814,-8.713479882794445],[-70.24632453918457,-8.71320415251705],[-70.2445650100708,-8.711952758702353],[-70.24484395980835,-8.711528556458703],[-70.24510145187378,-8.710807411540088],[-70.24529457092285,-8.710022634607355],[-70.24542331695557,-8.709280276533676],[-70.2455735206604,-8.707859186968562],[-70.24574518203735,-8.706883510410165],[-70.24593830108643,-8.706332039925528],[-70.24630308151245,-8.705780568628072],[-70.24662494659424,-8.705504832674563],[-70.24707555770874,-8.705229096517854],[-70.24808406829834,-8.703977676022404],[-70.24847030639648,-8.703129252967344],[-70.24877071380615,-8.702280827989128],[-70.24900674819946,-8.701602086622003],[-70.24913549423218,-8.700944554749071],[-70.24935007095337,-8.700456707774535],[-70.24975776672363,-8.699862806251929],[-70.25035858154297,-8.699247692967575],[-70.25100231170654,-8.698781054629578],[-70.2517318725586,-8.698399259193252],[-70.25261163711548,-8.698123517802728],[-70.25387763977051,-8.697826565308944],[-70.25475740432739,-8.697678088973774],[-70.25574445724487,-8.697635667152909],[-70.2574610710144,-8.697699299882402],[-70.25827646255493,-8.697572034412602],[-70.25844812393188,-8.697487190742052],[-70.25851249694824,-8.697296292413043],[-70.25842666625977,-8.697105393986732],[-70.2582335472107,-8.697041761156342],[-70.2574610710144,-8.697147815867652],[-70.25574445724487,-8.697084183044481],[-70.25471448898315,-8.697147815867652],[-70.25377035140991,-8.697296292413043],[-70.25248289108276,-8.69759324532724],[-70.25153875350952,-8.697890198006007],[-70.25070190429688,-8.698335626582676],[-70.25001525878906,-8.698844687164453],[-70.24935007095337,-8.699523433530345],[-70.24887800216675,-8.700202178665904],[-70.24862051010132,-8.700774868916994],[-70.24847030639648,-8.701453611783904],[-70.24827718734741,-8.702089932104016],[-70.24763345718384,-8.703701938740451],[-70.2466893196106,-8.704826097154111],[-70.24630308151245,-8.705059412628131],[-70.24589538574219,-8.705419990801829],[-70.24544477462769,-8.706098725245042],[-70.2452301979065,-8.706756248062774],[-70.24503707885742,-8.707774345629716],[-70.2449083328247,-8.709216645773097],[-70.24477958679199,-8.709916583544185],[-70.24458646774292,-8.710658940354804],[-70.24435043334961,-8.711316455156421],[-70.24413585662842,-8.71161339694595],[-70.24402856826782,-8.711698237413913],[-70.24329900741577,-8.711401295691772],[-70.24201154708862,-8.710977092822532],[-70.24111032485962,-8.710552889472083],[-70.24048805236816,-8.710128685640441],[-70.23999452590942,-8.709471168750497],[-70.23864269256592,-8.707456190437682],[-70.23767709732056,-8.706395671176779],[-70.23608922958374,-8.704910939161493],[-70.23478031158447,-8.703786781002691],[-70.23377180099487,-8.703192884763183],[-70.23340702056885,-8.703023199950223],[-70.23074626922607,-8.701941457459398],[-70.23171186447144,-8.701411190390772],[-70.23241996765137,-8.70122029406221],[-70.23360013961792,-8.701199083353032],[-70.23437261581421,-8.700986976195097],[-70.23533821105957,-8.700520340024653],[-70.23718357086182,-8.698865898007],[-70.23787021636963,-8.698102306918116],[-70.23832082748413,-8.697508401661494],[-70.23877143859863,-8.697084183044481],[-70.23943662643433,-8.69670238587834],[-70.239737033844,-8.696596331040908],[-70.2400803565979,-8.696575120069824],[-70.240638256073,-8.696681174913252],[-70.2414321899414,-8.696681174913252],[-70.24246215820312,-8.696511487149337],[-70.24314880371094,-8.696129689399484],[-70.24362087249756,-8.695832735325013],[-70.24471521377563,-8.695005504876335],[-70.24638891220093,-8.694241905917863],[-70.24722576141357,-8.693690416813382],[-70.2476978302002,-8.693287405031398],[-70.24868488311768,-8.692651069756351],[-70.24874925613403,-8.692545013772133],[-70.24874925613403,-8.692417746551428],[-70.2487063407898,-8.692311690501171],[-70.24862051010132,-8.692226845639354],[-70.2484917640686,-8.692205634420901],[-70.24834156036377,-8.692248056856599],[-70.24737596511841,-8.692863181634763],[-70.24690389633179,-8.693244982713352],[-70.2461314201355,-8.69377526134383],[-70.2444577217102,-8.69453886125332],[-70.24329900741577,-8.695387303771923],[-70.24289131164551,-8.695663047176751],[-70.24224758148193,-8.696002423396394],[-70.24141073226929,-8.696150900395793],[-70.24068117141724,-8.696129689399484],[-70.24010181427002,-8.696044845402227],[-70.23965120315552,-8.696066056403339],[-70.23920059204102,-8.696214533377528],[-70.23847103118896,-8.696617542010799],[-70.23793458938599,-8.697147815867652],[-70.23746252059937,-8.697741721696062],[-70.23679733276367,-8.698484102657176],[-70.23643255233765,-8.698844687164453],[-70.23505926132202,-8.70005370327263],[-70.23417949676514,-8.700477918525777],[-70.23349285125732,-8.700668815232888],[-70.23235559463501,-8.700690025972122],[-70.23154020309448,-8.700880922571073],[-70.23091793060303,-8.70122029406221],[-70.23003816604614,-8.701750561401226],[-70.22806406021118,-8.701326347590097],[-70.2285361289978,-8.700923344024275],[-70.2290940284729,-8.700202178665904],[-70.22937297821045,-8.699693119929577],[-70.22956609725952,-8.698929530527465],[-70.22988796234131,-8.698081096032311],[-70.23048877716064,-8.696872073555781],[-70.23162603378296,-8.695069138052617],[-70.23241996765137,-8.693457094255592],[-70.23291349411011,-8.692587436169404],[-70.23334264755249,-8.691993522170307],[-70.2339220046997,-8.691526874796466],[-70.23484468460083,-8.691081438124897],[-70.23583173751831,-8.69089053653218],[-70.2375054359436,-8.690784480049757],[-70.23767709732056,-8.690657212231244],[-70.2377200126648,-8.690487521739357],[-70.23763418197632,-8.690317831170645],[-70.23744106292725,-8.690232985857492],[-70.23574590682983,-8.690339042495935],[-70.23467302322388,-8.6905723669949],[-70.23411512374878,-8.690826902646322],[-70.23364305496216,-8.691081438124897],[-70.23297786712646,-8.691590508563479],[-70.2324628829956,-8.692290479287507],[-70.23194789886475,-8.693202560390503],[-70.23115396499634,-8.694793394210635],[-70.23001670837402,-8.696617542010799],[-70.22939443588257,-8.697890198006007],[-70.22905111312866,-8.698759843782213],[-70.22887945175171,-8.699481011918522],[-70.2286434173584,-8.699884017036808],[-70.22812843322754,-8.700583972263956],[-70.2277421951294,-8.700880922571073],[-70.22722721099854,-8.701199083353032],[-70.22619724273682,-8.701114240504268],[-70.224609375,-8.700796079650203],[-70.22265672683716,-8.700393075513603],[-70.22136926651001,-8.69990522782048],[-70.21969556808472,-8.699523433530345],[-70.21780729293823,-8.699247692967575],[-70.21568298339844,-8.699035584704205],[-70.21679878234863,-8.698165939568327],[-70.21785020828247,-8.697169026806307],[-70.21907329559326,-8.696193322384815],[-70.22029638290405,-8.695281248562168],[-70.22119760513306,-8.694729760987514],[-70.22212028503418,-8.694369172519032],[-70.22289276123047,-8.694131329931],[-70.22289276123047,-8.694114639273508],[-70.22342920303345,-8.693966161467088],[-70.224609375,-8.693881316979883],[-70.22480249404907,-8.693881316979883],[-70.22540330886841,-8.693944950347088],[-70.2266263961792,-8.694220694813481],[-70.22681951522827,-8.694157061493087],[-70.22690534591675,-8.693966161467088],[-70.22686243057251,-8.693796472473437],[-70.22671222686768,-8.693690416813382],[-70.22632598876953,-8.693601784538034],[-70.22632598876953,-8.693605572263735],[-70.22548913955688,-8.693414671956745],[-70.22482395172119,-8.69332982734467],[-70.224609375,-8.693351038499486],[-70.22330045700073,-8.693435883106773],[-70.22194862365723,-8.693860105855052],[-70.22094011306763,-8.694263117021066],[-70.21999597549438,-8.694835816353375],[-70.21872997283936,-8.695769102278419],[-70.21748542785645,-8.696766018766382],[-70.21645545959473,-8.697741721696062],[-70.21491050720215,-8.69895074136521],[-70.2140736579895,-8.698844687164453],[-70.21274328231812,-8.698887108848353],[-70.21197080612183,-8.69897195220176],[-70.2112627029419,-8.699099217195837],[-70.21034002304077,-8.699353747054204],[-70.2077865600586,-8.700202178665904],[-70.20718574523926,-8.700435497022099],[-70.20643472671509,-8.700880922571073],[-70.20553350448608,-8.701538454555745],[-70.20491123199463,-8.70213235342024],[-70.20491123199463,-8.701623297308359],[-70.20463228225708,-8.701623297308359],[-70.20463228225708,-8.70134755829207],[-70.20437479019165,-8.70134755829207],[-70.20437479019165,-8.70189903612156],[-70.2040958404541,-8.70189903612156],[-70.2040958404541,-8.701623297308359],[-70.20381689071655,-8.701623297308359],[-70.20381689071655,-8.70134755829207],[-70.20328044891357,-8.70134755829207],[-70.20328044891357,-8.700817290382233],[-70.20355939865112,-8.700817290382233],[-70.203537940979,-8.699184060501182],[-70.20381689071655,-8.699184060501182],[-70.20381689071655,-8.698102306918116],[-70.203537940979,-8.698102306918116],[-70.203537940979,-8.698356837454071],[-70.20328044891357,-8.698356837454071],[-70.20328044891357,-8.6986325786728],[-70.2021861076355,-8.6986325786728],[-70.2021861076355,-8.698908319688513],[-70.20190715789795,-8.698908319688513],[-70.20190715789795,-8.699184060501182],[-70.2021861076355,-8.699184060501182],[-70.2021861076355,-8.699459801110805],[-70.20137071609497,-8.699459801110805],[-70.20137071609497,-8.70026581095928],[-70.20164966583252,-8.70026581095928],[-70.20164966583252,-8.701093029789078],[-70.20109176635742,-8.701093029789078],[-70.20109176635742,-8.702174774731631],[-70.20137071609497,-8.702174774731631],[-70.20137071609497,-8.702450513138615],[-70.20192861557007,-8.702450513138615],[-70.20192861557007,-8.702980778734968],[-70.2021861076355,-8.702980778734968],[-70.2021861076355,-8.70353225415829],[-70.20302295684814,-8.70353225415829],[-70.20302295684814,-8.703786781002691],[-70.20379543304443,-8.703786781002691],[-70.20355939865112,-8.704465518408156],[-70.20355939865112,-8.70406251822213],[-70.2027440071106,-8.70406251822213],[-70.2027440071106,-8.704338255238383],[-70.20246505737305,-8.704338255238383],[-70.20246505737305,-8.705419990801829],[-70.2027440071106,-8.705419990801829],[-70.2027440071106,-8.705971462630728],[-70.20302295684814,-8.705971462630728],[-70.20255088806152,-8.707244086825995],[-70.2020788192749,-8.707944028288168],[-70.19997596740723,-8.707392559366795],[-70.2000617980957,-8.707053193472674],[-70.2001690864563,-8.706289619085354],[-70.2001690864563,-8.706077514812335],[-70.20010471343994,-8.705865410419065],[-70.19952535629272,-8.704359465769699],[-70.19879579544067,-8.7032989377322],[-70.19789457321167,-8.702280827989128],[-70.19767999649048,-8.702089932104016],[-70.19718647003174,-8.701814193431431],[-70.19619941711426,-8.70149603317222],[-70.19559860229492,-8.701389979692408],[-70.19450426101685,-8.701389979692408],[-70.19353866577148,-8.701708140041731],[-70.19257307052612,-8.70236567057347],[-70.19214391708374,-8.702556566317995],[-70.19190788269043,-8.702598987581311],[-70.19173622131348,-8.70122029406221],[-70.1915431022644,-8.7003082324822],[-70.19137144088745,-8.699799173890057],[-70.1911997795105,-8.69950222272503],[-70.19173622131348,-8.698505313520158],[-70.19203662872314,-8.697423557976535],[-70.19216537475586,-8.69644785421805],[-70.19240140914917,-8.695535781015138],[-70.19287347793579,-8.69453886125332],[-70.19313097000122,-8.694305539223862],[-70.19358158111572,-8.694008583703493],[-70.19433259963989,-8.693754050213016],[-70.19486904144287,-8.693669205677764],[-70.19671440124512,-8.693626783402934],[-70.19671440124512,-8.694326750323441],[-70.19643545150757,-8.694326750323441],[-70.19643545150757,-8.694581283424867],[-70.1972508430481,-8.694581283424867],[-70.1972508430481,-8.694857027422941],[-70.1978087425232,-8.694857027422941],[-70.1978087425232,-8.694581283424867],[-70.19834518432617,-8.694581283424867],[-70.19834518432617,-8.694051005935094],[-70.19806623458862,-8.694051005935094],[-70.19806623458862,-8.69377526134383],[-70.1972508430481,-8.69377526134383],[-70.1972508430481,-8.693647994540967],[-70.19793748855591,-8.693690416813382],[-70.19877433776855,-8.693860105855052],[-70.1995038986206,-8.694157061493087],[-70.20388126373291,-8.6968508626003],[-70.20540475845337,-8.697487190742052],[-70.20557641983032,-8.697444768899572],[-70.20568370819092,-8.697338714272348],[-70.20570516586304,-8.697169026806307],[-70.20561933517456,-8.697020550210468],[-70.2040958404541,-8.696363010292856],[-70.19976139068604,-8.693669205677764],[-70.19892454147339,-8.693351038499486],[-70.19800186157227,-8.69316013806285],[-70.19690752029419,-8.693096504562348],[-70.19480466842651,-8.69311771573038],[-70.19420385360718,-8.693223771552539],[-70.19334554672241,-8.693520727694846],[-70.19278764724731,-8.693881316979883],[-70.19240140914917,-8.694241905917863],[-70.19186496734619,-8.695366092732371],[-70.191650390625,-8.696341799308556],[-70.19150018692017,-8.697338714272348],[-70.19122123718262,-8.698314415710087],[-70.19087791442871,-8.699014373871265],[-70.19055604934692,-8.6986325786728],[-70.1902985572815,-8.698462891793],[-70.18926858901978,-8.698059885145298],[-70.18875360488892,-8.697975041585266],[-70.18849611282349,-8.697847776209173],[-70.1882815361023,-8.697572034412602],[-70.18804550170898,-8.69693570641499],[-70.18768072128296,-8.696341799308556],[-70.18720865249634,-8.695853946338133],[-70.18635034561157,-8.695344881691625],[-70.1862645149231,-8.695238826469861],[-70.18594264984131,-8.694666127753592],[-70.185706615448,-8.694114639273508],[-70.18810987472534,-8.69190867723647],[-70.18871068954468,-8.69144202975697],[-70.18903255462646,-8.691166283246005],[-70.18944025039673,-8.69089053653218],[-70.18989086151123,-8.690720846145908],[-70.19027709960938,-8.690657212231244],[-70.1910924911499,-8.69061478961548],[-70.19180059432983,-8.690487521739357],[-70.19233703613281,-8.690296619844162],[-70.19289493560791,-8.689914815762094],[-70.1933240890503,-8.68955422266086],[-70.19396781921387,-8.689278474761181],[-70.1947832107544,-8.689193629212795],[-70.195791721344,-8.68915120643139],[-70.19600629806519,-8.689108783645196],[-70.19828081130981,-8.689448165800385],[-70.20019054412842,-8.689575434029365],[-70.20182132720947,-8.690020872490578],[-70.20289421081543,-8.69044509910438],[-70.20388126373291,-8.69095417040721],[-70.20469665527344,-8.691314762161738],[-70.20557641983032,-8.691505663538393],[-70.20720720291138,-8.691420818494109],[-70.21154165267944,-8.691654142319678],[-70.21233558654785,-8.691802621042143],[-70.21321535110474,-8.692120789535068],[-70.2140736579895,-8.692460168963123],[-70.21422386169434,-8.692460168963123],[-70.21435260772705,-8.692375324134929],[-70.21439552307129,-8.692269268072664],[-70.21439552307129,-8.692163211980386],[-70.21435260772705,-8.692035944630035],[-70.21426677703857,-8.691972310938652],[-70.21340847015381,-8.691611719816748],[-70.21244287490845,-8.691272339620397],[-70.21158456802368,-8.691102649406972],[-70.20720720291138,-8.690869325238083],[-70.2056622505188,-8.69097538169649],[-70.20488977432251,-8.690805691348643],[-70.20413875579834,-8.69046631042248],[-70.20310878753662,-8.689936027110193],[-70.20199298858643,-8.689511799920268],[-70.20100593566895,-8.689214840601693],[-70.2002763748169,-8.689045149456888],[-70.19834518432617,-8.6889178810479],[-70.19712209701538,-8.688726978353387],[-70.1974868774414,-8.68838759554535],[-70.19776582717896,-8.68798457806183],[-70.1980447769165,-8.687178541795262],[-70.19813060760498,-8.686627042298795],[-70.1982593536377,-8.68630886914346],[-70.19843101501465,-8.686075541991315],[-70.1987099647522,-8.685821003114313],[-70.19901037216187,-8.685651310433684],[-70.19931077957153,-8.685608887251519],[-70.20134925842285,-8.685630098843205],[-70.20201444625854,-8.685545252469296],[-70.20250797271729,-8.685142231931138],[-70.2029800415039,-8.684293766224783],[-70.20315170288086,-8.683890744341966],[-70.20323753356934,-8.683805897574615],[-70.20343065261841,-8.68372105078808],[-70.20450353622437,-8.683699839088462],[-70.20572662353516,-8.683742262486518],[-70.2065634727478,-8.683742262486518],[-70.20770072937012,-8.683805897574615],[-70.20896673202515,-8.684081649498324],[-70.2101469039917,-8.684463459519577],[-70.2130651473999,-8.684675576030145],[-70.21424531936646,-8.684866480787079],[-70.21557569503784,-8.684781634240437],[-70.21971702575684,-8.686160388245241],[-70.22160530090332,-8.686690676897484],[-70.22237777709961,-8.686754311485359],[-70.22289276123047,-8.686736757116782],[-70.22289276123047,-8.686733099957266],[-70.224609375,-8.6866482538329],[-70.22600412368774,-8.686627042298795],[-70.22634744644165,-8.686690676897484],[-70.22722721099854,-8.686924003666903],[-70.23136854171753,-8.688514864134362],[-70.23158311843872,-8.688493652705858],[-70.23171186447144,-8.688323961234659],[-70.23169040679932,-8.688154269686635],[-70.2315616607666,-8.68802700097524],[-70.22930860519409,-8.687157330291157],[-70.22941589355469,-8.687157330291157],[-70.22939443588257,-8.686075541991315],[-70.22913694381714,-8.686075541991315],[-70.22913694381714,-8.68579979153344],[-70.22857904434204,-8.68579979153344],[-70.22857904434204,-8.686351292246428],[-70.22804260253906,-8.686351292246428],[-70.22804260253906,-8.686669465365782],[-70.22739887237549,-8.6864149268919],[-70.22645473480225,-8.686160388245241],[-70.22604703903198,-8.686096753556583],[-70.224609375,-8.686117965120673],[-70.2236008644104,-8.686181599805721],[-70.2231711309948,-8.686189052516372],[-70.22289276123047,-8.686202811365021],[-70.22289276123047,-8.686193880182158],[-70.22237777709961,-8.686202811365021],[-70.22171258926392,-8.686160388245241],[-70.21986722946167,-8.685630098843205],[-70.21682024002075,-8.684633152737632],[-70.21885871887207,-8.684505882831289],[-70.21995306015015,-8.684399824543036],[-70.22149801254272,-8.683933167718436],[-70.2222490310669,-8.683763474183749],[-70.22284984588623,-8.683530145448216],[-70.22289276123047,-8.683524971858992],[-70.22289276123047,-8.683508933737784],[-70.224609375,-8.683318028289975],[-70.22593975067139,-8.68321196966589],[-70.22632598876953,-8.683127122745034],[-70.22632598876953,-8.683143807529573],[-70.22948026657104,-8.682554405527299],[-70.22980213165283,-8.68246955845774],[-70.23233413696289,-8.682045322822091],[-70.23310661315918,-8.68187562843353],[-70.23396492004395,-8.681833204824386],[-70.23566007614136,-8.681854416629562],[-70.2375054359436,-8.682045322822091],[-70.2380633354187,-8.68215138177598],[-70.23890018463135,-8.68219380534913],[-70.23969411849976,-8.68219380534913],[-70.24183988571167,-8.68251198199492],[-70.24323463439941,-8.682342287817406],[-70.24447917938232,-8.682321076039827],[-70.24600267410278,-8.682384711368982],[-70.2464747428894,-8.682596829054901],[-70.24782657623291,-8.683296816567562],[-70.24847030639648,-8.683742262486518],[-70.24952173233032,-8.684145284528853],[-70.25076627731323,-8.684314977890821],[-70.25269746780396,-8.68433618955568],[-70.25531530380249,-8.684866480787079],[-70.2560019493103,-8.685142231931138],[-70.25851249694824,-8.686605830763511],[-70.25864124298096,-8.686627042298795],[-70.25874853134155,-8.686605830763511],[-70.25883436203003,-8.68652098461034],[-70.25887727737427,-8.686372503796122],[-70.25883436203003,-8.686224022923113],[-70.25874853134155,-8.686139176683554],[-70.25625944137573,-8.684654364384471],[-70.25548696517944,-8.68435740121933],[-70.25276184082031,-8.683805897574615],[-70.25078773498535,-8.683784685879786],[-70.24965047836304,-8.683614992277924],[-70.2487063407898,-8.683254393119114],[-70.24810552597046,-8.682851370119707],[-70.24671077728271,-8.682108958198015],[-70.2461314201355,-8.681854416629562],[-70.24447917938232,-8.681769569401695],[-70.24319171905518,-8.681790781210466],[-70.24186134338379,-8.681981687435368],[-70.24072408676147,-8.681790781210466],[-70.24151802062988,-8.681408968469242],[-70.24347066879272,-8.680263527914732],[-70.24432897567749,-8.679542322809013],[-70.24531602859497,-8.677993848341401],[-70.24580955505371,-8.677378699177353],[-70.2466893196106,-8.676657488528988],[-70.24731159210205,-8.676402943263497],[-70.24832010269165,-8.676084761438972],[-70.24898529052734,-8.675660518586824],[-70.24947881698608,-8.675236275255386],[-70.24956464767456,-8.67515142653157],[-70.24958610534668,-8.675024153409922],[-70.24954319000244,-8.674896880245129],[-70.24943590164185,-8.674790819241522],[-70.24932861328125,-8.674769607037192],[-70.24913549423218,-8.674833243646546],[-70.24866342544556,-8.675236275255386],[-70.24810552597046,-8.675575669958889],[-70.2471399307251,-8.675893852214827],[-70.24645328521729,-8.67616960995187],[-70.24604558944702,-8.676466579596038],[-70.24542331695557,-8.676996881947858],[-70.24488687515259,-8.677675667865145],[-70.24392127990723,-8.679160507780225],[-70.24314880371094,-8.679839289785093],[-70.24126052856445,-8.680942307924639],[-70.24033784866333,-8.681387756638898],[-70.23965120315552,-8.68164229852394],[-70.23890018463135,-8.681663510339888],[-70.23812770843506,-8.68162108670677],[-70.23756980895996,-8.681515027602998],[-70.23568153381348,-8.68130290930553],[-70.23396492004395,-8.681281697469188],[-70.23321390151978,-8.681324121140676],[-70.23321390151978,-8.680899884209992],[-70.23293495178223,-8.680899884209992],[-70.23293495178223,-8.680369587372212],[-70.23375034332275,-8.680369587372212],[-70.23375034332275,-8.680093832720416],[-70.2340292930603,-8.680093832720416],[-70.2340292930603,-8.679818077866017],[-70.23375034332275,-8.679818077866017],[-70.23375034332275,-8.67928777949966],[-70.23428678512573,-8.67926656754942],[-70.23428678512573,-8.678736268403838],[-70.23319244384766,-8.678736268403838],[-70.23319244384766,-8.67846051255205],[-70.23237705230713,-8.67846051255205],[-70.23237705230713,-8.678736268403838],[-70.23209810256958,-8.678736268403838],[-70.23209810256958,-8.679012024053037],[-70.23184061050415,-8.679012024053037],[-70.23184061050415,-8.679563534743679],[-70.2315616607666,-8.679563534743679],[-70.2315616607666,-8.679818077866017],[-70.23128271102905,-8.679839289785093],[-70.23130416870117,-8.680093832720416],[-70.23102521896362,-8.680093832720416],[-70.23102521896362,-8.680645341821375],[-70.23130416870117,-8.680645341821375],[-70.23130416870117,-8.681175638269494],[-70.2315616607666,-8.681175638269494],[-70.2315616607666,-8.681451392126363],[-70.23248434066772,-8.681451392126363],[-70.22969484329224,-8.681939263838231],[-70.22937297821045,-8.682024111027715],[-70.22632598876953,-8.682578480168583],[-70.22632598876953,-8.682596829054901],[-70.22587537765503,-8.682660464337303],[-70.224609375,-8.682787734869692],[-70.22353649139404,-8.682915005358922],[-70.22377252578735,-8.682639252577687],[-70.224609375,-8.681833204824386],[-70.22499561309814,-8.681472603953097],[-70.22615432739258,-8.680730189303432],[-70.22699117660522,-8.680008985094489],[-70.22789239883423,-8.679096871904349],[-70.22960901260376,-8.676954457787275],[-70.22978067398071,-8.676572640126324],[-70.22990942001343,-8.676572640126324],[-70.22993087768555,-8.676296882685278],[-70.23018836975098,-8.676296882685278],[-70.23018836975098,-8.67568173074082],[-70.23093938827515,-8.67275444216385],[-70.23115396499634,-8.6716513999704],[-70.23123979568481,-8.670887753477672],[-70.23136854171753,-8.670357442500048],[-70.23175477981567,-8.669678643356505],[-70.23226976394653,-8.669275605784819],[-70.23272037506104,-8.668978630455399],[-70.23353576660156,-8.668554379577685],[-70.23550987243652,-8.667918002363109],[-70.2360463142395,-8.667854364582382],[-70.23759126663208,-8.667918002363109],[-70.2386212348938,-8.668066490476235],[-70.23932933807373,-8.668214978530685],[-70.23971557617188,-8.668214978530685],[-70.23971557617188,-8.668405891657343],[-70.23915767669678,-8.668405891657343],[-70.23915767669678,-8.668957417922897],[-70.23890018463135,-8.668957417922897],[-70.23890018463135,-8.669763493316495],[-70.2386212348938,-8.669763493316495],[-70.2386212348938,-8.669487730876426],[-70.23808479309082,-8.669487730876426],[-70.2380633354187,-8.668957417922897],[-70.23724794387817,-8.668957417922897],[-70.23724794387817,-8.668681654891287],[-70.23699045181274,-8.668681654891287],[-70.23699045181274,-8.668151340800236],[-70.23643255233765,-8.668151340800236],[-70.23643255233765,-8.668427104220967],[-70.2361536026001,-8.668427104220967],[-70.2361536026001,-8.668151340800236],[-70.23561716079712,-8.668151340800236],[-70.23561716079712,-8.668427104220967],[-70.23533821105957,-8.668427104220967],[-70.23533821105957,-8.66923318075213],[-70.23508071899414,-8.66923318075213],[-70.23508071899414,-8.670060468025625],[-70.23589611053467,-8.670039255554201],[-70.23589611053467,-8.670590779422412],[-70.23643255233765,-8.670590779422412],[-70.23645401000977,-8.670866541052916],[-70.23699045181274,-8.670866541052916],[-70.23699045181274,-8.671672612350804],[-70.2372694015503,-8.671672612350804],[-70.2372694015503,-8.671948373187249],[-70.23754835128784,-8.671948373187249],[-70.23754835128784,-8.672202921471978],[-70.23836374282837,-8.672202921471978],[-70.23836374282837,-8.671672612350804],[-70.2386212348938,-8.671672612350804],[-70.2386212348938,-8.671927160822406],[-70.23943662643433,-8.671927160822406],[-70.23943662643433,-8.671396851311954],[-70.23971557617188,-8.671396851311954],[-70.23971557617188,-8.67112109007067],[-70.23999452590942,-8.67112109007067],[-70.23999452590942,-8.670569566980916],[-70.24080991744995,-8.670569566980916],[-70.24080991744995,-8.670293805132431],[-70.24162530899048,-8.670293805132431],[-70.24162530899048,-8.670039255554201],[-70.24190425872803,-8.670018043081555],[-70.24189352989772,-8.669615005873922],[-70.24188280105591,-8.669615005873922],[-70.24188280105591,-8.669211968233995],[-70.24216175079346,-8.669211968233995],[-70.24216175079346,-8.668405891657343],[-70.24269819259644,-8.668405891657343],[-70.24269819259644,-8.667578600741408],[-70.24297714233398,-8.667578600741408],[-70.24297714233398,-8.667196773550643],[-70.24389982223511,-8.667811939389253],[-70.24417877197266,-8.667918002363109],[-70.24469375610352,-8.66808770305903],[-70.2462387084961,-8.668427104220967],[-70.24673223495483,-8.668596804687013],[-70.24711847305298,-8.668893780318172],[-70.24857759475708,-8.671057452832414],[-70.24937152862549,-8.67190594845637],[-70.25065898895264,-8.673051414508663],[-70.251624584198,-8.67349687258563],[-70.2530837059021,-8.673963542385351],[-70.2546501159668,-8.674387787154615],[-70.25480031967163,-8.674366574927532],[-70.25492906570435,-8.674281726007223],[-70.25497198104858,-8.674175664829889],[-70.25497198104858,-8.674048391377525],[-70.25490760803223,-8.67394233013431],[-70.25480031967163,-8.673857481118134],[-70.25323390960693,-8.673454448029645],[-70.25181770324707,-8.672987777597385],[-70.25091648101807,-8.672584743575669],[-70.24975776672363,-8.671524125662728],[-70.24898529052734,-8.670718054046262],[-70.24825573074611,-8.669615005873922],[-70.2482557296753,-8.669615005873922],[-70.24752616882324,-8.668511954463568],[-70.24698972702026,-8.668130128221023],[-70.24643182754517,-8.667918002363109],[-70.24484395980835,-8.667578600741408],[-70.24415731430054,-8.66734526194871],[-70.24304151535034,-8.666602819371832],[-70.24278402328491,-8.666560394037433],[-70.24374961853027,-8.66518156806292],[-70.24632453918457,-8.663951226770166],[-70.24810552597046,-8.663208777490638],[-70.24851322174072,-8.663123926051071],[-70.24885654449463,-8.663123926051071],[-70.24928569793701,-8.663251203203231],[-70.250723361969,-8.663951226770166],[-70.2527403831482,-8.664651249033867],[-70.25340557098389,-8.664820951204547],[-70.25434970855713,-8.664736100128778],[-70.2549934387207,-8.66450275957169],[-70.2555513381958,-8.664205780471391],[-70.25643110275269,-8.663420906005811],[-70.2580189704895,-8.661702661592216],[-70.258469581604,-8.661363254359813],[-70.25883436203003,-8.661193550628767],[-70.25930643081665,-8.661108698734537],[-70.25975704193115,-8.661108698734537],[-70.26020765304565,-8.661214763599332],[-70.26080846786499,-8.66157538391596],[-70.2609372138977,-8.661596596864982],[-70.2610445022583,-8.661532958014291],[-70.2611517906189,-8.6613844673208],[-70.26110887527466,-8.661172337656993],[-70.26044368743896,-8.660726864973583],[-70.26012182235718,-8.660642012974066],[-70.26012182235718,-8.660196539662593],[-70.26067972183228,-8.660196539662593],[-70.26067972183228,-8.660472308917619],[-70.26177406311035,-8.660472308917619],[-70.26175260543823,-8.659920770205417],[-70.2614951133728,-8.659920770205417],[-70.2614951133728,-8.659645000546078],[-70.26067972183228,-8.659666213603984],[-70.26067972183228,-8.659390443758042],[-70.2595853805542,-8.659390443758042],[-70.2595853805542,-8.659666213603984],[-70.25930643081665,-8.659666213603984],[-70.25930643081665,-8.660472308917619],[-70.2595853805542,-8.660472308917619],[-70.2595853805542,-8.66055716095542],[-70.25922060012817,-8.660578373961883],[-70.25870561599731,-8.660684438976219],[-70.25816917419434,-8.660917781902512],[-70.25765419006348,-8.661299615469645],[-70.25604486465454,-8.663039074592348],[-70.25522947311401,-8.663781524206954],[-70.25475740432739,-8.66401486521164],[-70.2541995048523,-8.664205780471391],[-70.253427028656,-8.664290631666844],[-70.25289058685303,-8.664142142062246],[-70.25093793869019,-8.663442118850725],[-70.2499508857727,-8.662954223114468],[-70.24928569793701,-8.662678455679185],[-70.2496075630188,-8.662487539644005],[-70.25038003921509,-8.6621481331199],[-70.25121688842773,-8.661723874534076],[-70.25331974029541,-8.660811716953958],[-70.2556586265564,-8.659538935238658],[-70.25578737258911,-8.659390443758042],[-70.25578737258911,-8.659199526053968],[-70.2556586265564,-8.659051034439386],[-70.25548696517944,-8.659029821346806],[-70.25310516357422,-8.660323817805434],[-70.25098085403442,-8.661235976568705],[-70.2501654624939,-8.661660235704915],[-70.24937152862549,-8.6619996426693],[-70.24838447570801,-8.662593604119976],[-70.2479338645935,-8.662699668566006],[-70.24610996246338,-8.663442118850725],[-70.2442216873169,-8.664354270050865],[-70.24450063705444,-8.663272416057737],[-70.2446722984314,-8.66221177186651],[-70.2446722984314,-8.661278402503868],[-70.24510145187378,-8.659899557161879],[-70.2454662322998,-8.659241952218807],[-70.24595975875854,-8.65871162481453],[-70.24641036987305,-8.658372214883514],[-70.24857759475708,-8.657863099412893],[-70.24967193603516,-8.657523688716466],[-70.25020837783813,-8.657247917300182],[-70.25046586990356,-8.657247917300182],[-70.25113105773926,-8.657269130493233],[-70.25134563446045,-8.657311556875726],[-70.25171041488647,-8.657544901893957],[-70.25213956832886,-8.657863099412893],[-70.25282621383667,-8.658011591496319],[-70.25473594665527,-8.65779945993063],[-70.25542259216309,-8.657544901893957],[-70.25606632232666,-8.657332770065182],[-70.25692462921143,-8.657247917300182],[-70.2576756477356,-8.657269130493233],[-70.25883436203003,-8.657375196440498],[-70.25973558425903,-8.65758732824537],[-70.26040077209473,-8.657905525728438],[-70.26235342025757,-8.659008608253018],[-70.26254653930664,-8.659008608253018],[-70.26269674301147,-8.65886011656309],[-70.2627182006836,-8.658669198589905],[-70.262610912323,-8.658541919887298],[-70.26063680648804,-8.657417622811039],[-70.25990724563599,-8.657078211712786],[-70.2589201927185,-8.656823653188226],[-70.25769710540771,-8.656717587085495],[-70.2569031715393,-8.656717587085495],[-70.2560019493103,-8.656802439970065],[-70.25525093078613,-8.65703578530399],[-70.25462865829468,-8.657269130493233],[-70.25282621383667,-8.657460049176805],[-70.25237560272217,-8.657353983253444],[-70.25201082229614,-8.657099424915401],[-70.25153875350952,-8.656823653188226],[-70.25119543075562,-8.656738800308432],[-70.25093793869019,-8.656717587085495],[-70.25115251541138,-8.65652666802525],[-70.25156021118164,-8.655932696996217],[-70.25188207626343,-8.654850818784752],[-70.25194644927979,-8.654617472096149],[-70.25198936462402,-8.652814333716165],[-70.26544332504272,-8.650629342695368],[-70.26555061340332,-8.65143545736342],[-70.26582956314087,-8.652305210727775],[-70.26623725891113,-8.653132535234306],[-70.26610851287842,-8.653132535234306],[-70.26610851287842,-8.654214418384257],[-70.26582956314087,-8.654214418384257],[-70.26582956314087,-8.654765965460186],[-70.2666449546814,-8.65474475212605],[-70.2666449546814,-8.654490192023232],[-70.26692390441895,-8.654490192023232],[-70.26692390441895,-8.654299271833153],[-70.26814699172974,-8.656123616357775],[-70.26857614517212,-8.657099424915401],[-70.269455909729,-8.659263165299421],[-70.2695631980896,-8.659793491926237],[-70.26952028274536,-8.660238965714996],[-70.26937007904053,-8.660917781902512],[-70.26939153671265,-8.661681448649162],[-70.26949882507324,-8.662381475138119],[-70.26977777481079,-8.663081500324097],[-70.2701210975647,-8.663760311381168],[-70.2709150314331,-8.665033078810197],[-70.27228832244873,-8.666157353121818],[-70.27232897910899,-8.666220991189846],[-70.27233123779297,-8.666220991189846],[-70.27254581451416,-8.666560394037433],[-70.27276039123535,-8.667324049324009],[-70.27282476425171,-8.667918002363109],[-70.2731466293335,-8.670293805132431],[-70.27318954467773,-8.67093017832353],[-70.27310371398926,-8.673157476003482],[-70.27318954467773,-8.674048391377525],[-70.27342557907104,-8.674896880245129],[-70.27391910552979,-8.675915064355635],[-70.27385473251343,-8.676487791704488],[-70.27385473251343,-8.677166578542241],[-70.27366161346436,-8.678269604535998],[-70.27361869812012,-8.678842328292887],[-70.27364015579224,-8.679478686997854],[-70.27381181716919,-8.679902925535103],[-70.27411222457886,-8.680369587372212],[-70.27456283569336,-8.68079382490238],[-70.2751636505127,-8.681090790888149],[-70.27636528015137,-8.68155745124811],[-70.27720212936401,-8.682215017133899],[-70.27883291244507,-8.68395437940488],[-70.27930498123169,-8.684760422600775],[-70.27934789657593,-8.68522707839621],[-70.27936935424805,-8.68652098461034]],[[-70.22941589355469,-8.687157330291157],[-70.2307677268982,-8.687157330291157],[-70.2307677268982,-8.686351292246428],[-70.23023128509521,-8.686351292246428],[-70.23023128509521,-8.686075541991315],[-70.22995233535767,-8.686075541991315],[-70.22995233535767,-8.68579979153344],[-70.22939443588257,-8.68579979153344],[-70.22941589355469,-8.687157330291157]],[[-70.27795314788818,-8.692693492141629],[-70.27795314788818,-8.691611719816748],[-70.27767419815063,-8.691611719816748],[-70.27767419815063,-8.691887465999997],[-70.2774167060852,-8.691887465999997],[-70.2774167060852,-8.692163211980386],[-70.27713775634766,-8.692163211980386],[-70.27713775634766,-8.692693492141629],[-70.27795314788818,-8.692693492141629]],[[-70.2672028541565,-8.656653947409495],[-70.2672028541565,-8.65582663064238],[-70.26666641235352,-8.655847843915552],[-70.2666449546814,-8.6552962984249],[-70.26638746261597,-8.6552962984249],[-70.26638746261597,-8.655020525376486],[-70.26582956314087,-8.655020525376486],[-70.26582956314087,-8.656378175355869],[-70.26610851287842,-8.656378175355869],[-70.26610851287842,-8.656929719261058],[-70.26692390441895,-8.656929719261058],[-70.26692390441895,-8.656653947409495],[-70.2672028541565,-8.656653947409495]],[[-70.26544332504272,-8.701962668126512],[-70.26544332504272,-8.701686929360193],[-70.26516437530518,-8.701686929360193],[-70.26516437530518,-8.700880922571073],[-70.2646279335022,-8.700880922571073],[-70.2646279335022,-8.701432401087942],[-70.26434898376465,-8.701432401087942],[-70.26434898376465,-8.701686929360193],[-70.26409149169922,-8.701686929360193],[-70.26409149169922,-8.701432401087942],[-70.26381254196167,-8.701432401087942],[-70.26381254196167,-8.701156661931051],[-70.26353359222412,-8.701156661931051],[-70.26353359222412,-8.701432401087942],[-70.26325464248657,-8.701432401087942],[-70.26327610015869,-8.701962668126512],[-70.26381254196167,-8.701962668126512],[-70.26381254196167,-8.702238406689744],[-70.26409149169922,-8.702238406689744],[-70.26409149169922,-8.702514145049847],[-70.26434898376465,-8.702514145049847],[-70.26437044143677,-8.702789883206819],[-70.2646279335022,-8.702789883206819],[-70.2646279335022,-8.70304441055606],[-70.2651858329773,-8.70304441055606],[-70.26516437530518,-8.701962668126512],[-70.26544332504272,-8.701962668126512]],[[-70.25413513183594,-8.658584346126275],[-70.25411367416382,-8.658054017795095],[-70.25304079055786,-8.658054017795095],[-70.25304079055786,-8.658329788620605],[-70.25329828262329,-8.658329788620605],[-70.25329828262329,-8.65860555924398],[-70.25357723236084,-8.65860555924398],[-70.25357723236084,-8.65886011656309],[-70.25385618209839,-8.65886011656309],[-70.25385618209839,-8.658584346126275],[-70.25413513183594,-8.658584346126275]],[[-70.25194644927979,-8.659411656830287],[-70.25194644927979,-8.659135886797756],[-70.25166749954224,-8.659135886797756],[-70.25166749954224,-8.658881329665235],[-70.25138854980469,-8.658881329665235],[-70.2514100074768,-8.659135886797756],[-70.25113105773926,-8.659135886797756],[-70.25113105773926,-8.6599631962889],[-70.2514100074768,-8.6599631962889],[-70.2514100074768,-8.659687426660682],[-70.25166749954224,-8.659687426660682],[-70.25166749954224,-8.659411656830287],[-70.25194644927979,-8.659411656830287]],[[-70.24587392807007,-8.720754846624558],[-70.24587392807007,-8.719927671285376],[-70.24559497833252,-8.719927671285376],[-70.24559497833252,-8.719673155427884],[-70.24477958679199,-8.719673155427884],[-70.24477958679199,-8.72020339660196],[-70.24452209472656,-8.72020339660196],[-70.24452209472656,-8.720479121715016],[-70.24424314498901,-8.720479121715016],[-70.24424314498901,-8.72020339660196],[-70.24314880371094,-8.72020339660196],[-70.24314880371094,-8.719673155427884],[-70.24261236190796,-8.719673155427884],[-70.24261236190796,-8.720224606233245],[-70.24233341217041,-8.720224606233245],[-70.24233341217041,-8.720754846624558],[-70.24286985397339,-8.720754846624558],[-70.24289131164551,-8.722112258596212],[-70.24261236190796,-8.722112258596212],[-70.24261236190796,-8.722663705800471],[-70.24207592010498,-8.722663705800471],[-70.24207592010498,-8.723469665634198],[-70.24233341217041,-8.723469665634198],[-70.24235486984253,-8.724275623728346],[-70.24261236190796,-8.724275623728346],[-70.24261236190796,-8.723745388335871],[-70.24289131164551,-8.723745388335871],[-70.24289131164551,-8.723469665634198],[-70.24342775344849,-8.723469665634198],[-70.24342775344849,-8.723193942728955],[-70.24370670318604,-8.723193942728955],[-70.24370670318604,-8.722387982300134],[-70.24452209472656,-8.722387982300134],[-70.24452209472656,-8.722112258596212],[-70.24505853652954,-8.722112258596212],[-70.24505853652954,-8.721836534688748],[-70.24561643600464,-8.721836534688748],[-70.24561643600464,-8.721285086263137],[-70.24533748626709,-8.721285086263137],[-70.24533748626709,-8.721030571330559],[-70.24561643600464,-8.721009361745004],[-70.24561643600464,-8.720754846624558],[-70.24587392807007,-8.720754846624558]],[[-70.24271965026855,-8.674366574927532],[-70.24271965026855,-8.67409081586645],[-70.24246215820312,-8.67409081586645],[-70.24246215820312,-8.673815056602876],[-70.24218320846558,-8.673815056602876],[-70.24218320846558,-8.673284749757727],[-70.24162530899048,-8.673284749757727],[-70.24162530899048,-8.673560509410649],[-70.24136781692505,-8.673560509410649],[-70.24136781692505,-8.673836268861109],[-70.2410888671875,-8.673836268861109],[-70.2410888671875,-8.67409081586645],[-70.24055242538452,-8.67409081586645],[-70.24055242538452,-8.674918092442255],[-70.24080991744995,-8.674918092442255],[-70.24083137512207,-8.675448396981025],[-70.24136781692505,-8.675448396981025],[-70.24136781692505,-8.67519385089588],[-70.24218320846558,-8.67517263871433],[-70.24218320846558,-8.674642333786139],[-70.24246215820312,-8.674642333786139],[-70.24246215820312,-8.674366574927532],[-70.24271965026855,-8.674366574927532]],[[-70.23838520050049,-8.683869532651926],[-70.23838520050049,-8.682787734869692],[-70.23812770843506,-8.682787734869692],[-70.23812770843506,-8.683063487541787],[-70.23784875869751,-8.683063487541787],[-70.23784875869751,-8.683339240011193],[-70.23756980895996,-8.683339240011193],[-70.23756980895996,-8.683614992277924],[-70.23731231689453,-8.683614992277924],[-70.23731231689453,-8.683869532651926],[-70.23756980895996,-8.683869532651926],[-70.23756980895996,-8.684145284528853],[-70.23812770843506,-8.684145284528853],[-70.23812770843506,-8.683869532651926],[-70.23838520050049,-8.683869532651926]],[[-70.23731231689453,-8.683063487541787],[-70.23729085922241,-8.68251198199492],[-70.23703336715698,-8.682533193761714],[-70.23703336715698,-8.682257440699871],[-70.23647546768188,-8.682257440699871],[-70.23647546768188,-8.683339240011193],[-70.23703336715698,-8.683339240011193],[-70.23703336715698,-8.683063487541787],[-70.23731231689453,-8.683063487541787]],[[-70.2359390258789,-8.683614992277924],[-70.2359390258789,-8.682787734869692],[-70.23566007614136,-8.68280894662088],[-70.23566007614136,-8.682533193761714],[-70.23540258407593,-8.682533193761714],[-70.23538112640381,-8.682257440699871],[-70.23484468460083,-8.682257440699871],[-70.23484468460083,-8.681981687435368],[-70.2340292930603,-8.681981687435368],[-70.2340292930603,-8.682533193761714],[-70.23375034332275,-8.682533193761714],[-70.23375034332275,-8.68280894662088],[-70.2340292930603,-8.68280894662088],[-70.2340292930603,-8.683084699277401],[-70.23430824279785,-8.683063487541787],[-70.23430824279785,-8.683339240011193],[-70.23456573486328,-8.683339240011193],[-70.2345871925354,-8.683890744341966],[-70.23566007614136,-8.683890744341966],[-70.23566007614136,-8.683614992277924],[-70.2359390258789,-8.683614992277924]],[[-70.20682096481323,-8.699990070943215],[-70.20682096481323,-8.699714330724078],[-70.20572662353516,-8.699714330724078],[-70.20572662353516,-8.70026581095928],[-70.20654201507568,-8.70024460019603],[-70.20654201507568,-8.699990070943215],[-70.20682096481323,-8.699990070943215]],[[-70.19044876098633,-8.696787229726667],[-70.19044876098633,-8.696235744369034],[-70.18935441970825,-8.696235744369034],[-70.18935441970825,-8.6973175033433],[-70.19016981124878,-8.6973175033433],[-70.19016981124878,-8.696787229726667],[-70.19044876098633,-8.696787229726667]]],[[[-70.27366161346436,-8.709259066281362],[-70.27364015579224,-8.708707599298691],[-70.27391910552979,-8.708707599298691],[-70.27391910552979,-8.709259066281362],[-70.27366161346436,-8.709259066281362]]],[[[-70.27664422988892,-8.706544144054291],[-70.27636528015137,-8.706544144054291],[-70.27636528015137,-8.706268408663462],[-70.27664422988892,-8.706268408663462],[-70.27664422988892,-8.706544144054291]]],[[[-70.27518510818481,-8.694878238491313],[-70.27497053146362,-8.695090349108966],[-70.27497053146362,-8.694878238491313],[-70.27518510818481,-8.694878238491313]]],[[[-70.27391910552979,-8.707371349007431],[-70.27364015579224,-8.707371349007431],[-70.27364015579224,-8.707095614226276],[-70.27391910552979,-8.707095614226276],[-70.27391910552979,-8.707371349007431]]],[[[-70.27379035949707,-8.75159233139253],[-70.27353286743164,-8.75159233139253],[-70.27351140975952,-8.751316629285895],[-70.27379035949707,-8.751316629285895],[-70.27379035949707,-8.75159233139253]]],[[[-70.27364015579224,-8.70790160763076],[-70.2733826637268,-8.70790160763076],[-70.2733826637268,-8.707371349007431],[-70.27364015579224,-8.707371349007431],[-70.27364015579224,-8.70790160763076]]],[[[-70.27211666107178,-8.75267392999244],[-70.27196645736694,-8.75273755334159],[-70.27188062667847,-8.752801176679881],[-70.27188062667847,-8.75267392999244],[-70.27211666107178,-8.75267392999244]]],[[[-70.27188062667847,-8.75159233139253],[-70.27162313461304,-8.75159233139253],[-70.27162313461304,-8.751316629285895],[-70.27188062667847,-8.751316629285895],[-70.27188062667847,-8.75159233139253]]],[[[-70.26943445205688,-8.749429124763495],[-70.26915550231934,-8.749429124763495],[-70.26915550231934,-8.749153421054672],[-70.26887655258179,-8.749153421054672],[-70.26887655258179,-8.748877717141653],[-70.26859760284424,-8.748877717141653],[-70.26859760284424,-8.748623221040745],[-70.26915550231934,-8.748623221040745],[-70.26915550231934,-8.748877717141653],[-70.26941299438477,-8.748877717141653],[-70.26943445205688,-8.749429124763495]]],[[[-70.26859760284424,-8.748623221040745],[-70.26834011077881,-8.748623221040745],[-70.26834011077881,-8.748347516735123],[-70.26859760284424,-8.748347516735123],[-70.26859760284424,-8.748623221040745]]],[[[-70.2681040763855,-8.823967654316647],[-70.26510000228882,-8.825854779283489],[-70.2623963356018,-8.827466249144038],[-70.25964975357056,-8.829035305139783],[-70.25632381439209,-8.830816387641462],[-70.2561092376709,-8.830413524494972],[-70.2552080154419,-8.829226135819198],[-70.2544355392456,-8.828420405612334],[-70.25387763977051,-8.827699487619725],[-70.2529764175415,-8.82674532928695],[-70.25211811065674,-8.826088018777838],[-70.25029420852661,-8.824943023481879],[-70.2489423751831,-8.823755617200518],[-70.24877071380615,-8.823564783691836],[-70.247483253479,-8.8212959777521],[-70.24683952331543,-8.820320598950403],[-70.24750471115112,-8.820087355811737],[-70.2476978302002,-8.82000254008841],[-70.24864196777344,-8.81966327700033],[-70.24956464767456,-8.819578461179617],[-70.25089502334595,-8.819620869092404],[-70.25156021118164,-8.819705684903383],[-70.25248289108276,-8.820278191117964],[-70.253427028656,-8.821211162306412],[-70.25389909744263,-8.821571627816013],[-70.2544355392456,-8.821826073846168],[-70.25484323501587,-8.821932092973654],[-70.25550842285156,-8.821910889150601],[-70.25623798370361,-8.821826073846168],[-70.25786876678467,-8.821168754576263],[-70.25864124298096,-8.821083939101356],[-70.2596926689148,-8.821083939101356],[-70.26100158691406,-8.82114755070937],[-70.26162385940552,-8.8212959777521],[-70.26344776153564,-8.822165334946945],[-70.26499271392822,-8.823013486334773],[-70.26574373245239,-8.823373950084502],[-70.26696681976318,-8.823819228348142],[-70.2681040763855,-8.823967654316647]],[[-70.25441408157349,-8.824900616180486],[-70.25441408157349,-8.824349320818726],[-70.25413513183594,-8.824349320818726],[-70.25413513183594,-8.824073672829044],[-70.25357723236084,-8.824073672829044],[-70.25357723236084,-8.823819228348142],[-70.25385618209839,-8.823819228348142],[-70.25385618209839,-8.82326793137112],[-70.25357723236084,-8.82326793137112],[-70.25357723236084,-8.822737837347475],[-70.25331974029541,-8.822737837347475],[-70.25329828262329,-8.822462188154347],[-70.25304079055786,-8.822462188154347],[-70.25304079055786,-8.822186538755389],[-70.25276184082031,-8.822186538755389],[-70.25276184082031,-8.821910889150601],[-70.25248289108276,-8.821910889150601],[-70.25248289108276,-8.821656443178895],[-70.25194644927979,-8.821656443178895],[-70.25194644927979,-8.821380793178307],[-70.25166749954224,-8.821380793178307],[-70.25166749954224,-8.821105142971916],[-70.25138854980469,-8.821105142971916],[-70.25138854980469,-8.820829492559724],[-70.25113105773926,-8.820829492559724],[-70.25113105773926,-8.821105142971916],[-70.25085210800171,-8.821105142971916],[-70.25085210800171,-8.821656443178895],[-70.25057315826416,-8.821656443178895],[-70.25057315826416,-8.821932092973654],[-70.25031566619873,-8.821932092973654],[-70.25031566619873,-8.822186538755389],[-70.25057315826416,-8.822186538755389],[-70.25057315826416,-8.822462188154347],[-70.25085210800171,-8.822462188154347],[-70.25085210800171,-8.822737837347475],[-70.25057315826416,-8.822737837347475],[-70.25057315826416,-8.823013486334773],[-70.25031566619873,-8.823013486334773],[-70.25031566619873,-8.82328913511624],[-70.25059461593628,-8.82328913511624],[-70.25059461593628,-8.82354357996256],[-70.25085210800171,-8.82354357996256],[-70.25085210800171,-8.823819228348142],[-70.25194644927979,-8.823819228348142],[-70.25194644927979,-8.824094876527866],[-70.25250434875488,-8.824094876527866],[-70.25250434875488,-8.82354357996256],[-70.25222539901733,-8.82354357996256],[-70.25222539901733,-8.82326793137112],[-70.25250434875488,-8.82326793137112],[-70.25248289108276,-8.823013486334773],[-70.25276184082031,-8.822992282573836],[-70.25276184082031,-8.824349320818726],[-70.25304079055786,-8.824349320818726],[-70.25304079055786,-8.824624968602535],[-70.25331974029541,-8.824624968602535],[-70.25331974029541,-8.824349320818726],[-70.25357723236084,-8.824349320818726],[-70.25359869003296,-8.824624968602535],[-70.25385618209839,-8.824624968602535],[-70.25385618209839,-8.824900616180486],[-70.25441408157349,-8.824900616180486]]],[[[-70.2679967880249,-8.744826966887047],[-70.26778221130371,-8.744826966887047],[-70.26778221130371,-8.744614884508124],[-70.2679967880249,-8.744826966887047]]],[[[-70.26748180389404,-8.740479253987246],[-70.2672028541565,-8.740479253987246],[-70.2672028541565,-8.740203543653791],[-70.26748180389404,-8.740203543653791],[-70.26748180389404,-8.740479253987246]]],[[[-70.26724576950073,-8.750256234664874],[-70.26696681976318,-8.750256234664874],[-70.26696681976318,-8.75051072964942],[-70.26681661605835,-8.75051072964942],[-70.26658058166504,-8.750256234664874],[-70.26670932769775,-8.750256234664874],[-70.26670932769775,-8.749980531568596],[-70.26724576950073,-8.749980531568596],[-70.26724576950073,-8.750256234664874]]],[[[-70.26724576950073,-8.748071812225334],[-70.26696681976318,-8.748071812225334],[-70.26696681976318,-8.748347516735123],[-70.26668787002563,-8.748347516735123],[-70.26668787002563,-8.748071812225334],[-70.26587247848511,-8.748071812225334],[-70.26587247848511,-8.748283892635598],[-70.26561498641968,-8.746990200254046],[-70.26559352874756,-8.746226707559273],[-70.26557207107544,-8.745272339489716],[-70.26565790176392,-8.74431796897477],[-70.26585102081299,-8.74355447080228],[-70.26587247848511,-8.744551259770901],[-70.26612997055054,-8.744551259770901],[-70.26612997055054,-8.745378380507105],[-70.26640892028809,-8.745357172306043],[-70.26640892028809,-8.746184291252561],[-70.26668787002563,-8.746184291252561],[-70.26668787002563,-8.74671449473928],[-70.26696681976318,-8.74671449473928],[-70.26696681976318,-8.747265905564689],[-70.26724576950073,-8.747265905564689],[-70.26724576950073,-8.748071812225334]]],[[[-70.26696681976318,-8.745632878825646],[-70.26668787002563,-8.745632878825646],[-70.26668787002563,-8.745357172306043],[-70.26696681976318,-8.745357172306043],[-70.26696681976318,-8.745632878825646]]],[[[-70.26694536209106,-8.739673330900814],[-70.26666641235352,-8.739673330900814],[-70.26666641235352,-8.739397619971143],[-70.26638746261597,-8.739397619971143],[-70.26638746261597,-8.739121908837546],[-70.26694536209106,-8.739121908837546],[-70.26694536209106,-8.739673330900814]]],[[[-70.26668787002563,-8.748898925142214],[-70.2664303779602,-8.748898925142214],[-70.2664303779602,-8.748623221040745],[-70.26668787002563,-8.748623221040745],[-70.26668787002563,-8.748898925142214]]],[[[-70.26668787002563,-8.744275552450688],[-70.26640892028809,-8.744275552450688],[-70.26640892028809,-8.743999844926407],[-70.26668787002563,-8.743999844926407],[-70.26668787002563,-8.744275552450688]]],[[[-70.26668787002563,-8.743745345492101],[-70.26640892028809,-8.743745345492101],[-70.26640892028809,-8.743469637575416],[-70.26589393615723,-8.743469637575416],[-70.2659797668457,-8.742918221129898],[-70.26668787002563,-8.743575679105987],[-70.26668787002563,-8.743745345492101]]],[[[-70.2664303779602,-8.749174629039501],[-70.26615142822266,-8.749174629039501],[-70.26615142822266,-8.748898925142214],[-70.2664303779602,-8.748898925142214],[-70.2664303779602,-8.749174629039501]]],[[[-70.26640892028809,-8.744551259770901],[-70.26612997055054,-8.744551259770901],[-70.26612997055054,-8.744275552450688],[-70.26640892028809,-8.744275552450688],[-70.26640892028809,-8.744551259770901]]],[[[-70.26615142822266,-8.749429124763495],[-70.2660870552063,-8.749429124763495],[-70.26602268218994,-8.749174629039501],[-70.26615142822266,-8.749174629039501],[-70.26615142822266,-8.749429124763495]]],[[[-70.25585174560547,-8.8310708272967],[-70.25123834609985,-8.833381979458707],[-70.24726867675781,-8.835205447086864],[-70.24666786193848,-8.835099431774054],[-70.2461314201355,-8.835035822571726],[-70.24553060531616,-8.835057025640396],[-70.24473667144775,-8.835163040965412],[-70.24304151535034,-8.835693117133104],[-70.24231195449829,-8.836011162467827],[-70.24093866348267,-8.836498831448026],[-70.23855686187744,-8.837240935179778],[-70.23774147033691,-8.837643790865485],[-70.23720502853394,-8.838025443214136],[-70.23714065551758,-8.838110254793492],[-70.23709774017334,-8.838216269240235],[-70.2371621131897,-8.838428298042217],[-70.23731231689453,-8.838491906659002],[-70.23748397827148,-8.838491906659002],[-70.23799896240234,-8.838110254793492],[-70.23877143859863,-8.83774980544645],[-70.24111032485962,-8.837007702739385],[-70.24248361587524,-8.836520034432525],[-70.24323463439941,-8.836201989536917],[-70.24486541748047,-8.835693117133104],[-70.24559497833252,-8.835587101960556],[-70.24634599685669,-8.835608304997493],[-70.2435564994812,-8.83679567312005],[-70.2396297454834,-8.838343486536061],[-70.23666858673096,-8.839424831777166],[-70.23511982568303,-8.839954901814622],[-70.23518800735474,-8.839954901814622],[-70.2336859703064,-8.840463768333066],[-70.23282766342163,-8.84073940407039],[-70.23263454437256,-8.839954901814622],[-70.23264572030105,-8.839954901814622],[-70.23259162902832,-8.839721671092107],[-70.23226976394653,-8.838661529583476],[-70.23162603378296,-8.837452964542948],[-70.23181915283203,-8.837452964542948],[-70.23181915283203,-8.83662604933673],[-70.23126125335693,-8.836647252313924],[-70.23106813430786,-8.836180786534115],[-70.23085355758667,-8.83543868066775],[-70.2307677268982,-8.834823791818025],[-70.2307677268982,-8.833996870713335],[-70.23098230361938,-8.833381979458707],[-70.23229122161865,-8.828738457220012],[-70.23237705230713,-8.827890318990171],[-70.23239850997925,-8.826300054553883],[-70.23252725601196,-8.825409503475768],[-70.23274183273315,-8.824773394247018],[-70.23291349411011,-8.824476542898367],[-70.23340702056885,-8.823437561297908],[-70.23355722427368,-8.822822652442426],[-70.23355722427368,-8.821423200884098],[-70.23338556289673,-8.820066151882727],[-70.23325681686401,-8.818263813467382],[-70.23325681686401,-8.81750046748698],[-70.23278474807739,-8.816164608225336],[-70.23248434066772,-8.815528483069528],[-70.23147583007812,-8.813174810469931],[-70.23081064224243,-8.811944957562758],[-70.23042440414429,-8.811054371868323],[-70.23008108139038,-8.810100170528912],[-70.22969484329224,-8.809336807684033],[-70.22930860519409,-8.80831898810574],[-70.22922277450562,-8.808064532773372],[-70.22870779037476,-8.805286717339726],[-70.22868633270264,-8.804714187901453],[-70.22877216339111,-8.803675150731635],[-70.22913694381714,-8.801957552276392],[-70.22937297821045,-8.801342607681264],[-70.22969484329224,-8.800261150914508],[-70.23014545440674,-8.799349331969424],[-70.23093938827515,-8.79833148491241],[-70.23128271102905,-8.797568097782985],[-70.23149728775024,-8.796868324864846],[-70.23186206817627,-8.795108284103136],[-70.23205518722534,-8.794408506536314],[-70.23314952850342,-8.792500015542942],[-70.2334713935852,-8.794238863290673],[-70.23387908935547,-8.795171900180009],[-70.23432970046997,-8.795850470986593],[-70.23471593856812,-8.796274577109244],[-70.2360463142395,-8.797186403627975],[-70.23703336715698,-8.79826786937842],[-70.23746252059937,-8.799010049928071],[-70.23769855499268,-8.799943074793447],[-70.23802042007446,-8.801533452664984],[-70.23950099945068,-8.805265512561519],[-70.23977994918823,-8.806177316926664],[-70.23977994918823,-8.807173937731179],[-70.23960828781128,-8.80903994392979],[-70.2396297454834,-8.810015352512877],[-70.23980140686035,-8.81090594071064],[-70.24014472961426,-8.811754117951736],[-70.24111032485962,-8.81321721911786],[-70.24162530899048,-8.813895756822987],[-70.24177551269531,-8.814531884789929],[-70.24181842803955,-8.81514680745029],[-70.24192571640015,-8.817055181603223],[-70.2420973777771,-8.817924548781988],[-70.24229049682617,-8.818603077841132],[-70.24261236190796,-8.8191119738174],[-70.2427625656128,-8.819260401678378],[-70.24304151535034,-8.820150967591431],[-70.2435564994812,-8.822589410884461],[-70.24357795715332,-8.823670802319953],[-70.24357795715332,-8.826066815193542],[-70.24340629577637,-8.827105789391581],[-70.24291276931763,-8.828568829730045],[-70.24261236190796,-8.829289746023733],[-70.24190425872803,-8.830519541155141],[-70.24138927459717,-8.831240453636],[-70.24046659469604,-8.832957915926983],[-70.24025201797485,-8.83344558894639],[-70.24001598358154,-8.834251308173862],[-70.24003744125366,-8.834420933050026],[-70.24012327194214,-8.83452694855798],[-70.24027347564697,-8.834569354752603],[-70.2404236793518,-8.83452694855798],[-70.24050951004028,-8.834420933050026],[-70.2407455444336,-8.833657620492772],[-70.2414321899414,-8.832300616488922],[-70.24186134338379,-8.831516096270974],[-70.24235486984253,-8.830816387641462],[-70.2431058883667,-8.829522983346493],[-70.24342775344849,-8.828759660650789],[-70.24394273757935,-8.8272118070024],[-70.2441143989563,-8.826088018777838],[-70.24413585662842,-8.823649598596745],[-70.24409294128418,-8.822525799524882],[-70.2435564994812,-8.820023744021057],[-70.2434492111206,-8.819642073046964],[-70.24374961853027,-8.819726888853069],[-70.2445650100708,-8.819748092801575],[-70.24540185928345,-8.819875316466906],[-70.24617433547974,-8.820363006777981],[-70.24651765823364,-8.820765880896914],[-70.2470326423645,-8.821571627816013],[-70.24832010269165,-8.823861635773795],[-70.24853467941284,-8.824137283921857],[-70.24997234344482,-8.825388299852477],[-70.25181770324707,-8.8265332937668],[-70.25261163711548,-8.827148196439566],[-70.25346994400024,-8.828059946792138],[-70.25402784347534,-8.828780864080315],[-70.25477886199951,-8.82958659349984],[-70.2556586265564,-8.83071037106663],[-70.25585174560547,-8.8310708272967]],[[-70.252525806427,-8.829777423894043],[-70.25250434875488,-8.829247339221936],[-70.2519679069519,-8.829247339221936],[-70.2519679069519,-8.829522983346493],[-70.25168895721436,-8.829522983346493],[-70.25168895721436,-8.829798627265077],[-70.25143146514893,-8.829798627265077],[-70.25143146514893,-8.830328711144901],[-70.25115251541138,-8.830328711144901],[-70.25115251541138,-8.830604354461329],[-70.25087356567383,-8.830604354461329],[-70.25087356567383,-8.830879997571728],[-70.25224685668945,-8.830879997571728],[-70.25224685668945,-8.829777423894043],[-70.252525806427,-8.829777423894043]],[[-70.23804187774658,-8.826300054553883],[-70.23804187774658,-8.825494317956753],[-70.23776292800903,-8.825494317956753],[-70.23776292800903,-8.825769964885325],[-70.2375054359436,-8.825769964885325],[-70.2375054359436,-8.82604561160801],[-70.23722648620605,-8.82604561160801],[-70.23722648620605,-8.826300054553883],[-70.2375054359436,-8.826300054553883],[-70.2375054359436,-8.826575700880568],[-70.23778438568115,-8.826575700880568],[-70.23778438568115,-8.826300054553883],[-70.23804187774658,-8.826300054553883]],[[-70.23557424545288,-8.817627691926603],[-70.23555278778076,-8.81709758980574],[-70.23501634597778,-8.81709758980574],[-70.23501634597778,-8.816821936402249],[-70.2344799041748,-8.816821936402249],[-70.2344799041748,-8.81709758980574],[-70.23420095443726,-8.81709758980574],[-70.23420095443726,-8.817373243003544],[-70.2344799041748,-8.817373243003544],[-70.2344799041748,-8.817627691926603],[-70.23557424545288,-8.817627691926603]],[[-70.23529529571533,-8.819811704639719],[-70.23529529571533,-8.819260401678378],[-70.23501634597778,-8.819260401678378],[-70.23501634597778,-8.818984749889069],[-70.23475885391235,-8.818984749889069],[-70.23475885391235,-8.819260401678378],[-70.2344799041748,-8.819260401678378],[-70.2344799041748,-8.819536053261928],[-70.23475885391235,-8.819536053261928],[-70.23475885391235,-8.820087355811737],[-70.23501634597778,-8.820087355811737],[-70.23501634597778,-8.819811704639719],[-70.23529529571533,-8.819811704639719]],[[-70.23370742797852,-8.835544695883002],[-70.23370742797852,-8.834993416430748],[-70.23344993591309,-8.834993416430748],[-70.23344993591309,-8.835269056259918],[-70.23317098617554,-8.835269056259918],[-70.23317098617554,-8.835544695883002],[-70.23289203643799,-8.835544695883002],[-70.23289203643799,-8.835269056259918],[-70.23261308670044,-8.835269056259918],[-70.23263454437256,-8.835820335299928],[-70.23344993591309,-8.835820335299928],[-70.23344993591309,-8.835544695883002],[-70.23370742797852,-8.835544695883002]]],[[[-70.25143146514893,-8.652899187480628],[-70.2514100074768,-8.654553832065076],[-70.2510666847229,-8.655678137696825],[-70.250723361969,-8.656187256123431],[-70.25012254714966,-8.656696373861351],[-70.24947881698608,-8.657014572097808],[-70.24842739105225,-8.657332770065182],[-70.24615287780762,-8.657905525728438],[-70.24559497833252,-8.658308575487368],[-70.2450156211853,-8.658923755865956],[-70.24460792541504,-8.659687426660682],[-70.24437189102173,-8.660408669876716],[-70.2441143989563,-8.6599631962889],[-70.24239778518677,-8.657969165192753],[-70.24181842803955,-8.654850818784752],[-70.24181842803955,-8.654447765322686],[-70.25143146514893,-8.652899187480628]]],[[[-70.24413585662842,-8.6621481331199],[-70.24398565292358,-8.663166351773242],[-70.24372816085815,-8.66412092925681],[-70.2434492111206,-8.664693674583717],[-70.24235486984253,-8.666220991189846],[-70.24216175079346,-8.666220991189846],[-70.24216175079346,-8.665966438853062],[-70.24188280105591,-8.665966438853062],[-70.24188280105591,-8.664863376735255],[-70.24160385131836,-8.664884589498811],[-70.24160385131836,-8.665139142568137],[-70.24132490158081,-8.665139142568137],[-70.24132490158081,-8.665414908198713],[-70.24106740951538,-8.665414908198713],[-70.24106740951538,-8.66569067362704],[-70.24050951004028,-8.66569067362704],[-70.2405309677124,-8.667048285093927],[-70.24078845977783,-8.667048285093927],[-70.24078845977783,-8.667324049324009],[-70.2405309677124,-8.667324049324009],[-70.2405309677124,-8.667578600741408],[-70.24025201797485,-8.667599813351757],[-70.24025201797485,-8.667642238568817],[-70.24005889892578,-8.667684663781131],[-70.23939371109009,-8.667684663781131],[-70.2387285232544,-8.667536175517156],[-70.23780584335327,-8.66738768719452],[-70.23600339889526,-8.667324049324009],[-70.23529529571533,-8.66740889981564],[-70.23372888565063,-8.667918002363109],[-70.23334264755249,-8.668045277892233],[-70.2324628829956,-8.668511954463568],[-70.23210525512695,-8.668738221649443],[-70.23194789886475,-8.668851355242381],[-70.23154410408335,-8.669161829806434],[-70.23135947510843,-8.669311756661847],[-70.23117542266846,-8.669615005873922],[-70.23116914225051,-8.669615005873922],[-70.23083209991455,-8.670208955292168],[-70.23074626922607,-8.669975618132682],[-70.23066739782713,-8.669615005873922],[-70.2306604385376,-8.669615005873922],[-70.23057460784912,-8.669190755714652],[-70.23053169250488,-8.667918002363109],[-70.23036003112793,-8.666030076953419],[-70.23027420043945,-8.665520971848949],[-70.23031711578369,-8.664417908424113],[-70.23031711578369,-8.663781524206954],[-70.23048877716064,-8.66289058449351],[-70.23072481155396,-8.662275410602348],[-70.23115396499634,-8.661490532107848],[-70.231454372406,-8.661172337656993],[-70.2321195602417,-8.660578373961883],[-70.23278474807739,-8.659920770205417],[-70.23351430892944,-8.659093460620952],[-70.2339220046997,-8.65835100175265],[-70.23417949676514,-8.65758732824537],[-70.23435115814209,-8.656802439970065],[-70.23445844650269,-8.656017550057754],[-70.23443698883057,-8.655890270458286],[-70.23435115814209,-8.655762990815745],[-70.23420095443726,-8.655720564258672],[-70.23405075073242,-8.655762990815745],[-70.23394346237183,-8.655869057187516],[-70.23381471633911,-8.656717587085495],[-70.23366451263428,-8.657417622811039],[-70.23342847824097,-8.6581176572343],[-70.23304224014282,-8.658796477249453],[-70.23239850997925,-8.659560148302532],[-70.23175477981567,-8.660196539662593],[-70.23106813430786,-8.660790503960655],[-70.23070335388184,-8.661193550628767],[-70.23023128509521,-8.662063281441036],[-70.22997379302979,-8.662742094336053],[-70.22978067398071,-8.663717885725987],[-70.22978067398071,-8.66448154678659],[-70.22890090942383,-8.663123926051071],[-70.22782802581787,-8.660832929946054],[-70.22742033004761,-8.659835918024072],[-70.22716283798218,-8.658541919887298],[-70.22684097290039,-8.657544901893957],[-70.22664785385132,-8.656887292835506],[-70.23930788040161,-8.654850818784752],[-70.23960828781128,-8.655147805270104],[-70.24138927459717,-8.657629754591994],[-70.24368524551392,-8.660302604784604],[-70.24402856826782,-8.660896568915177],[-70.24413585662842,-8.6613844673208],[-70.24413585662842,-8.6621481331199]],[[-70.24050951004028,-8.664608823479227],[-70.24050951004028,-8.664333057257394],[-70.24023056030273,-8.664333057257394],[-70.24023056030273,-8.663802737031531],[-70.2399730682373,-8.663802737031531],[-70.2399730682373,-8.663526970218498],[-70.23969411849976,-8.663526970218498],[-70.23969411849976,-8.663251203203231],[-70.23859977722168,-8.663251203203231],[-70.23859977722168,-8.663526970218498],[-70.2380633354187,-8.663526970218498],[-70.2380633354187,-8.66407850364233],[-70.23778438568115,-8.66407850364233],[-70.23778438568115,-8.664608823479227],[-70.2380633354187,-8.664608823479227],[-70.2380633354187,-8.665160355316118],[-70.23834228515625,-8.665160355316118],[-70.23834228515625,-8.66569067362704],[-70.23859977722168,-8.66569067362704],[-70.23859977722168,-8.666220991189846],[-70.23969411849976,-8.666220991189846],[-70.23969411849976,-8.66569067362704],[-70.2399730682373,-8.66569067362704],[-70.2399730682373,-8.665414908198713],[-70.23969411849976,-8.665414908198713],[-70.23969411849976,-8.665160355316118],[-70.2399730682373,-8.665160355316118],[-70.2399730682373,-8.664884589498811],[-70.24023056030273,-8.664884589498811],[-70.24023056030273,-8.664608823479227],[-70.24050951004028,-8.664608823479227]],[[-70.23969411849976,-8.667048285093927],[-70.23969411849976,-8.666220991189846],[-70.23859977722168,-8.666238163365003],[-70.23859977722168,-8.666242203876806],[-70.23834228515625,-8.666242203876806],[-70.23834228515625,-8.666517968698244],[-70.2386212348938,-8.666517968698244],[-70.2386212348938,-8.667048285093927],[-70.23887872695923,-8.667048285093927],[-70.23887872695923,-8.666772520661553],[-70.23915767669678,-8.666772520661553],[-70.23915767669678,-8.667048285093927],[-70.23969411849976,-8.667048285093927]],[[-70.23669004440308,-8.66055716095542],[-70.23669004440308,-8.660281391762595],[-70.23641109466553,-8.660281391762595],[-70.23641109466553,-8.659729852770496],[-70.23613214492798,-8.659729852770496],[-70.23613214492798,-8.659475296039858],[-70.235595703125,-8.659475296039858],[-70.235595703125,-8.66000562236762],[-70.2350378036499,-8.66000562236762],[-70.2350378036499,-8.659751065823599],[-70.23531675338745,-8.659729852770496],[-70.23531675338745,-8.659199526053968],[-70.23585319519043,-8.659199526053968],[-70.23585319519043,-8.658923755865956],[-70.2350378036499,-8.658923755865956],[-70.2350378036499,-8.658647985475781],[-70.23422241210938,-8.658647985475781],[-70.23422241210938,-8.66000562236762],[-70.23396492004395,-8.66000562236762],[-70.23396492004395,-8.660281391762595],[-70.2336859703064,-8.660281391762595],[-70.2336859703064,-8.661108698734537],[-70.23340702056885,-8.661108698734537],[-70.23340702056885,-8.661914790956928],[-70.2342438697815,-8.661914790956928],[-70.23422241210938,-8.66163902275946],[-70.23478031158447,-8.66163902275946],[-70.23478031158447,-8.661087485757974],[-70.23505926132202,-8.661087485757974],[-70.23505926132202,-8.661363254359813],[-70.235595703125,-8.661363254359813],[-70.235595703125,-8.660832929946054],[-70.23587465286255,-8.660832929946054],[-70.23587465286255,-8.661087485757974],[-70.23641109466553,-8.661087485757974],[-70.23641109466553,-8.66055716095542],[-70.23669004440308,-8.66055716095542]]],[[[-70.24396419525146,-8.721306295833031],[-70.24370670318604,-8.721306295833031],[-70.24368524551392,-8.720479121715016],[-70.24396419525146,-8.720479121715016],[-70.24396419525146,-8.721306295833031]]],[[[-70.242440700531,-8.667048285093927],[-70.24241924285889,-8.667302836698099],[-70.24218320846558,-8.667324049324009],[-70.24241924285889,-8.66702707245247],[-70.242440700531,-8.667048285093927]]],[[[-70.24168968200684,-8.657141851317036],[-70.24001598358154,-8.65482960545539],[-70.23995161056519,-8.65474475212605],[-70.24128198623657,-8.654532618718989],[-70.24128198623657,-8.654914458765617],[-70.24168968200684,-8.657141851317036]]],[[[-70.2416467666626,-8.674918092442255],[-70.24136781692505,-8.674918092442255],[-70.24136781692505,-8.674366574927532],[-70.24162530899048,-8.674366574927532],[-70.2416467666626,-8.674918092442255]]],[[[-70.24106740951538,-8.668681654891287],[-70.24078845977783,-8.668681654891287],[-70.24078845977783,-8.668405891657343],[-70.24106740951538,-8.668405891657343],[-70.24106740951538,-8.668681654891287]]],[[[-70.2349305152893,-8.709937793759224],[-70.23467302322388,-8.709937793759224],[-70.23465156555176,-8.709662060869888],[-70.2349305152893,-8.709662060869888],[-70.2349305152893,-8.709937793759224]]],[[[-70.23467302322388,-8.710213526445273],[-70.23439407348633,-8.710213526445273],[-70.23439407348633,-8.709937793759224],[-70.23467302322388,-8.709937793759224],[-70.23467302322388,-8.710213526445273]]],[[[-70.23439407348633,-8.710468048744232],[-70.23411512374878,-8.710468048744232],[-70.23411512374878,-8.710213526445273],[-70.23439407348633,-8.710213526445273],[-70.23439407348633,-8.710468048744232]]],[[[-70.23437261581421,-8.753098085448045],[-70.2341365814209,-8.754794702435618],[-70.23411512374878,-8.755643008028173],[-70.23383617401123,-8.757148745690756],[-70.23319244384766,-8.758463610213468],[-70.23291349411011,-8.758845344204175],[-70.23207664489746,-8.759608811009997],[-70.23179769515991,-8.76016020272823],[-70.2316689491272,-8.760520727640369],[-70.23164749145508,-8.7637018146537],[-70.23171186447144,-8.764465271485918],[-70.23184061050415,-8.765101484314698],[-70.23188352584839,-8.766522355699465],[-70.2320122718811,-8.767285806736695],[-70.23224830627441,-8.767879600903228],[-70.23272037506104,-8.768706669767752],[-70.23280620574951,-8.769088393237979],[-70.23282766342163,-8.769406495830168],[-70.23280620574951,-8.769533736790763],[-70.23265600204468,-8.769767011771947],[-70.23216247558594,-8.770063906990657],[-70.23081064224243,-8.77070011023153],[-70.23001670837402,-8.771018211443263],[-70.22907257080078,-8.771336312382502],[-70.22860050201416,-8.771569586231408],[-70.22814989089966,-8.771866480008995],[-70.2277421951294,-8.772333026894145],[-70.22744178771973,-8.77294801961979],[-70.22724866867065,-8.773456978346474],[-70.22705554962158,-8.775344360866185],[-70.22711992263794,-8.776065380868388],[-70.22727012634277,-8.776828812285103],[-70.22759199142456,-8.777804305698737],[-70.22804260253906,-8.779500809874847],[-70.22830009460449,-8.781282130910185],[-70.22855758666992,-8.782363643079393],[-70.228750705719,-8.78297861918081],[-70.2295446395874,-8.784908365153527],[-70.23008108139038,-8.785883837317982],[-70.23070335388184,-8.786668454370258],[-70.23143291473389,-8.787325834946202],[-70.23199081420898,-8.787622716114484],[-70.23233413696289,-8.787898391272094],[-70.23259162902832,-8.788343712247354],[-70.23269891738892,-8.788895061284904],[-70.23272037506104,-8.789510026551383],[-70.23278474807739,-8.790337047197127],[-70.23304224014282,-8.791757821945495],[-70.23269891738892,-8.792181932754687],[-70.2315616607666,-8.79417524705353],[-70.23134708404541,-8.794981051916608],[-70.23096084594727,-8.796719888015218],[-70.2307677268982,-8.797377250754678],[-70.23046731948853,-8.798077022710842],[-70.22967338562012,-8.799094870467556],[-70.2292013168335,-8.800070305274673],[-70.22885799407959,-8.801172967613113],[-70.22862195968628,-8.801787912490155],[-70.22804260253906,-8.802105987025556],[-70.22761344909668,-8.80229683161555],[-70.22709846496582,-8.802318036563932],[-70.22660493850708,-8.802275626665974],[-70.22632598876953,-8.802183738535307],[-70.22632598876953,-8.802190806855492],[-70.2262916565232,-8.80217242923649],[-70.2262830734253,-8.80216960189982],[-70.22600412368774,-8.802042372140349],[-70.22585422043588,-8.801938275209013],[-70.22581100463867,-8.801915142337123],[-70.22521018981934,-8.801491042677114],[-70.224609375,-8.800791277175449],[-70.22257089614868,-8.798098227900994],[-70.22207736968994,-8.797228814109076],[-70.22128343582153,-8.796380603564003],[-70.22063970565796,-8.79582926566772],[-70.21999597549438,-8.79563841774312],[-70.21954536437988,-8.795574801746383],[-70.21920204162598,-8.795596007079837],[-70.21879434585571,-8.795871676304259],[-70.21838665008545,-8.796253371814643],[-70.21774291992188,-8.797440866441718],[-70.21748542785645,-8.797758944712925],[-70.2170991897583,-8.798161843464143],[-70.21690607070923,-8.798628357259815],[-70.21682024002075,-8.799306921731258],[-70.21688461303711,-8.806283340544155],[-70.21671295166016,-8.808149351236949],[-70.21658420562744,-8.808785489093594],[-70.21645545959473,-8.80931560313806],[-70.21639108657837,-8.809951738988076],[-70.21645545959473,-8.810524260317194],[-70.21690607070923,-8.81245386271037],[-70.21690607070923,-8.813620101030551],[-70.2165412902832,-8.814553089036636],[-70.21600484848022,-8.815443666299316],[-70.21566152572632,-8.81637664970053],[-70.21568298339844,-8.816546282793041],[-70.21579027175903,-8.816673507561319],[-70.21600484848022,-8.816694711685102],[-70.21615505218506,-8.816567486924129],[-70.21649837493896,-8.815655708188316],[-70.21703481674194,-8.814807539902176],[-70.21724939346313,-8.814277433734574],[-70.2174425125122,-8.813704918219372],[-70.2174425125122,-8.81236904523442],[-70.2169919013977,-8.810418237915727],[-70.21692752838135,-8.80997294349757],[-70.21697044372559,-8.809400421314649],[-70.21712064743042,-8.808912716533584],[-70.21724939346313,-8.808234169681072],[-70.21742105484009,-8.806325749982648],[-70.21735668182373,-8.799349331969424],[-70.2174425125122,-8.798776793344231],[-70.21757125854492,-8.798437510778086],[-70.21789312362671,-8.798119433089909],[-70.21819353103638,-8.797737739503333],[-70.21881580352783,-8.796592656382458],[-70.21909475326538,-8.796316987694794],[-70.21939516067505,-8.79612614002157],[-70.21954536437988,-8.796104934718485],[-70.21986722946167,-8.796168550624131],[-70.22040367126465,-8.796316987694794],[-70.22089719772339,-8.796783503815206],[-70.22164821624756,-8.797568097782985],[-70.22212028503418,-8.798395100435457],[-70.22424459457397,-8.801194172625898],[-70.224609375,-8.801618272626158],[-70.22486686706543,-8.801893937365662],[-70.225510597229,-8.802381651401731],[-70.2259612083435,-8.802614905713469],[-70.22553205490112,-8.803017799178292],[-70.22523164749146,-8.80348430685261],[-70.22510290145874,-8.803993223644596],[-70.22501707077026,-8.80450213973647],[-70.22493124008179,-8.806240931100803],[-70.22475957870483,-8.806834662865214],[-70.224609375,-8.807173937731179],[-70.22441625595093,-8.807598030875909],[-70.22353649139404,-8.809209580389975],[-70.22274255752563,-8.81046064687996],[-70.22239923477173,-8.811457256138738],[-70.22216320037842,-8.812199410224153],[-70.22188425064087,-8.813641305329583],[-70.22162675857544,-8.814383455028945],[-70.22130489349365,-8.815083194808736],[-70.22087574005127,-8.815804137438192],[-70.22044658660889,-8.816397853841337],[-70.21963119506836,-8.817203610290775],[-70.21875143051147,-8.8182002013626],[-70.21870851516724,-8.818306221531145],[-70.21870851516724,-8.81841224166925],[-70.2187728881836,-8.818518261776916],[-70.21883726119995,-8.818581873826915],[-70.2190089225769,-8.818603077841132],[-70.21913766860962,-8.8185394657948],[-70.2200174331665,-8.81758528378495],[-70.22085428237915,-8.816737119929016],[-70.22130489349365,-8.816122199915696],[-70.22175550460815,-8.815358849509664],[-70.22212028503418,-8.814595497526398],[-70.22239923477173,-8.813789735388696],[-70.2226996421814,-8.812347840862401],[-70.22289276123047,-8.811679902453776],[-70.22289276123047,-8.811669300315202],[-70.22290992744351,-8.811620529890188],[-70.22291421890259,-8.811605687075044],[-70.22323608398438,-8.810693896096268],[-70.22400856018066,-8.809485239471755],[-70.224609375,-8.808382601911461],[-70.22488832473755,-8.807852486529313],[-70.2252745628357,-8.807025505015616],[-70.22546768188477,-8.806368159416266],[-70.22555351257324,-8.804544549379202],[-70.2256178855896,-8.804099247888146],[-70.22574663162231,-8.803675150731635],[-70.22593975067139,-8.803378282432831],[-70.22632598876953,-8.802996594270027],[-70.22632598876953,-8.803010225895209],[-70.22654056549072,-8.802805750040974],[-70.2270770072937,-8.802848159878167],[-70.22769927978516,-8.802826954960167],[-70.22847175598145,-8.80248767610712],[-70.22823572158813,-8.803590331242006],[-70.22814989089966,-8.80473539271128],[-70.2281928062439,-8.805392741212529],[-70.22870779037476,-8.808170555849799],[-70.22885799407959,-8.808637057024939],[-70.22860050201416,-8.809421625855748],[-70.22802114486694,-8.810990758522337],[-70.22795677185059,-8.812199410224153],[-70.22769927978516,-8.813747326806464],[-70.22754907608032,-8.81419261667719],[-70.22701263427734,-8.81567691237052],[-70.22677659988403,-8.816164608225336],[-70.2265191078186,-8.816821936402249],[-70.22634744644165,-8.81767010006341],[-70.2262830734253,-8.81767010006341],[-70.2262830734253,-8.817966956884689],[-70.22602558135986,-8.8190907698324],[-70.22557497024536,-8.820256987199912],[-70.22529602050781,-8.820681065329453],[-70.22486686706543,-8.821211162306412],[-70.224609375,-8.821444404735175],[-70.22375106811523,-8.821995704435537],[-70.22338628768921,-8.822313761580489],[-70.22310733795166,-8.82275904112305],[-70.22308588027954,-8.822907467517865],[-70.22310733795166,-8.822992282573836],[-70.22327899932861,-8.823119505121227],[-70.2234935760498,-8.823098301366386],[-70.22355794906616,-8.823034690094516],[-70.22379398345947,-8.822695429792716],[-70.22407293319702,-8.822440984361748],[-70.224609375,-8.822101723514308],[-70.22488832473755,-8.821932092973654],[-70.22525310516357,-8.821571627816013],[-70.2257251739502,-8.820999123606953],[-70.22604703903198,-8.820511434136094],[-70.22654056549072,-8.819239197701904],[-70.2267336845398,-8.818475853737496],[-70.22711992263794,-8.818475853737496],[-70.22711992263794,-8.8182002013626],[-70.22737741470337,-8.8182002013626],[-70.22737741470337,-8.817924548781988],[-70.22765636444092,-8.817924548781988],[-70.22765636444092,-8.81684314051752],[-70.22709846496582,-8.81684314051752],[-70.22709846496582,-8.817394447087167],[-70.22694826126099,-8.817394447087167],[-70.22703409194946,-8.816991569290295],[-70.22750616073608,-8.8158677499556],[-70.22806406021118,-8.81436225077249],[-70.22821426391602,-8.813874552538564],[-70.22849321365356,-8.812263023362135],[-70.22855758666992,-8.811096780759584],[-70.22915840148926,-8.80944283039564],[-70.22958755493164,-8.810333419972679],[-70.22993087768555,-8.811245211840642],[-70.23033857345581,-8.812199410224153],[-70.2310037612915,-8.813408057973376],[-70.23199081420898,-8.815740524909842],[-70.23229122161865,-8.81637664970053],[-70.23272037506104,-8.81758528378495],[-70.23272037506104,-8.818285017499875],[-70.23284912109375,-8.820129763666088],[-70.2330207824707,-8.821444404735175],[-70.2330207824707,-8.822737837347475],[-70.23289203643799,-8.82326793137112],[-70.23244142532349,-8.824222098695216],[-70.23224830627441,-8.82454015392176],[-70.2320122718811,-8.825282281717733],[-70.23186206817627,-8.826257647408411],[-70.23184061050415,-8.827890318990171],[-70.23175477981567,-8.828632440047926],[-70.23046731948853,-8.833233557278092],[-70.23025274276733,-8.833912058187451],[-70.23023128509521,-8.834844994898887],[-70.23031711578369,-8.835523492842384],[-70.23057460784912,-8.836371613515396],[-70.23068189620972,-8.836647252313924],[-70.2304458618164,-8.836647252313924],[-70.2304458618164,-8.836901687944959],[-70.22990942001343,-8.836922890906294],[-70.22990942001343,-8.836647252313924],[-70.22935152053833,-8.836647252313924],[-70.22935152053833,-8.836922890906294],[-70.2285361289978,-8.836922890906294],[-70.2285361289978,-8.837198529292507],[-70.22825717926025,-8.837198529292507],[-70.22825717926025,-8.837452964542948],[-70.22799968719482,-8.837452964542948],[-70.22799968719482,-8.837728602532678],[-70.22744178771973,-8.837728602532678],[-70.22744178771973,-8.837474167472564],[-70.2266263961792,-8.837474167472564],[-70.2266263961792,-8.838004240316252],[-70.22634744644165,-8.838004240316252],[-70.22636890411377,-8.838831152429833],[-70.22772073745728,-8.838809949578305],[-70.22772073745728,-8.839085586552969],[-70.22827863693237,-8.839085586552969],[-70.22827863693237,-8.839361223321433],[-70.22799968719482,-8.839361223321433],[-70.22799968719482,-8.839636859883669],[-70.2290940284729,-8.839636859883669],[-70.2290940284729,-8.839361223321433],[-70.23128271102905,-8.839361223321433],[-70.23126125335693,-8.837940631615268],[-70.23175477981567,-8.838873558129222],[-70.23205518722534,-8.839870090659886],[-70.23207620701301,-8.839954901814622],[-70.23207664489746,-8.839954901814622],[-70.23231267929077,-8.840909025960102],[-70.22997379302979,-8.841651120809146],[-70.22611141204834,-8.842774861591451],[-70.22608995437622,-8.84235080886883],[-70.22636890411377,-8.84235080886883],[-70.22636890411377,-8.841545107350811],[-70.22608995437622,-8.841545107350811],[-70.22608995437622,-8.840993836875654],[-70.22636890411377,-8.840993836875654],[-70.22636890411377,-8.839912496239705],[-70.2252745628357,-8.839912496239705],[-70.2252745628357,-8.839636859883669],[-70.22418022155762,-8.839636859883669],[-70.22418022155762,-8.839382426141228],[-70.22364377975464,-8.839382426141228],[-70.22364377975464,-8.839636859883669],[-70.22336483001709,-8.839658062687604],[-70.22336483001709,-8.840993836875654],[-70.22364377975464,-8.840993836875654],[-70.22364377975464,-8.841269472216354],[-70.22392272949219,-8.841269472216354],[-70.22392272949219,-8.841545107350811],[-70.22418022155762,-8.841545107350811],[-70.22418022155762,-8.841820742278998],[-70.22445917129517,-8.841820742278998],[-70.22445917129517,-8.842096377000914],[-70.224609375,-8.842075174337324],[-70.22473812103271,-8.842075174337324],[-70.22473812103271,-8.84235080886883],[-70.22501707077026,-8.84235080886883],[-70.22501707077026,-8.842626443194078],[-70.2252745628357,-8.842626443194078],[-70.2252745628357,-8.842902077313028],[-70.22555351257324,-8.842902077313028],[-70.22555351257324,-8.842944482543786],[-70.224609375,-8.843198913825816],[-70.22289276123047,-8.843644168146369],[-70.22289276123047,-8.843627428929057],[-70.22053241729736,-8.844216637196013],[-70.21649837493896,-8.8451283453266],[-70.21531820297241,-8.84476790284711],[-70.21255016326904,-8.844237839736309],[-70.21145582199097,-8.843877396385139],[-70.21031856536865,-8.84345334493203],[-70.20763635635376,-8.842075174337324],[-70.20684242248535,-8.84171472886949],[-70.20664930343628,-8.841651120809146],[-70.20628452301025,-8.841545107350811],[-70.2057695388794,-8.841333080342622],[-70.20526159003629,-8.840705688209242],[-70.20512937598617,-8.840590976927219],[-70.20270109176636,-8.838534312397442],[-70.20210027694702,-8.837834617089229],[-70.20177841186523,-8.837325746939683],[-70.20145654678345,-8.836583643378717],[-70.20098447799683,-8.834951010284882],[-70.20068407058716,-8.834272511287665],[-70.20122051239014,-8.834357323730615],[-70.20205736160278,-8.83439972994475],[-70.20523309707642,-8.83439972994475],[-70.20615577697754,-8.83452694855798],[-70.20658493041992,-8.834632964035421],[-70.2087950706482,-8.835523492842384],[-70.20971775054932,-8.835756726222002],[-70.21141290664673,-8.836456425475362],[-70.21265745162964,-8.836944093866407],[-70.21353721618652,-8.837177326347046],[-70.21441698074341,-8.83730454400154],[-70.21630525588989,-8.8378770229033],[-70.21973848342896,-8.839382426141228],[-70.22021055221558,-8.839764076689008],[-70.22059679031372,-8.8401881323895],[-70.22074699401855,-8.840506173844545],[-70.22083282470703,-8.840930228690809],[-70.22085428237915,-8.841651120809146],[-70.22087574005127,-8.842138782324454],[-70.22098302841187,-8.842244795611904],[-70.2211332321167,-8.84228720091835],[-70.22126197814941,-8.842244795611904],[-70.22136926651001,-8.842096377000914],[-70.22139072418213,-8.841651120809146],[-70.22136926651001,-8.840887823228158],[-70.2212405204773,-8.840315349004456],[-70.22104740142822,-8.839891293450407],[-70.2205753326416,-8.839361223321433],[-70.21999597549438,-8.838894760977084],[-70.21649837493896,-8.837368152812317],[-70.21454572677612,-8.83679567312005],[-70.21364450454712,-8.836647252313924],[-70.21282911300659,-8.836435222487196],[-70.2116060256958,-8.835968756439044],[-70.20988941192627,-8.835247853203455],[-70.20896673202515,-8.835014619501848],[-70.20675659179688,-8.834124089465547],[-70.20628452301025,-8.833996870713335],[-70.20527601242065,-8.833848448780245],[-70.2020788192749,-8.833848448780245],[-70.20126342773438,-8.833806042502673],[-70.20025491714478,-8.833678823640696],[-70.20014762878418,-8.833551604734822],[-70.19920349121094,-8.8310708272967],[-70.19879579544067,-8.830455931162689],[-70.19819498062134,-8.829756220521787],[-70.197594165802,-8.829247339221936],[-70.19701480865479,-8.828865677786311],[-70.19581317901611,-8.827975132900903],[-70.19531965255737,-8.827042178810473],[-70.19480466842651,-8.825685150467706],[-70.19452571868896,-8.82454015392176],[-70.19433259963989,-8.823098301366386],[-70.19407510757446,-8.82237737297659],[-70.19317388534546,-8.820596249742508],[-70.19242286682129,-8.819281605653657],[-70.19180059432983,-8.818306221531145],[-70.19160747528076,-8.817860936618771],[-70.1913070678711,-8.817458059330718],[-70.1913070678711,-8.817182406196224],[-70.19096374511719,-8.815910158294443],[-70.19092082977295,-8.815549687259036],[-70.1911997795105,-8.815994974957547],[-70.19169330596924,-8.816609895182665],[-70.1931095123291,-8.818009364982544],[-70.19383907318115,-8.8185394657948],[-70.19480466842651,-8.818942341903224],[-70.19551277160645,-8.819154381783775],[-70.1977014541626,-8.819705684903383],[-70.19958972930908,-8.820447822418487],[-70.2005124092102,-8.820617453641077],[-70.20407438278198,-8.820681065329453],[-70.20529747009277,-8.820787084785735],[-70.20604848861694,-8.82095671585246],[-70.20692825317383,-8.8212959777521],[-70.20885944366455,-8.821932092973654],[-70.20885944366455,-8.822334965380406],[-70.20830154418945,-8.822334965380406],[-70.20830154418945,-8.822610614668534],[-70.2080225944519,-8.822610614668534],[-70.20804405212402,-8.822886263750831],[-70.20748615264893,-8.822886263750831],[-70.20748615264893,-8.823416357561328],[-70.20830154418945,-8.823416357561328],[-70.20830154418945,-8.82369200604191],[-70.2091383934021,-8.82369200604191],[-70.20911693572998,-8.823416357561328],[-70.20967483520508,-8.823416357561328],[-70.20967483520508,-8.823140708874874],[-70.21021127700806,-8.823140708874874],[-70.21021127700806,-8.822865059982576],[-70.20993232727051,-8.822865059982576],[-70.20993232727051,-8.822610614668534],[-70.20967483520508,-8.822610614668534],[-70.20967483520508,-8.822334965380406],[-70.20939588546753,-8.822334965380406],[-70.20939588546753,-8.822101723514308],[-70.21018981933594,-8.822292557779349],[-70.21119832992554,-8.822610614668534],[-70.21237850189209,-8.823225523877241],[-70.21375179290771,-8.824222098695216],[-70.21538257598877,-8.825685150467706],[-70.21594047546387,-8.825960797253742],[-70.21658420562744,-8.826172833102873],[-70.21737813949585,-8.826490886648145],[-70.21797895431519,-8.826766532832266],[-70.21969556808472,-8.828102353730443],[-70.22087574005127,-8.8293957630069],[-70.22162675857544,-8.830286304462533],[-70.22276401519775,-8.832130990637282],[-70.22306442260742,-8.832894306355143],[-70.22321462631226,-8.833784839362053],[-70.22327899932861,-8.835459883713227],[-70.2233911329744,-8.835589153869098],[-70.22344636917501,-8.835612545605064],[-70.22359534672074,-8.835628902231935],[-70.22361451929552,-8.83562179783614],[-70.22372375834814,-8.835560116275408],[-70.22378618066165,-8.835452173526315],[-70.22379381776332,-8.83543204959009],[-70.22375251470335,-8.833779121669663],[-70.22375106811523,-8.833742433077177],[-70.22357940673828,-8.832767087178567],[-70.22341847438247,-8.832332421571124],[-70.2232575416565,-8.831918958212995],[-70.22207736968994,-8.829989457549573],[-70.22128343582153,-8.829035305139783],[-70.22003889083862,-8.827699487619725],[-70.21827936172485,-8.826321258124779],[-70.21759271621704,-8.825982000844135],[-70.2167558670044,-8.825663946860246],[-70.21615505218506,-8.825473114338337],[-70.21568298339844,-8.825218670822267],[-70.21409511566162,-8.823798024633476],[-70.21265745162964,-8.822780244897388],[-70.21139144897461,-8.822101723514308],[-70.21034002304077,-8.821762462355082],[-70.20952463150024,-8.821571627816013],[-70.20825862884521,-8.821189958441948],[-70.20617723464966,-8.820426618510183],[-70.20536184310913,-8.820256987199912],[-70.2040958404541,-8.820129763666088],[-70.20057678222656,-8.820066151882727],[-70.1997184753418,-8.819917724345615],[-70.19787311553955,-8.819196789745263],[-70.19566297531128,-8.818624281854142],[-70.19497632980347,-8.818433445693216],[-70.19409656524658,-8.818072977120181],[-70.19345283508301,-8.81758528378495],[-70.19207954406738,-8.81624942483002],[-70.19162893295288,-8.815655708188316],[-70.19132852554321,-8.81514680745029],[-70.19092082977295,-8.814701518729493],[-70.19089937210083,-8.813832143966067],[-70.19072771072388,-8.811520869404461],[-70.19047021865845,-8.80963367119989],[-70.19021272659302,-8.808615852438834],[-70.19010543823242,-8.807598030875909],[-70.19006252288818,-8.806622615915913],[-70.19006252288818,-8.805944064861166],[-70.19023418426514,-8.805032259921006],[-70.19042730331421,-8.803759970201838],[-70.19089937210083,-8.804247681778065],[-70.19173622131348,-8.805265512561519],[-70.19240140914917,-8.806325749982648],[-70.19272327423096,-8.807237551733905],[-70.19386053085327,-8.809739693826359],[-70.19405364990234,-8.81012137502988],[-70.19441843032837,-8.810587873743458],[-70.19476175308228,-8.810821122879489],[-70.19544839859009,-8.81113918964597],[-70.19828081130981,-8.812178205842386],[-70.19875288009644,-8.81247506707632],[-70.19928932189941,-8.812877949798093],[-70.20036220550537,-8.813450466594531],[-70.20100593566895,-8.813598896730312],[-70.20179986953735,-8.813598896730312],[-70.2031946182251,-8.813514079517162],[-70.20456790924072,-8.813132401817128],[-70.20503997802734,-8.812877949798093],[-70.20585536956787,-8.812559884527928],[-70.20727157592773,-8.81239024960523],[-70.20791530609131,-8.812263023362135],[-70.20838737487793,-8.81205097952629],[-70.20939588546753,-8.811520869404461],[-70.20967483520508,-8.811478460561872],[-70.21021127700806,-8.811520869404461],[-70.21046876907349,-8.811669300315202],[-70.21130561828613,-8.812347840862401],[-70.21169185638428,-8.812602293246442],[-70.21274328231812,-8.81321721911786],[-70.21392345428467,-8.814086595328064],[-70.2140736579895,-8.814129003871358],[-70.21420240402222,-8.814086595328064],[-70.2142882347107,-8.814001778226881],[-70.21433115005493,-8.813853348252934],[-70.21430969238281,-8.813747326806464],[-70.21424531936646,-8.813662509627392],[-70.2130651473999,-8.812771928071783],[-70.21197080612183,-8.812157001459425],[-70.2116060256958,-8.811923753166397],[-70.21076917648315,-8.811224007404135],[-70.21036148071289,-8.811011962972216],[-70.21008253097534,-8.810969554071221],[-70.20967483520508,-8.810948349618926],[-70.2092456817627,-8.810990758522337],[-70.20815134048462,-8.81156327824219],[-70.20774364471436,-8.811732913544432],[-70.20718574523926,-8.811860139970022],[-70.20570516586304,-8.81205097952629],[-70.20482540130615,-8.81236904523442],[-70.20435333251953,-8.812623497603852],[-70.2030873298645,-8.812983971493978],[-70.20102739334106,-8.813047584496914],[-70.20055532455444,-8.812962767157245],[-70.20010471343994,-8.812729519372752],[-70.19958972930908,-8.812432658343212],[-70.19907474517822,-8.812029775136011],[-70.19851684570312,-8.811690504726172],[-70.19566297531128,-8.810651487158793],[-70.19504070281982,-8.81035462446026],[-70.19480466842651,-8.810184988525492],[-70.19450426101685,-8.809824511905646],[-70.19343137741089,-8.807576826230232],[-70.1932168006897,-8.807046709692912],[-70.19306659698486,-8.806559001807415],[-70.19394636154175,-8.806474182979073],[-70.1961350440979,-8.806050088545533],[-70.19763708114624,-8.80592286012066],[-70.19858121871948,-8.805986474338553],[-70.20405292510986,-8.80658020651147],[-70.20534038543701,-8.80677104879318],[-70.20617723464966,-8.806792253485085],[-70.20662784576416,-8.806749844100082],[-70.20725011825562,-8.806622615915913],[-70.20789384841919,-8.806050088545533],[-70.209481716156,-8.804417320436457],[-70.20954608917236,-8.804290091449957],[-70.20952463150024,-8.804141657577063],[-70.20946025848389,-8.80405683819437],[-70.20935297012329,-8.803993223644596],[-70.2092456817627,-8.803972018792237],[-70.20911693572998,-8.804014428495748],[-70.20752906799316,-8.805647198383241],[-70.20699262619019,-8.806134907471147],[-70.2065634727478,-8.806219726377307],[-70.20615577697754,-8.80626213582309],[-70.20538330078125,-8.806240931100803],[-70.20411729812622,-8.806050088545533],[-70.19862413406372,-8.805435150753127],[-70.19765853881836,-8.805392741212529],[-70.19607067108154,-8.80551996981977],[-70.19386053085327,-8.805944064861166],[-70.19336700439453,-8.806007679075435],[-70.19287347793579,-8.806028883811095],[-70.19216537475586,-8.804926235944876],[-70.1913070678711,-8.803887199370664],[-70.19079208374023,-8.803335872656419],[-70.19047021865845,-8.803102618799187],[-70.19038438796997,-8.802402856345239],[-70.18941879272461,-8.800176330642287],[-70.18901109695435,-8.799646203500487],[-70.18834590911865,-8.798607152100047],[-70.18808841705322,-8.798098227900994],[-70.18780946731567,-8.797334840290574],[-70.18755197525024,-8.795002257284054],[-70.18748760223389,-8.793835960270869],[-70.18748760223389,-8.791524560793476],[-70.18787384033203,-8.791694205282226],[-70.18845319747925,-8.791800233048264],[-70.1890754699707,-8.791821438597836],[-70.19014835357666,-8.791715410837867],[-70.19068479537964,-8.791779027497483],[-70.19113540649414,-8.791927466327436],[-70.191650390625,-8.792266754858261],[-70.19188642501831,-8.792478810032222],[-70.19257307052612,-8.793284618586142],[-70.19416093826294,-8.79493864117805],[-70.19536256790161,-8.795935292249993],[-70.1960277557373,-8.796677477475825],[-70.19665002822876,-8.797271224585316],[-70.19720792770386,-8.79767412386731],[-70.19795894622803,-8.798055817519483],[-70.19890308380127,-8.798437510778086],[-70.20053386688232,-8.79847992111587],[-70.20104885101318,-8.798543536613423],[-70.20164966583252,-8.798670767575729],[-70.20244359970093,-8.7991160755994],[-70.20383834838867,-8.800049100197498],[-70.2039885520935,-8.800049100197498],[-70.2040958404541,-8.799985484958711],[-70.20418167114258,-8.799858254448324],[-70.20416021347046,-8.79970981879761],[-70.20407438278198,-8.799582588192465],[-70.2027440071106,-8.798670767575729],[-70.20182132720947,-8.798161843464143],[-70.20113468170166,-8.798013407133126],[-70.20057678222656,-8.797949791544468],[-70.19898891448975,-8.797886175944882],[-70.19819498062134,-8.797568097782985],[-70.1974868774414,-8.79720760886913],[-70.19699335098267,-8.796847119604266],[-70.19639253616333,-8.796295782402623],[-70.19572734832764,-8.795532391075824],[-70.19454717636108,-8.79455694431249],[-70.19298076629639,-8.792924125502395],[-70.19227266311646,-8.792097110631701],[-70.19197225570679,-8.791821438597836],[-70.19137144088745,-8.79143973851997],[-70.19079208374023,-8.79124888833357],[-70.1901912689209,-8.791185271582918],[-70.18903255462646,-8.791270093914676],[-70.18849611282349,-8.79124888833357],[-70.18800258636475,-8.791164065996938],[-70.18776655197144,-8.791058038048845],[-70.18738031387329,-8.79069754279837],[-70.1870584487915,-8.789531232232022],[-70.18675804138184,-8.788216477737592],[-70.18645763397217,-8.787219805899909],[-70.1858139038086,-8.785565748850715],[-70.18553495407104,-8.784632687772316],[-70.18536329269409,-8.783784448390676],[-70.18523454666138,-8.781070069330738],[-70.18512725830078,-8.779818903544239],[-70.18553495407104,-8.779818903544239],[-70.18553495407104,-8.779267541010626],[-70.18635034561157,-8.779267541010626],[-70.18635034561157,-8.778991859436545],[-70.18579244613647,-8.778991859436545],[-70.18579244613647,-8.7787161776576],[-70.18607139587402,-8.7787161776576],[-70.18607139587402,-8.778186019814697],[-70.18579244613647,-8.778186019814697],[-70.18579244613647,-8.777910337436992],[-70.1852560043335,-8.777910337436992],[-70.1852560043335,-8.777634654854495],[-70.18497705459595,-8.777634654854495],[-70.18497705459595,-8.777380178442698],[-70.1846981048584,-8.777380178442698],[-70.1846981048584,-8.776553128899124],[-70.18497705459595,-8.776553128899124],[-70.18497705459595,-8.776022967965858],[-70.18441915512085,-8.776022967965858],[-70.18441915512085,-8.776298651745677],[-70.18360376358032,-8.776298651745677],[-70.18360376358032,-8.776553128899124],[-70.18336772918701,-8.776574335320703],[-70.18287420272827,-8.776065380868388],[-70.18169403076172,-8.775132295893087],[-70.179762840271,-8.7733933585438],[-70.1783037185669,-8.771866480008995],[-70.17735958099365,-8.77044562906596],[-70.17699480056763,-8.76974580496153],[-70.17682313919067,-8.769215634307557],[-70.17682313919067,-8.766543562693897],[-70.1767373085022,-8.7659285593637],[-70.17660856246948,-8.76537717620225],[-70.17720937728882,-8.765716489013812],[-70.17735958099365,-8.765864938271434],[-70.17761707305908,-8.766204250637614],[-70.17804622650146,-8.767116151086213],[-70.17813205718994,-8.767540290067146],[-70.17838954925537,-8.768091670018393],[-70.17890453338623,-8.768643049151251],[-70.17935514450073,-8.768876324691846],[-70.17997741699219,-8.76906718638881],[-70.18102884292603,-8.769045979538447],[-70.18150091171265,-8.76906718638881],[-70.18255233764648,-8.769342875333521],[-70.18377542495728,-8.769936666211692],[-70.18444061279297,-8.770212354511017],[-70.18611431121826,-8.77067890347439],[-70.18645763397217,-8.770827350748917],[-70.18692970275879,-8.771145451851652],[-70.18757343292236,-8.771633206346579],[-70.18810987472534,-8.772184580221548],[-70.18911838531494,-8.77343577174679],[-70.19051313400269,-8.775047469869932],[-70.1915431022644,-8.776107793766073],[-70.19293785095215,-8.777783099347445],[-70.19379615783691,-8.77854652723029],[-70.19688606262207,-8.780667151995758],[-70.19873142242432,-8.781769872082805],[-70.19946098327637,-8.78213037601553],[-70.2000617980957,-8.782363643079393],[-70.20147800445557,-8.78249087959783],[-70.20205736160278,-8.782639322147517],[-70.20270109176636,-8.783042237339998],[-70.20401000976562,-8.783720830358845],[-70.20441770553589,-8.784038920408932],[-70.20493268966675,-8.784590275849325],[-70.20525455474854,-8.785120424538036],[-70.20559787750244,-8.785820219646354],[-70.20606994628906,-8.786604836833291],[-70.20664930343628,-8.787347040751811],[-70.20849466323853,-8.789170735496086],[-70.20890235900879,-8.789637260617013],[-70.2092456817627,-8.790124990797267],[-70.20961046218872,-8.790803570849633],[-70.20984649658203,-8.791333710650775],[-70.20988941192627,-8.791821438597836],[-70.20986795425415,-8.792712070583363],[-70.20965337753296,-8.794514533525359],[-70.20926713943481,-8.796295782402623],[-70.20881652832031,-8.79739845598489],[-70.20849466323853,-8.797907381145961],[-70.20797967910767,-8.79847992111587],[-70.20740032196045,-8.79898884479016],[-70.20703554153442,-8.799455357543565],[-70.20682096481323,-8.799921869708996],[-70.20669221878052,-8.800515611614529],[-70.20669221878052,-8.801024532489706],[-70.20671367645264,-8.801427427686178],[-70.2070140838623,-8.802402856345239],[-70.20716428756714,-8.802551290915773],[-70.20729303359985,-8.802572495849546],[-70.20742177963257,-8.802530085980763],[-70.20750761032104,-8.802424061287539],[-70.20755052566528,-8.802318036563932],[-70.20725011825562,-8.801321402677004],[-70.2072286605835,-8.800558021714181],[-70.20733594894409,-8.800070305274673],[-70.20748615264893,-8.79975222898959],[-70.20780801773071,-8.799349331969424],[-70.20836591720581,-8.798861613937177],[-70.20892381668091,-8.79822545901635],[-70.20931005477905,-8.797631713437227],[-70.20978212356567,-8.796465424705957],[-70.21016836166382,-8.79459935509476],[-70.21040439605713,-8.792754481576878],[-70.21042585372925,-8.791800233048264],[-70.21036148071289,-8.791185271582918],[-70.21010398864746,-8.790570309096807],[-70.2096962928772,-8.789828111633568],[-70.20933151245117,-8.78929796967823],[-70.20888090133667,-8.788789032687546],[-70.20703554153442,-8.786986541891295],[-70.20649909973145,-8.786286748984693],[-70.20604848861694,-8.785565748850715],[-70.20561933517456,-8.784653893731985],[-70.20652055740356,-8.784632687772316],[-70.20709991455078,-8.784569069886018],[-70.20838737487793,-8.784187362338926],[-70.20986795425415,-8.783466358122297],[-70.21040439605713,-8.783254297791771],[-70.21143436431885,-8.783042237339998],[-70.21203517913818,-8.782999825235095],[-70.2126145362854,-8.78297861918081],[-70.21302223205566,-8.783042237339998],[-70.21353721618652,-8.783254297791771],[-70.21461009979248,-8.78406012640255],[-70.21523237228394,-8.784463040051222],[-70.2157473564148,-8.784738717558582],[-70.21662712097168,-8.785014394860951],[-70.21819353103638,-8.785290071958329],[-70.21836519241333,-8.78526886603504],[-70.21847248077393,-8.785141630469823],[-70.21849393844604,-8.785014394860951],[-70.21842956542969,-8.78486595326207],[-70.21830081939697,-8.784759923512198],[-70.21673440933228,-8.784484246020625],[-70.21594047546387,-8.784250980290736],[-70.21491050720215,-8.783614800281498],[-70.21379470825195,-8.782787764637789],[-70.21319389343262,-8.782512085680011],[-70.21263599395752,-8.782448467429873],[-70.21199226379395,-8.782448467429873],[-70.21134853363037,-8.782512085680011],[-70.2102541923523,-8.782745352503781],[-70.20965337753296,-8.78297861918081],[-70.20817279815674,-8.783678418331547],[-70.20697116851807,-8.78406012640255],[-70.20649909973145,-8.784102538386207],[-70.20525455474854,-8.784144950364976],[-70.2047610282898,-8.783636006299389],[-70.2043104171753,-8.783275503830296],[-70.2029800415039,-8.782554497840692],[-70.20227193832397,-8.78213037601553],[-70.20156383514404,-8.781960727149666],[-70.20019054412842,-8.781854696569084],[-70.19898891448975,-8.781282130910185],[-70.19718647003174,-8.780221821800552],[-70.19413948059082,-8.778122400822639],[-70.19334554672241,-8.777422591190117],[-70.19195079803467,-8.77574728398126],[-70.19092082977295,-8.774686959055217],[-70.1895260810852,-8.773075259366877],[-70.1885175704956,-8.771802859933786],[-70.18793821334839,-8.771230278766367],[-70.18725156784058,-8.77070011023153],[-70.1867151260376,-8.770360801972018],[-70.18628597259521,-8.770169940939823],[-70.18463373184204,-8.76970339133706],[-70.18399000167847,-8.769448909488531],[-70.18272399902344,-8.768833910968098],[-70.181565284729,-8.768537014766196],[-70.18102884292603,-8.768515807885535],[-70.18006324768066,-8.768537014766196],[-70.1795482635498,-8.768367359687133],[-70.1792049407959,-8.768197704530579],[-70.17886161804199,-8.767815980145073],[-70.1786470413208,-8.767370634532881],[-70.1785397529602,-8.766946495358269],[-70.17826080322266,-8.76624666466158],[-70.17806768417358,-8.7659285593637],[-70.1777458190918,-8.76548321148914],[-70.1775312423706,-8.765292347950933],[-70.17720937728882,-8.765080277237956],[-70.17675876617432,-8.764846999313903],[-70.17647981643677,-8.764762170941566],[-70.1762866973877,-8.764740963845455],[-70.1758360862732,-8.764359235908557],[-70.17536401748657,-8.764147164663086],[-70.17484903335571,-8.76399871471925],[-70.17422676086426,-8.763956300438693],[-70.17308950424194,-8.764041128994961],[-70.17197370529175,-8.764041128994961],[-70.17115831375122,-8.76401992185771],[-70.1706862449646,-8.763850264716112],[-70.16991376876831,-8.763256464110654],[-70.16860485076904,-8.762132481795916],[-70.16796112060547,-8.761687129372632],[-70.16736030578613,-8.76136902017221],[-70.16650199890137,-8.761029703391728],[-70.16392707824707,-8.760817630246663],[-70.16315460205078,-8.76060555698065],[-70.16231775283813,-8.760245032150763],[-70.16158819198608,-8.759842092221348],[-70.16032218933105,-8.75897258878065],[-70.15987157821655,-8.758548440023034],[-70.15954971313477,-8.758166705727575],[-70.15937805175781,-8.757933423465218],[-70.15901327133179,-8.757297198369656],[-70.15789747238159,-8.754794702435618],[-70.15766143798828,-8.754328133535239],[-70.15688896179199,-8.753098085448045],[-70.15690178107235,-8.753098085448045],[-70.15665292739868,-8.752695137776698],[-70.15641689300537,-8.751677162768857],[-70.15588045120239,-8.749704828268136],[-70.15517234802246,-8.746862951580283],[-70.15596628189087,-8.74715986508474],[-70.15738248825073,-8.747796107511405],[-70.15826225280762,-8.748432348850898],[-70.15815496444702,-8.748432348850898],[-70.15815496444702,-8.749238252986814],[-70.15789747238159,-8.749238252986814],[-70.15789747238159,-8.74978966007464],[-70.15817642211914,-8.74978966007464],[-70.15817642211914,-8.750044155378177],[-70.15843391418457,-8.750044155378177],[-70.15843391418457,-8.74978966007464],[-70.15871286392212,-8.74978966007464],[-70.15871286392212,-8.749238252986814],[-70.15899181365967,-8.749238252986814],[-70.15899181365967,-8.748920133141567],[-70.15965700149536,-8.749344292874824],[-70.16066551208496,-8.749704828268136],[-70.16145944595337,-8.749938115689503],[-70.1621675491333,-8.750086571245177],[-70.16278982162476,-8.750150195036625],[-70.16343355178833,-8.750277442586892],[-70.16399145126343,-8.750553145463257],[-70.16437768936157,-8.750850056024817],[-70.16476392745972,-8.751231797827387],[-70.16562223434448,-8.752864800007288],[-70.16587972587182,-8.75324653888028],[-70.1663088798523,-8.753840356332006],[-70.16705989837646,-8.754646248758036],[-70.16727447509766,-8.754794702435618],[-70.16875505447388,-8.75591870692925],[-70.17008543014526,-8.756703387298586],[-70.1706862449646,-8.757021500490268],[-70.17235994338989,-8.7576789335576],[-70.17317533493042,-8.757848593515362],[-70.17401218414307,-8.757912215979559],[-70.17495632171631,-8.757912215979559],[-70.1761794090271,-8.757763763546151],[-70.17744541168213,-8.757318405890373],[-70.1792049407959,-8.756194405626019],[-70.18002033233643,-8.756491311686318],[-70.1799993522035,-8.756491311686318],[-70.18175840377808,-8.757148745690756],[-70.18326044082642,-8.758018253395718],[-70.18377542495728,-8.758506025120667],[-70.1842474937439,-8.759333114844267],[-70.18452644348145,-8.760138995369573],[-70.18465518951416,-8.760690386301562],[-70.18491268157959,-8.761199361820672],[-70.1855993270874,-8.762047652804043],[-70.18594264984131,-8.762302139721598],[-70.18641471862793,-8.762535419242951],[-70.1876163482666,-8.762556626464914],[-70.1885175704956,-8.762386968655392],[-70.18913984298706,-8.762153689040872],[-70.18993377685547,-8.762005238300844],[-70.19147872924805,-8.76206886005383],[-70.1927661895752,-8.762132481795916],[-70.19289493560791,-8.76209006730241],[-70.19298076629639,-8.762005238300844],[-70.19302368164062,-8.76187799476223],[-70.19298076629639,-8.76175075118006],[-70.19291639328003,-8.761665922101074],[-70.19278764724731,-8.761602300279137],[-70.19150018692017,-8.761517471166286],[-70.18993377685547,-8.761475056602592],[-70.18901109695435,-8.761623507554319],[-70.18836736679077,-8.76187799476223],[-70.18755197525024,-8.762005238300844],[-70.18654346466064,-8.762026445553047],[-70.18622159957886,-8.761835580239676],[-70.18596410751343,-8.761644714828307],[-70.18536329269409,-8.760902459519201],[-70.1851487159729,-8.760520727640369],[-70.1850414276123,-8.759990543825097],[-70.18471956253052,-8.759078625894475],[-70.18420457839966,-8.75818791319871],[-70.18362522125244,-8.75761531105347],[-70.18199443817139,-8.756660972185799],[-70.18154644426761,-8.756491311686318],[-70.18150091171265,-8.756491311686318],[-70.1808905975943,-8.756242934926638],[-70.17969846725464,-8.755791461307979],[-70.18087863922119,-8.754794702435618],[-70.18158674240112,-8.754179679671509],[-70.18220901489258,-8.753755525448781],[-70.18306732177734,-8.753373786234931],[-70.183502940545,-8.753197152340917],[-70.18373250961304,-8.753098085448045],[-70.18374726170447,-8.753098085448045],[-70.18390417098999,-8.753034462160514],[-70.1846981048584,-8.752801176679881],[-70.18628597259521,-8.752567891053005],[-70.18959045410156,-8.752864800007288],[-70.19044876098633,-8.753013254395597],[-70.19139289855957,-8.753204124236404],[-70.19218683242798,-8.753267747494917],[-70.1930022239685,-8.753267747494917],[-70.19424676895142,-8.753331370742558],[-70.19443988800049,-8.753394993979313],[-70.19482612609863,-8.753543448156094],[-70.19514799118042,-8.75379794089281],[-70.19555568695068,-8.754328133535239],[-70.19585609436035,-8.754794702435618],[-70.19684314727783,-8.756491311686318],[-70.19683437998938,-8.756491311686318],[-70.19699335098267,-8.75676700995868],[-70.19740104675293,-8.757360820928199],[-70.19800186157227,-8.758696892143234],[-70.19843101501465,-8.759778470087326],[-70.19845247268677,-8.76032986155397],[-70.19838809967041,-8.761008496082667],[-70.19821643829346,-8.76209006730241],[-70.19821643829346,-8.762917149053024],[-70.1982593536377,-8.7637018146537],[-70.19838809967041,-8.764338028789453],[-70.19862413406372,-8.764931827666857],[-70.1990532875061,-8.76548321148914],[-70.19963264465332,-8.765886145303412],[-70.20023345947266,-8.766183043623798],[-70.20199298858643,-8.767264599784625],[-70.20250797271729,-8.76773115245058],[-70.20265817642212,-8.767773566300235],[-70.20276546478271,-8.767752359376004],[-70.20289421081543,-8.7675827039386],[-70.20289421081543,-8.767391841478897],[-70.20233631134033,-8.766840460488964],[-70.20049095153809,-8.765716489013812],[-70.19993305206299,-8.765419590320633],[-70.19943952560425,-8.765101484314698],[-70.19909620285034,-8.764677342549874],[-70.19890308380127,-8.764210786049432],[-70.19879579544067,-8.763638193180213],[-70.19877433776855,-8.762917149053024],[-70.19875288009644,-8.762111274549753],[-70.19892454147339,-8.761072118006226],[-70.19898891448975,-8.760351068901727],[-70.19896745681763,-8.759651225786598],[-70.198495388031,-8.758463610213468],[-70.19787311553955,-8.757127538160375],[-70.19746541976929,-8.756491311686318],[-70.19649982452393,-8.754794702435618],[-70.19600629806519,-8.754031225748562],[-70.19553422927856,-8.75343740946444],[-70.1952666788988,-8.753214728053276],[-70.19508361816406,-8.753076877686738],[-70.19463300704956,-8.752886007780674],[-70.19435405731201,-8.752801176679881],[-70.19302368164062,-8.75273755334159],[-70.1922082901001,-8.75273755334159],[-70.19145727157593,-8.75267392999244],[-70.19055604934692,-8.752483059879694],[-70.1896333694458,-8.752334605279884],[-70.18628597259521,-8.752037695902587],[-70.18540620803833,-8.752122527177406],[-70.18456935882568,-8.752270981861813],[-70.18371105194092,-8.752525475468758],[-70.18285274505615,-8.752864800007288],[-70.18235707270308,-8.753098085448045],[-70.18235921859741,-8.753098085448045],[-70.18195152282715,-8.753288955245338],[-70.18126487731934,-8.753734317724948],[-70.18004179000854,-8.754794702435618],[-70.17903327941895,-8.755664215643193],[-70.17776727676392,-8.756491311686318],[-70.1777481175053,-8.756491311686318],[-70.1771879196167,-8.756851840155235],[-70.17605066299438,-8.757233575800242],[-70.17491340637207,-8.757360820928199],[-70.17403364181519,-8.757382028445278],[-70.17323970794678,-8.757297198369656],[-70.17253160476685,-8.757148745690756],[-70.17092227935791,-8.756533726818446],[-70.17084257946016,-8.756491311686318],[-70.17083644866943,-8.756491311686318],[-70.17036437988281,-8.756236820791983],[-70.16905546188354,-8.75545213943849],[-70.16817569732666,-8.754794702435618],[-70.16744613647461,-8.754243302763214],[-70.16671657562256,-8.75347982494472],[-70.16607284545898,-8.752610306632391],[-70.16521453857422,-8.750913679685752],[-70.16461372375488,-8.750362274262898],[-70.16515016555786,-8.750171402964696],[-70.16671657562256,-8.750171402964696],[-70.16862630844116,-8.750065363312274],[-70.16961336135864,-8.749726036221574],[-70.1701283454895,-8.749513956632825],[-70.17066478729248,-8.74921704500558],[-70.17193078994751,-8.748326308703142],[-70.17261743545532,-8.747668859113034],[-70.17375469207764,-8.747117448884325],[-70.17555713653564,-8.74612066678344],[-70.17639398574829,-8.745569254262321],[-70.17716646194458,-8.745039049145205],[-70.17821788787842,-8.743957428366102],[-70.17884016036987,-8.74353326249738],[-70.1790976524353,-8.74340601264258],[-70.17941951751709,-8.74336359601466],[-70.18042802810669,-8.743384804329224],[-70.18053531646729,-8.743321179381908],[-70.18062114715576,-8.743193929454677],[-70.18062114715576,-8.743066679483974],[-70.18053531646729,-8.742939429469814],[-70.18038511276245,-8.742854596102887],[-70.17937660217285,-8.74283338775814],[-70.17896890640259,-8.74289701278876],[-70.17858266830444,-8.743066679483974],[-70.17787456512451,-8.74353326249738],[-70.17682313919067,-8.744614884508124],[-70.17609357833862,-8.745123882014681],[-70.17529964447021,-8.745654087011019],[-70.17351865768433,-8.746629662232124],[-70.17231702804565,-8.747223489376324],[-70.17184495925903,-8.747647651042413],[-70.1715874671936,-8.747923355866277],[-70.17036437988281,-8.748771677120743],[-70.16989231109619,-8.749026173120185],[-70.16854047775269,-8.749535164597134],[-70.16671657562256,-8.749641204400575],[-70.1650857925415,-8.749641204400575],[-70.16461372375488,-8.749768452124826],[-70.1640772819519,-8.750001739506331],[-70.16358375549316,-8.749747244173818],[-70.16289710998535,-8.749598788482814],[-70.16225337982178,-8.749556372560235],[-70.16158819198608,-8.749407916793132],[-70.1608157157898,-8.749195837023152],[-70.15989303588867,-8.748835301136921],[-70.1592493057251,-8.748453556876825],[-70.1592493057251,-8.748432348850898],[-70.15907764434814,-8.748347516735123],[-70.15763998031616,-8.747329529838154],[-70.15618085861206,-8.746672078488118],[-70.15502214431763,-8.746226707559273],[-70.1548719406128,-8.745654087011019],[-70.1543140411377,-8.744063469757805],[-70.15399217605591,-8.74329997106372],[-70.15349864959717,-8.742600095886232],[-70.15272617340088,-8.74168813534898],[-70.15306949615479,-8.741624510111933],[-70.15356302261353,-8.741476051183227],[-70.15437841415405,-8.740903423332725],[-70.15536546707153,-8.740330794602272],[-70.15691041946411,-8.739037074601555],[-70.15766143798828,-8.738591694545846],[-70.15849828720093,-8.738252357003361],[-70.15933513641357,-8.738040270882422],[-70.1603651046753,-8.737700932837967],[-70.1607084274292,-8.73755247234638],[-70.1611590385437,-8.737467637753227],[-70.16197443008423,-8.737467637753227],[-70.1626181602478,-8.737510055052212],[-70.16360521316528,-8.737806976010035],[-70.16495704650879,-8.73814631395797],[-70.16615867614746,-8.738273565608807],[-70.1681113243103,-8.738273565608807],[-70.168776512146,-8.738315982816104],[-70.16942024230957,-8.738528068780155],[-70.16982793807983,-8.738718946044642],[-70.1701283454895,-8.738931031779416],[-70.17045021057129,-8.739270368704055],[-70.17148017883301,-8.740712547187002],[-70.17165184020996,-8.740776172579771],[-70.17182350158691,-8.740733755652471],[-70.17193078994751,-8.740564087894967],[-70.17188787460327,-8.74035200308947],[-70.17085790634155,-8.738931031779416],[-70.17047166824341,-8.738528068780155],[-70.17010688781738,-8.738273565608807],[-70.16961336135864,-8.738019062263703],[-70.16886234283447,-8.737785767378043],[-70.1681113243103,-8.73774335011042],[-70.16618013381958,-8.737722141474805],[-70.16504287719727,-8.73759488963573],[-70.163733959198,-8.737297968508983],[-70.1627254486084,-8.736979838467889],[-70.16199588775635,-8.73691621242709],[-70.16111612319946,-8.73691621242709],[-70.16053676605225,-8.73704346449783],[-70.16017198562622,-8.737191925192121],[-70.15918493270874,-8.737531263699907],[-70.15832662582397,-8.73774335011042],[-70.15740394592285,-8.738103896731388],[-70.15661001205444,-8.738591694545846],[-70.15508651733398,-8.739864207578776],[-70.1540994644165,-8.740436837026152],[-70.1533055305481,-8.740988257143869],[-70.15294075012207,-8.741115507824375],[-70.15227556228638,-8.741242758461453],[-70.151846408844,-8.740903423332725],[-70.15113830566406,-8.740585296368877],[-70.15043020248413,-8.740415628543786],[-70.14944314956665,-8.740203543653791],[-70.14832735061646,-8.739736956470992],[-70.14852046966553,-8.739652122374991],[-70.14884233474731,-8.739333994343028],[-70.14909982681274,-8.738931031779416],[-70.14931440353394,-8.738400817216203],[-70.14978647232056,-8.737446429101908],[-70.15030145645142,-8.736661708155339],[-70.15066623687744,-8.736258742703114],[-70.15137434005737,-8.735876985557141],[-70.15188932418823,-8.735749733088284],[-70.15279054641724,-8.735601271819746],[-70.15414237976074,-8.735452810492092],[-70.15467882156372,-8.735346766650437],[-70.15530109405518,-8.735113470092656],[-70.15643835067749,-8.734434788367366],[-70.15774726867676,-8.73333192792957],[-70.1581335067749,-8.732801705404427],[-70.15860557556152,-8.7319957657227],[-70.15899181365967,-8.73152916826902],[-70.15920639038086,-8.730998943181433],[-70.15916347503662,-8.730850480021857],[-70.15905618667603,-8.730744434871724],[-70.15888452529907,-8.73072322583809],[-70.15871286392212,-8.73082927099425],[-70.15851974487305,-8.731274660321034],[-70.15815496444702,-8.73169884013788],[-70.15770435333252,-8.732504780461113],[-70.15736103057861,-8.732950167787436],[-70.15613794326782,-8.733989402813918],[-70.15551567077637,-8.734371161892298],[-70.15508651733398,-8.734625667727443],[-70.15452861785889,-8.734837755790721],[-70.15405654907227,-8.734922590982265],[-70.15272617340088,-8.735071052521008],[-70.15178203582764,-8.735219514000661],[-70.15120267868042,-8.735367975421184],[-70.15032291412354,-8.735834568072349],[-70.14987230300903,-8.736343577571347],[-70.14933586120605,-8.737170716525114],[-70.1488208770752,-8.738167522569455],[-70.14862775802612,-8.738676528883204],[-70.14841318130493,-8.738994657476326],[-70.14819860458374,-8.739206743054226],[-70.14789819717407,-8.739333994343028],[-70.1475977897644,-8.739397619971143],[-70.14560222625732,-8.738443234409004],[-70.14337062835693,-8.736492038544327],[-70.14313459396362,-8.736216325261736],[-70.15240430831909,-8.727032835629899],[-70.15339136123657,-8.72743581104821],[-70.15424966812134,-8.727753949229012],[-70.15562295913696,-8.727902413620598],[-70.15770435333252,-8.727859995229025],[-70.15828371047974,-8.727923622814558],[-70.15860557556152,-8.728008459578405],[-70.15901327133179,-8.72824176057955],[-70.15920639038086,-8.728432643108363],[-70.15946388244629,-8.72885682615616],[-70.15965700149536,-8.729344636065065],[-70.15972137451172,-8.72940826339746],[-70.15991449356079,-8.729493099823799],[-70.16008615493774,-8.72940826339746],[-70.1601505279541,-8.729259799604975],[-70.1601505279541,-8.72913254487868],[-70.15993595123291,-8.728623525539533],[-70.15963554382324,-8.728114505506085],[-70.1593565940857,-8.727817576832635],[-70.15882015228271,-8.727520647922944],[-70.15839099884033,-8.727393392603616],[-70.15772581100464,-8.727308555699963],[-70.1556658744812,-8.7273721833795],[-70.15435695648193,-8.727202509543275],[-70.15283346176147,-8.726629859776551],[-70.17030000686646,-8.709343907283454],[-70.1702356338501,-8.71078620137439],[-70.16982793807983,-8.711380085559753],[-70.16959190368652,-8.712016388997398],[-70.16899108886719,-8.713161732456328],[-70.16787528991699,-8.715049420499668],[-70.16716718673706,-8.71670379094607],[-70.16703844070435,-8.717149197122666],[-70.16701698303223,-8.717637022325988],[-70.16667366027832,-8.717637022325988],[-70.1662015914917,-8.717700651653374],[-70.16538619995117,-8.718103637141922],[-70.16497850418091,-8.718506622195818],[-70.16442060470581,-8.71969436508931],[-70.16412019729614,-8.72115782881852],[-70.16405582427979,-8.721815325148967],[-70.16403436660767,-8.72380901662271],[-70.16399145126343,-8.724360461321268],[-70.16379833221436,-8.725060370727306],[-70.16356229782104,-8.725760278821213],[-70.16321897506714,-8.726375348487096],[-70.16278982162476,-8.72701162638532],[-70.1621675491333,-8.72885682615616],[-70.1621675491333,-8.729068917499262],[-70.16225337982178,-8.729174963125587],[-70.16240358352661,-8.72921738136769],[-70.16255378723145,-8.729174963125587],[-70.16263961791992,-8.729068917499262],[-70.1632833480835,-8.727223718777012],[-70.16366958618164,-8.72665106904283],[-70.16405582427979,-8.72599358122757],[-70.16431331634521,-8.72520883619022],[-70.1645278930664,-8.724424089503302],[-70.16457080841064,-8.723830226049259],[-70.16459226608276,-8.721857744227322],[-70.16465663909912,-8.72122145754625],[-70.16493558883667,-8.719885251987833],[-70.16542911529541,-8.718803558273194],[-70.16570806503296,-8.718549041649894],[-70.16635179519653,-8.718230895626945],[-70.16701698303223,-8.718188476136746],[-70.16703844070435,-8.71943984907287],[-70.16714572906494,-8.720054929149086],[-70.16787528991699,-8.722069839546776],[-70.16845464706421,-8.723915063743377],[-70.16849756240845,-8.724678602123035],[-70.16847610473633,-8.72548455760753],[-70.16841173171997,-8.72633292992198],[-70.16813278198242,-8.727329764927688],[-70.16785383224487,-8.728687152994894],[-70.16783237457275,-8.729450681613045],[-70.16785383224487,-8.730129372406495],[-70.1680040359497,-8.7306595987299],[-70.16834735870361,-8.731380705320461],[-70.1693344116211,-8.732504780461113],[-70.16987085342407,-8.733289510155288],[-70.16999959945679,-8.733353136814884],[-70.1701283454895,-8.733353136814884],[-70.1702356338501,-8.733310719043033],[-70.17030000686646,-8.733225883484835],[-70.1703429222107,-8.733098630111371],[-70.17030000686646,-8.732950167787436],[-70.16976356506348,-8.732186646331016],[-70.16879796981812,-8.731062570231728],[-70.16849756240845,-8.730468717340273],[-70.16839027404785,-8.730023327051398],[-70.16836881637573,-8.729429472505856],[-70.16839027404785,-8.728750780439412],[-70.1686692237854,-8.727457020268702],[-70.16892671585083,-8.726396557767842],[-70.1690125465393,-8.725526976269038],[-70.16903400421143,-8.724678602123035],[-70.16899108886719,-8.723851435474586],[-70.16839027404785,-8.721900163300845],[-70.16768217086792,-8.719948880932336],[-70.16757488250732,-8.719397429719947],[-70.1675534248352,-8.71801879812783],[-70.16757488250732,-8.717234036334204],[-70.16768217086792,-8.716894679372487],[-70.16836881637573,-8.715282729595913],[-70.16946315765381,-8.713416252748473],[-70.17008543014526,-8.712249699986558],[-70.17021417617798,-8.711910338499635],[-70.17030000686646,-8.713840452850334],[-70.17045021057129,-8.714582801870279],[-70.1710295677185,-8.71596144613872],[-70.17145872116089,-8.716597741778173],[-70.173819065094,-8.718952026223391],[-70.17437696456909,-8.719779203722922],[-70.17476320266724,-8.72058516978123],[-70.17489194869995,-8.721306295833031],[-70.17487049102783,-8.722875800662194],[-70.17474174499512,-8.723660550603185],[-70.174720287323,-8.724508927062502],[-70.17484903335571,-8.72548455760753],[-70.17523527145386,-8.726354139205142],[-70.17555713653564,-8.72669348757178],[-70.17622232437134,-8.72709646335646],[-70.17581462860107,-8.72866594384432],[-70.1755142211914,-8.730065745197052],[-70.17542839050293,-8.731720049116078],[-70.17521381378174,-8.733501598978407],[-70.1751708984375,-8.734434788367366],[-70.17521381378174,-8.735728524339251],[-70.17532110214233,-8.736364786285392],[-70.17553567886353,-8.73708588184509],[-70.17581462860107,-8.737658515560696],[-70.17613649368286,-8.738209939788817],[-70.176522731781,-8.738803780353024],[-70.17740249633789,-8.739906624605055],[-70.17761707305908,-8.740373211575445],[-70.17781019210815,-8.740479253987246],[-70.17800331115723,-8.740436837026152],[-70.1780891418457,-8.74030958611388],[-70.17811059951782,-8.740182335158167],[-70.17787456512451,-8.739630913847975],[-70.17757415771484,-8.739227951605372],[-70.17697334289551,-8.738485651597003],[-70.17658710479736,-8.73793422777672],[-70.1762866973877,-8.737404011795675],[-70.17605066299438,-8.736895003744422],[-70.17585754394531,-8.736258742703114],[-70.17575025558472,-8.735686106837576],[-70.17570734024048,-8.734434788367366],[-70.17575025558472,-8.733565225601836],[-70.17596483230591,-8.731762467068819],[-70.17605066299438,-8.730129372406495],[-70.17632961273193,-8.728771989585184],[-70.1767373085022,-8.727308555699963],[-70.17765998840332,-8.727690321614546],[-70.1783037185669,-8.728050877953095],[-70.17877578735352,-8.728369015609601],[-70.17924785614014,-8.728878035295892],[-70.17984867095947,-8.72938705428787],[-70.18038511276245,-8.730108163337889],[-70.18072843551636,-8.730765643904164],[-70.18090009689331,-8.731380705320461],[-70.18094301223755,-8.732419944719624],[-70.18117904663086,-8.734349953064864],[-70.1813292503357,-8.735155887659474],[-70.18158674240112,-8.735940611775277],[-70.18229484558105,-8.737722141474805],[-70.18270254135132,-8.738506860189176],[-70.18332481384277,-8.739333994343028],[-70.18452644348145,-8.740585296368877],[-70.1846981048584,-8.740648921783361],[-70.18489122390747,-8.740585296368877],[-70.18497705459595,-8.740394420060213],[-70.18493413925171,-8.740224752148237],[-70.18373250961304,-8.738994657476326],[-70.18315315246582,-8.738231148396679],[-70.1827883720398,-8.737510055052212],[-70.18210172653198,-8.735770941836108],[-70.18184423446655,-8.735028634944541],[-70.18171548843384,-8.73426511774305],[-70.18147945404053,-8.732356317900837],[-70.18143653869629,-8.731295869323318],[-70.1812219619751,-8.730574762568793],[-70.18085718154907,-8.729853654420552],[-70.18025636672974,-8.729026499240277],[-70.17961263656616,-8.728475061434835],[-70.1790976524353,-8.727944832007339],[-70.17858266830444,-8.727584275566329],[-70.17791748046875,-8.727202509543275],[-70.17665147781372,-8.72671469683445],[-70.17590045928955,-8.72626930206529],[-70.17566442489624,-8.726014790530016],[-70.17538547515869,-8.725357301594073],[-70.1752781867981,-8.724487717674506],[-70.1752781867981,-8.72370296947193],[-70.17540693283081,-8.722939429097224],[-70.17542839050293,-8.722048630020254],[-70.17542839050293,-8.721263876692035],[-70.17525672912598,-8.720394283240367],[-70.17484903335571,-8.719503478093245],[-70.17422676086426,-8.718612670821969],[-70.17186641693115,-8.716237174382158],[-70.17150163650513,-8.715685717691855],[-70.17096519470215,-8.714455542143],[-70.17083644866943,-8.713798032861803],[-70.17075061798096,-8.712313330231055],[-70.17075061798096,-8.711634607064738],[-70.17083644866943,-8.709280276533676],[-70.17083644866943,-8.70881365070467],[-70.17253160476685,-8.707116824601272],[-70.17375469207764,-8.70796523861506],[-70.17497777938843,-8.709259066281362],[-70.1755142211914,-8.709937793759224],[-70.17620086669922,-8.710637730180665],[-70.17688751220703,-8.711634607064738],[-70.17710208892822,-8.712101229373928],[-70.17720937728882,-8.712546641034933],[-70.17725229263306,-8.713225362545614],[-70.17727375030518,-8.713946502800596],[-70.17733812332153,-8.714476752100552],[-70.17768144607544,-8.715452408847156],[-70.17798185348511,-8.71613112508183],[-70.17892599105835,-8.717446134278802],[-70.17903327941895,-8.717509763638702],[-70.17914056777954,-8.71753097342291],[-70.17929077148438,-8.717488553853258],[-70.17937660217285,-8.717403714699515],[-70.17939805984497,-8.717255246134101],[-70.17937660217285,-8.717149197122666],[-70.17845392227173,-8.715855396760134],[-70.17817497253418,-8.715261519684091],[-70.17800331115723,-8.714773691379989],[-70.17787456512451,-8.714370702300727],[-70.17781019210815,-8.7139040828241],[-70.17781019210815,-8.713225362545614],[-70.1777458190918,-8.712440590687578],[-70.17761707305908,-8.711931548601598],[-70.17735958099365,-8.711337665292064],[-70.1766300201416,-8.710298367230834],[-70.17592191696167,-8.709577219939973],[-70.17538547515869,-8.708898491807787],[-70.17414093017578,-8.70756224219842],[-70.17293930053711,-8.706735037667343],[-70.17720937728882,-8.702492934413968],[-70.17757415771484,-8.702895936290034],[-70.17871141433716,-8.70395646546946],[-70.18017053604126,-8.704995781149648],[-70.18124341964722,-8.706056304378407],[-70.18238067626953,-8.707710714612958],[-70.18276691436768,-8.708516706692194],[-70.18351793289185,-8.710171106045266],[-70.18405437469482,-8.711507346333889],[-70.18437623977661,-8.713882872834048],[-70.18422603607178,-8.713882872834048],[-70.18422603607178,-8.714158602610837],[-70.18396854400635,-8.714158602610837],[-70.18396854400635,-8.714710061554257],[-70.18422603607178,-8.714710061554257],[-70.18422603607178,-8.71443433218424],[-70.18450498580933,-8.71443433218424],[-70.1845908164978,-8.714752481439277],[-70.18476247787476,-8.715643297912735],[-70.18478393554688,-8.718358154068625],[-70.18482685089111,-8.719058074723108],[-70.18497705459595,-8.719588316770214],[-70.1852560043335,-8.720182186969438],[-70.18568515777588,-8.720670008212522],[-70.18628597259521,-8.72122145754625],[-70.18879652023315,-8.722812172216322],[-70.18924713134766,-8.723299990024273],[-70.18961191177368,-8.72378780719498],[-70.19070625305176,-8.726311720637625],[-70.19139289855957,-8.727669112407312],[-70.19216537475586,-8.72866594384432],[-70.19330263137817,-8.729980908900913],[-70.19343137741089,-8.730192999605094],[-70.19353866577148,-8.730702016803221],[-70.19353866577148,-8.73112619727118],[-70.19345283508301,-8.731592795228892],[-70.19323825836182,-8.732165437379365],[-70.19102811813354,-8.735495228020312],[-70.19081354141235,-8.7360254467159],[-70.19079208374023,-8.736343577571347],[-70.19089937210083,-8.736852586375448],[-70.19128561019897,-8.737404011795675],[-70.19177913665771,-8.73795543640027],[-70.19229412078857,-8.738400817216203],[-70.19272327423096,-8.738867406071662],[-70.19302368164062,-8.739461245588416],[-70.19319534301758,-8.740055084158996],[-70.19319534301758,-8.740500462465988],[-70.19308805465698,-8.741179133148364],[-70.19295930862427,-8.74164571852549],[-70.19218683242798,-8.74355447080228],[-70.1922082901001,-8.743724137198072],[-70.1923155784607,-8.743830178656196],[-70.19248723983765,-8.743851386944186],[-70.19261598587036,-8.74378776207655],[-70.19270181655884,-8.74370292890282],[-70.19347429275513,-8.741794177386609],[-70.19362449645996,-8.741263966896753],[-70.19373178482056,-8.740564087894967],[-70.19373178482056,-8.739970250135414],[-70.19353866577148,-8.73924916015531],[-70.19315242767334,-8.738549277369913],[-70.19268035888672,-8.738019062263703],[-70.19216537475586,-8.737573680991659],[-70.19169330596924,-8.737064673172057],[-70.19139289855957,-8.736619290759833],[-70.19132852554321,-8.736343577571347],[-70.19132852554321,-8.736173907815555],[-70.19150018692017,-8.735770941836108],[-70.19373178482056,-8.732398735781231],[-70.19398927688599,-8.731720049116078],[-70.19407510757446,-8.73114740628192],[-70.19407510757446,-8.7306595987299],[-70.19394636154175,-8.730002117976753],[-70.19373178482056,-8.729641563523472],[-70.19259452819824,-8.728326597271064],[-70.19184350967407,-8.7273721833795],[-70.1911997795105,-8.72609962772772],[-70.1900839805603,-8.723533293968032],[-70.18965482711792,-8.722960638573156],[-70.18913984298706,-8.722387982300134],[-70.18858194351196,-8.722006210963585],[-70.18729448318481,-8.721242667119753],[-70.18662929534912,-8.720776056224537],[-70.18609285354614,-8.720309444746448],[-70.18572807312012,-8.719885251987833],[-70.18547058105469,-8.719397429719947],[-70.18536329269409,-8.71897323592573],[-70.18532037734985,-8.71833694433137],[-70.18529891967773,-8.715600878128825],[-70.18512725830078,-8.714625221769765],[-70.18497705459595,-8.714158602610837],[-70.1850414276123,-8.714158602610837],[-70.1850414276123,-8.713607142853888],[-70.18489122390747,-8.713607142853888],[-70.1845908164978,-8.711380085559753],[-70.18401145935059,-8.709959003973054],[-70.18326044082642,-8.708283393374174],[-70.18283128738403,-8.707413769724965],[-70.18165111541748,-8.705695726817865],[-70.18053531646729,-8.704592781534629],[-70.17907619476318,-8.703553464735265],[-70.17796039581299,-8.702492934413968],[-70.17759561538696,-8.70213235342024],[-70.18405437469482,-8.69572668024135],[-70.1844835281372,-8.696469065196354],[-70.18489122390747,-8.696956917365668],[-70.18506288528442,-8.697084183044481],[-70.18585681915283,-8.697550823496783],[-70.18596410751343,-8.697656878063938],[-70.18609285354614,-8.697868987108194],[-70.18639326095581,-8.6986325786728],[-70.18701553344727,-8.699459801110805],[-70.18759489059448,-8.699841595465841],[-70.18819570541382,-8.70005370327263],[-70.18866777420044,-8.700138546361714],[-70.18913984298706,-8.7003082324822],[-70.18920421600342,-8.700371864757543],[-70.18937587738037,-8.70064760449246],[-70.18948316574097,-8.70102939763629],[-70.18959045410156,-8.701517243864586],[-70.18980503082275,-8.703192884763183],[-70.18986940383911,-8.703468622420147],[-70.19012689590454,-8.703935254915322],[-70.19032001495361,-8.704147360402615],[-70.19085645675659,-8.70455036049728],[-70.19115686416626,-8.70465641308165],[-70.19141435623169,-8.706141146106859],[-70.191650390625,-8.70713803497506],[-70.19188642501831,-8.707986448940744],[-70.19222974777222,-8.708665178727898],[-70.19259452819824,-8.709259066281362],[-70.19240140914917,-8.709259066281362],[-70.19240140914917,-8.7095135892299],[-70.19184350967407,-8.70953479946779],[-70.19184350967407,-8.709259066281362],[-70.19077062606812,-8.709259066281362],[-70.19077062606812,-8.708707599298691],[-70.19021272659302,-8.708707599298691],[-70.19021272659302,-8.709259066281362],[-70.18967628479004,-8.709259066281362],[-70.18967628479004,-8.70953479946779],[-70.18939733505249,-8.70953479946779],[-70.18939733505249,-8.710086265230814],[-70.18886089324951,-8.710086265230814],[-70.18886089324951,-8.71089225219093],[-70.19104957580566,-8.71089225219093],[-70.19104957580566,-8.71114677402798],[-70.1913070678711,-8.71114677402798],[-70.1913070678711,-8.711422505822611],[-70.19212245941162,-8.711422505822611],[-70.19214391708374,-8.712779951693193],[-70.19240140914917,-8.712779951693193],[-70.19240140914917,-8.713585932846996],[-70.19295930862427,-8.713585932846996],[-70.19295930862427,-8.713310202647804],[-70.19323825836182,-8.713310202647804],[-70.19323825836182,-8.713055682283454],[-70.19295930862427,-8.713055682283454],[-70.19295930862427,-8.712779951693193],[-70.1937747001648,-8.712779951693193],[-70.1937747001648,-8.711952758702353],[-70.19390344619751,-8.711952758702353],[-70.19396781921387,-8.71229212015075],[-70.19392490386963,-8.712949632080495],[-70.19381761550903,-8.713691982869449],[-70.19358158111572,-8.714413122224272],[-70.19274473190308,-8.716470482736938],[-70.19201517105103,-8.717721861426782],[-70.19203662872314,-8.71791274933311],[-70.19216537475586,-8.71806121763727],[-70.19233703613281,-8.71806121763727],[-70.19248723983765,-8.717976378613542],[-70.19323825836182,-8.71670379094607],[-70.19407510757446,-8.714604011820626],[-70.19435405731201,-8.713840452850334],[-70.19446134567261,-8.713013262205877],[-70.19450426101685,-8.71229212015075],[-70.19435405731201,-8.711549766582323],[-70.19403219223022,-8.710595309828776],[-70.1940107345581,-8.710595309828776],[-70.19375324249268,-8.710149895843458],[-70.19375324249268,-8.710065055024188],[-70.19371032714844,-8.710065055024188],[-70.19270181655884,-8.708389444900405],[-70.19240140914917,-8.707816766301548],[-70.19216537475586,-8.707010772714256],[-70.19195079803467,-8.706035093943285],[-70.19171476364136,-8.704762465635966],[-70.19237995147705,-8.704698834106978],[-70.19237995147705,-8.704910939161493],[-70.19293785095215,-8.704910939161493],[-70.19293785095215,-8.704635202567175],[-70.19319534301758,-8.704635202567175],[-70.19319534301758,-8.704444307882866],[-70.19336700439453,-8.704359465769699],[-70.19347429275513,-8.704359465769699],[-70.19347429275513,-8.704317044705888],[-70.19386053085327,-8.70408372876905],[-70.1940107345581,-8.70408372876905],[-70.1940107345581,-8.703977676022404],[-70.19450426101685,-8.703659517602134],[-70.19482612609863,-8.703553464735265],[-70.19536256790161,-8.703553464735265],[-70.1956844329834,-8.703595885885619],[-70.1962423324585,-8.703765570438946],[-70.19641399383545,-8.703850412686748],[-70.19710063934326,-8.704613992051506],[-70.19729375839233,-8.704889728661456],[-70.19701480865479,-8.704889728661456],[-70.19701480865479,-8.70516546506822],[-70.1964783668518,-8.70516546506822],[-70.1964783668518,-8.70544120127181],[-70.19619941711426,-8.70544120127181],[-70.19619941711426,-8.705992673069446],[-70.1964783668518,-8.705992673069446],[-70.1964783668518,-8.706522933646824],[-70.19619941711426,-8.706522933646824],[-70.19619941711426,-8.706798668850041],[-70.19594192504883,-8.706798668850041],[-70.19594192504883,-8.707074403850072],[-70.19566297531128,-8.707074403850072],[-70.19566297531128,-8.707880397300272],[-70.1964783668518,-8.707880397300272],[-70.1964783668518,-8.707604662894312],[-70.19675731658936,-8.707604662894312],[-70.19675731658936,-8.707880397300272],[-70.1970362663269,-8.707880397300272],[-70.1970362663269,-8.708431865502476],[-70.19675731658936,-8.708431865502476],[-70.19675731658936,-8.708156131502989],[-70.1964783668518,-8.708156131502989],[-70.1964783668518,-8.708707599298691],[-70.19675731658936,-8.708686389013891],[-70.19675731658936,-8.709237856027826],[-70.1970362663269,-8.709237856027826],[-70.1970362663269,-8.709789322228687],[-70.19785165786743,-8.709768112005221],[-70.19785165786743,-8.7095135892299],[-70.19866704940796,-8.7095135892299],[-70.19866704940796,-8.709237856027826],[-70.19838809967041,-8.709237856027826],[-70.19838809967041,-8.709004543159622],[-70.19858121871948,-8.70915301500169],[-70.19892454147339,-8.709322697034736],[-70.19928932189941,-8.710404418185746],[-70.19984722137451,-8.71129524501957],[-70.19999742507935,-8.711846708186556],[-70.19997596740723,-8.712355750388042],[-70.19991159439087,-8.713034472245269],[-70.1997184753418,-8.71377682286574],[-70.1988172531128,-8.716046285619896],[-70.19847393035889,-8.717467344066634],[-70.19802331924438,-8.71886718740194],[-70.1980447769165,-8.720076138788826],[-70.19821643829346,-8.720818475420927],[-70.19855976104736,-8.721454762788497],[-70.19989013671875,-8.723596922291037],[-70.20004034042358,-8.723999901418225],[-70.20008325576782,-8.724614973984373],[-70.20004034042358,-8.72516641749256],[-70.19991159439087,-8.725802697451385],[-70.19984722137451,-8.726820743129736],[-70.19984722137451,-8.727669112407312],[-70.19989013671875,-8.728411433943307],[-70.2001690864563,-8.729344636065065],[-70.20042657852173,-8.730002117976753],[-70.20081281661987,-8.731317078324409],[-70.20085573196411,-8.731889720898124],[-70.20085573196411,-8.732801705404427],[-70.20089864730835,-8.7329289588792],[-70.20100593566895,-8.733013794504927],[-70.20111322402954,-8.733056212310558],[-70.20122051239014,-8.733035003408347],[-70.20130634307861,-8.73297137669448],[-70.20137071609497,-8.732865332147227],[-70.20139217376709,-8.73186851192959],[-70.20132780075073,-8.731189824299776],[-70.20094156265259,-8.729832445336271],[-70.20068407058716,-8.729153754002738],[-70.20042657852173,-8.728347806440937],[-70.20038366317749,-8.726820743129736],[-70.20044803619385,-8.725887534697293],[-70.20057678222656,-8.72523004553723],[-70.2006196975708,-8.724614973984373],[-70.20057678222656,-8.723893854321659],[-70.20036220550537,-8.723321199479741],[-70.19901037216187,-8.721179038395633],[-70.1987099647522,-8.72058516978123],[-70.19858121871948,-8.720033719508137],[-70.19855976104736,-8.71899444562689],[-70.19898891448975,-8.717615812547777],[-70.19933223724365,-8.716215964524494],[-70.20023345947266,-8.713925292812945],[-70.20044803619385,-8.713119312390788],[-70.2005124092102,-8.712398170540226],[-70.20053386688232,-8.711761867752273],[-70.20036220550537,-8.71110435373383],[-70.19978284835815,-8.710192316245866],[-70.19954681396484,-8.7095135892299],[-70.20390272140503,-8.710722570870004],[-70.20615577697754,-8.711507346333889],[-70.20690679550171,-8.711910338499635],[-70.20789384841919,-8.712864791896465],[-70.20885944366455,-8.713607142853888],[-70.21089792251587,-8.714922160931252],[-70.2110481262207,-8.715113050267632],[-70.21124124526978,-8.715537248443894],[-70.2112627029419,-8.716937099009542],[-70.2111554145813,-8.717488553853258],[-70.21057605743408,-8.719312590999635],[-70.21053314208984,-8.720118558064684],[-70.21061897277832,-8.720479121715016],[-70.21079063415527,-8.720882104206467],[-70.21143436431885,-8.722069839546776],[-70.21203517913818,-8.723915063743377],[-70.21218538284302,-8.724996742653701],[-70.21218538284302,-8.725760278821213],[-70.21212100982666,-8.72626930206529],[-70.21188497543335,-8.72692678939488],[-70.21100521087646,-8.728072087138628],[-70.209481716156,-8.730299044911973],[-70.20729303359985,-8.73386214970094],[-70.20669221878052,-8.734774129384405],[-70.20637035369873,-8.735516436782618],[-70.20626306533813,-8.735898194297718],[-70.2061128616333,-8.736067864178978],[-70.20461082458496,-8.73795543640027],[-70.2027440071106,-8.740055084158996],[-70.20126342773438,-8.741603301697168],[-70.20092010498047,-8.742112303318393],[-70.20049095153809,-8.74264251260108],[-70.2002763748169,-8.743384804329224],[-70.20008325576782,-8.744593676263591],[-70.20004034042358,-8.7450602573644],[-70.2000617980957,-8.746332748304923],[-70.2001690864563,-8.746905367809703],[-70.20068407058716,-8.747944563921195],[-70.20089864730835,-8.748453556876825],[-70.20113468170166,-8.74936550084881],[-70.20124197006226,-8.749513956632825],[-70.20137071609497,-8.749577580522129],[-70.20154237747192,-8.749513956632825],[-70.20164966583252,-8.749407916793132],[-70.20167112350464,-8.749238252986814],[-70.20141363143921,-8.748262684600007],[-70.20115613937378,-8.747690067182447],[-70.20068407058716,-8.746735702863035],[-70.20059823989868,-8.74629033201029],[-70.20057678222656,-8.745102673799124],[-70.2006196975708,-8.744657300993566],[-70.20081281661987,-8.743512054191257],[-70.20098447799683,-8.742875804446427],[-70.20134925842285,-8.742430428978537],[-70.20169258117676,-8.741942636188583],[-70.20315170288086,-8.740415628543786],[-70.20501852035522,-8.738294774213045],[-70.2062201499939,-8.736788960312936],[-70.20632743835449,-8.737404011795675],[-70.20669221878052,-8.73835840001857],[-70.2074646949768,-8.739673330900814],[-70.207679271698,-8.739949041626488],[-70.2081298828125,-8.740712547187002],[-70.20834445953369,-8.74122155002496],[-70.20843029022217,-8.74196384458402],[-70.20843029022217,-8.742388012239559],[-70.20838737487793,-8.743193929454677],[-70.20832300186157,-8.74378776207655],[-70.20819425582886,-8.745335964103788],[-70.20821571350098,-8.746650870360725],[-70.20825862884521,-8.747202281280352],[-70.20836591720581,-8.747584026823304],[-70.2086877822876,-8.74811422831705],[-70.20918130874634,-8.748750469112949],[-70.2096962928772,-8.74921704500558],[-70.2104902267456,-8.749874491861817],[-70.2105975151062,-8.749895699805592],[-70.21072626113892,-8.749853283916835],[-70.21085500717163,-8.749704828268136],[-70.21087646484375,-8.749556372560235],[-70.21081209182739,-8.749429124763495],[-70.2100396156311,-8.748814093132737],[-70.2095890045166,-8.748389932795419],[-70.20911693572998,-8.747796107511405],[-70.20888090133667,-8.747393154100749],[-70.2087950706482,-8.747096240782284],[-70.20875215530396,-8.746629662232124],[-70.20873069763184,-8.745357172306043],[-70.20885944366455,-8.743830178656196],[-70.20892381668091,-8.74323634610191],[-70.20896673202515,-8.742409220609645],[-70.20896673202515,-8.741921427791908],[-70.20888090133667,-8.741115507824375],[-70.20860195159912,-8.740458045507296],[-70.2081298828125,-8.739652122374991],[-70.20791530609131,-8.739376411429646],[-70.20718574523926,-8.738125105345276],[-70.20684242248535,-8.737255551185854],[-70.20673513412476,-8.736682916851294],[-70.20673513412476,-8.73619511653925],[-70.20688533782959,-8.735707315589025],[-70.20716428756714,-8.735049843733364],[-70.20774364471436,-8.734137864724161],[-70.20993232727051,-8.730595971610867],[-70.21143436431885,-8.728390224777058],[-70.21235704421997,-8.727202509543275],[-70.21265745162964,-8.726396557767842],[-70.212721824646,-8.725802697451385],[-70.212721824646,-8.724975533293431],[-70.21265745162964,-8.724296833128392],[-70.21257162094116,-8.72376659776603],[-70.21192789077759,-8.721857744227322],[-70.21128416061401,-8.720648798606504],[-70.21113395690918,-8.720309444746448],[-70.21109104156494,-8.720076138788826],[-70.21109104156494,-8.71941863939702],[-70.21167039871216,-8.717637022325988],[-70.21179914474487,-8.717000728456128],[-70.21179914474487,-8.716725000776052],[-70.21207809448242,-8.717234036334204],[-70.2125072479248,-8.717785490739715],[-70.21265745162964,-8.717933959094452],[-70.21308660507202,-8.718188476136746],[-70.21368741989136,-8.718400573539569],[-70.21390199661255,-8.71844299300568],[-70.21426677703857,-8.718464202736925],[-70.21503925323486,-8.71890960681506],[-70.21555423736572,-8.71927017163226],[-70.2159833908081,-8.719715574749515],[-70.21636962890625,-8.720288235119966],[-70.21688461303711,-8.720754846624558],[-70.21772146224976,-8.721327505401703],[-70.21965265274048,-8.722536448825608],[-70.22033929824829,-8.723003057521424],[-70.22115468978882,-8.723978692001324],[-70.22154092788696,-8.724593764602403],[-70.22194862365723,-8.725123998790068],[-70.22239923477173,-8.725866325387628],[-70.22274255752563,-8.726311720637625],[-70.22272109985352,-8.727054044873299],[-70.22162675857544,-8.727075254115476],[-70.22162675857544,-8.726799533873091],[-70.22109031677246,-8.726799533873091],[-70.22109031677246,-8.727075254115476],[-70.22081136703491,-8.727075254115476],[-70.22081136703491,-8.727329764927688],[-70.22053241729736,-8.727329764927688],[-70.22053241729736,-8.727605484778394],[-70.22027492523193,-8.727605484778394],[-70.22027492523193,-8.728962871842768],[-70.22055387496948,-8.728962871842768],[-70.22055387496948,-8.72923859048693],[-70.22081136703491,-8.72923859048693],[-70.22081136703491,-8.729450681613045],[-70.22016763687134,-8.730086954268074],[-70.21975994110107,-8.730595971610867],[-70.21939516067505,-8.731295869323318],[-70.21909475326538,-8.732059392602991],[-70.2190089225769,-8.732907749969755],[-70.21915912628174,-8.735770941836108],[-70.2191162109375,-8.736598082060254],[-70.21898746490479,-8.737191925192121],[-70.21872997283936,-8.737913019151947],[-70.21834373474121,-8.738655320300666],[-70.21782875061035,-8.740118709664017],[-70.21778583526611,-8.740500462465988],[-70.21782875061035,-8.741094299380649],[-70.21797895431519,-8.74202746976313],[-70.21793603897095,-8.74289701278876],[-70.21767854690552,-8.74344842926567],[-70.21742105484009,-8.74378776207655],[-70.21714210510254,-8.744275552450688],[-70.2169919013977,-8.744784550420931],[-70.21703481674194,-8.74493300803124],[-70.21714210510254,-8.745017840924831],[-70.21733522415161,-8.745017840924831],[-70.21748542785645,-8.744911799804811],[-70.21763563156128,-8.744487635022821],[-70.21787166595459,-8.744084678032522],[-70.21815061569214,-8.743724137198072],[-70.21838665008545,-8.74323634610191],[-70.21847248077393,-8.742981846146023],[-70.21851539611816,-8.742006261371301],[-70.21836519241333,-8.741051882489558],[-70.21832227706909,-8.740521670943508],[-70.21834373474121,-8.740224752148237],[-70.21883726119995,-8.738867406071662],[-70.21924495697021,-8.738125105345276],[-70.21950244903564,-8.737340385827281],[-70.21965265274048,-8.736682916851294],[-70.21969556808472,-8.735770941836108],[-70.21954536437988,-8.7329289588792],[-70.21963119506836,-8.732207855281459],[-70.21988868713379,-8.73152916826902],[-70.22021055221558,-8.730892898073492],[-70.2205753326416,-8.730447508290965],[-70.2212405204773,-8.729790027164071],[-70.22164821624756,-8.729768818076181],[-70.22164821624756,-8.729514308927378],[-70.22190570831299,-8.729514308927378],[-70.22190570831299,-8.729047708370373],[-70.22250652313232,-8.728411433943307],[-70.22289276123047,-8.727909111242132],[-70.22289276123047,-8.727881204425401],[-70.22300004959106,-8.727881204425401],[-70.22300004959106,-8.727753949229012],[-70.2232575416565,-8.727181300308317],[-70.22327899932861,-8.726905580144262],[-70.22364377975464,-8.727350974154206],[-70.224609375,-8.729196172247242],[-70.22548913955688,-8.730553553525496],[-70.22634744644165,-8.73140191431672],[-70.22664785385132,-8.731741258093052],[-70.22711992263794,-8.732716869730453],[-70.22742033004761,-8.733289510155288],[-70.22761344909668,-8.733565225601836],[-70.22825717926025,-8.734074238198431],[-70.22971630096436,-8.734986217363243],[-70.23001670837402,-8.735261931555414],[-70.23042440414429,-8.735919403037101],[-70.23051023483276,-8.736534455954327],[-70.23057460784912,-8.73924916015531],[-70.23085355758667,-8.741009465593635],[-70.23061752319336,-8.74149725960524],[-70.23051023483276,-8.741815385790517],[-70.22995233535767,-8.742812179412184],[-70.22952318191528,-8.743278762744325],[-70.22647619247437,-8.745993417812542],[-70.22632598876953,-8.746160907729733],[-70.22632598876953,-8.746163083097386],[-70.22563934326172,-8.7469265759226],[-70.22514581680298,-8.747859731694277],[-70.22488832473755,-8.74908979709285],[-70.22473812103271,-8.749407916793132],[-70.224609375,-8.749556372560235],[-70.22439479827881,-8.74978966007464],[-70.22403001785278,-8.750086571245177],[-70.22364377975464,-8.750319858427318],[-70.22321462631226,-8.75048952174069],[-70.22261381149292,-8.750531937556943],[-70.22179841995239,-8.750659184976712],[-70.22096157073975,-8.750892471799986],[-70.21995306015015,-8.751295421423066],[-70.21898746490479,-8.751740786288437],[-70.21722793579102,-8.752992046629458],[-70.2161979675293,-8.754243302763214],[-70.21585464477539,-8.754794702435618],[-70.21546840667725,-8.75553696993488],[-70.2152967453003,-8.756215613209605],[-70.2151894569397,-8.757021500490268],[-70.21514654159546,-8.758018253395718],[-70.21523237228394,-8.75897258878065],[-70.21533966064453,-8.759736055325249],[-70.21561861038208,-8.760626764312676],[-70.21589756011963,-8.761326605591577],[-70.21606922149658,-8.762111274549753],[-70.21613359451294,-8.762747491408064],[-70.2161979675293,-8.765143898464558],[-70.21634817123413,-8.765843731238277],[-70.21660566329956,-8.76673442558939],[-70.21712064743042,-8.768134083826908],[-70.21727085113525,-8.768876324691846],[-70.21727085113525,-8.770933384480088],[-70.21724939346313,-8.771357519102096],[-70.2170991897583,-8.771908893386424],[-70.21692752838135,-8.772863193097507],[-70.21682024002075,-8.77305405274538],[-70.21658420562744,-8.773266118905724],[-70.21596193313599,-8.7735630113267],[-70.2156400680542,-8.773796283776619],[-70.21525382995605,-8.774135588896655],[-70.21499633789062,-8.774432480622252],[-70.21493196487427,-8.774559719860534],[-70.21495342254639,-8.77470816558342],[-70.21503925323486,-8.774814198206272],[-70.21521091461182,-8.774877817765443],[-70.21536111831665,-8.774814198206272],[-70.2156400680542,-8.774517306785967],[-70.21624088287354,-8.774029556079952],[-70.21688461303711,-8.773711457448158],[-70.21724939346313,-8.7733933585438],[-70.2174425125122,-8.773032846122689],[-70.21763563156128,-8.77201492680878],[-70.21778583526611,-8.771421139253604],[-70.21782875061035,-8.770933384480088],[-70.21780729293823,-8.768812704104405],[-70.2176570892334,-8.768006842386853],[-70.21712064743042,-8.766564769687122],[-70.21686315536499,-8.765695281972171],[-70.21673440933228,-8.765059070160007],[-70.21667003631592,-8.762705076984716],[-70.21660566329956,-8.762026445553047],[-70.21641254425049,-8.761178154521303],[-70.21613359451294,-8.76045710562245],[-70.21587610244751,-8.759630018398894],[-70.21576881408691,-8.758908966497856],[-70.21568298339844,-8.75799704591492],[-70.21572589874268,-8.757042708026717],[-70.21583318710327,-8.756300443531899],[-70.2159833908081,-8.755727838481022],[-70.21624088287354,-8.755176440191633],[-70.21647691726685,-8.754794702435618],[-70.21662712097168,-8.754582625735239],[-70.21759271621704,-8.753373786234931],[-70.21797895431519,-8.753098085448045],[-70.21798324538223,-8.753098085448045],[-70.21924495697021,-8.752207358432898],[-70.22014617919922,-8.751783201962098],[-70.22111177444458,-8.751422668581839],[-70.22190570831299,-8.751189382090871],[-70.2226996421814,-8.751062134852361],[-70.22289276123047,-8.75104366347429],[-70.22289276123047,-8.751040926975037],[-70.222949087595,-8.75103827599139],[-70.22336483001709,-8.750998511216778],[-70.22388083592907,-8.75079451155285],[-70.22433042526245,-8.750531937556943],[-70.224609375,-8.750298650507716],[-70.22518873214722,-8.749704828268136],[-70.22540330886841,-8.749238252986814],[-70.22553205490112,-8.748559596988343],[-70.22566080093384,-8.749004965126872],[-70.22574663162231,-8.750171402964696],[-70.2259612083435,-8.751974072433768],[-70.22583246231079,-8.75545213943849],[-70.22523164749146,-8.758548440023034],[-70.22518873214722,-8.759269492623147],[-70.22525310516357,-8.75971484794239],[-70.22536039352417,-8.760245032150763],[-70.225510597229,-8.76060555698065],[-70.22578954696655,-8.761114532615878],[-70.22621870040894,-8.761729543912125],[-70.22639036178589,-8.762302139721598],[-70.22645473480225,-8.762683869771223],[-70.22645473480225,-8.763171635375286],[-70.22639036178589,-8.76368060749708],[-70.22630453109741,-8.76399871471925],[-70.22602558135986,-8.764210786049432],[-70.224609375,-8.764974241836086],[-70.22428750991821,-8.765143898464558],[-70.22422313690186,-8.765228726749754],[-70.22420167922974,-8.765334762079021],[-70.22422313690186,-8.76548321148914],[-70.22435188293457,-8.765589246745776],[-70.22445917129517,-8.765610453793485],[-70.224609375,-8.765568039696888],[-70.22632598876953,-8.76465613544893],[-70.22632598876953,-8.764667393526066],[-70.22634744644165,-8.76465613544893],[-70.22675514221191,-8.76429561454762],[-70.22692680358887,-8.763765436116273],[-70.22699117660522,-8.763192842560954],[-70.22699117660522,-8.762641455340628],[-70.22690534591675,-8.762174896284591],[-70.22671222686768,-8.761496263885036],[-70.22626161575317,-8.760838837566624],[-70.2261817045316,-8.760676491930896],[-70.22600412368774,-8.760372276248276],[-70.22587537765503,-8.760054165922853],[-70.22576808929443,-8.759608811009997],[-70.22574663162231,-8.759248285213687],[-70.22576808929443,-8.758612062367519],[-70.22617960575433,-8.756491311686318],[-70.2261757850647,-8.756491311686318],[-70.22636890411377,-8.755515762312584],[-70.22639036178589,-8.754794702435618],[-70.22649765014648,-8.751952864608427],[-70.2262830734253,-8.750128987107345],[-70.2262508868248,-8.749683618592076],[-70.2261757850647,-8.748920133141567],[-70.2259612083435,-8.748093020271796],[-70.22581100463867,-8.747774899448032],[-70.22608995437622,-8.747244697471103],[-70.22632598876953,-8.746968992144772],[-70.22632598876953,-8.746979006869987],[-70.22686243057251,-8.746375164594724],[-70.22993087768555,-8.743660512308708],[-70.23040294647217,-8.743109096145687],[-70.23096084594727,-8.742112303318393],[-70.23098230361938,-8.74289701278876],[-70.23081064224243,-8.748644429055801],[-70.23083209991455,-8.749513956632825],[-70.23113250732422,-8.75038348217889],[-70.23154020309448,-8.751040926975037],[-70.23203372955322,-8.751507499996848],[-70.23250579833984,-8.751825617630928],[-70.23304224014282,-8.751974072433768],[-70.23372888565063,-8.751974072433768],[-70.23407220840454,-8.75199528025793],[-70.2341365814209,-8.752058903723096],[-70.23437261581421,-8.752440644285784],[-70.23437261581421,-8.753055669924237],[-70.23436685886466,-8.753098085448045],[-70.23437261581421,-8.753098085448045]],[[-70.22587537765503,-8.775344360866185],[-70.22587537765503,-8.7742628282367],[-70.2250599861145,-8.7742628282367],[-70.2250599861145,-8.774538513323861],[-70.22452354431152,-8.774538513323861],[-70.22452354431152,-8.77506867637753],[-70.22368669509888,-8.77506867637753],[-70.223708152771,-8.775895729229177],[-70.22396564483643,-8.775895729229177],[-70.22396564483643,-8.776171413103526],[-70.22452354431152,-8.776171413103526],[-70.22452354431152,-8.775895729229177],[-70.2256178855896,-8.775895729229177],[-70.22559642791748,-8.775344360866185],[-70.22587537765503,-8.775344360866185]],[[-70.22334337234497,-8.836668455289882],[-70.22334337234497,-8.836392816507214],[-70.22308588027954,-8.836392816507214],[-70.22308588027954,-8.836117177518403],[-70.22280693054199,-8.836117177518403],[-70.22280693054199,-8.835841538323464],[-70.22252798080444,-8.835862741345778],[-70.22252798080444,-8.835587101960556],[-70.22199153900146,-8.835587101960556],[-70.22199153900146,-8.835862741345778],[-70.22171258926392,-8.835862741345778],[-70.22171258926392,-8.836117177518403],[-70.22199153900146,-8.836117177518403],[-70.22199153900146,-8.836392816507214],[-70.22280693054199,-8.836392816507214],[-70.22280693054199,-8.836668455289882],[-70.22334337234497,-8.836668455289882]],[[-70.2167558670044,-8.823925246903158],[-70.2167558670044,-8.823119505121227],[-70.21649837493896,-8.823119505121227],[-70.21649837493896,-8.822843856213112],[-70.21621942520142,-8.822843856213112],[-70.21621942520142,-8.822589410884461],[-70.21566152572632,-8.822589410884461],[-70.21566152572632,-8.822843856213112],[-70.21540403366089,-8.822843856213112],[-70.21540403366089,-8.823119505121227],[-70.21458864212036,-8.823119505121227],[-70.21458864212036,-8.824222098695216],[-70.21540403366089,-8.824200895003713],[-70.21540403366089,-8.82394645061052],[-70.21594047546387,-8.82394645061052],[-70.21594047546387,-8.824200895003713],[-70.21649837493896,-8.824200895003713],[-70.21649837493896,-8.823925246903158],[-70.2167558670044,-8.823925246903158]],[[-70.21109104156494,-8.754497795021237],[-70.21109104156494,-8.754222095067192],[-70.21053314208984,-8.754222095067192],[-70.21053314208984,-8.753967602620577],[-70.20999670028687,-8.753967602620577],[-70.20999670028687,-8.753140500967007],[-70.20971775054932,-8.753140500967007],[-70.20971775054932,-8.752886007780674],[-70.20943880081177,-8.752886007780674],[-70.20943880081177,-8.754243302763214],[-70.20999670028687,-8.754243302763214],[-70.20999670028687,-8.754497795021237],[-70.21053314208984,-8.754497795021237],[-70.21053314208984,-8.754773494771015],[-70.21081209182739,-8.754773494771015],[-70.21081209182739,-8.754497795021237],[-70.21109104156494,-8.754497795021237]],[[-70.20686388015747,-8.716809840083897],[-70.20686388015747,-8.716534112262977],[-70.20579099655151,-8.716534112262977],[-70.20579099655151,-8.716809840083897],[-70.20523309707642,-8.716809840083897],[-70.20523309707642,-8.717085567701389],[-70.20551204681396,-8.717085567701389],[-70.20551204681396,-8.717340085321553],[-70.20604848861694,-8.717340085321553],[-70.20604848861694,-8.717085567701389],[-70.20660638809204,-8.717085567701389],[-70.20660638809204,-8.716809840083897],[-70.20686388015747,-8.716809840083897]],[[-70.20360231399536,-8.715728137466158],[-70.20360231399536,-8.714922160931252],[-70.20304441452026,-8.714922160931252],[-70.20304441452026,-8.714646431717682],[-70.20276546478271,-8.714646431717682],[-70.20276546478271,-8.714370702300727],[-70.20250797271729,-8.714370702300727],[-70.20250797271729,-8.7140949726804],[-70.20222902297974,-8.7140949726804],[-70.20222902297974,-8.712758741639362],[-70.20195007324219,-8.712758741639362],[-70.20195007324219,-8.712483010830127],[-70.20167112350464,-8.712483010830127],[-70.20167112350464,-8.712207279817534],[-70.20141363143921,-8.712207279817534],[-70.20141363143921,-8.712483010830127],[-70.20113468170166,-8.712483010830127],[-70.20113468170166,-8.713013262205877],[-70.20167112350464,-8.713013262205877],[-70.20169258117676,-8.714370702300727],[-70.20195007324219,-8.714370702300727],[-70.20195007324219,-8.714646431717682],[-70.20222902297974,-8.714646431717682],[-70.20222902297974,-8.714922160931252],[-70.20250797271729,-8.714922160931252],[-70.20250797271729,-8.715197889941393],[-70.20278692245483,-8.715197889941393],[-70.20278692245483,-8.715452408847156],[-70.20304441452026,-8.715452408847156],[-70.20304441452026,-8.715728137466158],[-70.20360231399536,-8.715728137466158]],[[-70.19823789596558,-8.74694778403429],[-70.19823789596558,-8.74612066678344],[-70.19742250442505,-8.746141874941017],[-70.19742250442505,-8.74694778403429],[-70.19823789596558,-8.74694778403429]],[[-70.1970362663269,-8.711952758702353],[-70.1970362663269,-8.711677027298734],[-70.19649982452393,-8.711677027298734],[-70.19649982452393,-8.711952758702353],[-70.19622087478638,-8.711952758702353],[-70.19622087478638,-8.712228489902643],[-70.19594192504883,-8.712228489902643],[-70.19596338272095,-8.713585932846996],[-70.19622087478638,-8.713585932846996],[-70.19622087478638,-8.713861662842788],[-70.19677877426147,-8.713840452850334],[-70.19677877426147,-8.713310202647804],[-70.19649982452393,-8.713310202647804],[-70.19649982452393,-8.712228489902643],[-70.19677877426147,-8.712228489902643],[-70.19677877426147,-8.711952758702353],[-70.1970362663269,-8.711952758702353]],[[-70.1891827583313,-8.724721020876132],[-70.1891827583313,-8.724190786116154],[-70.1886248588562,-8.724190786116154],[-70.1886248588562,-8.723915063743377],[-70.18808841705322,-8.723915063743377],[-70.18808841705322,-8.724721020876132],[-70.1891827583313,-8.724721020876132]],[[-70.18695116043091,-8.714688851609935],[-70.18695116043091,-8.713882872834048],[-70.18613576889038,-8.713882872834048],[-70.18613576889038,-8.714688851609935],[-70.18695116043091,-8.714688851609935]],[[-70.15871286392212,-8.752228566243758],[-70.15871286392212,-8.751677162768857],[-70.15845537185669,-8.751677162768857],[-70.15843391418457,-8.751401460725077],[-70.15817642211914,-8.751401460725077],[-70.15817642211914,-8.750871263913012],[-70.15843391418457,-8.750871263913012],[-70.15843391418457,-8.750319858427318],[-70.15789747238159,-8.750319858427318],[-70.15789747238159,-8.751952864608427],[-70.15817642211914,-8.751952864608427],[-70.15817642211914,-8.752228566243758],[-70.15871286392212,-8.752228566243758]],[[-70.15841245651245,-8.742727346016295],[-70.15841245651245,-8.74217592847215],[-70.15759706497192,-8.742197136854315],[-70.15759706497192,-8.742451637346221],[-70.15731811523438,-8.742451637346221],[-70.15731811523438,-8.742197136854315],[-70.15596628189087,-8.742197136854315],[-70.15596628189087,-8.742472845712712],[-70.15568733215332,-8.742472845712712],[-70.15568733215332,-8.742727346016295],[-70.15596628189087,-8.742727346016295],[-70.15596628189087,-8.743278762744325],[-70.15624523162842,-8.743278762744325],[-70.15624523162842,-8.743830178656196],[-70.1567816734314,-8.74380897036697],[-70.1567816734314,-8.74300305448233],[-70.15706062316895,-8.74300305448233],[-70.15706062316895,-8.742727346016295],[-70.15759706497192,-8.742727346016295],[-70.15759706497192,-8.74300305448233],[-70.15787601470947,-8.74300305448233],[-70.15787601470947,-8.742727346016295],[-70.15841245651245,-8.742727346016295]]],[[[-70.23199081420898,-8.725675441546386],[-70.23143291473389,-8.725675441546386],[-70.23143291473389,-8.725399720270048],[-70.23171186447144,-8.725399720270048],[-70.23171186447144,-8.725123998790068],[-70.23199081420898,-8.725123998790068],[-70.23199081420898,-8.725675441546386]]],[[[-70.231454372406,-8.727032835629899],[-70.23117542266846,-8.727032835629899],[-70.23117542266846,-8.726757115356179],[-70.231454372406,-8.726757115356179],[-70.231454372406,-8.727032835629899]]],[[[-70.23117542266846,-8.837728602532678],[-70.2310037612915,-8.837728602532678],[-70.23098230361938,-8.837452964542948],[-70.23104667663574,-8.837452964542948],[-70.23117542266846,-8.837728602532678]]],[[[-70.23089647293091,-8.724593764602403],[-70.23061752319336,-8.724593764602403],[-70.23061752319336,-8.724318042527216],[-70.23089647293091,-8.724318042527216],[-70.23089647293091,-8.724593764602403]]],[[[-70.23068189620972,-8.671036240417251],[-70.23061752319336,-8.671545338050336],[-70.23040294647217,-8.672648380555216],[-70.23001670837402,-8.674133240350557],[-70.22963047027588,-8.674133240350557],[-70.22963047027588,-8.674684758207945],[-70.22937297821045,-8.674684758207945],[-70.22937297821045,-8.674960516832911],[-70.22855758666992,-8.674960516832911],[-70.22855758666992,-8.675215063076237],[-70.22881507873535,-8.675215063076237],[-70.22883653640747,-8.675766579344796],[-70.22827863693237,-8.675766579344796],[-70.22827863693237,-8.675490821311769],[-70.22799968719482,-8.675490821311769],[-70.22799968719482,-8.675236275255386],[-70.22746324539185,-8.675236275255386],[-70.22746324539185,-8.676593852228791],[-70.22802114486694,-8.676593852228791],[-70.22802114486694,-8.67739991123426],[-70.22855758666992,-8.67739991123426],[-70.22748470306396,-8.67875748038405],[-70.2266263961792,-8.679627170540442],[-70.22583246231079,-8.680305951701314],[-70.224609375,-8.681112002735276],[-70.22338628768921,-8.682257440699871],[-70.22306442260742,-8.682639252577687],[-70.22263526916504,-8.683021064066963],[-70.22207736968994,-8.683233181393106],[-70.22134780883789,-8.683424086884088],[-70.21986722946167,-8.683869532651926],[-70.21881580352783,-8.683975591090118],[-70.21684169769287,-8.684081649498324],[-70.21594047546387,-8.684208919548595],[-70.21426677703857,-8.68433618955568],[-70.21312952041626,-8.684145284528853],[-70.21021127700806,-8.683933167718436],[-70.20909547805786,-8.683572568865458],[-70.20776510238647,-8.683275604843942],[-70.20658493041992,-8.68321196966589],[-70.20585536956787,-8.68321196966589],[-70.20703554153442,-8.682236228917489],[-70.2074646949768,-8.681981687435368],[-70.20920276641846,-8.681345332974615],[-70.20967483520508,-8.681281697469188],[-70.21188497543335,-8.681493815778651],[-70.21289348602295,-8.681536239426151],[-70.21388053894043,-8.681472603953097],[-70.21482467651367,-8.681154426425948],[-70.2157473564148,-8.680369587372212],[-70.21645545959473,-8.679330203396532],[-70.21692752838135,-8.678142332471353],[-70.2170991897583,-8.677315062999398],[-70.21703481674194,-8.676127185697823],[-70.21692752838135,-8.675469609146987],[-70.21651983261108,-8.67366657076171],[-70.21651983261108,-8.672881716054661],[-70.21660566329956,-8.672160496769848],[-70.21673440933228,-8.671778674234943],[-70.21707773208618,-8.671290789320025],[-70.21819353103638,-8.670124105432762],[-70.21860551832943,-8.669615005873922],[-70.21857976913452,-8.669615005873922],[-70.21894454956055,-8.668978630455399],[-70.21915912628174,-8.668299828821162],[-70.21920204162598,-8.667918002363109],[-70.21928787231445,-8.667302836698099],[-70.21915912628174,-8.666242203876806],[-70.2191162109375,-8.665351269994233],[-70.21915912628174,-8.664608823479227],[-70.2192234992981,-8.664184567669551],[-70.21930932998657,-8.663887588317948],[-70.2196741104126,-8.663314841763182],[-70.22066116333008,-8.662063281441036],[-70.224609375,-8.658457067394963],[-70.22613286972046,-8.657056998508992],[-70.22632598876953,-8.657714607270876],[-70.22664785385132,-8.658690411702807],[-70.22690534591675,-8.660026835405176],[-70.22733449935913,-8.661045059801282],[-70.2284288406372,-8.663357267463809],[-70.22935152053833,-8.664820951204547],[-70.22971630096436,-8.665542184575386],[-70.22982358932495,-8.666072502347689],[-70.22983740119105,-8.666220991189846],[-70.22984504699707,-8.666220991189846],[-70.2299952507019,-8.667918002363109],[-70.23003816604614,-8.669254393269085],[-70.23012399673462,-8.669615005873922],[-70.23011112217871,-8.669615005873922],[-70.2302098274231,-8.67010289296492],[-70.23042440414429,-8.670633204301822],[-70.23068189620972,-8.671036240417251]],[[-70.22746324539185,-8.676593852228791],[-70.2271842956543,-8.676593852228791],[-70.2271842956543,-8.676318094803335],[-70.22664785385132,-8.676318094803335],[-70.22664785385132,-8.676593852228791],[-70.22611141204834,-8.676593852228791],[-70.22611141204834,-8.676869609451742],[-70.22583246231079,-8.676869609451742],[-70.22583246231079,-8.677675667865145],[-70.22636890411377,-8.677675667865145],[-70.22636890411377,-8.677951424293482],[-70.22720575332642,-8.677951424293482],[-70.22720575332642,-8.677675667865145],[-70.22746324539185,-8.677675667865145],[-70.22746324539185,-8.67739991123426],[-70.22720575332642,-8.67739991123426],[-70.2271842956543,-8.677124154400843],[-70.22746324539185,-8.677124154400843],[-70.22746324539185,-8.676593852228791]]],[[[-70.23061752319336,-8.72404232024843],[-70.23033857345581,-8.72406352966172],[-70.23033857345581,-8.72378780719498],[-70.23061752319336,-8.72378780719498],[-70.23061752319336,-8.72404232024843]]],[[[-70.22952318191528,-8.72406352966172],[-70.22926568984985,-8.72406352966172],[-70.22924423217773,-8.72378780719498],[-70.22952318191528,-8.72378780719498],[-70.22952318191528,-8.72406352966172]]],[[[-70.22937297821045,-8.676212034201129],[-70.2290940284729,-8.676699912723123],[-70.2290940284729,-8.676318094803335],[-70.22883653640747,-8.676318094803335],[-70.22883653640747,-8.675766579344796],[-70.2290940284729,-8.675766579344796],[-70.2290940284729,-8.676042337175332],[-70.22937297821045,-8.676042337175332],[-70.22937297821045,-8.676212034201129]]],[[[-70.22478103637695,-8.775620045150077],[-70.22452354431152,-8.775620045150077],[-70.22452354431152,-8.775344360866185],[-70.22478103637695,-8.775344360866185],[-70.22478103637695,-8.775620045150077]]],[[[-70.2187728881836,-8.663802737031531],[-70.21868705749512,-8.66407850364233],[-70.21862268447876,-8.664545185138294],[-70.21857976913452,-8.665351269994233],[-70.21861975843595,-8.666220991189846],[-70.21862268447876,-8.666220991189846],[-70.21875143051147,-8.667302836698099],[-70.218665599823,-8.667918002363109],[-70.21862268447876,-8.668151340800236],[-70.2184510231018,-8.668787717619708],[-70.21815061569214,-8.669296818299372],[-70.21791458129883,-8.669615005873922],[-70.21790190171616,-8.669615005873922],[-70.21778583526611,-8.669763493316495],[-70.2166485786438,-8.670972603164614],[-70.21624088287354,-8.671524125662728],[-70.21606922149658,-8.672033222634667],[-70.21596193313599,-8.672860503742513],[-70.2159833908081,-8.673708995293751],[-70.21641254425049,-8.675575669958889],[-70.21649837493896,-8.676190822077103],[-70.2165412902832,-8.677272638874769],[-70.21641254425049,-8.677993848341401],[-70.21596193313599,-8.679096871904349],[-70.21533966064453,-8.680008985094489],[-70.21454572677612,-8.680666553693683],[-70.21379470825195,-8.680942307924639],[-70.21289348602295,-8.681005943487634],[-70.21192789077759,-8.680963519780164],[-70.20963191986084,-8.680751401170951],[-70.20907402038574,-8.680815036766305],[-70.20725011825562,-8.681493815778651],[-70.20673513412476,-8.681790781210466],[-70.20501852035522,-8.683190757937467],[-70.20388126373291,-8.683169546207864],[-70.20334482192993,-8.683190757937467],[-70.20295858383179,-8.683360451731218],[-70.20267963409424,-8.683593780572295],[-70.20250797271729,-8.684060437819085],[-70.2020788192749,-8.684802845878906],[-70.20179986953735,-8.685036173822795],[-70.20134925842285,-8.685099808691405],[-70.19924640655518,-8.685057385446854],[-70.19886016845703,-8.685121020311868],[-70.19843101501465,-8.685354348057828],[-70.19802331924438,-8.685736156783591],[-70.19778728485107,-8.686075541991315],[-70.19761562347412,-8.686457349982874],[-70.19750833511353,-8.687030061241387],[-70.19729375839233,-8.68773004048063],[-70.19707918167114,-8.68802700097524],[-70.19677877426147,-8.688323961234659],[-70.1964783668518,-8.688493652705858],[-70.19574880599976,-8.688620921258874],[-70.19474029541016,-8.688642132680172],[-70.19383907318115,-8.688748189768674],[-70.19304513931274,-8.689087572250287],[-70.19257307052612,-8.689469377174873],[-70.19205808639526,-8.68982997035772],[-70.191650390625,-8.68997844980278],[-70.19104957580566,-8.690063295173559],[-70.19001960754395,-8.690148140525125],[-70.1954698562622,-8.685163443549186],[-70.19617795944214,-8.684527094485347],[-70.21243785056649,-8.669615005873922],[-70.21242141723633,-8.669615005873922],[-70.2142882347107,-8.667918002363109],[-70.21613359451294,-8.666220991189846],[-70.21613757040075,-8.666220991189846],[-70.2187728881836,-8.663802737031531]]],[[[-70.21540403366089,-8.8453403701497],[-70.21229267120361,-8.845934039004817],[-70.20892381668091,-8.846506504494158],[-70.20780801773071,-8.8453403701497],[-70.20729303359985,-8.844428662544104],[-70.2070140838623,-8.8438349912618],[-70.20630598068237,-8.842117579663295],[-70.20664930343628,-8.842202390300585],[-70.20740032196045,-8.842562835291176],[-70.21010398864746,-8.84394100406098],[-70.21128416061401,-8.84438625748426],[-70.21242141723633,-8.84476790284711],[-70.21540403366089,-8.8453403701497]]],[[[-70.20926713943481,-8.822059315886449],[-70.20911693572998,-8.822059315886449],[-70.20911693572998,-8.82201690825373],[-70.20926713943481,-8.822059315886449]]],[[[-70.20828008651733,-8.846612516524132],[-70.20690679550171,-8.846824540492477],[-70.20662784576416,-8.845361572625293],[-70.2065634727478,-8.844153029567778],[-70.20679950714111,-8.844683092800665],[-70.20735740661621,-8.845658407155426],[-70.20828008651733,-8.846612516524132]]],[[[-70.20637035369873,-8.846888147659186],[-70.20293712615967,-8.84733339751827],[-70.19873142242432,-8.84777864683879],[-70.19454717636108,-8.848096681737971],[-70.19096374511719,-8.848266300238521],[-70.19072771072388,-8.848033074780133],[-70.19006252288818,-8.846909350045635],[-70.18961191177368,-8.84595524144622],[-70.18856048583984,-8.844237839736309],[-70.1882556609023,-8.843347331992462],[-70.18823862075806,-8.843347331992462],[-70.18768072128296,-8.841820742278998],[-70.18757343292236,-8.841651120809146],[-70.18707990646362,-8.841015039601501],[-70.18654346466064,-8.840569782102605],[-70.18609285354614,-8.840272943471021],[-70.18482685089111,-8.8392976148547],[-70.18461227416992,-8.839064383716078],[-70.1845908164978,-8.838364689414433],[-70.18431186676025,-8.83774980544645],[-70.18420457839966,-8.837262138121588],[-70.18418312072754,-8.83609597451074],[-70.18426895141602,-8.835629508033236],[-70.18431186676025,-8.834951010284882],[-70.18422603607178,-8.834463339256857],[-70.1840329170227,-8.83395446445283],[-70.18390417098999,-8.833381979458707],[-70.18392562866211,-8.832003771197336],[-70.18420457839966,-8.831028420699681],[-70.18544912338257,-8.828865677786311],[-70.18589973449707,-8.827805505059942],[-70.18607139587402,-8.827148196439566],[-70.18628597259521,-8.826024408021269],[-70.18632888793945,-8.82509144899845],[-70.18645763397217,-8.824603764934167],[-70.18680095672607,-8.82401006172526],[-70.18697261810303,-8.823458765033266],[-70.18729448318481,-8.8212535700317],[-70.18744468688965,-8.82091430809308],[-70.18778800964355,-8.820575045842745],[-70.1881742477417,-8.820341802864803],[-70.18868923187256,-8.820193375438492],[-70.18922567367554,-8.82010855973951],[-70.18982648849487,-8.819832908583322],[-70.19025564193726,-8.819557257221376],[-70.190749168396,-8.818942341903224],[-70.19113540649414,-8.818157793286673],[-70.1913070678711,-8.818560669811461],[-70.19195079803467,-8.819578461179617],[-70.19270181655884,-8.820850696444893],[-70.19358158111572,-8.822589410884461],[-70.19379615783691,-8.823204320128468],[-70.19398927688599,-8.824624968602535],[-70.19428968429565,-8.825833575685778],[-70.19482612609863,-8.827254214038177],[-70.19534111022949,-8.8282295745161],[-70.19566297531128,-8.82958659349984],[-70.19577026367188,-8.830222694429878],[-70.19574880599976,-8.831346470058449],[-70.19570589065552,-8.832109787400327],[-70.19531965255737,-8.833869651917198],[-70.1947832107544,-8.835141837902839],[-70.19459009170532,-8.836308004532611],[-70.19454717636108,-8.83917039788831],[-70.19448280334473,-8.839870090659886],[-70.19448054464019,-8.839954901814622],[-70.19448280334473,-8.839954901814622],[-70.19448280334473,-8.841205864079114],[-70.19454717636108,-8.841651120809146],[-70.19493341445923,-8.84237201151656],[-70.1951265335083,-8.843347331992462],[-70.19512584135295,-8.843347331992462],[-70.19516944885254,-8.843538155261726],[-70.19549131393433,-8.844216637196013],[-70.19587755203247,-8.844746700337339],[-70.19671440124512,-8.845382775099665],[-70.19684314727783,-8.845425180044757],[-70.19697189331055,-8.845382775099665],[-70.19705772399902,-8.845319167672884],[-70.19712209701538,-8.8452131552705],[-70.19712209701538,-8.845085940347332],[-70.19705772399902,-8.844979927877787],[-70.19622087478638,-8.844343852419527],[-70.19594192504883,-8.843919801503574],[-70.1956844329834,-8.843347331992462],[-70.19544839859009,-8.842202390300585],[-70.19506216049194,-8.841439093861979],[-70.1950192451477,-8.841163458648182],[-70.1950192451477,-8.840930228515083],[-70.19499778747559,-8.840675795841634],[-70.1950192451477,-8.839891293450407],[-70.19508361816406,-8.83919160071909],[-70.1951265335083,-8.836350410522357],[-70.19516944885254,-8.836053568491721],[-70.19529819488525,-8.835290259315158],[-70.19583463668823,-8.834018073841733],[-70.1962423324585,-8.832152193873],[-70.19628524780273,-8.831367673339287],[-70.19630670547485,-8.830159084386253],[-70.19619941711426,-8.829480576571498],[-70.1960277557373,-8.828802067508647],[-70.1972508430481,-8.82967140702057],[-70.1978087425232,-8.830137881035924],[-70.19836664199829,-8.830795184328935],[-70.19873142242432,-8.831325266776417],[-70.19967555999756,-8.833784839362053],[-70.20012617111206,-8.834357323730615],[-70.20031929016113,-8.83471777639545],[-70.20046949386597,-8.835120634839058],[-70.20094156265259,-8.836774470151397],[-70.20130634307861,-8.837580182102286],[-70.20164966583252,-8.838131457685279],[-70.20233631134033,-8.838937166669169],[-70.20354984015295,-8.839954901814622],[-70.20355939865112,-8.839954901814622],[-70.20488977432251,-8.841078647771681],[-70.20531892776489,-8.841651120809146],[-70.20583391189575,-8.84237201151656],[-70.20615577697754,-8.843135306021779],[-70.2061128616333,-8.843347331992462],[-70.20611138176956,-8.843347331992462],[-70.20602703094482,-8.843750181000487],[-70.20602703094482,-8.844343852419527],[-70.2061128616333,-8.845446382515476],[-70.20637035369873,-8.846888147659186]],[[-70.18926858901978,-8.841651120809146],[-70.18926858901978,-8.841121053212376],[-70.18898963928223,-8.841121053212376],[-70.18898963928223,-8.840569782102605],[-70.1887321472168,-8.840569782102605],[-70.1887321472168,-8.840039712949846],[-70.18845319747925,-8.840039712949846],[-70.18845319747925,-8.839764076689008],[-70.1881742477417,-8.839764076689008],[-70.1881742477417,-8.840039712949846],[-70.18789529800415,-8.840039712949846],[-70.18789529800415,-8.840315349004456],[-70.18763780593872,-8.840315349004456],[-70.18763780593872,-8.840569782102605],[-70.18735885620117,-8.840569782102605],[-70.18735885620117,-8.840845417760605],[-70.18763780593872,-8.840845417760605],[-70.18763780593872,-8.841121053212376],[-70.18791675567627,-8.841121053212376],[-70.18791675567627,-8.841396688457891],[-70.1881742477417,-8.841396688457891],[-70.1881742477417,-8.841651120809146],[-70.18926858901978,-8.841651120809146]]],[[[-70.20328044891357,-8.699714330724078],[-70.20300149917603,-8.699714330724078],[-70.20300149917603,-8.699184060501182],[-70.20328044891357,-8.699184060501182],[-70.20328044891357,-8.699714330724078]]],[[[-70.19757270812988,-8.705971462630728],[-70.19729375839233,-8.705971462630728],[-70.19729375839233,-8.705716937272229],[-70.19757270812988,-8.705716937272229],[-70.19757270812988,-8.705971462630728]]],[[[-70.19268035888672,-8.709789322228687],[-70.19240140914917,-8.709789322228687],[-70.19240140914917,-8.7095135892299],[-70.19268035888672,-8.7095135892299],[-70.19268035888672,-8.709789322228687]]],[[[-70.19077062606812,-8.817521671563298],[-70.19062042236328,-8.818009364982544],[-70.1902985572815,-8.818645485865943],[-70.18991231918335,-8.819133177801191],[-70.18956899642944,-8.819366421542554],[-70.18905401229858,-8.819599665136607],[-70.18858194351196,-8.81966327700033],[-70.18791675567627,-8.819854112525732],[-70.18742322921753,-8.820172171515566],[-70.18701553344727,-8.820596249742508],[-70.18677949905396,-8.821062735229589],[-70.18645763397217,-8.823331542602801],[-70.18630743026733,-8.823776820917601],[-70.18596410751343,-8.824391728183485],[-70.18579244613647,-8.825006634424867],[-70.18574953079224,-8.825939593662113],[-70.18553495407104,-8.827042178810473],[-70.18538475036621,-8.827635877140992],[-70.18495559692383,-8.82861123660986],[-70.18371105194092,-8.830795184328935],[-70.18347501754761,-8.831516096270974],[-70.18338918685913,-8.831918958212995],[-70.18336772918701,-8.83344558894639],[-70.18351793289185,-8.834081683219694],[-70.18371105194092,-8.83461176094238],[-70.18377542495728,-8.834972213358427],[-70.18373250961304,-8.835565898922383],[-70.18364667892456,-8.836074771501842],[-70.18366813659668,-8.837346949876618],[-70.1837968826294,-8.837940631615268],[-70.18405437469482,-8.838470703787962],[-70.18407583236694,-8.83917039788831],[-70.1840329170227,-8.839509643034404],[-70.18390618260663,-8.839954901814622],[-70.18392562866211,-8.839954901814622],[-70.18383979797363,-8.8401881323895],[-70.18351793289185,-8.84063339034968],[-70.18311023712158,-8.841036242326112],[-70.18259525299072,-8.841396688457891],[-70.18216609954834,-8.841651120809146],[-70.1816725730896,-8.841841944957238],[-70.1799988746643,-8.842202390300585],[-70.17917490026849,-8.842524670425373],[-70.17893075940943,-8.842645289982112],[-70.17874002459521,-8.84284553692857],[-70.17862558364868,-8.84298688776967],[-70.1783037185669,-8.843538155261726],[-70.17802476882935,-8.844110624476187],[-70.17778873443604,-8.844725497826332],[-70.17765998840332,-8.844852712874044],[-70.17723083496094,-8.84548878745322],[-70.17697334289551,-8.846124860933514],[-70.17654418945312,-8.8468669452715],[-70.17602920532227,-8.847566623420008],[-70.17560005187988,-8.84788465850238],[-70.17525672912598,-8.848075479419919],[-70.17139434814453,-8.847799849173967],[-70.1672101020813,-8.847354599879083],[-70.16304731369019,-8.846824540492477],[-70.15918493270874,-8.846209670647852],[-70.15907764434814,-8.845679609612702],[-70.15890598297119,-8.843919801503574],[-70.15887627235853,-8.843347331992462],[-70.15886306762695,-8.843347331992462],[-70.15886306762695,-8.83868273244353],[-70.15890598297119,-8.837940631615268],[-70.1592493057251,-8.83590514738674],[-70.1592493057251,-8.835099431774054],[-70.15918493270874,-8.83439972994475],[-70.15871286392212,-8.832851899967835],[-70.15847682952881,-8.831961364707595],[-70.15839099884033,-8.831198047058493],[-70.15839099884033,-8.830604354461329],[-70.15849828720093,-8.830095474331628],[-70.15875577926636,-8.829459373182189],[-70.15918493270874,-8.828568829730045],[-70.159592628479,-8.828059946792138],[-70.15989303588867,-8.827445045638939],[-70.1601505279541,-8.826766532832266],[-70.16034364700317,-8.826024408021269],[-70.16038656234741,-8.823649598596745],[-70.16006469726562,-8.821910889150601],[-70.16002178192139,-8.821232366169681],[-70.15997886657715,-8.819981336154541],[-70.16135215759277,-8.823649598596745],[-70.16221046447754,-8.825473114338337],[-70.16377687454224,-8.827402638625074],[-70.16439914703369,-8.828081150261895],[-70.16491413116455,-8.828865677786311],[-70.16532182693481,-8.829650203642203],[-70.16562223434448,-8.83039232115928],[-70.16579389572144,-8.83100721739936],[-70.16596555709839,-8.832597461541525],[-70.16635179519653,-8.833784839362053],[-70.16663074493408,-8.834230105058865],[-70.16690969467163,-8.83454815165588],[-70.16772508621216,-8.835099431774054],[-70.16862630844116,-8.835989959454054],[-70.16881942749023,-8.836244395538856],[-70.16929149627686,-8.837198529292507],[-70.16939878463745,-8.837558979178795],[-70.16946315765381,-8.83766499378413],[-70.16959190368652,-8.83774980544645],[-70.16976356506348,-8.837728602532678],[-70.16989231109619,-8.83762258794566],[-70.16991376876831,-8.837474167472564],[-70.16980648040771,-8.836986499782952],[-70.16927003860474,-8.835968756439044],[-70.16905546188354,-8.835650711067743],[-70.16806840896606,-8.83467537021788],[-70.16770362854004,-8.83439972994475],[-70.16727447509766,-8.834145292586655],[-70.16705989837646,-8.833912058187451],[-70.16684532165527,-8.833530401579566],[-70.16648054122925,-8.832491445478738],[-70.1663088798523,-8.830879997571728],[-70.16613721847534,-8.830222694429878],[-70.16581535339355,-8.829416966399876],[-70.16536474227905,-8.828590033170556],[-70.16482830047607,-8.82774189459947],[-70.1641845703125,-8.827063382338721],[-70.16266107559204,-8.825197467188005],[-70.16184568405151,-8.823437561297908],[-70.16042947769165,-8.819599665136607],[-70.16019344329834,-8.819133177801191],[-70.15995740890503,-8.818815117916458],[-70.15995740890503,-8.817394447087167],[-70.16042947769165,-8.814701518729493],[-70.16053676605225,-8.81376853109819],[-70.16055822372437,-8.812326636489146],[-70.16051530838013,-8.811584482659214],[-70.16010761260986,-8.809464034934308],[-70.15965700149536,-8.807704054086116],[-70.15909910202026,-8.806240931100803],[-70.15849828720093,-8.803865994512236],[-70.15901327133179,-8.804162862419687],[-70.159592628479,-8.804417320436457],[-70.16090154647827,-8.804820211938363],[-70.16152381896973,-8.80513828386674],[-70.16214609146118,-8.805753222152717],[-70.16313314437866,-8.806855867553438],[-70.16469955444336,-8.808106942007598],[-70.16534328460693,-8.808531034082264],[-70.16577243804932,-8.808933921102664],[-70.1662015914917,-8.809421625855748],[-70.16682386398315,-8.81029101099385],[-70.16708135604858,-8.811011962972216],[-70.16723155975342,-8.811605687075044],[-70.16708135604858,-8.811605687075044],[-70.16708135604858,-8.811351234004889],[-70.16680240631104,-8.811351234004889],[-70.16682386398315,-8.812157001459425],[-70.16746759414673,-8.812157001459425],[-70.16770362854004,-8.812708315021396],[-70.16774654388428,-8.813111197488894],[-70.16763925552368,-8.814701518729493],[-70.1676607131958,-8.817415651169568],[-70.16774654388428,-8.817606487856395],[-70.16791820526123,-8.81769130412998],[-70.1681113243103,-8.817627691926603],[-70.16819715499878,-8.817436855250747],[-70.16817569732666,-8.814701518729493],[-70.16828298568726,-8.813111197488894],[-70.1682186126709,-8.812538680166838],[-70.16804695129395,-8.812114592689824],[-70.16778945922852,-8.811584482659214],[-70.16759634017944,-8.810863531797494],[-70.1673173904419,-8.810057761523339],[-70.16660928726196,-8.809103557611493],[-70.16613721847534,-8.80855223867323],[-70.16566514968872,-8.808106942007598],[-70.16502141952515,-8.807661644805677],[-70.16349792480469,-8.80645297826895],[-70.16253232955933,-8.80537153644039],[-70.1618242263794,-8.804692983090433],[-70.16111612319946,-8.80431129628407],[-70.15978574752808,-8.803908404227883],[-70.1592493057251,-8.803675150731635],[-70.15869140625,-8.803335872656419],[-70.15841245651245,-8.803229848194093],[-70.15839099884033,-8.802932979537943],[-70.15836954116821,-8.8019999622108],[-70.15845537185669,-8.800939712392449],[-70.15828371047974,-8.799646203500487],[-70.15804767608643,-8.79856474177683],[-70.157790184021,-8.79778014992128],[-70.15725374221802,-8.796444219422298],[-70.15684604644775,-8.795553596411722],[-70.15624523162842,-8.794726587412413],[-70.15523672103882,-8.793623905873872],[-70.15461444854736,-8.793136180300024],[-70.15412092208862,-8.792648454083988],[-70.15349864959717,-8.791906260783932],[-70.15186786651611,-8.78929796967823],[-70.15141725540161,-8.788831444130139],[-70.1498293876648,-8.787453069761725],[-70.14952898025513,-8.78726221752207],[-70.14813423156738,-8.786053484388916],[-70.147705078125,-8.785629366566013],[-70.14791965484619,-8.785629366566013],[-70.14791965484619,-8.785353689720921],[-70.14817714691162,-8.785353689720921],[-70.14817714691162,-8.7859050432061],[-70.1492714881897,-8.785883837317982],[-70.1492714881897,-8.785078012670837],[-70.14899253845215,-8.785078012670837],[-70.14899253845215,-8.784802335415776],[-70.14845609664917,-8.784802335415776],[-70.14845609664917,-8.784547863921475],[-70.1473617553711,-8.784547863921475],[-70.1473617553711,-8.784823541365753],[-70.14708280563354,-8.784823541365753],[-70.14708280563354,-8.785035600798793],[-70.14654636383057,-8.784505451988778],[-70.14566659927368,-8.783742036370668],[-70.1438856124878,-8.781960727149666],[-70.14279127120972,-8.7807943890962],[-70.14146089553833,-8.77971287235141],[-70.1407527923584,-8.77930995354231],[-70.14010906219482,-8.779140303386512],[-70.13937950134277,-8.779076684558092],[-70.13856410980225,-8.779140303386512],[-70.13843536376953,-8.779178770553212],[-70.13843536376953,-8.779182715932734],[-70.13768434524536,-8.779415984850289],[-70.13671875,-8.779691666109201],[-70.13613939285278,-8.779755284832163],[-70.1353669166565,-8.779755284832163],[-70.13500213623047,-8.779691666109201],[-70.13500213623047,-8.779689738267244],[-70.13489484786987,-8.779670459865798],[-70.13437986373901,-8.779288747277064],[-70.1338005065918,-8.778482908300049],[-70.13326406478882,-8.778037575482927],[-70.132577419281,-8.777571035767892],[-70.13206243515015,-8.77727414655294],[-70.13092517852783,-8.776892431498965],[-70.13036727905273,-8.776807605878076],[-70.12940168380737,-8.776786399469827],[-70.12860774993896,-8.776934844302119],[-70.12804985046387,-8.777062082682534],[-70.12710571289062,-8.777146908245243],[-70.12659072875977,-8.777040876288837],[-70.12590408325195,-8.776701573824724],[-70.12444496154785,-8.77587452276883],[-70.12384414672852,-8.775429186821498],[-70.1227068901062,-8.774347654439168],[-70.12197732925415,-8.773753870614811],[-70.12111902236938,-8.772905606361064],[-70.12086153030396,-8.772502680161608],[-70.12053966522217,-8.771802859933786],[-70.11963844299316,-8.76898235898004],[-70.12047529220581,-8.768961152124831],[-70.12111902236938,-8.768833910968098],[-70.12156963348389,-8.768706669767752],[-70.12202024459839,-8.768643049151251],[-70.12244939804077,-8.768685462896798],[-70.12285709381104,-8.768770290373368],[-70.1232647895813,-8.768961152124831],[-70.12474536895752,-8.770212354511017],[-70.12536764144897,-8.770657696716043],[-70.12605428695679,-8.770890970991275],[-70.12667655944824,-8.771060624917553],[-70.12736320495605,-8.771103038387025],[-70.12824296951294,-8.771081831652907],[-70.12905836105347,-8.770954591222704],[-70.12959480285645,-8.770806143999053],[-70.12983083724976,-8.77067890347439],[-70.1306676864624,-8.770382008747319],[-70.13135433197021,-8.77004270019718],[-70.13204097747803,-8.769767011771947],[-70.13253450393677,-8.76968218452302],[-70.13304948806763,-8.76968218452302],[-70.1335859298706,-8.769788218581155],[-70.13506286610784,-8.770575670805686],[-70.13521671295166,-8.770636489956502],[-70.13558149337769,-8.770742523742172],[-70.13631105422974,-8.770848557497587],[-70.13671875,-8.770827350748917],[-70.13701915740967,-8.770806143999053],[-70.13785600662231,-8.770636489956502],[-70.13843536376953,-8.770424422294312],[-70.13843536376953,-8.770426542964934],[-70.13849973678589,-8.770403215521426],[-70.1386284828186,-8.770297181638853],[-70.13867139816284,-8.770127527363783],[-70.13858556747437,-8.769957873011222],[-70.1383924484253,-8.769894252609035],[-70.1377272605896,-8.770106320573959],[-70.13693332672119,-8.770275974858706],[-70.13671875,-8.770297181638853],[-70.13635396957397,-8.770318388417792],[-70.13568878173828,-8.770212354511017],[-70.13538837432861,-8.770127527363783],[-70.13500213623047,-8.769936666211692],[-70.13500213623047,-8.769929229887412],[-70.13373613357544,-8.769279254825975],[-70.13309240341187,-8.76915201377821],[-70.13249158859253,-8.76915201377821],[-70.13186931610107,-8.769258047987705],[-70.13113975524902,-8.769533736790763],[-70.13045310974121,-8.76987304580588],[-70.12961626052856,-8.770169940939823],[-70.12940168380737,-8.770297181638853],[-70.12892961502075,-8.77044562906596],[-70.12822151184082,-8.770551662906144],[-70.12738466262817,-8.770551662906144],[-70.1267409324646,-8.770509249373703],[-70.1256251335144,-8.770169940939823],[-70.1250672340393,-8.769788218581155],[-70.12356519699097,-8.768515807885535],[-70.12302875518799,-8.768261325223364],[-70.12251377105713,-8.768134083826908],[-70.12202024459839,-8.768112876923254],[-70.12146234512329,-8.768176497630563],[-70.12099027633667,-8.768303739012495],[-70.12041091918945,-8.768409773464157],[-70.11942386627197,-8.768452187236335],[-70.11929512023926,-8.768240118326986],[-70.11897325515747,-8.767879600903228],[-70.11805057525635,-8.767200978921139],[-70.1171064376831,-8.766840460488964],[-70.11611938476562,-8.766585976679139],[-70.11517524719238,-8.766543562693897],[-70.11457443237305,-8.766458734708877],[-70.11345863342285,-8.766098215556468],[-70.11326551437378,-8.765992180445068],[-70.11257886886597,-8.765462004434184],[-70.11131286621094,-8.764677342549874],[-70.10993957519531,-8.76368060749708],[-70.10938167572021,-8.763235256928624],[-70.10860919952393,-8.762365761423752],[-70.10775089263916,-8.761178154521303],[-70.10725736618042,-8.760414690937779],[-70.10697841644287,-8.759842092221348],[-70.10657072067261,-8.758824136770514],[-70.10639905929565,-8.758145498255217],[-70.10631322860718,-8.757318405890373],[-70.10631322860718,-8.756660972185799],[-70.10693550109863,-8.754794702435618],[-70.10727882385254,-8.753501032683062],[-70.10753631591797,-8.753670694546216],[-70.10802984237671,-8.753861564049785],[-70.10850191116333,-8.754158471971849],[-70.10923147201538,-8.754794702435618],[-70.11114120483398,-8.756491311686318],[-70.11113504485971,-8.756491311686318],[-70.11163473129272,-8.756936670332422],[-70.11223554611206,-8.757657726057431],[-70.11335134506226,-8.758845344204175],[-70.11382341384888,-8.759269492623147],[-70.11472463607788,-8.759651225786598],[-70.11513233184814,-8.75971484794239],[-70.11573314666748,-8.759736055325249],[-70.11652708053589,-8.759630018398894],[-70.1177716255188,-8.759545188836057],[-70.12088298797607,-8.75943915185529],[-70.121591091156,-8.759375529652303],[-70.12264251708984,-8.759205870391142],[-70.12373685836792,-8.759269492623147],[-70.1240587234497,-8.759375529652303],[-70.12429475784302,-8.759587603619906],[-70.12566804885864,-8.762280932485126],[-70.12633323669434,-8.763298878471076],[-70.12686967849731,-8.763765436116273],[-70.12725591659546,-8.763977507579568],[-70.12800693511963,-8.764125957531874],[-70.12901544570923,-8.764104750399468],[-70.13006687164307,-8.76399871471925],[-70.13206243515015,-8.763638193180213],[-70.13219118118286,-8.763574571695855],[-70.13225555419922,-8.763468535864376],[-70.13227701187134,-8.763341292826652],[-70.1322340965271,-8.763214049745386],[-70.13214826583862,-8.76312922100034],[-70.13201951980591,-8.763086806620564],[-70.13028144836426,-8.76342612152331],[-70.12897253036499,-8.763553364531958],[-70.12802839279175,-8.763574571695855],[-70.12747049331665,-8.763489743033091],[-70.12717008590698,-8.763320085649482],[-70.12676239013672,-8.76295956345217],[-70.12614011764526,-8.762026445553047],[-70.1247239112854,-8.759269492623147],[-70.12431621551514,-8.758887759067832],[-70.12386560440063,-8.75873930702383],[-70.1232647895813,-8.758675684701132],[-70.12262105941772,-8.758654477257792],[-70.12154817581177,-8.758824136770514],[-70.12084007263184,-8.758887759067832],[-70.11772871017456,-8.758993796205843],[-70.11648416519165,-8.759078625894475],[-70.11571168899536,-8.759205870391142],[-70.11517524719238,-8.759184662978058],[-70.11489629745483,-8.759142248148251],[-70.11414527893066,-8.758845344204175],[-70.1137375831604,-8.758463610213468],[-70.11264324188232,-8.757275990847731],[-70.11202096939087,-8.756576141945729],[-70.11006832122803,-8.754794702435618],[-70.108802318573,-8.753713109999907],[-70.10826587677002,-8.753373786234931],[-70.1077938079834,-8.753204124236404],[-70.10764360427856,-8.753098085448045],[-70.1076462865002,-8.753098085448045],[-70.10755777359009,-8.753034462160514],[-70.10886669158936,-8.753013254395597],[-70.11062622070312,-8.752779968901663],[-70.11099100112915,-8.752843592232708],[-70.11163473129272,-8.753055669924237],[-70.11185543880883,-8.753098085448045],[-70.11189222335815,-8.753098085448045],[-70.11245366224419,-8.753200844686452],[-70.11300802230835,-8.75316170872469],[-70.11367321014404,-8.753013254395597],[-70.11523962020874,-8.752207358432898],[-70.11637687683105,-8.751486292144904],[-70.11680603027344,-8.751189382090871],[-70.11807203292847,-8.750786432352982],[-70.11893033981323,-8.750595561272263],[-70.1195740699768,-8.75048952174069],[-70.12041091918945,-8.75048952174069],[-70.12111902236938,-8.750574353368364],[-70.12167692184448,-8.750892471799986],[-70.12221336364746,-8.751231797827387],[-70.12279272079468,-8.751380252867094],[-70.12311458587646,-8.751380252867094],[-70.12380123138428,-8.751231797827387],[-70.12446641921997,-8.750913679685752],[-70.12558221817017,-8.750256234664874],[-70.12566804885864,-8.750128987107345],[-70.12566804885864,-8.749980531568596],[-70.12551784515381,-8.749810868023246],[-70.12532472610474,-8.749810868023246],[-70.12420892715454,-8.75044710591959],[-70.12362957000732,-8.75072280867029],[-70.12307167053223,-8.750850056024817],[-70.12285709381104,-8.750850056024817],[-70.12240648269653,-8.750744016565733],[-70.12195587158203,-8.750425898007236],[-70.12126922607422,-8.750044155378177],[-70.12043237686157,-8.749959323629668],[-70.11953115463257,-8.749959323629668],[-70.11882305145264,-8.750065363312274],[-70.11792182922363,-8.750277442586892],[-70.11656999588013,-8.750701600773638],[-70.11607646942139,-8.751040926975037],[-70.11498212814331,-8.751719578449794],[-70.11345863342285,-8.752504267674823],[-70.11294364929199,-8.752631514420287],[-70.11247158050537,-8.75265272220696],[-70.11178493499756,-8.752525475468758],[-70.11109828948975,-8.752313397475064],[-70.11062622070312,-8.752249774053396],[-70.10882377624512,-8.752461852083329],[-70.10753631591797,-8.752504267674823],[-70.1075792312622,-8.752334605279884],[-70.10764360427856,-8.751316629285895],[-70.10753631591797,-8.750341066345712],[-70.1067852973938,-8.748644429055801],[-70.1058840751648,-8.747371946014425],[-70.10534763336182,-8.746905367809703],[-70.1038670539856,-8.74529354769561],[-70.10345935821533,-8.744551259770901],[-70.10311603546143,-8.743512054191257],[-70.10326623916626,-8.74349084588394],[-70.10358810424805,-8.743575679105987],[-70.10433912277222,-8.743596887408472],[-70.10672092437744,-8.74340601264258],[-70.10730028152466,-8.74340601264258],[-70.10783672332764,-8.74344842926567],[-70.10839462280273,-8.743596887408472],[-70.10882377624512,-8.74380897036697],[-70.10974645614624,-8.744424010263842],[-70.11017560958862,-8.744614884508124],[-70.11084079742432,-8.744720925712684],[-70.11159181594849,-8.74474213394997],[-70.11219263076782,-8.744678509234475],[-70.11298656463623,-8.744402802008452],[-70.11365175247192,-8.743957428366102],[-70.1141881942749,-8.743469637575416],[-70.11491775512695,-8.742536470804907],[-70.11538982391357,-8.742133511704182],[-70.11998176574707,-8.741603301697168],[-70.12099027633667,-8.74223955361505],[-70.12193441390991,-8.743151512802612],[-70.1222562789917,-8.743512054191257],[-70.12264251708984,-8.744296760713326],[-70.1228141784668,-8.74539958870696],[-70.12298583984375,-8.745887376970288],[-70.12324333190918,-8.74629033201029],[-70.12365102767944,-8.746735702863035],[-70.12420892715454,-8.747223489376324],[-70.1256251335144,-8.748283892635598],[-70.12579679489136,-8.748326308703142],[-70.12594699859619,-8.748262684600007],[-70.12603282928467,-8.748156644403934],[-70.12603282928467,-8.7480293961288],[-70.12596845626831,-8.747880939752804],[-70.12455224990845,-8.746799327227095],[-70.12401580810547,-8.746332748304923],[-70.12367248535156,-8.74595100147927],[-70.12347936630249,-8.745632878825646],[-70.12332916259766,-8.74522992307432],[-70.1231575012207,-8.744148302849439],[-70.12300729751587,-8.743766553784937],[-70.1227068901062,-8.743193929454677],[-70.12232065200806,-8.742769762716648],[-70.12133359909058,-8.741836594193202],[-70.12084007263184,-8.74151846802603],[-70.12807130813599,-8.740691338720325],[-70.1333498954773,-8.7413063837637],[-70.13339281082153,-8.741815385790517],[-70.13341426849365,-8.743724137198072],[-70.13328552246094,-8.744890591577175],[-70.13315677642822,-8.74529354769561],[-70.13231992721558,-8.74645999715986],[-70.13201951980591,-8.746990200254046],[-70.13150453567505,-8.748177852445565],[-70.13096809387207,-8.748877717141653],[-70.12938022613525,-8.750298650507716],[-70.12935876846313,-8.75044710591959],[-70.12938022613525,-8.750574353368364],[-70.12948751449585,-8.750680392875779],[-70.12963771820068,-8.750701600773638],[-70.12978792190552,-8.750637977076437],[-70.13135433197021,-8.74925946096684],[-70.13195514678955,-8.748474764901545],[-70.13251304626465,-8.747244697471103],[-70.1327919960022,-8.746735702863035],[-70.13365030288696,-8.745526837880732],[-70.13382196426392,-8.744996632703234],[-70.13395071029663,-8.743745345492101],[-70.13397216796875,-8.74313030447476],[-70.13388633728027,-8.741370009055075],[-70.13500213623047,-8.741495331534493],[-70.13500213623047,-8.741476051183227],[-70.13671875,-8.74168813534898],[-70.13751268386841,-8.741772968981508],[-70.14156818389893,-8.737764558744828],[-70.14152526855469,-8.738273565608807],[-70.14118194580078,-8.740373211575445],[-70.14124631881714,-8.741242758461453],[-70.1415467262268,-8.742430428978537],[-70.14161109924316,-8.742960637808523],[-70.14158964157104,-8.744021053204747],[-70.14156818389893,-8.74431796897477],[-70.14133214950562,-8.745039049145205],[-70.1405382156372,-8.746608454102315],[-70.13987302780151,-8.74781731557357],[-70.13957262039185,-8.748644429055801],[-70.13944387435913,-8.749492748667294],[-70.13942241668701,-8.749980531568596],[-70.13976573944092,-8.751634747083116],[-70.13993740081787,-8.752801176679881],[-70.13993740081787,-8.753522240420182],[-70.13978719711304,-8.754794702435618],[-70.13976573944092,-8.756491311686318],[-70.13976118777495,-8.756491311686318],[-70.1397442817688,-8.757594103549692],[-70.13950824737549,-8.758908966497856],[-70.13948678970337,-8.759523981442314],[-70.13955116271973,-8.759799677466546],[-70.13976573944092,-8.76026623950338],[-70.14004468917847,-8.760669178973146],[-70.14113903045654,-8.761835580239676],[-70.14158964157104,-8.76247179756983],[-70.1422119140625,-8.76344732869444],[-70.14240503311157,-8.76399871471925],[-70.14253377914429,-8.764465271485918],[-70.14257669448853,-8.765398383262038],[-70.14238357543945,-8.766289078680728],[-70.14238357543945,-8.76673442558939],[-70.14253377914429,-8.767243392831332],[-70.14274835586548,-8.76756149700347],[-70.14304876327515,-8.767858393985051],[-70.143563747406,-8.76815529072934],[-70.14401435852051,-8.768324945905263],[-70.14425039291382,-8.768473394120619],[-70.14446496963501,-8.768727876637499],[-70.1446795463562,-8.769279254825975],[-70.14472246170044,-8.769512529967017],[-70.14476537704468,-8.770148734152414],[-70.1446795463562,-8.770954591222704],[-70.1447868347168,-8.771124245119935],[-70.14489412307739,-8.771166658582132],[-70.14500141143799,-8.771166658582132],[-70.1451301574707,-8.771103038387025],[-70.14519453048706,-8.770975797964098],[-70.14530181884766,-8.770148734152414],[-70.14521598815918,-8.769173220622534],[-70.14495849609375,-8.768473394120619],[-70.1445722579956,-8.768049256205046],[-70.14425039291382,-8.767837187065652],[-70.14379978179932,-8.767667531666987],[-70.14337062835693,-8.767434255367306],[-70.14302730560303,-8.767010116265325],[-70.14292001724243,-8.766692011621089],[-70.14292001724243,-8.766352699700363],[-70.1431131362915,-8.765419590320633],[-70.14307022094727,-8.764401650143142],[-70.14292001724243,-8.76382905756796],[-70.14270544052124,-8.763214049745386],[-70.14204025268555,-8.762153689040872],[-70.1415467262268,-8.761496263885036],[-70.14047384262085,-8.76032986155397],[-70.14023780822754,-8.759990543825097],[-70.14006614685059,-8.759651225786598],[-70.14002323150635,-8.759481566651218],[-70.14004468917847,-8.75897258878065],[-70.14028072357178,-8.757636518556069],[-70.1403021812439,-8.75500677901509],[-70.14032363891602,-8.754794702435618],[-70.14047384262085,-8.753543448156094],[-70.14047384262085,-8.752758761122237],[-70.1403021812439,-8.751549915697098],[-70.13995885848999,-8.749916907748158],[-70.13998031616211,-8.749535164597134],[-70.1400876045227,-8.748792885127344],[-70.14036655426025,-8.7480293961288],[-70.14101028442383,-8.746862951580283],[-70.14182567596436,-8.745251131282629],[-70.14208316802979,-8.744424010263842],[-70.14214754104614,-8.744063469757805],[-70.14214754104614,-8.742918221129898],[-70.14206171035767,-8.74232438712201],[-70.14178276062012,-8.741136716266922],[-70.14171838760376,-8.740415628543786],[-70.14204025268555,-8.73835840001857],[-70.14219045639038,-8.737149507856913],[-70.14274835586548,-8.736598082060254],[-70.14298439025879,-8.736873795060532],[-70.14528036117554,-8.738888614642107],[-70.14734029769897,-8.73988541609252],[-70.14734029769897,-8.7410730909357],[-70.14740467071533,-8.74168813534898],[-70.14776945114136,-8.74300305448233],[-70.14809131622314,-8.743830178656196],[-70.14839172363281,-8.746247915710825],[-70.14856338500977,-8.746820535346032],[-70.14897108078003,-8.747584026823304],[-70.14933586120605,-8.748093020271796],[-70.14985084533691,-8.749323084899643],[-70.14989376068115,-8.74968362031349],[-70.14987230300903,-8.751274213559043],[-70.14980792999268,-8.751740786288437],[-70.14942169189453,-8.752843592232708],[-70.14938414097303,-8.753400295786006],[-70.14937953387982,-8.753486811017225],[-70.14944314956665,-8.754073641161156],[-70.1497220993042,-8.754794702435618],[-70.14978647232056,-8.754964363708865],[-70.15010833740234,-8.757042708026717],[-70.15010833740234,-8.757636518556069],[-70.1500654220581,-8.758145498255217],[-70.14993667602539,-8.75844240275805],[-70.1497220993042,-8.758675684701132],[-70.14867067337036,-8.759523981442314],[-70.148606300354,-8.759651225786598],[-70.14864921569824,-8.759778470087326],[-70.14873504638672,-8.759884506971332],[-70.14884233474731,-8.75992692171647],[-70.14903545379639,-8.759884506971332],[-70.15008687973022,-8.759057418474129],[-70.15040874481201,-8.75871809958413],[-70.15058040618896,-8.75827274307116],[-70.15064477920532,-8.757657726057431],[-70.15064477920532,-8.757021500490268],[-70.15030145645142,-8.754794702435618],[-70.14995813369751,-8.75392518719589],[-70.14991521835327,-8.75347982494472],[-70.14993667602539,-8.753098085448045],[-70.14994611739496,-8.753098085448045],[-70.14995813369751,-8.752949631093571],[-70.15034437179565,-8.75186803329494],[-70.15040874481201,-8.751316629285895],[-70.15043020248413,-8.749662412357637],[-70.15036582946777,-8.749195837023152],[-70.1498293876648,-8.747838523634528],[-70.14942169189453,-8.747308321748207],[-70.1490569114685,-8.746608454102315],[-70.14892816543579,-8.74612066678344],[-70.14862775802612,-8.74370292890282],[-70.1482629776001,-8.74283338775814],[-70.14794111251831,-8.741624510111933],[-70.14787673950195,-8.741051882489558],[-70.14787673950195,-8.740139918163266],[-70.1492714881897,-8.740712547187002],[-70.15096664428711,-8.741115507824375],[-70.15156745910645,-8.741370009055075],[-70.15212535858154,-8.741815385790517],[-70.15306949615479,-8.742918221129898],[-70.15349864959717,-8.74355447080228],[-70.15268325805664,-8.74355447080228],[-70.15268325805664,-8.743278762744325],[-70.15214681625366,-8.74329997106372],[-70.15214681625366,-8.74355447080228],[-70.15161037445068,-8.74355447080228],[-70.15161037445068,-8.743830178656196],[-70.15133142471313,-8.743830178656196],[-70.15133142471313,-8.744105886306045],[-70.15105247497559,-8.744105886306045],[-70.15105247497559,-8.744657300993566],[-70.15079498291016,-8.744657300993566],[-70.15079498291016,-8.745738919740376],[-70.15051603317261,-8.745738919740376],[-70.15051603317261,-8.746544829705655],[-70.1510739326477,-8.746544829705655],[-70.1510739326477,-8.746820535346032],[-70.15133142471313,-8.746820535346032],[-70.15133142471313,-8.747096240782284],[-70.15161037445068,-8.747096240782284],[-70.15161037445068,-8.746820535346032],[-70.15188932418823,-8.746820535346032],[-70.15188932418823,-8.746544829705655],[-70.15242576599121,-8.746544829705655],[-70.15242576599121,-8.746269123861168],[-70.15298366546631,-8.746269123861168],[-70.15298366546631,-8.745993417812542],[-70.15324115753174,-8.745993417812542],[-70.15324115753174,-8.744911799804811],[-70.15352010726929,-8.744911799804811],[-70.15352010726929,-8.74438159375184],[-70.15377759933472,-8.744360385494033],[-70.15377759933472,-8.74419071938803],[-70.15435695648193,-8.74582375245042],[-70.15534400939941,-8.749832075970644],[-70.15588045120239,-8.751804409797117],[-70.15613794326782,-8.752886007780674],[-70.15729665756226,-8.754794702435618],[-70.15785455703735,-8.755961122126664],[-70.15798408748459,-8.756263716432697],[-70.15809059143066,-8.756491311686318],[-70.15808151335945,-8.756491311686318],[-70.15832662582397,-8.757063915561929],[-70.15727519989014,-8.758654477257792],[-70.1566743850708,-8.760181410085693],[-70.15575170516968,-8.76221731076842],[-70.15497922897339,-8.764125957531874],[-70.15461444854736,-8.76486820640396],[-70.15379905700684,-8.766713218605844],[-70.15302658081055,-8.768112876923254],[-70.15193223953247,-8.769406495830168],[-70.1517391204834,-8.769724598149907],[-70.15154600143433,-8.770233561294788],[-70.15141725540161,-8.770784937247967],[-70.15103101730347,-8.77322370568335],[-70.1507306098938,-8.77398714294479],[-70.15051603317261,-8.77441127407829],[-70.15021562576294,-8.774941437313714],[-70.14948606491089,-8.775853316307263],[-70.14946460723877,-8.776022967965858],[-70.14952898025513,-8.776150206658912],[-70.14963626861572,-8.776235032430037],[-70.14976501464844,-8.776235032430037],[-70.14989376068115,-8.776171413103526],[-70.15064477920532,-8.77525953489149],[-70.15100955963135,-8.774644545995173],[-70.15122413635254,-8.774199208572128],[-70.15154600143433,-8.773372151940478],[-70.15167474746704,-8.772757159917404],[-70.15195369720459,-8.770890970991275],[-70.15206098556519,-8.770403215521426],[-70.15223264694214,-8.769957873011222],[-70.15236139297485,-8.769724598149907],[-70.15347719192505,-8.768409773464157],[-70.15429258346558,-8.766946495358269],[-70.1551079750061,-8.765101484314698],[-70.15547275543213,-8.764338028789453],[-70.15624523162842,-8.76242938311502],[-70.15716791152954,-8.760393483593646],[-70.15776872634888,-8.758887759067832],[-70.15860557556152,-8.757657726057431],[-70.15841245651245,-8.758357572924282],[-70.15828371047974,-8.759015003629813],[-70.1582407951355,-8.759799677466546],[-70.15819787979126,-8.76145384931894],[-70.15828371047974,-8.763850264716112],[-70.15839099884033,-8.76575890309347],[-70.1585841178894,-8.7675190831296],[-70.15860557556152,-8.768388566576249],[-70.15856266021729,-8.769554943613286],[-70.15843391418457,-8.769936666211692],[-70.15759706497192,-8.771272692216442],[-70.1565670967102,-8.773308532123266],[-70.15650272369385,-8.773796283776619],[-70.15654563903809,-8.774305241340357],[-70.15669584274292,-8.774792991684123],[-70.15688896179199,-8.775111089389114],[-70.1576828956604,-8.775980555058482],[-70.15821933746338,-8.777443797562],[-70.15862703323364,-8.77795275012383],[-70.16077280044556,-8.779394778591126],[-70.1611590385437,-8.779755284832163],[-70.16143798828125,-8.780136996940868],[-70.16175985336304,-8.780751976734237],[-70.16193151473999,-8.780815595275357],[-70.16210317611694,-8.780773182915823],[-70.16221046447754,-8.780645945808118],[-70.16221046447754,-8.780455090064734],[-70.16191005706787,-8.77986131601287],[-70.16156673431396,-8.779394778591126],[-70.16111612319946,-8.778970653153124],[-70.15901327133179,-8.777571035767892],[-70.15871286392212,-8.777189321019321],[-70.15815496444702,-8.775704871042379],[-70.15731811523438,-8.774792991684123],[-70.15721082687378,-8.774602132930283],[-70.15708208084106,-8.774220415128198],[-70.15706062316895,-8.773796283776619],[-70.15708208084106,-8.773499391542202],[-70.15806913375854,-8.77154837952392],[-70.15892744064331,-8.770169940939823],[-70.15909910202026,-8.769618564073596],[-70.1591420173645,-8.768409773464157],[-70.15912055969238,-8.76749787619083],[-70.1590347290039,-8.766501148703796],[-70.15892744064331,-8.765716489013812],[-70.15882015228271,-8.76380785041863],[-70.15875577926636,-8.76145384931894],[-70.15877723693848,-8.759842092221348],[-70.15882015228271,-8.759099833313613],[-70.15899181365967,-8.758315158000144],[-70.15946388244629,-8.758908966497856],[-70.15997886657715,-8.759396737054516],[-70.16130924224854,-8.760308654204977],[-70.16208171844482,-8.76073280095477],[-70.16253232955933,-8.76092366683433],[-70.16274690628052,-8.761475056602592],[-70.162832736969,-8.761835580239676],[-70.16291856765747,-8.76240817588581],[-70.16302585601807,-8.763744228963276],[-70.16354084014893,-8.766140629592542],[-70.16392707824707,-8.766946495358269],[-70.1642918586731,-8.767540290067146],[-70.16433477401733,-8.767794773223258],[-70.16433477401733,-8.768028049296547],[-70.16412019729614,-8.76970339133706],[-70.16416311264038,-8.771399932537634],[-70.16444206237793,-8.77282077982909],[-70.1648497581482,-8.774135588896655],[-70.16493558883667,-8.774665752525806],[-70.16493558883667,-8.775089882883933],[-70.16482830047607,-8.776001761512774],[-70.16480684280396,-8.776425890344214],[-70.16487121582031,-8.776574335320703],[-70.16499996185303,-8.776680367410421],[-70.16512870788574,-8.776680367410421],[-70.16521453857422,-8.776637954578177],[-70.16534328460693,-8.776489509627126],[-70.16547203063965,-8.775089882883933],[-70.16547203063965,-8.774623339463332],[-70.16538619995117,-8.774008349512982],[-70.16495704650879,-8.772672333351508],[-70.16469955444336,-8.771336312382502],[-70.16467809677124,-8.769724598149907],[-70.16487121582031,-8.768070463112323],[-70.16487121582031,-8.767752359376004],[-70.16478538513184,-8.76732822063721],[-70.16439914703369,-8.766692011621089],[-70.16405582427979,-8.765992180445068],[-70.16356229782104,-8.763638193180213],[-70.16345500946045,-8.762323346956848],[-70.16336917877197,-8.761729543912125],[-70.16319751739502,-8.761178154521303],[-70.1638412475586,-8.761347812882505],[-70.16641616821289,-8.76155988572512],[-70.16714572906494,-8.761856787501557],[-70.16768217086792,-8.762153689040872],[-70.16830444335938,-8.76257783368564],[-70.16914129257202,-8.763298878471076],[-70.16929149627686,-8.764104750399468],[-70.16931295394897,-8.765249933818026],[-70.16924858093262,-8.766225457650208],[-70.16924858093262,-8.766776839552847],[-70.16942024230957,-8.768685462896798],[-70.16982793807983,-8.770318388417792],[-70.17062187194824,-8.772757159917404],[-70.17066478729248,-8.77322370568335],[-70.17060041427612,-8.774644545995173],[-70.17066478729248,-8.77604417441772],[-70.17070770263672,-8.776701573824724],[-70.17098665237427,-8.777677067572839],[-70.17109394073486,-8.778249638795842],[-70.17109394073486,-8.779903728476654],[-70.17081499099731,-8.780858007630044],[-70.17072916030884,-8.781048863166134],[-70.16948461532593,-8.782448467429873],[-70.16931295394897,-8.782745352503781],[-70.16892671585083,-8.783233091752052],[-70.16849756240845,-8.783975302420728],[-70.16742467880249,-8.78624433725092],[-70.16714572906494,-8.786689660213483],[-70.16680240631104,-8.787368246556227],[-70.16660928726196,-8.787919597044947],[-70.16656637191772,-8.788640592600274],[-70.16639471054077,-8.789891728617263],[-70.16613721847534,-8.790994421265438],[-70.16605138778687,-8.791609383047572],[-70.16598701477051,-8.792245549334197],[-70.16566514968872,-8.794408506536314],[-70.16562223434448,-8.79495984654794],[-70.1656436920166,-8.795405159035028],[-70.1657509803772,-8.795744444380034],[-70.16592264175415,-8.796041318801898],[-70.16690969467163,-8.79720760886913],[-70.16701698303223,-8.79754689256248],[-70.16705989837646,-8.797843765539085],[-70.16703844070435,-8.79890402422636],[-70.16714572906494,-8.799073665334504],[-70.16727447509766,-8.799137280730008],[-70.16740322113037,-8.7991160755994],[-70.16751050949097,-8.799052460200244],[-70.16757488250732,-8.798946434510697],[-70.16761779785156,-8.79826786937842],[-70.16759634017944,-8.797801355128442],[-70.16753196716309,-8.79739845598489],[-70.16736030578613,-8.79693194063934],[-70.16712427139282,-8.796592656382458],[-70.16637325286865,-8.795765649703768],[-70.16624450683594,-8.795532391075824],[-70.16618013381958,-8.795277926950504],[-70.16615867614746,-8.79495984654794],[-70.1662015914917,-8.794472122733382],[-70.16652345657349,-8.792309165902765],[-70.16656637191772,-8.791672999725392],[-70.16667366027832,-8.79110044923172],[-70.16693115234375,-8.789955345589988],[-70.1671028137207,-8.788683004059848],[-70.16712427139282,-8.788025625891052],[-70.16729593276978,-8.78760151032462],[-70.16761779785156,-8.786944130237586],[-70.16789674758911,-8.786498807580742],[-70.16896963119507,-8.784229774308002],[-70.16937732696533,-8.783551182220549],[-70.16974210739136,-8.783063443390631],[-70.16991376876831,-8.782787764637789],[-70.17117977142334,-8.781324543211525],[-70.17132997512817,-8.781048863166134],[-70.17163038253784,-8.779946140935607],[-70.17163038253784,-8.778207226142953],[-70.17152309417725,-8.777571035767892],[-70.1712441444397,-8.776595541741074],[-70.17120122909546,-8.776022967965858],[-70.1711368560791,-8.774644545995173],[-70.17122268676758,-8.773202499070337],[-70.17115831375122,-8.772651126707018],[-70.1703429222107,-8.770169940939823],[-70.16995668411255,-8.768621842276659],[-70.1697850227356,-8.76675563257173],[-70.1697850227356,-8.76624666466158],[-70.16984939575195,-8.765249933818026],[-70.16982793807983,-8.76408354326584],[-70.1697850227356,-8.763850264716112],[-70.17040729522705,-8.76431682166914],[-70.17105102539062,-8.764550099926026],[-70.17197370529175,-8.764592514138812],[-70.17311096191406,-8.764571307033009],[-70.17422676086426,-8.764507685708395],[-70.17476320266724,-8.764528892817808],[-70.17519235610962,-8.76465613544893],[-70.17553567886353,-8.764825792222624],[-70.17585754394531,-8.765059070160007],[-70.17602920532227,-8.765313555015581],[-70.17615795135498,-8.76575890309347],[-70.1762866973877,-8.766585976679139],[-70.1762866973877,-8.769300461663036],[-70.17650127410889,-8.769936666211692],[-70.17688751220703,-8.770721316987462],[-70.17791748046875,-8.77222699356264],[-70.17939805984497,-8.77377507719632],[-70.18135070800781,-8.775556425718108],[-70.18250942230225,-8.776468303200687],[-70.18300294876099,-8.776956050701884],[-70.18334627151489,-8.777358972067162],[-70.18334627151489,-8.77765586121427],[-70.18347501754761,-8.77765586121427],[-70.18345355987549,-8.778313257766087],[-70.18328189849854,-8.779373572330726],[-70.18317461013794,-8.779734078592398],[-70.18263816833496,-8.780688358182204],[-70.18188714981079,-8.781600223052024],[-70.18150091171265,-8.781897108804955],[-70.1813292503357,-8.782193994320224],[-70.18126487731934,-8.78268173429366],[-70.18128633499146,-8.783487564148686],[-70.1812219619751,-8.783848066411608],[-70.18105030059814,-8.784293392252536],[-70.1801061630249,-8.7857141901694],[-70.17884016036987,-8.787410658161406],[-70.17671585083008,-8.789637260617013],[-70.17575025558472,-8.790485486604823],[-70.17431259155273,-8.791651794167336],[-70.17298221588135,-8.793178591244981],[-70.1718020439148,-8.794238863290673],[-70.17137289047241,-8.794768998175272],[-70.17098665237427,-8.795574801746383],[-70.17083644866943,-8.795998908184771],[-70.170578956604,-8.798055817519483],[-70.1700210571289,-8.79943415243116],[-70.16924858093262,-8.801703092567877],[-70.16914129257202,-8.80229683161555],[-70.16918420791626,-8.802424061287539],[-70.16927003860474,-8.802508881044545],[-70.16937732696533,-8.802551290915773],[-70.16950607299805,-8.802530085980763],[-70.16961336135864,-8.802466471168472],[-70.169677734375,-8.802360446457016],[-70.1697850227356,-8.801830322444005],[-70.17053604125977,-8.799624998399025],[-70.17109394073486,-8.79820425383349],[-70.17115831375122,-8.797886175944882],[-70.17137289047241,-8.79612614002157],[-70.17150163650513,-8.795786855026307],[-70.17182350158691,-8.795044668015336],[-70.17218828201294,-8.794620560484077],[-70.17334699630737,-8.793560289531086],[-70.17469882965088,-8.792033494026697],[-70.17609357833862,-8.790888393268787],[-70.1770806312561,-8.790018962551812],[-70.17924785614014,-8.787771156609423],[-70.1805567741394,-8.786032278509282],[-70.18152236938477,-8.784547863921475],[-70.18173694610596,-8.784017714414077],[-70.18184423446655,-8.783529976197798],[-70.18182277679443,-8.782384849168821],[-70.18190860748291,-8.782257612614004],[-70.18227338790894,-8.781960727149666],[-70.18306732177734,-8.781027657000294],[-70.18366813659668,-8.779967347163264],[-70.18381834030151,-8.77947960362053],[-70.18399000167847,-8.778228432470002],[-70.18422603607178,-8.7787161776576],[-70.18456935882568,-8.779585634880021],[-70.18484830856323,-8.783848066411608],[-70.18499851226807,-8.78478112946459],[-70.18532037734985,-8.785735396067224],[-70.18574953079224,-8.78685930691563],[-70.18542766571045,-8.788174066224641],[-70.18527746200562,-8.788407329485878],[-70.1850414276123,-8.788916267000744],[-70.18431186676025,-8.789955345589988],[-70.18377542495728,-8.79029463592687],[-70.18261671066284,-8.790824776456233],[-70.18105030059814,-8.79233037142319],[-70.18070697784424,-8.792839303549357],[-70.18053531646729,-8.793327029514103],[-70.18025636672974,-8.794620560484077],[-70.18014907836914,-8.795511185738732],[-70.18029928207397,-8.79735604552323],[-70.18034219741821,-8.799179690987614],[-70.18025636672974,-8.800748867102527],[-70.18014907836914,-8.801300197671509],[-70.17993450164795,-8.802826954960167],[-70.17761707305908,-8.806474182979073],[-70.1761794090271,-8.808849102819053],[-70.17587900161743,-8.809400421314649],[-70.17555713653564,-8.810057761523339],[-70.17514944076538,-8.810715100563172],[-70.17414093017578,-8.812729519372752],[-70.1734972000122,-8.813938165388194],[-70.17257452011108,-8.815168011661697],[-70.17141580581665,-8.81629183312505],[-70.17132997512817,-8.816482670392475],[-70.17137289047241,-8.8166310993101],[-70.17148017883301,-8.816715915807663],[-70.17163038253784,-8.816737119929016],[-70.17178058624268,-8.816673507561319],[-70.17298221588135,-8.815528483069528],[-70.17394781112671,-8.814235025208319],[-70.17463445663452,-8.812983971493978],[-70.175621509552,-8.810969554071221],[-70.17602920532227,-8.810312215483862],[-70.17635107040405,-8.80963367119989],[-70.1780891418457,-8.806749844100082],[-70.17991304397583,-8.803865994512236],[-70.18004179000854,-8.804565754198748],[-70.18051385879517,-8.806219726377307],[-70.18083572387695,-8.807788872632372],[-70.18085718154907,-8.808255374289061],[-70.18074989318848,-8.809697284779418],[-70.18070697784424,-8.81120280296642],[-70.18057823181152,-8.812708315021396],[-70.18040657043457,-8.813174810469931],[-70.1795482635498,-8.81484994836272],[-70.17881870269775,-8.815994974957547],[-70.17856121063232,-8.81622822068067],[-70.1777458190918,-8.817288426656901],[-70.17624378204346,-8.818815117916458],[-70.17384052276611,-8.82174125852228],[-70.17141580581665,-8.825600336030561],[-70.17143726348877,-8.825748761282753],[-70.17156600952148,-8.825897186475231],[-70.17173767089844,-8.82591839006929],[-70.17190933227539,-8.825812372086844],[-70.17244577407837,-8.825006634424867],[-70.17429113388062,-8.822059315886449],[-70.17491340637207,-8.8212535700317],[-70.1766300201416,-8.819154381783775],[-70.17815351486206,-8.817648895995617],[-70.17858266830444,-8.81709758980574],[-70.17858266830444,-8.818348629590048],[-70.17873287200928,-8.820617453641077],[-70.17918348312378,-8.823522376232063],[-70.17916202545166,-8.824667375935633],[-70.17907619476318,-8.82570635407393],[-70.17894744873047,-8.82640607239621],[-70.17873287200928,-8.827487452647915],[-70.17851829528809,-8.828102353730443],[-70.17821788787842,-8.828674846920421],[-70.17787456512451,-8.829204932415252],[-70.17712354660034,-8.830201491083216],[-70.17665147781372,-8.830731574384032],[-70.17620086669922,-8.831304063493135],[-70.17587900161743,-8.831643315879163],[-70.17489194869995,-8.83236422616315],[-70.17399072647095,-8.832745883978205],[-70.17388343811035,-8.832809493575638],[-70.173819065094,-8.832957915926983],[-70.17384052276611,-8.833106338218556],[-70.17394781112671,-8.833233557278092],[-70.17411947250366,-8.833254760450401],[-70.1751708984375,-8.832830696772334],[-70.17622232437134,-8.832046177682187],[-70.17660856246948,-8.831664519142919],[-70.17705917358398,-8.8310708272967],[-70.17755270004272,-8.8305407444835],[-70.17832517623901,-8.829501779959614],[-70.17868995666504,-8.828971694891365],[-70.17901182174683,-8.828335591803963],[-70.17924785614014,-8.827635877140992],[-70.17948389053345,-8.82651209020807],[-70.17961263656616,-8.825748761282753],[-70.17969846725464,-8.824688579600334],[-70.17974138259888,-8.823501172500343],[-70.17926931381226,-8.820575045842745],[-70.17911911010742,-8.818348629590048],[-70.17911911010742,-8.816673507561319],[-70.17926931381226,-8.816270628978145],[-70.18002033233643,-8.815125603237647],[-70.18090009689331,-8.813386853660958],[-70.1811146736145,-8.812793132419486],[-70.18124341964722,-8.81120280296642],[-70.18128633499146,-8.809718489303506],[-70.18139362335205,-8.808255374289061],[-70.18137216567993,-8.807725258724503],[-70.18102884292603,-8.806071293278762],[-70.1805567741394,-8.80443852526328],[-70.18044948577881,-8.803781175066362],[-70.18044948577881,-8.803081413895796],[-70.18068552017212,-8.801385017686158],[-70.18079280853271,-8.800812482210091],[-70.18085718154907,-8.800282355979519],[-70.18087863922119,-8.799179690987614],[-70.18083572387695,-8.797334840290574],[-70.18068552017212,-8.795532391075824],[-70.1807713508606,-8.794705382029179],[-70.18105030059814,-8.793475467723738],[-70.18120050430298,-8.793093769350222],[-70.18145799636841,-8.79269086508478],[-70.18293857574463,-8.79124888833357],[-70.18401145935059,-8.790782365241796],[-70.1846981048584,-8.790337047197127],[-70.1854920387268,-8.789191941196137],[-70.18574953079224,-8.788683004059848],[-70.18594264984131,-8.788386123740906],[-70.18607139587402,-8.787834773946216],[-70.18624305725098,-8.788364917994741],[-70.18692970275879,-8.791206477167677],[-70.18699407577515,-8.795023462650306],[-70.18729448318481,-8.797462071668278],[-70.18759489059448,-8.798310279735617],[-70.18789529800415,-8.798882819082394],[-70.18856048583984,-8.799943074793447],[-70.18892526626587,-8.800430791400629],[-70.18986940383911,-8.802551290915773],[-70.18993377685547,-8.80295418444986],[-70.18993377685547,-8.803505511732936],[-70.18971920013428,-8.804947440742552],[-70.1895260810852,-8.805901655378918],[-70.18956899642944,-8.807640440163652],[-70.18967628479004,-8.808700670775934],[-70.18993377685547,-8.809739693826359],[-70.1901912689209,-8.811584482659214],[-70.19036293029785,-8.813853348252934],[-70.19038438796997,-8.815698116551502],[-70.19042730331421,-8.815973770793605],[-70.19077062606812,-8.817288426656901],[-70.19077062606812,-8.817521671563298]],[[-70.17010688781738,-8.817564079712284],[-70.17010688781738,-8.817033977500117],[-70.16847610473633,-8.817033977500117],[-70.16847610473633,-8.817839732561936],[-70.16873359680176,-8.817839732561936],[-70.16873359680176,-8.818115385205871],[-70.1695704460144,-8.818115385205871],[-70.1695704460144,-8.817839732561936],[-70.16982793807983,-8.817839732561936],[-70.16982793807983,-8.817564079712284],[-70.17010688781738,-8.817564079712284]],[[-70.16545057296753,-8.814595497526398],[-70.16545057296753,-8.814065391054598],[-70.164635181427,-8.814065391054598],[-70.164635181427,-8.815422462103726],[-70.16491413116455,-8.815422462103726],[-70.16491413116455,-8.81514680745029],[-70.1651930809021,-8.81514680745029],[-70.1651930809021,-8.814595497526398],[-70.16545057296753,-8.814595497526398]],[[-70.16493558883667,-8.819748092801575],[-70.16493558883667,-8.819493645339392],[-70.16437768936157,-8.819493645339392],[-70.16437768936157,-8.819217993724195],[-70.1638412475586,-8.819217993724195],[-70.1638412475586,-8.818666689876508],[-70.16409873962402,-8.818666689876508],[-70.16409873962402,-8.81758528378495],[-70.16356229782104,-8.81758528378495],[-70.16356229782104,-8.817860936618771],[-70.1632833480835,-8.817860936618771],[-70.1632833480835,-8.818136589246876],[-70.16300439834595,-8.818136589246876],[-70.16302585601807,-8.81868789388588],[-70.16274690628052,-8.81868789388588],[-70.16274690628052,-8.819217993724195],[-70.16221046447754,-8.819217993724195],[-70.16221046447754,-8.81976929674883],[-70.16193151473999,-8.81976929674883],[-70.16193151473999,-8.821126346841254],[-70.16248941421509,-8.821126346841254],[-70.16246795654297,-8.820850696444893],[-70.16302585601807,-8.820850696444893],[-70.16302585601807,-8.820575045842745],[-70.16356229782104,-8.820575045842745],[-70.16356229782104,-8.82029939503478],[-70.1638412475586,-8.82029939503478],[-70.1638412475586,-8.820023744021057],[-70.16465663909912,-8.820023744021057],[-70.16465663909912,-8.81976929674883],[-70.16493558883667,-8.819748092801575]],[[-70.15517234802246,-8.752779968901663],[-70.15517234802246,-8.751952864608427],[-70.15489339828491,-8.751952864608427],[-70.15489339828491,-8.751422668581839],[-70.15517234802246,-8.751422668581839],[-70.15517234802246,-8.751146966349538],[-70.15489339828491,-8.751146966349538],[-70.15489339828491,-8.750871263913012],[-70.15435695648193,-8.750871263913012],[-70.15435695648193,-8.751146966349538],[-70.15407800674438,-8.751146966349538],[-70.15407800674438,-8.75169837060993],[-70.15463590621948,-8.75169837060993],[-70.15463590621948,-8.751974072433768],[-70.15407800674438,-8.751974072433768],[-70.15407800674438,-8.752779968901663],[-70.15435695648193,-8.752779968901663],[-70.15435695648193,-8.753055669924237],[-70.15489339828491,-8.753055669924237],[-70.15489339828491,-8.752779968901663],[-70.15517234802246,-8.752779968901663]],[[-70.12601137161255,-8.758824136770514],[-70.12601137161255,-8.758569647472399],[-70.12519598007202,-8.758569647472399],[-70.12519598007202,-8.758845344204175],[-70.12491703033447,-8.758845344204175],[-70.12491703033447,-8.759375529652303],[-70.12547492980957,-8.759375529652303],[-70.12547492980957,-8.759099833313613],[-70.125732421875,-8.759099833313613],[-70.125732421875,-8.758824136770514],[-70.12601137161255,-8.758824136770514]],[[-70.12247085571289,-8.761008496082667],[-70.12247085571289,-8.760202617441934],[-70.12219190597534,-8.760202617441934],[-70.12219190597534,-8.75992692171647],[-70.12137651443481,-8.75992692171647],[-70.12137651443481,-8.760754008279562],[-70.12165546417236,-8.760754008279562],[-70.12165546417236,-8.761008496082667],[-70.12247085571289,-8.761008496082667]],[[-70.12084007263184,-8.761835580239676],[-70.12084007263184,-8.761008496082667],[-70.12056112289429,-8.761008496082667],[-70.12056112289429,-8.760754008279562],[-70.12084007263184,-8.760754008279562],[-70.12084007263184,-8.760202617441934],[-70.11920928955078,-8.760202617441934],[-70.11920928955078,-8.760478312962945],[-70.11893033981323,-8.760478312962945],[-70.11893033981323,-8.760754008279562],[-70.11920928955078,-8.760754008279562],[-70.11920928955078,-8.761029703391728],[-70.11946678161621,-8.761029703391728],[-70.11946678161621,-8.761284191006112],[-70.12002468109131,-8.761284191006112],[-70.12002468109131,-8.761835580239676],[-70.12084007263184,-8.761835580239676]]],[[[-70.19025564193726,-8.848287502545602],[-70.18718719482422,-8.84837231176165],[-70.18418312072754,-8.848393514062622],[-70.18420457839966,-8.846972957197679],[-70.18411874771118,-8.84644289726154],[-70.1840329170227,-8.845828026779472],[-70.18383979797363,-8.844979927877787],[-70.18343210220337,-8.8438349912618],[-70.18328189849854,-8.842753658966913],[-70.18336772918701,-8.841651120809146],[-70.18338918685913,-8.841481499261178],[-70.18392562866211,-8.8409726341486],[-70.18431186676025,-8.840463768333066],[-70.18452644348145,-8.839742873891169],[-70.18480300931175,-8.839954901814622],[-70.184805393219,-8.839954901814622],[-70.18577098846436,-8.84069699858577],[-70.18622159957886,-8.840993836875654],[-70.1867151260376,-8.841417891160532],[-70.18690824508667,-8.841651120809146],[-70.18718719482422,-8.84203276900648],[-70.18768072128296,-8.843347331992462],[-70.18766888331608,-8.843347331992462],[-70.18808841705322,-8.844492270124732],[-70.18913984298706,-8.846230873073381],[-70.18959045410156,-8.847184980958431],[-70.19025564193726,-8.848287502545602]]],[[[-70.18444061279297,-8.776828812285103],[-70.18416166305542,-8.776828812285103],[-70.18416166305542,-8.776553128899124],[-70.18444061279297,-8.776553128899124],[-70.18444061279297,-8.776828812285103]]],[[[-70.18416166305542,-8.777104495466304],[-70.18388271331787,-8.777104495466304],[-70.18388271331787,-8.776828812285103],[-70.18416166305542,-8.776828812285103],[-70.18416166305542,-8.777104495466304]]],[[[-70.18366813659668,-8.847015361959592],[-70.18364667892456,-8.84837231176165],[-70.18085718154907,-8.84832990715607],[-70.17834663391113,-8.848245097930231],[-70.17823934555054,-8.847757444502406],[-70.1781964302063,-8.847036564338708],[-70.17817497253418,-8.845425180044757],[-70.17826080322266,-8.84495872538021],[-70.17851829528809,-8.844322649885328],[-70.17905473709106,-8.84328372421409],[-70.17924785614014,-8.84307169820677],[-70.17952680587769,-8.842944482543786],[-70.18014907836914,-8.842732456341167],[-70.18182277679443,-8.84235080886883],[-70.18246650695801,-8.842117579663295],[-70.18280982971191,-8.841905552984628],[-70.18274545669556,-8.842753658966913],[-70.18289566040039,-8.84394100406098],[-70.18330335617065,-8.8451283453266],[-70.18349647521973,-8.845912836562192],[-70.18366813659668,-8.847015361959592]]],[[[-70.17778873443604,-8.84822389562072],[-70.17615795135498,-8.848139086370452],[-70.17641544342041,-8.84792706315929],[-70.17699480056763,-8.847163778587841],[-70.17744541168213,-8.846379290017907],[-70.1776385307312,-8.845912836562192],[-70.17765998840332,-8.847057766716631],[-70.17770290374756,-8.84784225384061],[-70.17778873443604,-8.84822389562072]]],[[[-70.16002178192139,-8.812347840862401],[-70.16000032424927,-8.813704918219372],[-70.15989303588867,-8.814616701769452],[-70.15952825546265,-8.816694711685102],[-70.15716791152954,-8.818984749889069],[-70.15585899353027,-8.81993892828315],[-70.15418529510498,-8.82097791973031],[-70.15339136123657,-8.82155042397224],[-70.1528549194336,-8.821910889150601],[-70.1522970199585,-8.82237737297659],[-70.15193223953247,-8.822843856213112],[-70.15103101730347,-8.824116080225465],[-70.14944314956665,-8.826215240258094],[-70.14834880828857,-8.827402638625074],[-70.14828443527222,-8.827593470149068],[-70.14832735061646,-8.827720691110216],[-70.14841318130493,-8.827826708544336],[-70.14856338500977,-8.82784791202748],[-70.14869213104248,-8.827826708544336],[-70.14985084533691,-8.826575700880568],[-70.15268325805664,-8.82275904112305],[-70.15317678451538,-8.822334965380406],[-70.15448570251465,-8.821423200884098],[-70.15615940093994,-8.820384210689923],[-70.15751123428345,-8.819408829479698],[-70.15942096710205,-8.817564079712284],[-70.15946388244629,-8.8212535700317],[-70.15952825546265,-8.821974500616136],[-70.15982866287231,-8.82369200604191],[-70.1598072052002,-8.825939593662113],[-70.15963554382324,-8.826596904435632],[-70.159592628479,-8.826724125740412],[-70.1590347290039,-8.827020975281002],[-70.15680313110352,-8.828696050354836],[-70.15470027923584,-8.830349914484245],[-70.15328407287598,-8.83160090934797],[-70.15266180038452,-8.832321819714878],[-70.15216827392578,-8.833381979458707],[-70.15188932418823,-8.834208901942645],[-70.15176057815552,-8.835057025640396],[-70.1516318321228,-8.835608304997493],[-70.15156745910645,-8.836308004532611],[-70.15146017074585,-8.836859282018665],[-70.15092372894287,-8.838364689414433],[-70.15098810195923,-8.838534312397442],[-70.15113830566406,-8.838619123859672],[-70.15133142471313,-8.838597920995937],[-70.15146017074585,-8.838449500915686],[-70.15197515487671,-8.837007702739385],[-70.15210390090942,-8.836371613515396],[-70.15216827392578,-8.835693117133104],[-70.1522970199585,-8.835163040965412],[-70.15240430831909,-8.834357323730615],[-70.15268325805664,-8.833572807888856],[-70.1530909538269,-8.832639867958093],[-70.15367031097412,-8.83198256795309],[-70.15504360198975,-8.830773981015184],[-70.1571249961853,-8.829120118787259],[-70.1592493057251,-8.827551063152256],[-70.1591420173645,-8.827763098087516],[-70.15871286392212,-8.828293184892473],[-70.15826225280762,-8.829226135819198],[-70.15798330307007,-8.829925847465717],[-70.15785455703735,-8.830561947810665],[-70.15785455703735,-8.831240453636],[-70.15796184539795,-8.83206738092278],[-70.15819787979126,-8.832979119115137],[-70.15866994857788,-8.83452694855798],[-70.15871286392212,-8.835120634839058],[-70.15871286392212,-8.835841538323464],[-70.15836954116821,-8.837898225808516],[-70.15832662582397,-8.838661529583476],[-70.15832662582397,-8.843347331992462],[-70.15832287074613,-8.843347331992462],[-70.15836954116821,-8.84396220661715],[-70.15854120254517,-8.845743216977212],[-70.15860557556152,-8.846124860933514],[-70.15371322631836,-8.845191952786351],[-70.14959335327148,-8.844280244813262],[-70.14652490615845,-8.843516952681128],[-70.14589768222149,-8.843347331992462],[-70.14588117599487,-8.843347331992462],[-70.14246940612793,-8.842414416808353],[-70.13991594314575,-8.841651120809146],[-70.13843536376953,-8.8411808747344],[-70.13843536376953,-8.841184661364267],[-70.13631105422974,-8.840506173844545],[-70.13613939285278,-8.839954901814622],[-70.13615715093954,-8.839954901814622],[-70.13613939285278,-8.839891293450407],[-70.13588190078735,-8.838703935302377],[-70.13558149337769,-8.836604846358341],[-70.13551712036133,-8.835608304997493],[-70.13553827581215,-8.83418680291699],[-70.13552325112498,-8.834142263564951],[-70.13543128967285,-8.833996870713335],[-70.13527283301772,-8.833938154351145],[-70.13522529601696,-8.833945983200582],[-70.13512611388973,-8.833982735293457],[-70.13507843017398,-8.834011006132927],[-70.13500213623047,-8.834124089465547],[-70.13498067855835,-8.835629508033236],[-70.1350450515747,-8.836647252313924],[-70.1351523399353,-8.837643790865485],[-70.13534545898438,-8.838809949578305],[-70.13568878173828,-8.840294146238364],[-70.13500213623047,-8.840060915730604],[-70.13500213623047,-8.8400581501175],[-70.1347017288208,-8.839954901814622],[-70.13474101901616,-8.839954901814622],[-70.13148307800293,-8.83878874672557],[-70.1270842552185,-8.837092514552978],[-70.12695550918579,-8.836732064210452],[-70.12661218643188,-8.836138380524858],[-70.12586116790771,-8.835502289800544],[-70.12532472610474,-8.835141837902839],[-70.12442350387573,-8.834378526838293],[-70.12107610702515,-8.831876551713506],[-70.11948823928833,-8.830646761107104],[-70.11905908584595,-8.830201491083216],[-70.11869430541992,-8.829713813773608],[-70.11852264404297,-8.829226135819198],[-70.11845827102661,-8.828102353730443],[-70.11837244033813,-8.827911522469691],[-70.11865139007568,-8.827911522469691],[-70.1203465461731,-8.82778430157434],[-70.12129068374634,-8.82765708063512],[-70.12262105941772,-8.827317824582735],[-70.1242733001709,-8.826660515093508],[-70.12545347213745,-8.826300054553883],[-70.12592554092407,-8.826215240258094],[-70.12646198272705,-8.826194036681102],[-70.12714862823486,-8.826257647408411],[-70.12783527374268,-8.82640607239621],[-70.1287579536438,-8.826724125740412],[-70.12961626052856,-8.826914957615344],[-70.1303243637085,-8.827020975281002],[-70.13113975524902,-8.827254214038177],[-70.13161182403564,-8.827466249144038],[-70.13201951980591,-8.82774189459947],[-70.13231992721558,-8.827996336375534],[-70.13266324996948,-8.828377998710593],[-70.13388633728027,-8.830159084386253],[-70.13455152511597,-8.830879997571728],[-70.13500213623047,-8.831306713868342],[-70.13500213623047,-8.831304063493135],[-70.13549601495669,-8.831654439143728],[-70.13586044311523,-8.831897754963862],[-70.13671875,-8.832258210033316],[-70.13940095901489,-8.833509198423101],[-70.14047384262085,-8.833806042502673],[-70.1416540145874,-8.833996870713335],[-70.14313459396362,-8.834145292586655],[-70.14330625534058,-8.834081683219694],[-70.14343500137329,-8.833933261320752],[-70.14339208602905,-8.833721229932905],[-70.14324188232422,-8.833615214193244],[-70.14171838760376,-8.833466792106506],[-70.14060258865356,-8.833275963621489],[-70.13959407806396,-8.833021525487823],[-70.13671875,-8.831685722405467],[-70.13611793518066,-8.831431283174467],[-70.13543128967285,-8.830964810795024],[-70.13500213623047,-8.830561947810665],[-70.13500213623047,-8.8305591821259],[-70.13493776321411,-8.830498337825532],[-70.13431549072266,-8.829819830634904],[-70.13309240341187,-8.828038743321144],[-70.1326847076416,-8.827614673645627],[-70.1323413848877,-8.827317824582735],[-70.1318907737732,-8.826999771750295],[-70.1313328742981,-8.82674532928695],[-70.13045310974121,-8.826490886648145],[-70.12972354888916,-8.82638486883019],[-70.12890815734863,-8.826194036681102],[-70.12796401977539,-8.825875982879964],[-70.12723445892334,-8.825727557678945],[-70.12650489807129,-8.825642743251578],[-70.1258397102356,-8.825663946860246],[-70.12532472610474,-8.825791168486703],[-70.12410163879395,-8.826151629523451],[-70.12244939804077,-8.826808939919232],[-70.12118339538574,-8.827126992916163],[-70.12030363082886,-8.827233010520885],[-70.11862993240356,-8.827381435116322],[-70.11794328689575,-8.827339028095153],[-70.11729955673218,-8.8272118070024],[-70.11635541915894,-8.826872550540557],[-70.11547565460205,-8.826618107989475],[-70.11451005935669,-8.82640607239621],[-70.11210680007935,-8.826194036681102],[-70.1109266281128,-8.825897186475231],[-70.11019706726074,-8.825536725189949],[-70.10966062545776,-8.825112652638794],[-70.10715007781982,-8.822716633570707],[-70.10607719421387,-8.821889685326312],[-70.10562658309937,-8.821592831658563],[-70.10491847991943,-8.821189958441948],[-70.10436058044434,-8.820935511973374],[-70.10382413864136,-8.820744677006886],[-70.10333061218262,-8.820490230231442],[-70.10294437408447,-8.820235783280665],[-70.10236501693726,-8.819493645339392],[-70.10204315185547,-8.818921137908475],[-70.1016354560852,-8.818475853737496],[-70.10120630264282,-8.818072977120181],[-70.10060548782349,-8.817648895995617],[-70.09963989257812,-8.817161202100422],[-70.09788036346436,-8.815804137438192],[-70.09571313858032,-8.814213820943351],[-70.09245157241821,-8.811160394087338],[-70.09283781051636,-8.811224007404135],[-70.0941252708435,-8.81149966498377],[-70.09612083435059,-8.811817731166357],[-70.09702205657959,-8.811817731166357],[-70.1001763343811,-8.81149966498377],[-70.10152816772461,-8.811330029574478],[-70.10245084762573,-8.811330029574478],[-70.10348081588745,-8.81143605171441],[-70.10429620742798,-8.811605687075044],[-70.10489702224731,-8.811881344370022],[-70.1054334640503,-8.812199410224153],[-70.10646343231201,-8.813132401817128],[-70.10736465454102,-8.814213820943351],[-70.10796546936035,-8.814637906011285],[-70.10916709899902,-8.815231624288629],[-70.10931730270386,-8.81525282849519],[-70.10946750640869,-8.815189215871882],[-70.10955333709717,-8.814998377936305],[-70.10953187942505,-8.814871152591166],[-70.10946750640869,-8.814786335670078],[-70.1082444190979,-8.814171412409792],[-70.1076865196228,-8.813789735388696],[-70.10687112808228,-8.812771928071783],[-70.1057767868042,-8.811796526762706],[-70.10515451431274,-8.811393642862086],[-70.10444641113281,-8.811096780759584],[-70.10358810424805,-8.81090594071064],[-70.10249376296997,-8.810778713956608],[-70.10148525238037,-8.810799918418667],[-70.10011196136475,-8.810969554071221],[-70.09700059890747,-8.81128762070999],[-70.0961422920227,-8.811266416275927],[-70.09421110153198,-8.810969554071221],[-70.09294509887695,-8.810693896096268],[-70.09208679199219,-8.81056666926925],[-70.09161472320557,-8.81056666926925],[-70.09124994277954,-8.81035462446026],[-70.09032726287842,-8.80944283039564],[-70.08946895599365,-8.808785489093594],[-70.08824586868286,-8.807661644805677],[-70.08790254592896,-8.80713152838996],[-70.08766651153564,-8.80626213582309],[-70.08751630783081,-8.806028883811095],[-70.08803129196167,-8.805965269600463],[-70.08869647979736,-8.805816836399813],[-70.08923292160034,-8.80562599362571],[-70.09015560150146,-8.8050534647126],[-70.09200096130371,-8.803759970201838],[-70.09376049041748,-8.803060208991184],[-70.09556293487549,-8.802254421715176],[-70.09612083435059,-8.802084782065037],[-70.09794473648071,-8.801660682599433],[-70.09891033172607,-8.801300197671509],[-70.09925365447998,-8.801066942531037],[-70.10032653808594,-8.800176330642287],[-70.10064840316772,-8.799582588192465],[-70.10094881057739,-8.798819203643149],[-70.10116338729858,-8.79814063827763],[-70.1011848449707,-8.796868324864846],[-70.10112047195435,-8.796316987694794],[-70.10090589523315,-8.795723239055079],[-70.1006269454956,-8.795171900180009],[-70.10030508041382,-8.794705382029179],[-70.09976863861084,-8.79417524705353],[-70.09850263595581,-8.793157385773114],[-70.09833097457886,-8.793136180300024],[-70.09820222854614,-8.79319979671564],[-70.09811639785767,-8.793348234976264],[-70.09813785552979,-8.793517878629842],[-70.09820222854614,-8.793602700427485],[-70.09942531585693,-8.794578149704236],[-70.09989738464355,-8.795044668015336],[-70.1001763343811,-8.795426364378187],[-70.1003909111023,-8.795935292249993],[-70.10060548782349,-8.796465424705957],[-70.10064840316772,-8.796889530124233],[-70.1006269454956,-8.798034612326902],[-70.10015487670898,-8.799370537086688],[-70.09989738464355,-8.799837049359013],[-70.09891033172607,-8.800642841898934],[-70.09867429733276,-8.800791277175449],[-70.09779453277588,-8.801151762599133],[-70.09597063064575,-8.801554657657093],[-70.09536981582642,-8.801745502531446],[-70.09352445602417,-8.802572495849546],[-70.0917649269104,-8.80327225798267],[-70.0898551940918,-8.80460816383416],[-70.08899688720703,-8.80513828386674],[-70.08856773376465,-8.805307922116725],[-70.08796691894531,-8.805435150753127],[-70.08749485015869,-8.805498765054935],[-70.08702278137207,-8.805477560288878],[-70.08676528930664,-8.805329126892488],[-70.08543491363525,-8.804820211938363],[-70.08442640304565,-8.804650573464741],[-70.08363246917725,-8.804586959017058],[-70.0827956199646,-8.80460816383416],[-70.08176565170288,-8.80475659751987],[-70.08092880249023,-8.80498985033421],[-70.0798773765564,-8.805095874292093],[-70.07959842681885,-8.805032259921006],[-70.07773160934448,-8.804523344558461],[-70.07738828659058,-8.8044809349133],[-70.07693767547607,-8.804035633345677],[-70.07545709609985,-8.802551290915773],[-70.0733757019043,-8.800367176227454],[-70.07457733154297,-8.800685251984007],[-70.07532835006714,-8.800685251984007],[-70.07597208023071,-8.800515611614529],[-70.07635831832886,-8.800282355979519],[-70.07683038711548,-8.799858254448324],[-70.07751703262329,-8.799031255064762],[-70.07818222045898,-8.79845871594759],[-70.0796627998352,-8.79735604552323],[-70.08015632629395,-8.796825914342463],[-70.08052110671997,-8.796359398275484],[-70.08082151412964,-8.796062524108635],[-70.08183002471924,-8.79534154299823],[-70.08283853530884,-8.79493864117805],[-70.0843620300293,-8.794238863290673],[-70.08579969406128,-8.793369440437203],[-70.08695840835571,-8.792987741954434],[-70.08753776550293,-8.792924125502395],[-70.08841753005981,-8.79269086508478],[-70.08906126022339,-8.792457604520294],[-70.09174346923828,-8.79124888833357],[-70.09255886077881,-8.790930804471074],[-70.09461879730225,-8.789849317296017],[-70.09472608566284,-8.78970087763345],[-70.09472608566284,-8.789531232232022],[-70.09466171264648,-8.789425203816677],[-70.09457588195801,-8.789361586752904],[-70.09438276290894,-8.789361586752904],[-70.0923228263855,-8.790443075351547],[-70.09152889251709,-8.790761159632765],[-70.0888466835022,-8.791969877410793],[-70.08824586868286,-8.792181932754687],[-70.08743047714233,-8.792393987977192],[-70.086829662323,-8.792457604520294],[-70.08558511734009,-8.792860509039429],[-70.08412599563599,-8.79377234396452],[-70.08262395858765,-8.794450917335567],[-70.08157253265381,-8.794875025061117],[-70.0806713104248,-8.795511185738732],[-70.08073568344116,-8.79375113852663],[-70.08092880249023,-8.792902920015962],[-70.08097171783447,-8.792097110631701],[-70.08118629455566,-8.791460944090161],[-70.08159399032593,-8.790337047197127],[-70.08176565170288,-8.78972208330319],[-70.08180856704712,-8.788725415514563],[-70.08176565170288,-8.78825888924571],[-70.08161544799805,-8.787834773946216],[-70.08137941360474,-8.787495481357183],[-70.08084297180176,-8.78705015936275],[-70.07949113845825,-8.786159513768837],[-70.07916927337646,-8.785862631428657],[-70.0788688659668,-8.785459719300988],[-70.07792472839355,-8.783360327972204],[-70.07732391357422,-8.782215200419358],[-70.07717370986938,-8.782087963806347],[-70.07698059082031,-8.782109169911536],[-70.0768518447876,-8.782236406517285],[-70.0768518447876,-8.782448467429873],[-70.07745265960693,-8.783593594262385],[-70.0784182548523,-8.785756601963826],[-70.0787615776062,-8.786223131382215],[-70.07916927337646,-8.786583630985206],[-70.08054256439209,-8.787495481357183],[-70.08099317550659,-8.787877185498004],[-70.0811219215393,-8.78808924318416],[-70.0812292098999,-8.788407329485878],[-70.08127212524414,-8.788746621240108],[-70.0812292098999,-8.789637260617013],[-70.08110046386719,-8.79014619644272],[-70.0806713104248,-8.791291299494588],[-70.08045673370361,-8.791969877410793],[-70.08039236068726,-8.792839303549357],[-70.08019924163818,-8.793666316762966],[-70.08013486862183,-8.794620560484077],[-70.08013486862183,-8.795977702874396],[-70.07974863052368,-8.796486629988408],[-70.0793194770813,-8.796953145895074],[-70.07783889770508,-8.798034612326902],[-70.07713079452515,-8.798649562418376],[-70.07646560668945,-8.79947656265476],[-70.07603645324707,-8.799837049359013],[-70.07575750350952,-8.800027895119115],[-70.07526397705078,-8.800133920498894],[-70.07459878921509,-8.800133920498894],[-70.07356882095337,-8.799858254448324],[-70.07273197174072,-8.799688613699786],[-70.06974935531616,-8.796401808851314],[-70.06726026535034,-8.793475467723738],[-70.06779670715332,-8.79199108295063],[-70.06818294525146,-8.791185271582918],[-70.06865501403809,-8.79042186972309],[-70.07007122039795,-8.789001089851936],[-70.07039308547974,-8.788513358192432],[-70.07103681564331,-8.787643921903111],[-70.07202386856079,-8.78679568941142],[-70.07322549819946,-8.785820219646354],[-70.07477045059204,-8.784272186272233],[-70.07534980773926,-8.783487564148686],[-70.07588624954224,-8.78249087959783],[-70.07590770721436,-8.782300024803803],[-70.07582187652588,-8.782172788219867],[-70.07569313049316,-8.782109169911536],[-70.07556438446045,-8.78213037601553],[-70.07545709609985,-8.782193994320224],[-70.07489919662476,-8.78321188571114],[-70.07436275482178,-8.78391168442164],[-70.07410526275635,-8.784187362338926],[-70.07286071777344,-8.7854173074726],[-70.07168054580688,-8.786371572437673],[-70.07062911987305,-8.787283423331331],[-70.06994247436523,-8.788216477737592],[-70.06964206695557,-8.78866179833068],[-70.0682258605957,-8.790082579502737],[-70.06771087646484,-8.790930804471074],[-70.06730318069458,-8.791757821945495],[-70.06685256958008,-8.793030152916387],[-70.0642991065979,-8.789828111633568],[-70.06211042404175,-8.776065380868388],[-70.06234645843506,-8.776129000213103],[-70.06281852722168,-8.776341064616702],[-70.06369829177856,-8.777168114632872],[-70.06408452987671,-8.777592242131306],[-70.06453514099121,-8.778249638795842],[-70.06481409072876,-8.778758590252309],[-70.06517887115479,-8.77922512847411],[-70.06558656692505,-8.77956442863055],[-70.0662088394165,-8.779755284832163],[-70.06685256958008,-8.77971287235141],[-70.0676679611206,-8.779458397365005],[-70.06826877593994,-8.779119097111575],[-70.06869792938232,-8.778949446868495],[-70.06925582885742,-8.778907034295614],[-70.06987810134888,-8.778907034295614],[-70.07043600082397,-8.778970653153124],[-70.0711441040039,-8.77922512847411],[-70.07131576538086,-8.779182715932734],[-70.07144451141357,-8.779034271999734],[-70.07144451141357,-8.778864621717872],[-70.07133722305298,-8.7787161776576],[-70.07058620452881,-8.778440495673834],[-70.069899559021,-8.778355670406839],[-70.0692343711853,-8.778355670406839],[-70.06854772567749,-8.778440495673834],[-70.06803274154663,-8.778631352453644],[-70.06745338439941,-8.778970653153124],[-70.06674528121948,-8.779182715932734],[-70.06627321243286,-8.779203922204019],[-70.06582260131836,-8.779076684558092],[-70.06556510925293,-8.778864621717872],[-70.06528615951538,-8.778482908300049],[-70.06498575210571,-8.77797395646543],[-70.06451368331909,-8.77727414655294],[-70.06408452987671,-8.776786399469827],[-70.06365537643433,-8.776362271050402],[-70.06309747695923,-8.77587452276883],[-70.06236791610718,-8.775556425718108],[-70.06202459335327,-8.775535219238378],[-70.05874156951904,-8.754794702435618],[-70.05777597427368,-8.748623221040745],[-70.05822658538818,-8.748580805007009],[-70.05833387374878,-8.748941341139712],[-70.0586986541748,-8.749619996442291],[-70.0591492652893,-8.750171402964696],[-70.05964279174805,-8.750659184976712],[-70.06039381027222,-8.751231797827387],[-70.06078004837036,-8.75165595492659],[-70.06114482879639,-8.75218615062083],[-70.06140232086182,-8.752589098843302],[-70.06160463607914,-8.753098085448045],[-70.06161689758301,-8.753098085448045],[-70.0618314743042,-8.753882771766357],[-70.06200313568115,-8.754794702435618],[-70.06230354309082,-8.755833876519901],[-70.06253957748413,-8.756533726818446],[-70.06271123886108,-8.756894255246237],[-70.06316184997559,-8.75750927352243],[-70.06376266479492,-8.757933423465218],[-70.06494283676147,-8.758463610213468],[-70.0658655166626,-8.759015003629813],[-70.06640195846558,-8.759460359253865],[-70.06691694259644,-8.759842092221348],[-70.06914854049683,-8.762620248123511],[-70.07030725479126,-8.763935093296581],[-70.07153034210205,-8.765589246745776],[-70.07301092147827,-8.767794773223258],[-70.07395505905151,-8.769724598149907],[-70.07498502731323,-8.772311820230271],[-70.07513523101807,-8.773075259366877],[-70.07526397705078,-8.77398714294479],[-70.07519960403442,-8.774771785160766],[-70.07502794265747,-8.775556425718108],[-70.07500648498535,-8.776171413103526],[-70.07504940032959,-8.776828812285103],[-70.07534980773926,-8.777443797562],[-70.07603645324707,-8.778504114611337],[-70.07670164108276,-8.779352366069133],[-70.07732391357422,-8.779924934706742],[-70.07843971252441,-8.780561121045409],[-70.07858991622925,-8.780582327237894],[-70.07869720458984,-8.780539914851687],[-70.07882595062256,-8.78037026525837],[-70.07880449295044,-8.780243028012464],[-70.0787615776062,-8.780136996940868],[-70.07762432098389,-8.779458397365005],[-70.07708787918091,-8.778970653153124],[-70.07648706436157,-8.778228432470002],[-70.07580041885376,-8.777146908245243],[-70.07556438446045,-8.77665916099491],[-70.07556438446045,-8.775620045150077],[-70.0757360458374,-8.774856611246932],[-70.07582187652588,-8.77396593637539],[-70.07567167282104,-8.77299043287367],[-70.07550001144409,-8.772184580221548],[-70.07444858551025,-8.769491323142063],[-70.07346153259277,-8.7675190831296],[-70.07195949554443,-8.76527114088509],[-70.07071495056152,-8.763595778858516],[-70.06955623626709,-8.762280932485126],[-70.06730318069458,-8.759460359253865],[-70.06616592407227,-8.758569647472399],[-70.06522178649902,-8.757975838432884],[-70.06402015686035,-8.757466858501559],[-70.06354808807373,-8.757127538160375],[-70.06316184997559,-8.756597349507558],[-70.06303310394287,-8.756321651109431],[-70.06281852722168,-8.755664215643193],[-70.06256103515625,-8.754794702435618],[-70.0621747970581,-8.753098085448045],[-70.06218994366357,-8.753098085448045],[-70.0621747970581,-8.753034462160514],[-70.06187438964844,-8.752313397475064],[-70.06120920181274,-8.751337837147503],[-70.06075859069824,-8.750828848135413],[-70.05998611450195,-8.750256234664874],[-70.05955696105957,-8.749810868023246],[-70.0591492652893,-8.749323084899643],[-70.05882740020752,-8.748729261103932],[-70.05878448486328,-8.74851718094736],[-70.07241010665894,-8.746968992144772],[-70.07264614105225,-8.747053824574621],[-70.07333278656006,-8.747075032679064],[-70.07374048233032,-8.746990200254046],[-70.07414817810059,-8.74677811910695],[-70.08981227874756,-8.745017840924831],[-70.08970499038696,-8.745335964103788],[-70.08925437927246,-8.746099458624641],[-70.08846044540405,-8.747181073183157],[-70.08803129196167,-8.747647651042413],[-70.08743047714233,-8.748177852445565],[-70.0862717628479,-8.748962549136635],[-70.08401870727539,-8.750298650507716],[-70.08361101150513,-8.750637977076437],[-70.08301019668579,-8.75165595492659],[-70.08234501671113,-8.753628254430362],[-70.08217334747314,-8.754158471971849],[-70.08206605911255,-8.754794702435618],[-70.08195877075195,-8.756427688979059],[-70.08180856704712,-8.757148745690756],[-70.08159399032593,-8.757763763546151],[-70.0813364982605,-8.758124290781652],[-70.08062839508057,-8.75873930702383],[-70.08060693740845,-8.758866551636615],[-70.08060693740845,-8.75897258878065],[-70.08069276809692,-8.759078625894475],[-70.08080005645752,-8.759142248148251],[-70.08090734481812,-8.759142248148251],[-70.08101463317871,-8.759099833313613],[-70.08172273635864,-8.758527232572462],[-70.08208751678467,-8.75799704591492],[-70.08232355117798,-8.757275990847731],[-70.08249521255493,-8.756491311686318],[-70.08260250091553,-8.754794702435618],[-70.082688331604,-8.754285718151635],[-70.08307456970215,-8.753098085448045],[-70.0830888741549,-8.753098085448045],[-70.08350372314453,-8.75186803329494],[-70.08404016494751,-8.750977303335844],[-70.08431911468506,-8.75072280867029],[-70.08655071258545,-8.749407916793132],[-70.08777379989624,-8.748602013024481],[-70.08841753005981,-8.7480293961288],[-70.08888959884644,-8.747520402593324],[-70.08972644805908,-8.746396372737834],[-70.0901985168457,-8.745569254262321],[-70.09039163589478,-8.744954216256446],[-70.10257959365845,-8.743575679105987],[-70.10296583175659,-8.744763342186047],[-70.10337352752686,-8.745526837880732],[-70.10339498519897,-8.745844960624922],[-70.10335206985474,-8.746205499406514],[-70.10324478149414,-8.746799327227095],[-70.10305166244507,-8.747265905564689],[-70.1024079322815,-8.748538388968456],[-70.10200023651123,-8.74908979709285],[-70.10105609893799,-8.750235026741635],[-70.099618434906,-8.751486292144904],[-70.09906053543091,-8.751804409797117],[-70.0983738899231,-8.752143734993098],[-70.0976014137268,-8.752440644285784],[-70.0971508026123,-8.752695137776698],[-70.09676456451416,-8.752992046629458],[-70.09642124176025,-8.753416201722487],[-70.09609937667847,-8.754073641161156],[-70.0959062576294,-8.754582625735239],[-70.09584188461304,-8.754794702435618],[-70.09560585021973,-8.756109575279538],[-70.09556293487549,-8.756491311686318],[-70.09556138831495,-8.756491311686318],[-70.09543418884277,-8.758484817667679],[-70.09564876556396,-8.762174896284591],[-70.09562730789185,-8.762747491408064],[-70.09517669677734,-8.763086806620564],[-70.09472608566284,-8.763532157366882],[-70.09315967559814,-8.764740963845455],[-70.09135723114014,-8.765589246745776],[-70.08970499038696,-8.766161836608774],[-70.0889539718628,-8.76633149269503],[-70.08674383163452,-8.766501148703796],[-70.08597135543823,-8.766840460488964],[-70.08552074432373,-8.767391841478897],[-70.0839114189148,-8.769894252609035],[-70.08320331573486,-8.770933384480088],[-70.08208751678467,-8.772163373549205],[-70.08097171783447,-8.773181292456115],[-70.08090734481812,-8.773266118905724],[-70.080885887146,-8.7733933585438],[-70.08095026016235,-8.773541804733071],[-70.08103609085083,-8.7736266311003],[-70.08118629455566,-8.773647837689097],[-70.0813364982605,-8.773584217919108],[-70.08247375488281,-8.772523886814568],[-70.08361101150513,-8.771293898939675],[-70.0843620300293,-8.770212354511017],[-70.08594989776611,-8.767709945523919],[-70.08629322052002,-8.767264599784625],[-70.08685111999512,-8.767031323231933],[-70.08751630783081,-8.766988909297524],[-70.08903980255127,-8.76686166746525],[-70.08983373641968,-8.766692011621089],[-70.09155035018921,-8.766098215556468],[-70.0934386253357,-8.76520751968026],[-70.09509086608887,-8.763935093296581],[-70.09528398513794,-8.763744228963276],[-70.09440422058105,-8.765610453793485],[-70.09225845336914,-8.768918738410747],[-70.09170055389404,-8.77004270019718],[-70.09159326553345,-8.770339595195509],[-70.08983373641968,-8.770975797964098],[-70.0891900062561,-8.771315105661685],[-70.0881814956665,-8.771951306758993],[-70.08785963058472,-8.772248200231374],[-70.08751630783081,-8.772735953277746],[-70.0866150856018,-8.774305241340357],[-70.08588552474976,-8.775535219238378],[-70.08459806442261,-8.777528623037455],[-70.08384704589844,-8.778822209135285],[-70.0831389427185,-8.780243028012464],[-70.08311748504639,-8.78037026525837],[-70.08318185806274,-8.780518708656771],[-70.08333206176758,-8.780603533429172],[-70.08348226547241,-8.780582327237894],[-70.08361101150513,-8.78049750246062],[-70.08431911468506,-8.779076684558092],[-70.08504867553711,-8.777825512048821],[-70.08635759353638,-8.775832109844487],[-70.08708715438843,-8.774580926396027],[-70.0879454612732,-8.773032846122689],[-70.08826732635498,-8.772608713414371],[-70.08854627609253,-8.772375440218283],[-70.09002685546875,-8.771484759394212],[-70.09148597717285,-8.770954591222704],[-70.09148597717285,-8.771696826450878],[-70.09163618087769,-8.77222699356264],[-70.09315967559814,-8.775365567356829],[-70.09339570999146,-8.77604417441772],[-70.09358882904053,-8.77727414655294],[-70.09358882904053,-8.778058781819666],[-70.09380340576172,-8.779394778591126],[-70.09401798248291,-8.780179409373133],[-70.09431838989258,-8.7807943890962],[-70.09472608566284,-8.781430573943652],[-70.09567022323608,-8.782406055257056],[-70.09678602218628,-8.783317915903666],[-70.09721517562866,-8.783763242381283],[-70.09820222854614,-8.785141630469823],[-70.09878158569336,-8.786456395871241],[-70.09897470474243,-8.787092571004308],[-70.0991678237915,-8.788237683492255],[-70.0991678237915,-8.788683004059848],[-70.09912490844727,-8.789170735496086],[-70.09899616241455,-8.78978570030506],[-70.09863138198853,-8.790549103475627],[-70.09865283966064,-8.790676337184465],[-70.098717212677,-8.790761159632765],[-70.09880304336548,-8.790824776456233],[-70.0989317893982,-8.790845982061626],[-70.09903907775879,-8.790803570849633],[-70.09912490844727,-8.790739954022513],[-70.09951114654541,-8.78997655124516],[-70.09966135025024,-8.789234352592615],[-70.09970426559448,-8.788725415514563],[-70.09970426559448,-8.78819527198172],[-70.09957551956177,-8.787431863962183],[-70.09948968887329,-8.786965336065052],[-70.09929656982422,-8.786265543118418],[-70.09867429733276,-8.78486595326207],[-70.09762287139893,-8.783445152094714],[-70.0971508026123,-8.782915001010721],[-70.09603500366211,-8.78202434548345],[-70.09554147720337,-8.781515398507537],[-70.0951337814331,-8.781091275494134],[-70.0947904586792,-8.780518708656771],[-70.09451150894165,-8.779967347163264],[-70.0943398475647,-8.779288747277064],[-70.0941252708435,-8.777995162805794],[-70.0941252708435,-8.777231733788554],[-70.09403944015503,-8.776510716052343],[-70.09391069412231,-8.775895729229177],[-70.09365320205688,-8.775153502395852],[-70.0923228263855,-8.772439060195381],[-70.09212970733643,-8.77201492680878],[-70.09202241897583,-8.771633206346579],[-70.09202241897583,-8.770763730495673],[-70.09219408035278,-8.77025476807735],[-70.09273052215576,-8.769194427465635],[-70.09485483169556,-8.765886145303412],[-70.09603500366211,-8.763383707177397],[-70.09646415710449,-8.764613721243393],[-70.09727954864502,-8.766289078680728],[-70.09749412536621,-8.76692528838683],[-70.09788036346436,-8.767646324736702],[-70.09830951690674,-8.768282532118548],[-70.0989317893982,-8.7689399452684],[-70.10043382644653,-8.769830632195934],[-70.10107755661011,-8.770148734152414],[-70.10152816772461,-8.77046683583643],[-70.10257959365845,-8.771442345968353],[-70.10311603546143,-8.772311820230271],[-70.10328769683838,-8.773202499070337],[-70.10328769683838,-8.773478184944949],[-70.1032018661499,-8.773796283776619],[-70.10300874710083,-8.774178002014835],[-70.10257959365845,-8.774814198206272],[-70.10120630264282,-8.776510716052343],[-70.10116338729858,-8.776701573824724],[-70.1012921333313,-8.776871225095562],[-70.10146379470825,-8.776913637901146],[-70.1016354560852,-8.776828812285103],[-70.10300874710083,-8.775132295893087],[-70.10345935821533,-8.77447489370654],[-70.10371685028076,-8.77396593637539],[-70.10382413864136,-8.7735630113267],[-70.10382413864136,-8.773160085840686],[-70.103759765625,-8.77271474663688],[-70.10363101959229,-8.772120960200851],[-70.10298728942871,-8.771060624917553],[-70.1018500328064,-8.77002149340251],[-70.10133504867554,-8.76968218452302],[-70.10071277618408,-8.769364082166945],[-70.0992751121521,-8.768515807885535],[-70.09873867034912,-8.767943221650484],[-70.09835243225098,-8.767370634532881],[-70.09800910949707,-8.766713218605844],[-70.09779453277588,-8.766098215556468],[-70.09695768356323,-8.764401650143142],[-70.0965929031372,-8.763320085649482],[-70.09618520736694,-8.762344554190918],[-70.09597063064575,-8.758484817667679],[-70.09610136344779,-8.756491311686318],[-70.09609937667847,-8.756491311686318],[-70.09612083435059,-8.756194405626019],[-70.09639978408813,-8.754794702435618],[-70.0965929031372,-8.754285718151635],[-70.09689331054688,-8.753691902273673],[-70.09712934494019,-8.753373786234931],[-70.09745121002197,-8.753140500967007],[-70.09783744812012,-8.752928423323823],[-70.09858846664429,-8.752631514420287],[-70.09931802749634,-8.752270981861813],[-70.09991884231567,-8.751931656781863],[-70.10144233703613,-8.750595561272263],[-70.10242938995361,-8.749429124763495],[-70.10288000106812,-8.748814093132737],[-70.10356664657593,-8.747477986433964],[-70.103759765625,-8.74694778403429],[-70.10390996932983,-8.74612066678344],[-70.10498285293579,-8.747287113657052],[-70.10547637939453,-8.747732483317648],[-70.10631322860718,-8.748877717141653],[-70.10699987411499,-8.750468313830751],[-70.10710716247559,-8.751337837147503],[-70.10704278945923,-8.752270981861813],[-70.10682478622617,-8.753098085448045],[-70.10682821273804,-8.753098085448045],[-70.10637760162354,-8.754794702435618],[-70.10581970214844,-8.756491311686318],[-70.10580539696845,-8.756491311686318],[-70.1057767868042,-8.756576141945729],[-70.1057767868042,-8.757360820928199],[-70.10586261749268,-8.758230328137358],[-70.10605573654175,-8.75897258878065],[-70.10648488998413,-8.760075373286341],[-70.10680675506592,-8.760690386301562],[-70.10732173919678,-8.761475056602592],[-70.10818004608154,-8.762683869771223],[-70.10899543762207,-8.763616986019969],[-70.1095962524414,-8.764104750399468],[-70.11101245880127,-8.765101484314698],[-70.1122784614563,-8.7659285593637],[-70.11279344558716,-8.766310285688476],[-70.11223554611206,-8.768176497630563],[-70.11212825775146,-8.7689399452684],[-70.11165618896484,-8.771018211443263],[-70.11146306991577,-8.771463552681894],[-70.11111974716187,-8.77201492680878],[-70.11028289794922,-8.77322370568335],[-70.10976791381836,-8.773859903510257],[-70.10873794555664,-8.775047469869932],[-70.10751485824585,-8.776277445308338],[-70.10691404342651,-8.777125701856377],[-70.10659217834473,-8.777507416670403],[-70.10603427886963,-8.778270845120474],[-70.10526180267334,-8.778949446868495],[-70.10468244552612,-8.779394778591126],[-70.10395288467407,-8.780115790722903],[-70.10335206985474,-8.781048863166134],[-70.10313749313354,-8.781727459832382],[-70.10281562805176,-8.785226454184823],[-70.10277271270752,-8.786456395871241],[-70.10270833969116,-8.787028953540144],[-70.10260105133057,-8.787474275560058],[-70.10195732116699,-8.78861938686866],[-70.10109901428223,-8.78970087763345],[-70.10105609893799,-8.789849317296017],[-70.10107755661011,-8.78997655124516],[-70.10116338729858,-8.790082579502737],[-70.1012921333313,-8.790124990797267],[-70.10142087936401,-8.790103785150592],[-70.10152816772461,-8.790040168203333],[-70.1024079322815,-8.788916267000744],[-70.10311603546143,-8.787622716114484],[-70.10324478149414,-8.787113776823276],[-70.1033091545105,-8.786498807580742],[-70.10337352752686,-8.78526886603504],[-70.10367393493652,-8.781812284328367],[-70.10384559631348,-8.781282130910185],[-70.10436058044434,-8.780476296263274],[-70.10502576828003,-8.779797697308098],[-70.10562658309937,-8.779373572330726],[-70.10644197463989,-8.778631352453644],[-70.10702133178711,-8.777846718397683],[-70.1073431968689,-8.777465003932676],[-70.10792255401611,-8.776616748160222],[-70.1091456413269,-8.775429186821498],[-70.11019706726074,-8.774220415128198],[-70.11073350906372,-8.773541804733071],[-70.11154890060425,-8.772311820230271],[-70.11193513870239,-8.771718033149881],[-70.1121711730957,-8.771187865311433],[-70.11266469955444,-8.769045979538447],[-70.11277198791504,-8.768303739012495],[-70.11320114135742,-8.76686166746525],[-70.11375904083252,-8.767837187065652],[-70.11412382125854,-8.768600635400858],[-70.11466026306152,-8.769979079809545],[-70.11496067047119,-8.77154837952392],[-70.11536836624146,-8.774135588896655],[-70.11556148529053,-8.774941437313714],[-70.11667728424072,-8.777146908245243],[-70.11753559112549,-8.778504114611337],[-70.1183295249939,-8.779670459865798],[-70.11893033981323,-8.780349059053734],[-70.11998176574707,-8.78187590268763],[-70.11976718902588,-8.78249087959783],[-70.11927366256714,-8.783529976197798],[-70.11798620223999,-8.784971982981617],[-70.11751413345337,-8.785396101556586],[-70.11618375778198,-8.786095896144516],[-70.11476755142212,-8.78673207189631],[-70.11148452758789,-8.78847094671346],[-70.10963916778564,-8.789361586752904],[-70.10893106460571,-8.790061373853646],[-70.10815858840942,-8.79114286040975],[-70.10794401168823,-8.791672999725392],[-70.10785818099976,-8.793114974825727],[-70.1076865196228,-8.793984398276535],[-70.10738611221313,-8.794684176644722],[-70.10708570480347,-8.795171900180009],[-70.10541200637817,-8.79729242982161],[-70.10451078414917,-8.798310279735617],[-70.10444641113281,-8.79847992111587],[-70.10451078414917,-8.798649562418376],[-70.10470390319824,-8.79875558819296],[-70.10481119155884,-8.798734383040482],[-70.10491847991943,-8.798649562418376],[-70.10581970214844,-8.797631713437227],[-70.10751485824585,-8.795489980400419],[-70.10785818099976,-8.79495984654794],[-70.10822296142578,-8.794111630805446],[-70.10839462280273,-8.793178591244981],[-70.10845899581909,-8.791821438597836],[-70.10863065719604,-8.791418532948555],[-70.10933876037598,-8.79042186972309],[-70.10993957519531,-8.789828111633568],[-70.1117205619812,-8.78895867842877],[-70.11500358581543,-8.787219805899909],[-70.1164197921753,-8.786583630985206],[-70.11783599853516,-8.785820219646354],[-70.11837244033813,-8.785353689720921],[-70.11972427368164,-8.783848066411608],[-70.12030363082886,-8.782575703919221],[-70.12045383453369,-8.78297861918081],[-70.12045383453369,-8.78406012640255],[-70.12032508850098,-8.784759923512198],[-70.11950969696045,-8.787580304533563],[-70.11914491653442,-8.78929796967823],[-70.11862993240356,-8.791164065996938],[-70.1185655593872,-8.791757821945495],[-70.11854410171509,-8.79281809805805],[-70.1182222366333,-8.794981051916608],[-70.11826515197754,-8.795744444380034],[-70.11828660964966,-8.795956497562798],[-70.11807203292847,-8.796147345323448],[-70.1177716255188,-8.796677477475825],[-70.11742830276489,-8.797101582651194],[-70.11695623397827,-8.79778014992128],[-70.11423110961914,-8.79875558819296],[-70.11041164398193,-8.800748867102527],[-70.1098108291626,-8.800897302336509],[-70.10897397994995,-8.800897302336509],[-70.10820150375366,-8.800833687243511],[-70.10706424713135,-8.800833687243511],[-70.1066780090332,-8.800791277175449],[-70.10631322860718,-8.800685251984007],[-70.10558366775513,-8.800367176227454],[-70.10545492172241,-8.800388381286396],[-70.10534763336182,-8.800473201510002],[-70.10528326034546,-8.800600431808988],[-70.10530471801758,-8.800727662064219],[-70.10536909103394,-8.800833687243511],[-70.10564804077148,-8.8010033274672],[-70.10614156723022,-8.801194172625898],[-70.10659217834473,-8.801321402677004],[-70.10704278945923,-8.801363812684329],[-70.10818004608154,-8.801363812684329],[-70.10895252227783,-8.80144863268437],[-70.10989665985107,-8.801427427686178],[-70.11062622070312,-8.801236582647789],[-70.11444568634033,-8.7992433063649],[-70.11635541915894,-8.79856474177683],[-70.11611938476562,-8.799073665334504],[-70.11588335037231,-8.799985484958711],[-70.11526107788086,-8.801851527419103],[-70.11502504348755,-8.802996594270027],[-70.11481046676636,-8.80473539271128],[-70.11472463607788,-8.805816836399813],[-70.1142954826355,-8.80931560313806],[-70.11416673660278,-8.809803307387654],[-70.1137375831604,-8.812729519372752],[-70.11371612548828,-8.81353528382229],[-70.11375904083252,-8.81491356104442],[-70.11378049850464,-8.814998377936305],[-70.11388778686523,-8.81510439902381],[-70.11397361755371,-8.815125603237647],[-70.11410236358643,-8.815125603237647],[-70.11423110961914,-8.815040786374965],[-70.1142954826355,-8.81491356104442],[-70.11425256729126,-8.81353528382229],[-70.11427402496338,-8.812771928071783],[-70.11470317840576,-8.809909329965464],[-70.11483192443848,-8.809400421314649],[-70.11526107788086,-8.805880450635954],[-70.11534690856934,-8.804777802327251],[-70.11556148529053,-8.803081413895796],[-70.11579751968384,-8.8019787572442],[-70.11639833450317,-8.800133920498894],[-70.11663436889648,-8.7992433063649],[-70.11691331863403,-8.798670767575729],[-70.11727809906006,-8.79826786937842],[-70.11785745620728,-8.797419661213908],[-70.1182222366333,-8.796974351149586],[-70.11843681335449,-8.796635066931557],[-70.11850118637085,-8.796889530124233],[-70.11931657791138,-8.799052460200244],[-70.11955261230469,-8.799837049359013],[-70.11987447738647,-8.800515611614529],[-70.12026071548462,-8.801045737510975],[-70.12051820755005,-8.80127899266482],[-70.12049674987793,-8.801703092567877],[-70.120689868927,-8.802996594270027],[-70.120689868927,-8.803844789652587],[-70.12062549591064,-8.804459730088908],[-70.12019634246826,-8.80677104879318],[-70.12021780014038,-8.807682849446493],[-70.12028217315674,-8.80846742030208],[-70.12045383453369,-8.809103557611493],[-70.12062549591064,-8.809548853076834],[-70.12148380279541,-8.810693896096268],[-70.12223482131958,-8.812135797075229],[-70.12257814407349,-8.813068788828787],[-70.12283563613892,-8.813620101030551],[-70.12324333190918,-8.814065391054598],[-70.12386560440063,-8.814616701769452],[-70.12474536895752,-8.814998377936305],[-70.12571096420288,-8.815507278878798],[-70.12798547744751,-8.81629183312505],[-70.12963771820068,-8.817139998003427],[-70.13041019439697,-8.817627691926603],[-70.13086080551147,-8.817860936618771],[-70.1313328742981,-8.81822140539876],[-70.13249158859253,-8.819557257221376],[-70.13375759124756,-8.821508016281072],[-70.13502560619887,-8.823274558296186],[-70.13508622709115,-8.823346442506033],[-70.13579607009888,-8.82388283948481],[-70.13671875,-8.824455339221487],[-70.13843536376953,-8.825409503475768],[-70.13843536376953,-8.825439446685337],[-70.13952970504761,-8.826066815193542],[-70.13989448547363,-8.8264484795246],[-70.14010906219482,-8.826490886648145],[-70.14025926589966,-8.826363665262932],[-70.1403021812439,-8.826215240258094],[-70.14025926589966,-8.826088018777838],[-70.1398515701294,-8.825621539641688],[-70.13671875,-8.823819228348142],[-70.13609647750854,-8.823437561297908],[-70.13547420501709,-8.822971078811662],[-70.13500213623047,-8.822334965380406],[-70.13500213623047,-8.822314838758857],[-70.13420820236206,-8.821211162306412],[-70.13292074203491,-8.819239197701904],[-70.13219118118286,-8.818369833617652],[-70.131676197052,-8.817818528503878],[-70.13113975524902,-8.817415651169568],[-70.13068914413452,-8.817182406196224],[-70.12989521026611,-8.816673507561319],[-70.12822151184082,-8.815804137438192],[-70.12592554092407,-8.815019582156253],[-70.12498140335083,-8.814510680542014],[-70.12414455413818,-8.814171412409792],[-70.1236081123352,-8.813683713923993],[-70.12330770492554,-8.813323240716429],[-70.12307167053223,-8.812856745455264],[-70.12272834777832,-8.811923753166397],[-70.12195587158203,-8.810439442398462],[-70.12109756469727,-8.809294398590879],[-70.12096881866455,-8.808955125670522],[-70.12081861495972,-8.808382601911461],[-70.12075424194336,-8.807640440163652],[-70.12073278427124,-8.806792253485085],[-70.12116193771362,-8.804544549379202],[-70.12122631072998,-8.803865994512236],[-70.12122631072998,-8.802975389360554],[-70.12103319168091,-8.801724297550265],[-70.12146234512329,-8.802042372140349],[-70.12221336364746,-8.802466471168472],[-70.12392997741699,-8.802996594270027],[-70.12603282928467,-8.803378282432831],[-70.12854337692261,-8.803717560469181],[-70.1291012763977,-8.803823584791715],[-70.12993812561035,-8.804141657577063],[-70.13107538223267,-8.80490503114602],[-70.13347864151001,-8.806410568845038],[-70.1343584060669,-8.806834662865214],[-70.13352155685425,-8.806834662865214],[-70.13352155685425,-8.806559001807415],[-70.1318907737732,-8.806559001807415],[-70.1318907737732,-8.806834662865214],[-70.1313328742981,-8.806834662865214],[-70.1313328742981,-8.806559001807415],[-70.13051748275757,-8.806559001807415],[-70.13051748275757,-8.807385984364345],[-70.13079643249512,-8.807385984364345],[-70.13079643249512,-8.807916100415298],[-70.13161182403564,-8.807916100415298],[-70.13161182403564,-8.80819176046144],[-70.1318907737732,-8.80819176046144],[-70.1318907737732,-8.80846742030208],[-70.13216972351074,-8.80846742030208],[-70.13216972351074,-8.80819176046144],[-70.13242721557617,-8.80819176046144],[-70.13242721557617,-8.807916100415298],[-70.13270616531372,-8.807916100415298],[-70.13270616531372,-8.807640440163652],[-70.1338005065918,-8.807640440163652],[-70.1338005065918,-8.807916100415298],[-70.13489484786987,-8.807916100415298],[-70.13489484786987,-8.807089119043866],[-70.13461589813232,-8.807089119043866],[-70.13461589813232,-8.806919481610876],[-70.13500213623047,-8.80708306055942],[-70.13500213623047,-8.807067914369],[-70.13594627380371,-8.807322370387169],[-70.13671875,-8.807492007635332],[-70.13695478439331,-8.807534416935212],[-70.13753414154053,-8.808827898245127],[-70.13815641403198,-8.811181598527483],[-70.13824224472046,-8.812029775136011],[-70.13826370239258,-8.812559884527928],[-70.1381778717041,-8.813514079517162],[-70.13809204101562,-8.81404418677991],[-70.13710498809814,-8.816970365183536],[-70.13691186904907,-8.817606487856395],[-70.13671875,-8.818391037644048],[-70.13667583465576,-8.818815117916458],[-70.13665437698364,-8.819578461179617],[-70.13671875,-8.820256987199912],[-70.13674020767212,-8.820426618510183],[-70.13693332672119,-8.820999123606953],[-70.13731956481934,-8.821953296795513],[-70.13746976852417,-8.822101723514308],[-70.13768434524536,-8.82208051970099],[-70.13779163360596,-8.821974500616136],[-70.1378345489502,-8.821804870017033],[-70.13742685317993,-8.820808288673334],[-70.13725519180298,-8.82029939503478],[-70.13719081878662,-8.819578461179617],[-70.13721227645874,-8.818836321917303],[-70.13725519180298,-8.818433445693216],[-70.13742685317993,-8.817754916322414],[-70.13843536376953,-8.814680314491312],[-70.13843536376953,-8.814692649342536],[-70.13860702514648,-8.814171412409792],[-70.13871431350708,-8.81357769242885],[-70.13880014419556,-8.812559884527928],[-70.13880014419556,-8.812008570744524],[-70.13869285583496,-8.811096780759584],[-70.13849973678589,-8.810248602010148],[-70.13843536376953,-8.810021410524387],[-70.13843536376953,-8.810036557018705],[-70.13804912567139,-8.808658261609821],[-70.137619972229,-8.807704054086116],[-70.13802766799927,-8.807852486529313],[-70.13940095901489,-8.80846742030208],[-70.14021635055542,-8.808594647851521],[-70.1413106918335,-8.808700670775934],[-70.14180421829224,-8.808679466193496],[-70.14234066009521,-8.808764284516002],[-70.14281272888184,-8.809082353052133],[-70.14304876327515,-8.80925198949285],[-70.14330625534058,-8.80963367119989],[-70.14373540878296,-8.810418237915727],[-70.14427185058594,-8.813153606144141],[-70.14491558074951,-8.814553089036636],[-70.14497995376587,-8.815570891447322],[-70.14470100402832,-8.816715915807663],[-70.1445722579956,-8.817521671563298],[-70.1445722579956,-8.818751505906661],[-70.14476537704468,-8.81966327700033],[-70.14517307281494,-8.821232366169681],[-70.1452374458313,-8.821995704435537],[-70.14517307281494,-8.822822652442426],[-70.14502286911011,-8.823564783691836],[-70.14465808868408,-8.824858208874204],[-70.14435768127441,-8.826936161150911],[-70.14401435852051,-8.828377998710593],[-70.14352083206177,-8.830201491083216],[-70.14354228973389,-8.830349914484245],[-70.14364957809448,-8.830455931162689],[-70.14379978179932,-8.830498337825532],[-70.14394998550415,-8.830455931162689],[-70.14405727386475,-8.830307507804335],[-70.14452934265137,-8.828505219401194],[-70.14487266540527,-8.827042178810473],[-70.14519453048706,-8.824964227130764],[-70.14553785324097,-8.823713209762658],[-70.14570951461792,-8.822907467517865],[-70.14577388763428,-8.821995704435537],[-70.14570951461792,-8.821126346841254],[-70.14528036117554,-8.819557257221376],[-70.1451301574707,-8.818709097894015],[-70.14510869979858,-8.81758528378495],[-70.1452374458313,-8.816821936402249],[-70.14551639556885,-8.81563450400489],[-70.14543056488037,-8.814447067790951],[-70.1447868347168,-8.812983971493978],[-70.1442289352417,-8.810248602010148],[-70.1437783241272,-8.809336807684033],[-70.14343500137329,-8.808891511963296],[-70.14313459396362,-8.808637057024939],[-70.1425552368164,-8.808276578895828],[-70.1418685913086,-8.808149351236949],[-70.14133214950562,-8.808149351236949],[-70.13952970504761,-8.80793730504152],[-70.13843536376953,-8.807440907833342],[-70.13843536376953,-8.807449598330578],[-70.13746976852417,-8.807067914369],[-70.13671875,-8.806940686294269],[-70.1360535621643,-8.806792253485085],[-70.13521671295166,-8.80658020651147],[-70.13437986373901,-8.80626213582309],[-70.13375759124756,-8.805944064861166],[-70.13135433197021,-8.804459730088908],[-70.1302170753479,-8.803675150731635],[-70.12927293777466,-8.803314667766372],[-70.12862920761108,-8.803187438400656],[-70.12611865997314,-8.802848159878167],[-70.1240587234497,-8.802466471168472],[-70.12244939804077,-8.8019787572442],[-70.12176275253296,-8.801597067637687],[-70.1211404800415,-8.801109352567508],[-70.12066841125488,-8.800685251984007],[-70.12032508850098,-8.80021874078082],[-70.12004613876343,-8.799624998399025],[-70.11981010437012,-8.798882819082394],[-70.11899471282959,-8.796719888015218],[-70.11880159378052,-8.79568082840153],[-70.1187801361084,-8.795023462650306],[-70.11908054351807,-8.792860509039429],[-70.11910200119019,-8.791779027497483],[-70.11916637420654,-8.791270093914676],[-70.1196813583374,-8.789425203816677],[-70.12004613876343,-8.787707539261731],[-70.12086153030396,-8.784887159208395],[-70.12099027633667,-8.78408133239499],[-70.12099027633667,-8.78289379495159],[-70.1207971572876,-8.782321230896883],[-70.12049674987793,-8.781685047577113],[-70.11935949325562,-8.780009759614941],[-70.11875867843628,-8.779331159806318],[-70.11798620223999,-8.778207226142953],[-70.11714935302734,-8.776871225095562],[-70.11607646942139,-8.774750578636187],[-70.11590480804443,-8.774029556079952],[-70.11549711227417,-8.771463552681894],[-70.11517524719238,-8.769830632195934],[-70.11461734771729,-8.768388566576249],[-70.11423110961914,-8.767603910872523],[-70.11378049850464,-8.766776839552847],[-70.11446714401245,-8.766988909297524],[-70.11513233184814,-8.767073737161496],[-70.11601209640503,-8.767116151086213],[-70.11695623397827,-8.767349427585643],[-70.11781454086304,-8.767688738596064],[-70.11860847473145,-8.768282532118548],[-70.11884450912476,-8.768537014766196],[-70.11901617050171,-8.768855117830569],[-70.11927366256714,-8.769512529967017],[-70.12002468109131,-8.77201492680878],[-70.12038946151733,-8.772757159917404],[-70.120689868927,-8.77322370568335],[-70.12161254882812,-8.774135588896655],[-70.12234210968018,-8.774750578636187],[-70.12347936630249,-8.775832109844487],[-70.12412309646606,-8.776319858181793],[-70.12564659118652,-8.777189321019321],[-70.12641906738281,-8.777549829403284],[-70.12710571289062,-8.777698273930184],[-70.12813568115234,-8.777613448493511],[-70.12880086898804,-8.777443797562],[-70.12895107269287,-8.777677067572839],[-70.1293158531189,-8.778907034295614],[-70.13004541397095,-8.782109169911536],[-70.13036727905273,-8.782999825235095],[-70.13073205947876,-8.7836996243458],[-70.13221263885498,-8.78681689524737],[-70.13322114944458,-8.789149529794813],[-70.13407945632935,-8.791757821945495],[-70.13455152511597,-8.79252122105244],[-70.13487339019775,-8.792881714528306],[-70.13545274734497,-8.793263413120329],[-70.13618230819702,-8.793454262268853],[-70.13671875,-8.793560289531086],[-70.13736248016357,-8.79375113852663],[-70.13770580291748,-8.793963192850782],[-70.13811349868774,-8.794387301134847],[-70.13837099075317,-8.79485381968638],[-70.13849973678589,-8.795299132300954],[-70.13856410980225,-8.796147345323448],[-70.1386284828186,-8.798670767575729],[-70.13869285583496,-8.799582588192465],[-70.13882160186768,-8.800239945848276],[-70.13920783996582,-8.801024532489706],[-70.14025926589966,-8.802360446457016],[-70.14079570770264,-8.80295418444986],[-70.14143943786621,-8.803505511732936],[-70.1418685913086,-8.803759970201838],[-70.14234066009521,-8.803972018792237],[-70.14298439025879,-8.804035633345677],[-70.14315605163574,-8.804014428495748],[-70.14324188232422,-8.803950813938684],[-70.14328479766846,-8.80380237992965],[-70.14328479766846,-8.80369635560102],[-70.1432204246521,-8.803590331242006],[-70.14307022094727,-8.803505511732936],[-70.14249086380005,-8.803463101971076],[-70.14212608337402,-8.803293462875118],[-70.14178276062012,-8.803081413895796],[-70.14118194580078,-8.802551290915773],[-70.14066696166992,-8.8019999622108],[-70.13965845108032,-8.800727662064219],[-70.13933658599854,-8.800070305274673],[-70.13922929763794,-8.799518972873472],[-70.13916492462158,-8.798649562418376],[-70.13910055160522,-8.79612614002157],[-70.13903617858887,-8.795235516245938],[-70.13886451721191,-8.794641765872171],[-70.13856410980225,-8.79406921996734],[-70.13843536376953,-8.793936898046342],[-70.13843536376953,-8.793941987423835],[-70.13810430101951,-8.79359664011272],[-70.13804729394936,-8.793538049685699],[-70.13759851455688,-8.793284618586142],[-70.13699769973755,-8.793072563873494],[-70.13671875,-8.793008947436022],[-70.13564586639404,-8.792754481576878],[-70.13519525527954,-8.792457604520294],[-70.13498067855835,-8.792203138282403],[-70.13457298278809,-8.791545766358823],[-70.13371467590332,-8.78895867842877],[-70.13270616531372,-8.786583630985206],[-70.1312255859375,-8.783466358122297],[-70.13086080551147,-8.782787764637789],[-70.1305603981018,-8.781960727149666],[-70.12983083724976,-8.778758590252309],[-70.12944459915161,-8.777486210302158],[-70.12938022613525,-8.777337765690433],[-70.13030290603638,-8.777337765690433],[-70.130774974823,-8.777422591190117],[-70.13184785842896,-8.777761892994945],[-70.13229846954346,-8.778016369144964],[-70.13296365737915,-8.778482908300049],[-70.13339281082153,-8.77884341542719],[-70.13399362564087,-8.779670459865798],[-70.13468027114868,-8.780158203157598],[-70.13534545898438,-8.780285440432607],[-70.1361608505249,-8.780285440432607],[-70.13671875,-8.780243028012464],[-70.13689041137695,-8.78020061558746],[-70.13843536376953,-8.779734078592398],[-70.13843536376953,-8.779743007515748],[-70.13864994049072,-8.779670459865798],[-70.13935804367065,-8.779606841128285],[-70.14002323150635,-8.779670459865798],[-70.14055967330933,-8.779797697308098],[-70.14113903045654,-8.780158203157598],[-70.14242649078369,-8.781197306292952],[-70.14349937438965,-8.782342436988742],[-70.14528036117554,-8.784123744376203],[-70.14618158340454,-8.784908365153527],[-70.14776945114136,-8.786435190014672],[-70.14920711517334,-8.787686333476728],[-70.14948606491089,-8.787877185498004],[-70.15092372894287,-8.789128324092331],[-70.15085935592651,-8.789319175371006],[-70.15064477920532,-8.790633925953045],[-70.1502799987793,-8.791842644146186],[-70.14779090881348,-8.796677477475825],[-70.14734029769897,-8.797589303002283],[-70.146803855896,-8.798373895262316],[-70.14532327651978,-8.799561383087337],[-70.14506578445435,-8.799837049359013],[-70.14491558074951,-8.800261150914508],[-70.14482975006104,-8.800706457024717],[-70.14482975006104,-8.801300197671509],[-70.14491558074951,-8.802508881044545],[-70.14504432678223,-8.803314667766372],[-70.1451301574707,-8.80348430685261],[-70.14525890350342,-8.803526716612026],[-70.14540910720825,-8.803505511732936],[-70.14551639556885,-8.803420692204398],[-70.14555931091309,-8.803293462875118],[-70.14545202255249,-8.802424061287539],[-70.14536619186401,-8.801257787656922],[-70.14536619186401,-8.800770072139585],[-70.14543056488037,-8.800409586344117],[-70.14555931091309,-8.800091510350626],[-70.14719009399414,-8.79875558819296],[-70.14783382415771,-8.797843765539085],[-70.1482629776001,-8.796910735382397],[-70.15079498291016,-8.792054699562925],[-70.1511812210083,-8.790761159632765],[-70.15137434005737,-8.789552437911453],[-70.15146017074585,-8.789658466290376],[-70.15306949615479,-8.792224343808911],[-70.15371322631836,-8.793008947436022],[-70.15424966812134,-8.793539084081075],[-70.1548719406128,-8.794026809124347],[-70.15575170516968,-8.794981051916608],[-70.15568733215332,-8.795383953690632],[-70.15540838241577,-8.796232166518848],[-70.15512943267822,-8.796783503815206],[-70.15482902526855,-8.797483276893658],[-70.15446424484253,-8.798077022710842],[-70.15304803848267,-8.799264511488232],[-70.1525330543518,-8.799900664623323],[-70.15195369720459,-8.800515611614529],[-70.1517391204834,-8.800812482210091],[-70.15122413635254,-8.800812482210091],[-70.15122413635254,-8.801088147549876],[-70.15068769454956,-8.801088147549876],[-70.15068769454956,-8.801342607681264],[-70.15096664428711,-8.801342607681264],[-70.15096664428711,-8.801618272626158],[-70.15124559402466,-8.801618272626158],[-70.15124559402466,-8.801724297550265],[-70.15085935592651,-8.80286936479493],[-70.15021562576294,-8.80460816383416],[-70.1500654220581,-8.805392741212529],[-70.1500654220581,-8.805986474338553],[-70.15008687973022,-8.806474182979073],[-70.15025854110718,-8.807004300337098],[-70.15088081359863,-8.808234169681072],[-70.15167474746704,-8.810078966026737],[-70.15182495117188,-8.810227397516485],[-70.15197515487671,-8.810248602010148],[-70.15210390090942,-8.810184988525492],[-70.1521897315979,-8.810057761523339],[-70.1521897315979,-8.809909329965464],[-70.15137434005737,-8.80800091891291],[-70.15075206756592,-8.806792253485085],[-70.1506233215332,-8.806389364131263],[-70.15060186386108,-8.805965269600463],[-70.1506233215332,-8.805435150753127],[-70.1507306098938,-8.80475659751987],[-70.15137434005737,-8.803039004085349],[-70.15167474746704,-8.802063577103297],[-70.1517391204834,-8.801893937365662],[-70.15178203582764,-8.801893937365662],[-70.15178203582764,-8.801809117467684],[-70.15186786651611,-8.801618272626158],[-70.15206098556519,-8.801618272626158],[-70.15206098556519,-8.801300197671509],[-70.15236139297485,-8.800876097306727],[-70.15294075012207,-8.800261150914508],[-70.15343427658081,-8.799646203500487],[-70.15489339828491,-8.79841630560739],[-70.1553225517273,-8.797737739503333],[-70.15560150146484,-8.797016761654987],[-70.15590190887451,-8.796465424705957],[-70.15620231628418,-8.795553596411722],[-70.15635251998901,-8.79580806034761],[-70.15676021575928,-8.796656272204302],[-70.15727519989014,-8.797949791544468],[-70.15753269195557,-8.79869197273186],[-70.15774726867676,-8.799731023894196],[-70.15791893005371,-8.800939712392449],[-70.15783309936523,-8.8019999622108],[-70.15785455703735,-8.80295418444986],[-70.15796184539795,-8.803950813938684],[-70.1585841178894,-8.806389364131263],[-70.15912055969238,-8.807852486529313],[-70.159592628479,-8.809591262140799],[-70.15997886657715,-8.811648095903038],[-70.16002178192139,-8.812347840862401]],[[-70.13410091400146,-8.817139998003427],[-70.13410091400146,-8.816864344631568],[-70.13382196426392,-8.816864344631568],[-70.13382196426392,-8.816588691054008],[-70.13328552246094,-8.816588691054008],[-70.13328552246094,-8.81633424141522],[-70.13300657272339,-8.81633424141522],[-70.13300657272339,-8.816609895182665],[-70.13272762298584,-8.816609895182665],[-70.13272762298584,-8.816864344631568],[-70.13300657272339,-8.816864344631568],[-70.13300657272339,-8.817139998003427],[-70.13328552246094,-8.817139998003427],[-70.13328552246094,-8.817415651169568],[-70.13382196426392,-8.817415651169568],[-70.13382196426392,-8.817139998003427],[-70.13410091400146,-8.817139998003427]],[[-70.11869430541992,-8.77161199964273],[-70.11869430541992,-8.77025476807735],[-70.11813640594482,-8.77025476807735],[-70.11813640594482,-8.770530456140534],[-70.11759996414185,-8.770530456140534],[-70.11759996414185,-8.770784937247967],[-70.1173210144043,-8.770806143999053],[-70.1173210144043,-8.771336312382502],[-70.11759996414185,-8.771336312382502],[-70.11759996414185,-8.772142166875625],[-70.11813640594482,-8.772142166875625],[-70.11813640594482,-8.77188768669832],[-70.11841535568237,-8.77188768669832],[-70.11841535568237,-8.77161199964273],[-70.11869430541992,-8.77161199964273]],[[-70.10189294815063,-8.812623497603852],[-70.10189294815063,-8.812072183915362],[-70.1016354560852,-8.812072183915362],[-70.1016354560852,-8.811817731166357],[-70.10107755661011,-8.811817731166357],[-70.10107755661011,-8.81154207382393],[-70.10026216506958,-8.81154207382393],[-70.10026216506958,-8.8128991541397],[-70.10054111480713,-8.8128991541397],[-70.10054111480713,-8.813704918219372],[-70.10135650634766,-8.813704918219372],[-70.10135650634766,-8.813429262284558],[-70.1016354560852,-8.813429262284558],[-70.1016354560852,-8.813174810469931],[-70.10107755661011,-8.813174810469931],[-70.10107755661011,-8.812623497603852],[-70.10189294815063,-8.812623497603852]],[[-70.09451150894165,-8.805329126892488],[-70.09451150894165,-8.804777802327251],[-70.0942325592041,-8.804777802327251],[-70.0942325592041,-8.80450213973647],[-70.09397506713867,-8.80450213973647],[-70.09397506713867,-8.803972018792237],[-70.09341716766357,-8.803972018792237],[-70.09341716766357,-8.804226476940286],[-70.09315967559814,-8.804247681778065],[-70.09315967559814,-8.805329126892488],[-70.09341716766357,-8.805329126892488],[-70.09341716766357,-8.80558358410697],[-70.09397506713867,-8.80558358410697],[-70.09397506713867,-8.805329126892488],[-70.09451150894165,-8.805329126892488]]],[[[-70.15362739562988,-8.743830178656196],[-70.15352010726929,-8.743830178656196],[-70.15352010726929,-8.743575679105987],[-70.15362739562988,-8.743830178656196]]],[[[-70.14764070510864,-8.785565748850715],[-70.14742612838745,-8.785353689720921],[-70.14764070510864,-8.785353689720921],[-70.14764070510864,-8.785565748850715]]],[[[-70.1473617553711,-8.785290071958329],[-70.1471471786499,-8.785078012670837],[-70.1473617553711,-8.785078012670837],[-70.1473617553711,-8.785290071958329]]],[[[-70.1263976097107,-8.836816876087468],[-70.12367248535156,-8.835650711067743],[-70.1207971572876,-8.834378526838293],[-70.11794328689575,-8.833021525487823],[-70.11511087417603,-8.831622112614184],[-70.11232137680054,-8.830159084386253],[-70.10955333709717,-8.828632440047926],[-70.10682821273804,-8.827063382338721],[-70.10416746139526,-8.825473114338337],[-70.1041030883789,-8.824073672829044],[-70.10416746139526,-8.823098301366386],[-70.10416746139526,-8.82237737297659],[-70.1041030883789,-8.821868481500829],[-70.10388851165771,-8.82133838546764],[-70.104660987854,-8.821656443178895],[-70.10534763336182,-8.8220381120707],[-70.10575532913208,-8.822334965380406],[-70.10680675506592,-8.823119505121227],[-70.10931730270386,-8.825515521573962],[-70.10989665985107,-8.825982000844135],[-70.11069059371948,-8.82638486883019],[-70.11105537414551,-8.82651209020807],[-70.11202096939087,-8.826724125740412],[-70.11442422866821,-8.826936161150911],[-70.11534690856934,-8.827126992916163],[-70.11618375778198,-8.827381435116322],[-70.11714935302734,-8.827720691110216],[-70.11772871017456,-8.82784791202748],[-70.11792182922363,-8.82820837105487],[-70.11796474456787,-8.82899289830874],[-70.11800765991211,-8.829374559612717],[-70.11820077896118,-8.829947050828224],[-70.11865139007568,-8.830561947810665],[-70.1191234588623,-8.831049623998808],[-70.12075424194336,-8.832321819714878],[-70.12410163879395,-8.834802588735954],[-70.12500286102295,-8.835565898922383],[-70.12553930282593,-8.835926350405387],[-70.12622594833374,-8.836498831448026],[-70.1263976097107,-8.836816876087468]]],[[[-70.11446714401245,-8.74223955361505],[-70.11380195617676,-8.743087887815435],[-70.11330842971802,-8.743512054191257],[-70.11275053024292,-8.74391501180095],[-70.11208534240723,-8.744148302849439],[-70.11157035827637,-8.744211927655499],[-70.11088371276855,-8.74419071938803],[-70.11032581329346,-8.744105886306045],[-70.11002540588379,-8.743957428366102],[-70.10910272598267,-8.743342387698874],[-70.10860919952393,-8.743109096145687],[-70.10809421539307,-8.742960637808523],[-70.11446714401245,-8.74223955361505]]],[[[-70.10363101959229,-8.823077097610309],[-70.10356664657593,-8.824052469129],[-70.10360956192017,-8.825112652638794],[-70.10146379470825,-8.823755617200518],[-70.0988245010376,-8.82201690825373],[-70.09708642959595,-8.820808288673334],[-70.09453296661377,-8.818984749889069],[-70.09200096130371,-8.81709758980574],[-70.09032726287842,-8.815825341611884],[-70.08785963058472,-8.813853348252934],[-70.08562803268433,-8.812008570744524],[-70.0853705406189,-8.810863531797494],[-70.08504867553711,-8.810078966026737],[-70.08419036865234,-8.808806693669965],[-70.08371829986572,-8.808361397310762],[-70.08316040039062,-8.80793730504152],[-70.08260250091553,-8.807682849446493],[-70.08215188980103,-8.807428393676375],[-70.081787109375,-8.807067914369],[-70.08131504058838,-8.806516592395681],[-70.08062839508057,-8.805562379345787],[-70.08105754852295,-8.80551996981977],[-70.08187294006348,-8.805286717339726],[-70.08285999298096,-8.80515948865225],[-70.08361101150513,-8.80513828386674],[-70.0843620300293,-8.805201898219607],[-70.08528470993042,-8.805350331667057],[-70.08655071258545,-8.805816836399813],[-70.08674383163452,-8.805944064861166],[-70.08715152740479,-8.806474182979073],[-70.08740901947021,-8.807364779706504],[-70.0878381729126,-8.80800091891291],[-70.08912563323975,-8.809188375836712],[-70.08996248245239,-8.809845716422416],[-70.09092807769775,-8.810778713956608],[-70.09180784225464,-8.811330029574478],[-70.09283781051636,-8.81224181898402],[-70.09410381317139,-8.813471670903297],[-70.09539127349854,-8.814637906011285],[-70.09755849838257,-8.81624942483002],[-70.09933948516846,-8.817606487856395],[-70.10032653808594,-8.818136589246876],[-70.1008415222168,-8.818475853737496],[-70.10122776031494,-8.818836321917303],[-70.10161399841309,-8.819260401678378],[-70.10193586349487,-8.819811704639719],[-70.10255813598633,-8.820596249742508],[-70.10307312011719,-8.82097791973031],[-70.10337352752686,-8.821529220127275],[-70.10356664657593,-8.821995704435537],[-70.10363101959229,-8.822419780567913],[-70.10363101959229,-8.823077097610309]]],[[[-70.08494138717651,-8.811414847288859],[-70.08150815963745,-8.808361397310762],[-70.07811784744263,-8.80518069343654],[-70.07949113845825,-8.805562379345787],[-70.07996320724487,-8.80562599362571],[-70.08037090301514,-8.80609249801077],[-70.08090734481812,-8.806834662865214],[-70.08137941360474,-8.807428393676375],[-70.081787109375,-8.807831281898203],[-70.08236646652222,-8.808170555849799],[-70.08288145065308,-8.808403806510938],[-70.08337497711182,-8.808785489093594],[-70.08376121520996,-8.809145966726533],[-70.08455514907837,-8.810312215483862],[-70.08485555648804,-8.811011962972216],[-70.08494138717651,-8.811414847288859]]]]}}]}
