{"type":"FeatureCollection","features":[{"type":"Feature","properties":{"projectId":"VCS1327","name":"Reforestation of deforested land in Madagascar","sourceRegistry":"Verra VCS","externalId":"VCS1327","projectType":"afforestation","country":"Madagascar","vintageYears":[],"sourceUrl":"https://zenodo.org/records/11459391","license":"CC BY 4.0 (Karnik et al. dataset); CarbonPlan Terms of Use also apply to the PMTiles derivative","retrievedAt":"2026-10-05","illustrative":false},"geometry":{"type":"MultiPolygon","coordinates":[[[[47.381908893585205,-16.172926195775347],[47.38208055496216,-16.172926195775347],[47.3830246925354,-16.172988021246255],[47.3830246925354,-16.17313228060314],[47.38356113433838,-16.17313228060314],[47.38356113433838,-16.17327653985467],[47.38384008407593,-16.17327653985467],[47.38384008407593,-16.17354444961377],[47.384376525878906,-16.17340019055787],[47.38484859466553,-16.17405965966779],[47.384634017944336,-16.174616085016908],[47.38482713699341,-16.17469851826867],[47.384912967681885,-16.17488399295935],[47.38532066345215,-16.17488399295935],[47.385385036468506,-16.174987034378915],[47.38577127456665,-16.17523433356658],[47.38598585128784,-16.175296158315135],[47.38626480102539,-16.175419807754167],[47.386372089385986,-16.175893796553424],[47.38770246505737,-16.1757701474111],[47.38802433013916,-16.17556406533521],[47.38856077194214,-16.175296158315135],[47.38873243331909,-16.175378591283092],[47.3889684677124,-16.175419807754167],[47.3889684677124,-16.17556406533521],[47.389376163482666,-16.17556406533521],[47.38931179046631,-16.17605866195612],[47.38909721374512,-16.17651204110399],[47.3889684677124,-16.17651204110399],[47.3889684677124,-16.17677994647491],[47.38881826400757,-16.17677994647491],[47.38881826400757,-16.17690359498509],[47.38868951797485,-16.17690359498509],[47.38868951797485,-16.17704785148247],[47.388432025909424,-16.17704785148247],[47.388432025909424,-16.17690359498509],[47.38802433013916,-16.17690359498509],[47.38802433013916,-16.17677994647491],[47.386929988861084,-16.17677994647491],[47.386929988861084,-16.176635689781875],[47.38652229309082,-16.176635689781875],[47.38652229309082,-16.17651204110399],[47.38557815551758,-16.17651204110399],[47.38532066345215,-16.1760998782853],[47.38429069519043,-16.176141094605867],[47.38510608673096,-16.17665629788732],[47.385191917419434,-16.17651204110399],[47.38532066345215,-16.17651204110399],[47.38532066345215,-16.176635689781875],[47.38484859466553,-16.17735697219348],[47.385127544403076,-16.17774852439952],[47.385685443878174,-16.177398188251715],[47.385900020599365,-16.177892780279777],[47.385642528533936,-16.17832554728828],[47.38557815551758,-16.178531626482823],[47.38487005233765,-16.1784079789919],[47.38471984863281,-16.178593450199273],[47.38534212112427,-16.179644450417427],[47.38544940948486,-16.180015390335413],[47.38532066345215,-16.180015390335413],[47.38532066345215,-16.18042754498262],[47.38557815551758,-16.18042754498262],[47.38572835922241,-16.18069544504199],[47.385642528533936,-16.18088091410094],[47.38557815551758,-16.181231244070347],[47.38536357879639,-16.181560965826677],[47.38532066345215,-16.181767041644775],[47.385191917419434,-16.181767041644775],[47.38480567932129,-16.181272459319985],[47.38422632217407,-16.18096334473789],[47.38422632217407,-16.18055119120902],[47.38409757614136,-16.18055119120902],[47.38409757614136,-16.18042754498262],[47.38422632217407,-16.18026268322697],[47.38456964492798,-16.179994782580465],[47.38469839096069,-16.179520803623248],[47.38433361053467,-16.179149862776228],[47.38411903381348,-16.179932959302747],[47.38356113433838,-16.180015390335413],[47.38356113433838,-16.179891743773496],[47.383432388305664,-16.179891743773496],[47.38321781158447,-16.17982992046352],[47.382895946502686,-16.179603234827965],[47.38276720046997,-16.17945898019714],[47.382166385650635,-16.17958262703],[47.38233804702759,-16.180283290953952],[47.38233804702759,-16.18055119120902],[47.382423877716064,-16.18088091410094],[47.38274574279785,-16.18096334473789],[47.38283157348633,-16.181293066941592],[47.382895946502686,-16.182034939886776],[47.38323926925659,-16.18250891280907],[47.38328218460083,-16.182714987637794],[47.38319635391235,-16.182900454799736],[47.3830246925354,-16.182982884593557],[47.382938861846924,-16.182818024971482],[47.38274574279785,-16.182714987637794],[47.38278865814209,-16.182941669700952],[47.382895946502686,-16.183127136649944],[47.38233804702759,-16.183127136649944],[47.382445335388184,-16.183291996013907],[47.38261699676514,-16.183395033046466],[47.38261699676514,-16.183807180638965],[47.38248825073242,-16.183807180638965],[47.38248825073242,-16.184198720054894],[47.38261699676514,-16.184198720054894],[47.38261699676514,-16.184342971222904],[47.38274574279785,-16.184342971222904],[47.38274574279785,-16.184466614997305],[47.382895946502686,-16.184466614997305],[47.382895946502686,-16.184610865969574],[47.3830246925354,-16.184610865969574],[47.3830246925354,-16.184734509576174],[47.38356113433838,-16.184734509576174],[47.383668422698975,-16.184961189320504],[47.38446235656738,-16.185064225481867],[47.384634017944336,-16.18514665437226],[47.38487005233765,-16.185187868804533],[47.3850417137146,-16.18529090484759],[47.3850417137146,-16.185414548028263],[47.385127544403076,-16.185600012654078],[47.38532066345215,-16.185682441320722],[47.38532066345215,-16.185826691404543],[47.38572835922241,-16.185826691404543],[47.38596439361572,-16.185847298550755],[47.386157512664795,-16.186053369894694],[47.386393547058105,-16.186094584137663],[47.386393547058105,-16.186218226814944],[47.38626480102539,-16.186218226814944],[47.38626480102539,-16.186506726094066],[47.386136054992676,-16.186506726094066],[47.386393547058105,-16.18681583199664],[47.38652229309082,-16.18663036851318],[47.38720893859863,-16.18663036851318],[47.38755226135254,-16.18681583199664],[47.38802433013916,-16.187166151434383],[47.387874126434326,-16.18743404234958],[47.38774538040161,-16.18743404234958],[47.38774538040161,-16.187578291153315],[47.3876166343689,-16.187578291153315],[47.3876166343689,-16.18770193290119],[47.38746643066406,-16.18770193290119],[47.386929988861084,-16.188114071501346],[47.386929988861084,-16.188381961129963],[47.3866081237793,-16.188299533590637],[47.38652229309082,-16.187990430011666],[47.38652229309082,-16.18770193290119],[47.38598585128784,-16.18770193290119],[47.38598585128784,-16.18784618150913],[47.385385036468506,-16.187928609237787],[47.38525629043579,-16.188773491471522],[47.38544940948486,-16.188917739296286],[47.38544940948486,-16.18920623462955],[47.38557815551758,-16.189288661790172],[47.38572835922241,-16.189865650950495],[47.385685443878174,-16.190092324801938],[47.38557815551758,-16.190277785032166],[47.38532066345215,-16.190277785032166],[47.38532066345215,-16.190813558051573],[47.38598585128784,-16.190813558051573],[47.38598585128784,-16.190957804385164],[47.384912967681885,-16.190957804385164],[47.384912967681885,-16.190813558051573],[47.38478422164917,-16.190813558051573],[47.38478422164917,-16.191225690153544],[47.38450527191162,-16.191225690153544],[47.38450527191162,-16.191349329616287],[47.38630771636963,-16.19130811647065],[47.38898992538452,-16.191699641006693],[47.391371726989746,-16.19064870496976],[47.391114234924316,-16.19073113152787],[47.39094257354736,-16.190463245088125],[47.39085674285889,-16.190422031757407],[47.39085674285889,-16.189474122775678],[47.39152193069458,-16.18974201055815],[47.391650676727295,-16.19017475159245],[47.39233732223511,-16.190277785032166],[47.39227294921875,-16.190360211745215],[47.39259481430054,-16.190277785032166],[47.39531993865967,-16.190463245088125],[47.39795923233032,-16.191143263802005],[47.400662899017334,-16.191905706239936],[47.40332365036011,-16.192317836060838],[47.40407466888428,-16.192668145731787],[47.40407466888428,-16.192565113540184],[47.40422487258911,-16.192565113540184],[47.40422487258911,-16.192709358593348],[47.40418195724487,-16.192709358593348],[47.40529775619507,-16.193224518636683],[47.40767955780029,-16.193780889972658],[47.40832328796387,-16.19386331522233],[47.40825891494751,-16.193780889972658],[47.40894556045532,-16.193780889972658],[47.40950345993042,-16.193719071012808],[47.41001844406128,-16.193513007673403],[47.41001844406128,-16.19365725203359],[47.41042613983154,-16.19365725203359],[47.41083383560181,-16.19419301587665],[47.4114990234375,-16.19419301587665],[47.4114990234375,-16.19429604721813],[47.412850856781006,-16.19452271598],[47.41525411605835,-16.195553025251584],[47.41877317428589,-16.196830601275025],[47.420833110809326,-16.198190592465508],[47.42347240447998,-16.198911796110053],[47.42501735687256,-16.19909724804954],[47.42491006851196,-16.201446290855387],[47.425832748413086,-16.20377470040755],[47.42830038070679,-16.205072828308076],[47.433922290802,-16.206247317614796],[47.43445873260498,-16.2062679226279],[47.43445873260498,-16.206206107582148],[47.43542432785034,-16.206123687490972],[47.43527412414551,-16.20540251022338],[47.435317039489746,-16.205175853965827],[47.43540287017822,-16.20499040774311],[47.43540287017822,-16.204866776831054],[47.435810565948486,-16.204866776831054],[47.435853481292725,-16.205072828308076],[47.4359393119812,-16.20525827445327],[47.4359393119812,-16.20540251022338],[47.43621826171875,-16.205526140799464],[47.43621826171875,-16.205794006781716],[47.436068058013916,-16.205794006781716],[47.436068058013916,-16.206350342658766],[47.43671178817749,-16.2063709476611],[47.437591552734375,-16.20649457762987],[47.44025230407715,-16.206680022437624],[47.44291305541992,-16.20738059013702],[47.449822425842285,-16.210615532218455],[47.452311515808105,-16.211501526200948],[47.454843521118164,-16.212490538034473],[47.456437520951816,-16.213026250705056],[47.45643138885498,-16.213026250705056],[47.45741844177246,-16.21335591931691],[47.45922088623047,-16.214221296165267],[47.45922088623047,-16.21422129679874],[47.459821701049805,-16.21450975511472],[47.46061865076695,-16.214806414329427],[47.46265411376953,-16.21558116801951],[47.46265411376953,-16.215564864584632],[47.464842796325684,-16.216384723874384],[47.467525005340576,-16.216961633748923],[47.470293045043945,-16.217765183972958],[47.47022867202759,-16.217682768716216],[47.47050762176514,-16.217682768716216],[47.47042179107666,-16.217806391588397],[47.472782135009766,-16.218362693553118],[47.47535705566406,-16.219063219718265],[47.47812509536743,-16.219228049042087],[47.47924089431763,-16.21943408550291],[47.481751441955566,-16.219186841724067],[47.484540939331055,-16.21900140868624],[47.4854850769043,-16.218939597634844],[47.48823165893555,-16.218857182869485],[47.49248027801514,-16.219104427062135],[47.493531703948975,-16.218053637100013],[47.49385356903076,-16.217002841532448],[47.494261264801025,-16.216734990785426],[47.494261264801025,-16.216467139674194],[47.49593496322632,-16.214674588248542],[47.4969220161438,-16.21378860853291],[47.49685764312744,-16.213458940644998],[47.49881029129028,-16.211707570742263],[47.49947547912598,-16.210842182221043],[47.4993896484375,-16.21080097314905],[47.49945402145386,-16.21034767278846],[47.49990463256836,-16.210265254429046],[47.50007629394531,-16.210038603762968],[47.50007629394531,-16.209708929601575],[47.49992609024048,-16.209708929601575],[47.500741481781006,-16.208225389051194],[47.50067710876465,-16.20793692153636],[47.50067710876465,-16.20775147791103],[47.50114917755127,-16.2076896633305],[47.50136375427246,-16.207359985240203],[47.5014066696167,-16.20700970166513],[47.501235008239746,-16.206638812495427],[47.50155687332153,-16.206473972640467],[47.50237226486206,-16.20593824215986],[47.50267267227173,-16.205072828308076],[47.50458240509033,-16.20400135827593],[47.50483989715576,-16.203671674017627],[47.50608444213867,-16.202311720625104],[47.505998611450195,-16.201219630049962],[47.505998611450195,-16.200663279695732],[47.50586986541748,-16.200663279695732],[47.50586986541748,-16.20053964607051],[47.505998611450195,-16.20053964607051],[47.505998611450195,-16.200271772950018],[47.50640630722046,-16.200271772950018],[47.50640630722046,-16.200395406743155],[47.50709295272827,-16.20053964607051],[47.50717878341675,-16.20072509647926],[47.5073504447937,-16.200807518827162],[47.50762939453125,-16.200807518827162],[47.50762939453125,-16.200663279695732],[47.50829458236694,-16.200663279695732],[47.50829458236694,-16.200807518827162],[47.50938892364502,-16.201487501882923],[47.510998249053955,-16.201611134913875],[47.51140594482422,-16.201611134913875],[47.511534690856934,-16.202023244457237],[47.511770725250244,-16.201982033541654],[47.5119423866272,-16.201879006215037],[47.5119423866272,-16.20175537335203],[47.51235008239746,-16.20175537335203],[47.51235008239746,-16.201611134913875],[47.512221336364746,-16.201611134913875],[47.512221336364746,-16.201487501882923],[47.512478828430176,-16.201487501882923],[47.512478828430176,-16.20134326324886],[47.51370191574097,-16.20134326324886],[47.51370191574097,-16.201487501882923],[47.51383066177368,-16.201487501882923],[47.51383066177368,-16.201219630049962],[47.514259815216064,-16.201157813421446],[47.51436710357666,-16.200951757853105],[47.514517307281494,-16.200951757853105],[47.514517307281494,-16.202146877152302],[47.51436710357666,-16.202146877152302],[47.51436710357666,-16.202435353139293],[47.514517307281494,-16.202435353139293],[47.514517307281494,-16.203094725239097],[47.51462459564209,-16.20336259452479],[47.516469955444336,-16.203712884580042],[47.51829385757446,-16.203651068733166],[47.51842260360718,-16.203589252866905],[47.51842260360718,-16.203238962591996],[47.51816511154175,-16.203238962591996],[47.51816511154175,-16.203094725239097],[47.51805782318115,-16.20292988242086],[47.518014907836914,-16.202703223320782],[47.51784324645996,-16.20233232604953],[47.517757415771484,-16.202291115198562],[47.51795053482056,-16.20152871290186],[47.518014907836914,-16.20134326324886],[47.518208026885986,-16.201446290855387],[47.51855134963989,-16.201487501882923],[47.51855134963989,-16.201611134913875],[47.51883029937744,-16.201487501882923],[47.518959045410156,-16.201219630049962],[47.518959045410156,-16.200951757853105],[47.51910924911499,-16.200951757853105],[47.51910924911499,-16.200807518827162],[47.51936674118042,-16.200807518827162],[47.51936674118042,-16.200663279695732],[47.5199031829834,-16.200663279695732],[47.519967555999756,-16.200312984223004],[47.520718574523926,-16.200127533426723],[47.52084732055664,-16.200395406743155],[47.52140522003174,-16.200395406743155],[47.521512508392334,-16.200189350378196],[47.52179145812988,-16.200127533426723],[47.52187728881836,-16.200189350378196],[47.52462387084961,-16.200127533426723],[47.52655506134033,-16.194831809326473],[47.53217697143555,-16.19163782139475],[47.53267049789429,-16.191761460599253],[47.53301382064819,-16.190545671723697],[47.53301382064819,-16.190422031757407],[47.53286361694336,-16.190422031757407],[47.53286361694336,-16.190277785032166],[47.53260612487793,-16.190133538201493],[47.532455921173096,-16.189865650950495],[47.53191947937012,-16.189597763335854],[47.53226280212402,-16.188979559760355],[47.53286361694336,-16.18852620924089],[47.53327131271362,-16.188794098310083],[47.53342151641846,-16.189061987015634],[47.53367900848389,-16.189474122775678],[47.53367900848389,-16.190009897976992],[47.53355026245117,-16.190009897976992],[47.53367900848389,-16.190277785032166],[47.53387212753296,-16.190360211745215],[47.534215450286865,-16.190422031757407],[47.534193992614746,-16.191184476982073],[47.533979415893555,-16.191390542753325],[47.533957958221436,-16.192070558271595],[47.535696029663086,-16.192482687748168],[47.53584623336792,-16.190607491677795],[47.535953521728516,-16.187949216164554],[47.53608226776123,-16.185991548514096],[47.53601789474487,-16.18337442564426],[47.53554582595825,-16.180983952391756],[47.5343656539917,-16.178861352746836],[47.53530979156494,-16.17651204110399],[47.5358247756958,-16.174203918242128],[47.53556728363037,-16.174203918242128],[47.53533124923706,-16.17403905129143],[47.53503084182739,-16.17327653985467],[47.53530979156494,-16.17327653985467],[47.53530979156494,-16.17313228060314],[47.535438537597656,-16.17313228060314],[47.535502910614014,-16.173214714474057],[47.535974979400635,-16.17340019055787],[47.53591060638428,-16.173812359009546],[47.536704540252686,-16.171607247786966],[47.53801345825195,-16.169484547380804],[47.539215087890625,-16.16709390603026],[47.53904342651367,-16.164414704636044],[47.53904342651367,-16.16165302826883],[47.53852844238281,-16.15922107236075],[47.53854990005493,-16.156603594870717],[47.53906488418579,-16.153986082738413],[47.53910779953003,-16.15184258244021],[47.538485527038574,-16.150915099150808],[47.53887176513672,-16.1482150674901],[47.538957595825195,-16.14734940068469],[47.53880739212036,-16.14734940068469],[47.53880739212036,-16.147617345576734],[47.53859281539917,-16.14757612330928],[47.5383996963501,-16.147473067603016],[47.53863573074341,-16.14704023305073],[47.53867864608765,-16.14681350981219],[47.53880739212036,-16.14681350981219],[47.53880739212036,-16.147081455429827],[47.538957595825195,-16.147081455429827],[47.538957595825195,-16.147246344860378],[47.53910779953003,-16.14555622168446],[47.53857135772705,-16.14339201849576],[47.53814220428467,-16.141330850602557],[47.53591060638428,-16.139867408370876],[47.53584623336792,-16.13959945298778],[47.53556728363037,-16.139784960599314],[47.5352668762207,-16.13959945298778],[47.53511667251587,-16.139166601218278],[47.535438537597656,-16.138981093027382],[47.535717487335205,-16.139104765173954],[47.5353741645813,-16.137414572484843],[47.533957958221436,-16.136693144383003],[47.533957958221436,-16.136816817958547],[47.53408670425415,-16.136816817958547],[47.534215450286865,-16.13698171593913],[47.535223960876465,-16.13774436731319],[47.53530979156494,-16.1381772221918],[47.534966468811035,-16.138115385838503],[47.534494400024414,-16.13776497947171],[47.534494400024414,-16.137620694316922],[47.5343656539917,-16.137620694316922],[47.5343656539917,-16.13749702124342],[47.534215450286865,-16.13749702124342],[47.534215450286865,-16.137352735893387],[47.533957958221436,-16.137352735893387],[47.533957958221436,-16.137229062652537],[47.53355026245117,-16.137229062652537],[47.53355026245117,-16.136672532112883],[47.533936500549316,-16.136672532112883],[47.53312110900879,-16.136260286260338],[47.530503273010254,-16.13543579198077],[47.527756690979004,-16.13481741901849],[47.524967193603516,-16.134405169304344],[47.522263526916504,-16.133745567976945],[47.52093315124512,-16.13331270341206],[47.52185583114624,-16.13364250507111],[47.52166271209717,-16.13411659399391],[47.52153396606445,-16.13411659399391],[47.52153396606445,-16.134260881701678],[47.52140522003174,-16.134260881701678],[47.52140522003174,-16.13438455679612],[47.521255016326904,-16.13438455679612],[47.521255016326904,-16.134528844308704],[47.52112627029419,-16.134528844308704],[47.52112627029419,-16.13438455679612],[47.520761489868164,-16.13434333177321],[47.52058982849121,-16.134260881701678],[47.52058982849121,-16.13411659399391],[47.52031087875366,-16.13411659399391],[47.52031087875366,-16.133972306181008],[47.52018213272095,-16.133972306181008],[47.52011775970459,-16.13364250507111],[47.51964569091797,-16.133044739159757],[47.52011775970459,-16.133044739159757],[47.51604768433149,-16.131911040234954],[47.51608371734619,-16.131911040234954],[47.51434564590454,-16.13143694603332],[47.51162052154541,-16.131004076423523],[47.50810146331787,-16.13026201203475],[47.50610589981079,-16.12984975283996],[47.50340223312378,-16.129540557880873],[47.50061273574829,-16.129396266734844],[47.497544288635254,-16.128448065160953],[47.495055198669434,-16.127788443998426],[47.49265193939209,-16.12754108549636],[47.490806579589844,-16.12692268789023],[47.488746643066406,-16.126634101680253],[47.48623609542847,-16.126221834936956],[47.483789920806885,-16.126056927999485],[47.483811378479004,-16.128303773219287],[47.48387575149536,-16.128303773219287],[47.48387575149536,-16.128448065160953],[47.48413324356079,-16.12857174388445],[47.484261989593506,-16.12857174388445],[47.484261989593506,-16.128716035630973],[47.4844765663147,-16.128819101099864],[47.484540939331055,-16.129128297184835],[47.48441219329834,-16.129128297184835],[47.48441219329834,-16.129396266734844],[47.484498023986816,-16.12984975283996],[47.48394012451172,-16.130117721414152],[47.484004497528076,-16.13026201203475],[47.48439073562622,-16.1311895920864],[47.48413324356079,-16.131416333216208],[47.48413324356079,-16.131828589150956],[47.48490571975708,-16.131869814697254],[47.48490571975708,-16.131911040234954],[47.48491920745985,-16.131911040234954],[47.48514175415039,-16.132591260368457],[47.48522758483887,-16.13263248575602],[47.48522758483887,-16.132776774544922],[47.48507738113403,-16.132776774544922],[47.48507738113403,-16.133044739159757],[47.48413324356079,-16.133168415013557],[47.48383283615112,-16.13285922523424],[47.483253479003906,-16.13353944211164],[47.4834680557251,-16.13411659399391],[47.4834680557251,-16.134260881701678],[47.483317852020264,-16.134260881701678],[47.483317852020264,-16.13438455679612],[47.48299598693848,-16.134549456801906],[47.48265266418457,-16.13438455679612],[47.48273849487305,-16.134714356670415],[47.48318910598755,-16.13479680655317],[47.48318910598755,-16.135188443027545],[47.483060359954834,-16.135188443027545],[47.482523918151855,-16.134920481312946],[47.482030391693115,-16.135167830600835],[47.48198747634888,-16.135477016776278],[47.482309341430664,-16.135291505128933],[47.48265266418457,-16.135477016776278],[47.48265266418457,-16.13560069111128],[47.482781410217285,-16.13560069111128],[47.482781410217285,-16.135744977737872],[47.483060359954834,-16.135744977737872],[47.48310327529907,-16.135827427191558],[47.48338222503662,-16.13597171365295],[47.483274936676025,-16.136239673945184],[47.48282432556152,-16.136466409293888],[47.482781410217285,-16.136548858447227],[47.48265266418457,-16.136548858447227],[47.48265266418457,-16.136672532112883],[47.48237371444702,-16.136816817958547],[47.48224496841431,-16.137084777107262],[47.48271703720093,-16.137229062652537],[47.48237371444702,-16.13776497947171],[47.48198747634888,-16.13776497947171],[47.48198747634888,-16.13749702124342],[47.48157978057861,-16.13749702124342],[47.48157978057861,-16.137620694316922],[47.48138666152954,-16.137723755152507],[47.4808931350708,-16.13776497947171],[47.48063564300537,-16.137888652377853],[47.480764389038086,-16.13815661007618],[47.481021881103516,-16.13830089484047],[47.481300830841064,-16.13830089484047],[47.48157978057861,-16.138445179499612],[47.48157978057861,-16.13871313644482],[47.4808931350708,-16.13871313644482],[47.480807304382324,-16.139022317084823],[47.48048543930054,-16.13924904924734],[47.48022794723511,-16.13924904924734],[47.48022794723511,-16.13951700510465],[47.48048543930054,-16.13951700510465],[47.48048543930054,-16.13937272122655],[47.480764389038086,-16.13951700510465],[47.480764389038086,-16.14005291573133],[47.48063564300537,-16.14005291573133],[47.48063564300537,-16.140197199113757],[47.48035669326782,-16.140197199113757],[47.48035669326782,-16.140320870500716],[47.48022794723511,-16.140320870500716],[47.48022794723511,-16.14046515368787],[47.48007774353027,-16.14046515368787],[47.48007774353027,-16.140733107899294],[47.47994899749756,-16.140733107899294],[47.47994899749756,-16.141949203223945],[47.479820251464844,-16.141949203223945],[47.479820251464844,-16.142361437231813],[47.47969150543213,-16.142361437231813],[47.47969150543213,-16.1426293888766],[47.480013370513916,-16.14289734015867],[47.47984170913696,-16.143206514264207],[47.47913360595703,-16.14328896061079],[47.47866153717041,-16.143247737441797],[47.477781772613525,-16.14295917501842],[47.47765302658081,-16.142753058744162],[47.47748136520386,-16.14285611690812],[47.47724533081055,-16.14289734015867],[47.47670888900757,-16.14289734015867],[47.47670888900757,-16.14328896061079],[47.47658014297485,-16.14328896061079],[47.476022243499756,-16.14407219919066],[47.47589349746704,-16.145329496745816],[47.47572183609009,-16.1454119422081],[47.475056648254395,-16.145535610337134],[47.474820613861084,-16.14586539163676],[47.474820613861084,-16.145989059482446],[47.4749493598938,-16.145989059482446],[47.47490644454956,-16.14648373009244],[47.47469186782837,-16.14693717706541],[47.474327087402344,-16.14689595465626],[47.47415542602539,-16.1472051225156],[47.47374773025513,-16.1472051225156],[47.47359752655029,-16.147473067603016],[47.47334003448486,-16.147885290106004],[47.47316837310791,-16.147988345597568],[47.473061084747314,-16.148153234272442],[47.472782135009766,-16.148091401035458],[47.47235298156738,-16.14759673444408],[47.472524642944336,-16.1472051225156],[47.47265338897705,-16.1472051225156],[47.47265338897705,-16.14654556383175],[47.4729323387146,-16.145329496745816],[47.47273921966553,-16.145082160152896],[47.472524642944336,-16.14518521710417],[47.472267150878906,-16.14518521710417],[47.4713659286499,-16.145597444372683],[47.471022605895996,-16.14673106493376],[47.47065782546997,-16.14728756719653],[47.470765113830566,-16.147761623445277],[47.4709153175354,-16.14802956777916],[47.470271587371826,-16.148194456419702],[47.47009992599487,-16.148297511750258],[47.46913433074951,-16.149039508545897],[47.469069957733154,-16.149822724367155],[47.469778060913086,-16.149740280742492],[47.46997117996216,-16.14963722616335],[47.4704647064209,-16.149760891651866],[47.47117280960083,-16.14963722616335],[47.47125864028931,-16.14947233872509],[47.47145175933838,-16.149369284006383],[47.47145175933838,-16.1492456182731],[47.471580505371094,-16.1492456182731],[47.471580505371094,-16.1491013414866],[47.47170925140381,-16.1491013414866],[47.47190237045288,-16.149018897561362],[47.47211694717407,-16.148957064594896],[47.472524642944336,-16.148421178076077],[47.4729323387146,-16.148421178076077],[47.4729323387146,-16.148689121516895],[47.473061084747314,-16.148689121516895],[47.473061084747314,-16.1491013414866],[47.47321128845215,-16.1491013414866],[47.47321128845215,-16.149369284006383],[47.47314691543579,-16.14947233872509],[47.472803592681885,-16.14963722616335],[47.47265338897705,-16.149905167957456],[47.472546100616455,-16.150337996242996],[47.47211694717407,-16.15046166129352],[47.47198820114136,-16.15017310938873],[47.471773624420166,-16.15023494197517],[47.471537590026855,-16.150399828777907],[47.47095823287964,-16.150502882959856],[47.47063636779785,-16.150729601971165],[47.4703574180603,-16.150729601971165],[47.4703574180603,-16.150997542285936],[47.469820976257324,-16.15085326677692],[47.469820976257324,-16.150729601971165],[47.469520568847656,-16.15079143438369],[47.46941328048706,-16.150997542285936],[47.46926307678223,-16.151100596156525],[47.46909141540527,-16.151739528956114],[47.469027042388916,-16.151945635870632],[47.469027042388916,-16.152069299916278],[47.46846914291382,-16.152069299916278],[47.46846914291382,-16.152213574538507],[47.46816873550415,-16.152296017132528],[47.46793270111084,-16.152605176554133],[47.467803955078125,-16.152605176554133],[47.467803955078125,-16.152749450785535],[47.46739625930786,-16.152749450785535],[47.46739625930786,-16.1528731143287],[47.46726751327515,-16.1528731143287],[47.46726751327515,-16.153017388364688],[47.466537952423096,-16.153017388364688],[47.465550899505615,-16.154645616618836],[47.466044425964355,-16.154645616618836],[47.46645212173462,-16.154748668589008],[47.46662378311157,-16.155552472113627],[47.46625900268555,-16.15579979561788],[47.46522903442383,-16.155861626445613],[47.46522903442383,-16.156397492809617],[47.46537923812866,-16.156397492809617],[47.46537923812866,-16.15652115407204],[47.46645212173462,-16.15652115407204],[47.46649503707886,-16.156624205065],[47.46685981750488,-16.156789086542048],[47.46711730957031,-16.156789086542048],[47.46711730957031,-16.157057018649056],[47.46726751327515,-16.157057018649056],[47.46726751327515,-16.157201289633264],[47.467525005340576,-16.157201289633264],[47.467525005340576,-16.157469221181827],[47.46726751327515,-16.157469221181827],[47.46726751327515,-16.157613491865334],[47.4669885635376,-16.157613491865334],[47.46685981750488,-16.157428000967215],[47.46673107147217,-16.157613491865334],[47.46640920639038,-16.157778372517583],[47.466580867767334,-16.158149353482543],[47.46645212173462,-16.158149353482543],[47.46645212173462,-16.158273013649534],[47.46572256088257,-16.158417283746616],[47.46563673019409,-16.159097412786622],[47.464821338653564,-16.15975692962168],[47.464563846588135,-16.15990119863612],[47.464284896850586,-16.15975692962168],[47.46424198150635,-16.15967449013759],[47.46389865875244,-16.15948900117273],[47.463533878326416,-16.15967449013759],[47.46349096298218,-16.15975692962168],[47.46349096298218,-16.15990119863612],[47.46361970901489,-16.15990119863612],[47.46361970901489,-16.16016912652651],[47.46374845504761,-16.16016912652651],[47.46374845504761,-16.16031339524021],[47.46387720108032,-16.16031339524021],[47.46387720108032,-16.160437054053872],[47.464027404785156,-16.160437054053872],[47.464027404785156,-16.16058132257207],[47.46413469314575,-16.16101412749505],[47.464563846588135,-16.161117176146604],[47.46488571166992,-16.16132327328856],[47.46522903442383,-16.161385102389247],[47.46576547622681,-16.161302663584024],[47.46591567993164,-16.161117176146604],[47.46617317199707,-16.161117176146604],[47.46662378311157,-16.161343882990934],[47.46685981750488,-16.161385102389247],[47.4669885635376,-16.16165302826883],[47.46685981750488,-16.161920953785327],[47.46666669845581,-16.16202400196424],[47.46692419052124,-16.16237436537071],[47.46726751327515,-16.162188878938736],[47.4674391746521,-16.162291926978],[47.468061447143555,-16.162333146178653],[47.468061447143555,-16.162188878938736],[47.468297481536865,-16.162147659707998],[47.46846914291382,-16.162065221220743],[47.4688982963562,-16.16200339233275],[47.469027042388916,-16.161797295899774],[47.46915578842163,-16.161797295899774],[47.46915578842163,-16.16165302826883],[47.469284534454346,-16.16165302826883],[47.469284534454346,-16.161529370215675],[47.46969223022461,-16.161529370215675],[47.47016429901123,-16.161446931470607],[47.47022867202759,-16.160849249540874],[47.47050762176514,-16.16070498121816],[47.47063636779785,-16.160437054053872],[47.47117280960083,-16.160437054053872],[47.47117280960083,-16.16031339524021],[47.47145175933838,-16.16031339524021],[47.47188091278076,-16.16037522465672],[47.47211694717407,-16.16070498121816],[47.47198820114136,-16.16070498121816],[47.47198820114136,-16.16097290801939],[47.47190237045288,-16.161034737229656],[47.471795082092285,-16.161714857266418],[47.47267484664917,-16.161838515203556],[47.472803592681885,-16.161385102389247],[47.4729323387146,-16.161385102389247],[47.4729323387146,-16.161261444168517],[47.47346878051758,-16.161261444168517],[47.47340440750122,-16.161591199251916],[47.47286796569824,-16.162271317374433],[47.47321128845215,-16.162662899474526],[47.473769187927246,-16.162333146178653],[47.47387647628784,-16.161920953785327],[47.47400522232056,-16.161920953785327],[47.47400522232056,-16.161797295899774],[47.474541664123535,-16.161797295899774],[47.474541664123535,-16.161920953785327],[47.474820613861084,-16.161920953785327],[47.474820613861084,-16.162188878938736],[47.4749493598938,-16.162188878938736],[47.4749493598938,-16.162456803729043],[47.47509956359863,-16.162456803729043],[47.47509956359863,-16.162601070773434],[47.47522830963135,-16.162601070773434],[47.47522830963135,-16.16286899500514],[47.47535705566406,-16.16286899500514],[47.47546434402466,-16.163075090320902],[47.47587203979492,-16.1631781378982],[47.476043701171875,-16.16286899500514],[47.47645139694214,-16.16286899500514],[47.47645139694214,-16.162601070773434],[47.47617244720459,-16.162601070773434],[47.47621536254883,-16.16237436537071],[47.476301193237305,-16.162188878938736],[47.47688055038452,-16.162106440468676],[47.47711658477783,-16.161797295899774],[47.47739553451538,-16.161797295899774],[47.47739553451538,-16.16165302826883],[47.47765302658081,-16.16165302826883],[47.47765302658081,-16.161529370215675],[47.47859716415405,-16.161446931470607],[47.4788761138916,-16.161117176146604],[47.47917652130127,-16.161055346962115],[47.479283809661865,-16.160849249540874],[47.480313777923584,-16.160766810512214],[47.48048543930054,-16.16058132257207],[47.48091459274292,-16.160457663848632],[47.481021881103516,-16.160045467545288],[47.48117208480835,-16.160045467545288],[47.48117208480835,-16.15990119863612],[47.4813437461853,-16.159818759212172],[47.48142957687378,-16.159633270382656],[47.48170852661133,-16.159633270382656],[47.48170852661133,-16.15975692962168],[47.48183727264404,-16.15975692962168],[47.48170852661133,-16.160849249540874],[47.48157978057861,-16.160849249540874],[47.48157978057861,-16.16097290801939],[47.48142957687378,-16.16097290801939],[47.48142957687378,-16.161117176146604],[47.481300830841064,-16.161117176146604],[47.481300830841064,-16.161261444168517],[47.48087167739868,-16.161364492691177],[47.480764389038086,-16.161797295899774],[47.480764389038086,-16.161920953785327],[47.48059272766113,-16.16202400196424],[47.48035669326782,-16.162065221220743],[47.47967004776001,-16.161611808926367],[47.479047775268555,-16.161735466927965],[47.47874736785889,-16.162333146178653],[47.478554248809814,-16.162415584554196],[47.47788906097412,-16.162539242053043],[47.47765302658081,-16.16286899500514],[47.477567195892334,-16.163219356914098],[47.47683763504028,-16.16365215606197],[47.47666597366333,-16.16389946943532],[47.476301193237305,-16.16408495426228],[47.47617244720459,-16.164352876482866],[47.47589349746704,-16.164352876482866],[47.47589349746704,-16.164497142143546],[47.475764751434326,-16.164497142143546],[47.475764751434326,-16.16462079834031],[47.47535705566406,-16.16462079834031],[47.47535705566406,-16.16476506380542],[47.474820613861084,-16.16476506380542],[47.474541664123535,-16.1642292201185],[47.474541664123535,-16.16408495426228],[47.4734902381897,-16.163487280307834],[47.47321128845215,-16.16381703167859],[47.47286796569824,-16.163981907157677],[47.47235298156738,-16.16373459388747],[47.47211694717407,-16.163672765521568],[47.47145175933838,-16.163672765521568],[47.47095823287964,-16.164002516582897],[47.4709153175354,-16.16408495426228],[47.470765113830566,-16.16408495426228],[47.470765113830566,-16.1642292201185],[47.470571994781494,-16.164332267094167],[47.4704647064209,-16.164662017055363],[47.47063636779785,-16.16476506380542],[47.470529079437256,-16.164971157144393],[47.469284534454346,-16.16517725026847],[47.469027042388916,-16.16517725026847],[47.469027042388916,-16.165032985104176],[47.46887683868408,-16.165032985104176],[47.46861934661865,-16.16464140769891],[47.46793270111084,-16.16443531401613],[47.467803955078125,-16.16462079834031],[47.46746063232422,-16.164682626409657],[47.46673107147217,-16.164888719834593],[47.466087341308594,-16.164600188979534],[47.46570110321045,-16.16513603166085],[47.46563673019409,-16.165836746821498],[47.46550798416138,-16.165836746821498],[47.46550798416138,-16.165981011399154],[47.46514320373535,-16.16622832185874],[47.4649715423584,-16.166929033147],[47.4649715423584,-16.16705268782232],[47.465057373046875,-16.16723816969028],[47.46510028839111,-16.167464869514703],[47.46501445770264,-16.167650350995814],[47.4649715423584,-16.167877050347442],[47.46518611907959,-16.167918268383417],[47.46537923812866,-16.16800070442963],[47.46537923812866,-16.168144967427722],[47.465786933898926,-16.168144967427722],[47.4658727645874,-16.168309839296597],[47.46613025665283,-16.16845410206902],[47.466280460357666,-16.168722018366992],[47.466323375701904,-16.168948716489254],[47.46625900268555,-16.169154805465652],[47.46591567993164,-16.169608200457148],[47.466087341308594,-16.169937941615743],[47.466795444488525,-16.169505156232248],[47.46685981750488,-16.169216632116658],[47.46726751327515,-16.169216632116658],[47.46771812438965,-16.1694021119536],[47.469069957733154,-16.16919602323513],[47.46915578842163,-16.16907236990089],[47.46937036514282,-16.168969325396574],[47.46941328048706,-16.16868080049862],[47.469563484191895,-16.16868080049862],[47.469563484191895,-16.168536537891697],[47.47009992599487,-16.168536537891697],[47.47009992599487,-16.16868080049862],[47.47063636779785,-16.16868080049862],[47.47063636779785,-16.168536537891697],[47.470765113830566,-16.168536537891697],[47.470765113830566,-16.168412884144786],[47.4709153175354,-16.168186185407833],[47.47160196304321,-16.168041922439826],[47.47185945510864,-16.168144967427722],[47.472267150878906,-16.168144967427722],[47.472267150878906,-16.16758852385479],[47.472524642944336,-16.167464869514703],[47.47265338897705,-16.167464869514703],[47.47265338897705,-16.16758852385479],[47.47334003448486,-16.16758852385479],[47.47334003448486,-16.16773278715378],[47.47415542602539,-16.16773278715378],[47.47415542602539,-16.167877050347442],[47.474284172058105,-16.167877050347442],[47.474284172058105,-16.16800070442963],[47.474820613861084,-16.16800070442963],[47.474820613861084,-16.167877050347442],[47.4749493598938,-16.167877050347442],[47.4749493598938,-16.16800070442963],[47.47509956359863,-16.16800070442963],[47.47621536254883,-16.167856441326222],[47.47683763504028,-16.16800070442963],[47.47683763504028,-16.168144967427722],[47.47698783874512,-16.168144967427722],[47.47698783874512,-16.168536537891697],[47.47683763504028,-16.168536537891697],[47.47698783874512,-16.168804454077915],[47.477524280548096,-16.168536537891697],[47.47758865356445,-16.168083140441425],[47.47814655303955,-16.167938877398214],[47.47818946838379,-16.167877050347442],[47.47846841812134,-16.167877050347442],[47.478811740875244,-16.16781522327733],[47.47945547103882,-16.167506087636653],[47.48016357421875,-16.16727938785951],[47.48022794723511,-16.167196951512437],[47.48035669326782,-16.167196951512437],[47.48035669326782,-16.16705268782232],[47.48048543930054,-16.16705268782232],[47.48048543930054,-16.166929033147],[47.48063564300537,-16.166929033147],[47.48063564300537,-16.166784769261312],[47.481021881103516,-16.166784769261312],[47.481021881103516,-16.166929033147],[47.4813437461853,-16.16701146960581],[47.48142957687378,-16.167320606020155],[47.481536865234375,-16.16748547857675],[47.48215913772583,-16.167918268383417],[47.48260974884033,-16.16762974195096],[47.48293161392212,-16.16705268782232],[47.48310327529907,-16.166970251380704],[47.48318910598755,-16.166784769261312],[47.48318910598755,-16.166661114418346],[47.4834680557251,-16.166661114418346],[47.4834680557251,-16.166516850337104],[47.48372554779053,-16.166516850337104],[47.48372554779053,-16.16637258615056],[47.48387575149536,-16.16637258615056],[47.484004497528076,-16.16610466666762],[47.48387575149536,-16.16610466666762],[47.48387575149536,-16.165981011399154],[47.48413324356079,-16.165981011399154],[47.4843692779541,-16.16593979295915],[47.484540939331055,-16.165836746821498],[47.484540939331055,-16.16610466666762],[47.4848198890686,-16.16610466666762],[47.4848198890686,-16.165836746821498],[47.48494863510132,-16.165836746821498],[47.48494863510132,-16.16556882661223],[47.48507738113403,-16.16556882661223],[47.48507738113403,-16.16544517100853],[47.485764026641846,-16.16544517100853],[47.485764026641846,-16.16556882661223],[47.486257553100586,-16.16552760808625],[47.48642921447754,-16.16544517100853],[47.48670816421509,-16.16544517100853],[47.48670816421509,-16.165713091385427],[47.4868369102478,-16.165713091385427],[47.4868369102478,-16.165836746821498],[47.486751079559326,-16.166022229830574],[47.48664379119873,-16.16653745949803],[47.48642921447754,-16.166661114418346],[47.486536502838135,-16.166867205780306],[47.4868369102478,-16.166929033147],[47.4868369102478,-16.166784769261312],[47.48737335205078,-16.166784769261312],[47.48782396316528,-16.166867205780306],[47.48831748962402,-16.16705268782232],[47.48831748962402,-16.167320606020155],[47.48868227005005,-16.167382433244995],[47.488853931427,-16.167464869514703],[47.48913288116455,-16.167464869514703],[47.48913288116455,-16.16758852385479],[47.48994827270508,-16.167320606020155],[47.49020576477051,-16.167320606020155],[47.490291595458984,-16.167155733326013],[47.49035596847534,-16.166661114418346],[47.49035596847534,-16.16610466666762],[47.490742206573486,-16.16610466666762],[47.490742206573486,-16.166516850337104],[47.49108552932739,-16.16694964226491],[47.49168634414673,-16.16705268782232],[47.491750717163086,-16.167609132903948],[47.49237298965454,-16.167464869514703],[47.492244243621826,-16.167196951512437],[47.492544651031494,-16.167258778775974],[47.49284505844116,-16.16723816969028],[47.49271631240845,-16.166166494272844],[47.49235153198242,-16.165671872889533],[47.492244243621826,-16.165032985104176],[47.492287158966064,-16.164414704636044],[47.492501735687256,-16.16408495426228],[47.492544651031494,-16.163858250561262],[47.49265193939209,-16.163672765521568],[47.492780685424805,-16.163672765521568],[47.492780685424805,-16.163549108731758],[47.492995262145996,-16.163487280307834],[47.49338150024414,-16.163239966418814],[47.4934458732605,-16.163136918873732],[47.49359607696533,-16.163136918873732],[47.49359607696533,-16.16301326174873],[47.49372482299805,-16.16301326174873],[47.49372482299805,-16.16286899500514],[47.494046688079834,-16.162786556818673],[47.49466896057129,-16.16274533771255],[47.49466896057129,-16.16328118542181],[47.49456167221069,-16.16371398443431],[47.49413251876831,-16.16381703167859],[47.493553161621094,-16.163672765521568],[47.4934458732605,-16.16408495426228],[47.49331712722778,-16.16408495426228],[47.49331712722778,-16.164352876482866],[47.493038177490234,-16.164352876482866],[47.493038177490234,-16.16462079834031],[47.49290943145752,-16.16462079834031],[47.49290943145752,-16.16476506380542],[47.49282360076904,-16.164806282490417],[47.49265193939209,-16.16517725026847],[47.49290943145752,-16.165300906039775],[47.49290943145752,-16.16544517100853],[47.493038177490234,-16.16544517100853],[47.493038177490234,-16.16556882661223],[47.49331712722778,-16.16556882661223],[47.4934458732605,-16.165836746821498],[47.49331712722778,-16.16637258615056],[47.4934458732605,-16.16637258615056],[47.4934458732605,-16.166516850337104],[47.49331712722778,-16.16705268782232],[47.49372482299805,-16.167320606020155],[47.49385356903076,-16.167320606020155],[47.49385356903076,-16.167196951512437],[47.49439001083374,-16.167196951512437],[47.49439001083374,-16.16705268782232],[47.49507665634155,-16.16705268782232],[47.49507665634155,-16.166929033147],[47.49488353729248,-16.166784769261312],[47.49507665634155,-16.166661114418346],[47.49507665634155,-16.16637258615056],[47.494797706604004,-16.166248931049722],[47.49466896057129,-16.166248931049722],[47.49466896057129,-16.16610466666762],[47.494540214538574,-16.16610466666762],[47.494540214538574,-16.165981011399154],[47.49443292617798,-16.16579552835141],[47.49439001083374,-16.165300906039775],[47.494540214538574,-16.165300906039775],[47.494540214538574,-16.16517725026847],[47.49466896057129,-16.16517725026847],[47.49466896057129,-16.164888719834593],[47.49492645263672,-16.164888719834593],[47.49511957168579,-16.164806282490417],[47.49520540237427,-16.16462079834031],[47.49533414840698,-16.16462079834031],[47.49533414840698,-16.164497142143546],[47.495484352111816,-16.164497142143546],[47.495484352111816,-16.164352876482866],[47.495741844177246,-16.164352876482866],[47.495741844177246,-16.1642292201185],[47.496020793914795,-16.1642292201185],[47.49614953994751,-16.164414704636044],[47.496278285980225,-16.1642292201185],[47.49642848968506,-16.1642292201185],[47.496750354766846,-16.164002516582897],[47.49715805053711,-16.163404842379208],[47.4969220161438,-16.162951433157232],[47.49634265899658,-16.163322404416192],[47.49589204788208,-16.16301326174873],[47.49589204788208,-16.16274533771255],[47.496020793914795,-16.16274533771255],[47.496020793914795,-16.162456803729043],[47.49610662460327,-16.162415584554196],[47.496278285980225,-16.162065221220743],[47.49642848968506,-16.162065221220743],[47.4964714050293,-16.162147659707998],[47.49743700027466,-16.16239497496352],[47.49786615371704,-16.162662899474526],[47.49844551086426,-16.162807166368523],[47.49857425689697,-16.16301326174873],[47.49872446060181,-16.16301326174873],[47.49872446060181,-16.16328118542181],[47.499046325683594,-16.163363623402006],[47.499518394470215,-16.163404842379208],[47.499518394470215,-16.16301326174873],[47.49958276748657,-16.162704118597844],[47.49966859817505,-16.16286899500514],[47.50016212463379,-16.162539242053043],[47.500483989715576,-16.16268350903725],[47.50061273574829,-16.16286899500514],[47.50046253204346,-16.16286899500514],[47.50046253204346,-16.16301326174873],[47.499990463256836,-16.163260575921385],[47.49986171722412,-16.164002516582897],[47.49936819076538,-16.164146782499273],[47.499260902404785,-16.16396129773031],[47.498981952667236,-16.16396129773031],[47.498981952667236,-16.16381703167859],[47.49885320663452,-16.16381703167859],[47.49885320663452,-16.163549108731758],[47.49872446060181,-16.163549108731758],[47.49872446060181,-16.163404842379208],[47.498295307159424,-16.16352849925927],[47.49816656112671,-16.16396129773031],[47.49790906906128,-16.16408495426228],[47.49758720397949,-16.1641673919073],[47.4973726272583,-16.164497142143546],[47.497029304504395,-16.164682626409657],[47.49634265899658,-16.16517725026847],[47.49614953994751,-16.16544517100853],[47.495741844177246,-16.16544517100853],[47.495741844177246,-16.16556882661223],[47.49561309814453,-16.16556882661223],[47.49561309814453,-16.16610466666762],[47.495741844177246,-16.16610466666762],[47.495741844177246,-16.16637258615056],[47.49589204788208,-16.16637258615056],[47.49589204788208,-16.166516850337104],[47.496020793914795,-16.166516850337104],[47.496299743652344,-16.166846596653784],[47.49683618545532,-16.166661114418346],[47.49683618545532,-16.166248931049722],[47.497007846832275,-16.166166494272844],[47.49709367752075,-16.165981011399154],[47.49722242355347,-16.165981011399154],[47.49741554260254,-16.165877965283002],[47.49786615371704,-16.16579552835141],[47.49790906906128,-16.165713091385427],[47.49790906906128,-16.16556882661223],[47.49816656112671,-16.16556882661223],[47.49816656112671,-16.16544517100853],[47.49885320663452,-16.16544517100853],[47.498939037323,-16.165610045129597],[47.49913215637207,-16.165713091385427],[47.499260902404785,-16.165713091385427],[47.499260902404785,-16.165836746821498],[47.49992609024048,-16.165836746821498],[47.50007629394531,-16.16556882661223],[47.50061273574829,-16.16556882661223],[47.50082731246948,-16.165239078163793],[47.50087022781372,-16.165032985104176],[47.50106334686279,-16.165115422353807],[47.501771450042725,-16.165218468867508],[47.50209331512451,-16.16476506380542],[47.50222206115723,-16.16476506380542],[47.5023078918457,-16.164826891829676],[47.502758502960205,-16.16556882661223],[47.50258684158325,-16.165671872889533],[47.502501010894775,-16.165836746821498],[47.50237226486206,-16.165836746821498],[47.50237226486206,-16.165981011399154],[47.50222206115723,-16.165981011399154],[47.50222206115723,-16.16610466666762],[47.5019645690918,-16.166248931049722],[47.50168561935425,-16.166248931049722],[47.50168561935425,-16.16610466666762],[47.50061273574829,-16.16610466666762],[47.50061273574829,-16.166248931049722],[47.50046253204346,-16.166248931049722],[47.50046253204346,-16.16637258615056],[47.50033378601074,-16.16637258615056],[47.50033378601074,-16.166516850337104],[47.50020503997803,-16.166516850337104],[47.50020503997803,-16.166661114418346],[47.50007629394531,-16.166661114418346],[47.50007629394531,-16.16705268782232],[47.50020503997803,-16.16705268782232],[47.50033378601074,-16.16773278715378],[47.50033378601074,-16.167877050347442],[47.50007629394531,-16.167877050347442],[47.50007629394531,-16.16800070442963],[47.4993896484375,-16.16800070442963],[47.49934673309326,-16.16777400521984],[47.499260902404785,-16.16758852385479],[47.49913215637207,-16.16758852385479],[47.49913215637207,-16.167320606020155],[47.498981952667236,-16.167320606020155],[47.498981952667236,-16.167196951512437],[47.49885320663452,-16.167196951512437],[47.49885320663452,-16.16705268782232],[47.49816656112671,-16.16705268782232],[47.49816656112671,-16.167196951512437],[47.498037815093994,-16.167196951512437],[47.498037815093994,-16.167464869514703],[47.49790906906128,-16.167464869514703],[47.49790906906128,-16.16758852385479],[47.4973726272583,-16.16758852385479],[47.49672889709473,-16.16754730575002],[47.49655723571777,-16.167464869514703],[47.49619245529175,-16.167423651384155],[47.496020793914795,-16.167320606020155],[47.496020793914795,-16.167877050347442],[47.495741844177246,-16.167877050347442],[47.49597787857056,-16.168186185407833],[47.49683618545532,-16.168412884144786],[47.49683618545532,-16.168536537891697],[47.49709367752075,-16.168536537891697],[47.49722242355347,-16.168804454077915],[47.497501373291016,-16.168948716489254],[47.497501373291016,-16.16907236990089],[47.49763011932373,-16.16907236990089],[47.49763011932373,-16.169216632116658],[47.49790906906128,-16.169216632116658],[47.49790906906128,-16.169484547380804],[47.49816656112671,-16.169484547380804],[47.49835968017578,-16.169608200457148],[47.49816656112671,-16.17002037681941],[47.49816656112671,-16.17016463834308],[47.49831676483154,-16.17016463834308],[47.49831676483154,-16.170288290993838],[47.49844551086426,-16.170288290993838],[47.49844551086426,-16.170432552321913],[47.49857425689697,-16.170432552321913],[47.49885320663452,-16.17057681354467],[47.498981952667236,-16.170844726964617],[47.49885320663452,-16.170844726964617],[47.49885320663452,-16.171380552714737],[47.498767375946045,-16.171566030520466],[47.49857425689697,-16.171648465044896],[47.498037815093994,-16.171648465044896],[47.498037815093994,-16.171504204604574],[47.4978232383728,-16.17146298731656],[47.497501373291016,-16.171236292078817],[47.497501373291016,-16.170968379189787],[47.4978232383728,-16.170700465937486],[47.49745845794678,-16.17004098561496],[47.4973726272583,-16.169752462281735],[47.49709367752075,-16.169628809295673],[47.49709367752075,-16.169484547380804],[47.49668598175049,-16.169484547380804],[47.49668598175049,-16.16936089422711],[47.49642848968506,-16.16936089422711],[47.496235370635986,-16.16944332967151],[47.49589204788208,-16.169484547380804],[47.49589204788208,-16.16936089422711],[47.49561309814453,-16.16936089422711],[47.49561309814453,-16.169216632116658],[47.494754791259766,-16.16936089422711],[47.49466896057129,-16.169484547380804],[47.494540214538574,-16.169484547380804],[47.494540214538574,-16.169628809295673],[47.49439001083374,-16.169628809295673],[47.49439001083374,-16.16989672400102],[47.494261264801025,-16.16989672400102],[47.494261264801025,-16.17002037681941],[47.49413251876831,-16.17002037681941],[47.49413251876831,-16.17016463834308],[47.49385356903076,-16.17016463834308],[47.49385356903076,-16.170288290993838],[47.49359607696533,-16.170288290993838],[47.49359607696533,-16.17016463834308],[47.4934458732605,-16.17016463834308],[47.4933385848999,-16.169937941615743],[47.492780685424805,-16.16989672400102],[47.49265193939209,-16.169628809295673],[47.491793632507324,-16.16969063579839],[47.49168634414673,-16.17002037681941],[47.49162197113037,-16.1700822031996],[47.491300106048584,-16.17057681354467],[47.49089241027832,-16.17057681354467],[47.49089241027832,-16.170844726964617],[47.49114990234375,-16.170968379189787],[47.49114990234375,-16.171380552714737],[47.491557598114014,-16.171380552714737],[47.491557598114014,-16.17206063715112],[47.491300106048584,-16.17206063715112],[47.49082803726196,-16.171895768411815],[47.491021156311035,-16.172452199855613],[47.491021156311035,-16.172988021246255],[47.490806579589844,-16.172946804267795],[47.49046325683594,-16.17274071924652],[47.489798069000244,-16.17327653985467],[47.489540576934814,-16.17327653985467],[47.489540576934814,-16.17340019055787],[47.4894118309021,-16.17340019055787],[47.4894118309021,-16.17354444961377],[47.48911142349243,-16.173606274891185],[47.489004135131836,-16.173812359009546],[47.489004135131836,-16.17393600937737],[47.48872518539429,-16.17393600937737],[47.48872518539429,-16.17408026804199],[47.48831748962402,-16.17408026804199],[47.48831748962402,-16.174203918242128],[47.48790979385376,-16.174203918242128],[47.48767375946045,-16.17387418420313],[47.48696565628052,-16.173812359009546],[47.48696565628052,-16.173668100149285],[47.4868369102478,-16.173668100149285],[47.4868369102478,-16.173812359009546],[47.48670816421509,-16.173812359009546],[47.48670816421509,-16.17393600937737],[47.486557960510254,-16.17393600937737],[47.486557960510254,-16.17434817671112],[47.48670816421509,-16.17434817671112],[47.48670816421509,-16.174616085016908],[47.48662233352661,-16.174801559784996],[47.486557960510254,-16.17502825093169],[47.48642921447754,-16.17502825093169],[47.48642921447754,-16.175151900538438],[47.48589277267456,-16.175151900538438],[47.48584985733032,-16.175069467475865],[47.485270500183105,-16.174987034378915],[47.48507738113403,-16.17488399295935],[47.48507738113403,-16.17502825093169],[47.484540939331055,-16.17502825093169],[47.484540939331055,-16.175296158315135],[47.48466968536377,-16.175296158315135],[47.48466968536377,-16.175419807754167],[47.4848198890686,-16.175419807754167],[47.4848198890686,-16.17556406533521],[47.48494863510132,-16.17556406533521],[47.48494863510132,-16.175687714606553],[47.48507738113403,-16.175687714606553],[47.48507738113403,-16.17583197199194],[47.485313415527344,-16.175873188368413],[47.4854850769043,-16.175976229271967],[47.48561382293701,-16.175976229271967],[47.48561382293701,-16.1760998782853],[47.486021518707275,-16.1760998782853],[47.486021518707275,-16.17624413536967],[47.48617172241211,-16.17624413536967],[47.48617172241211,-16.176367784215273],[47.486300468444824,-16.176367784215273],[47.486300468444824,-16.17651204110399],[47.48642921447754,-16.17651204110399],[47.48642921447754,-16.176635689781875],[47.486557960510254,-16.176635689781875],[47.486557960510254,-16.17690359498509],[47.4868369102478,-16.17704785148247],[47.48692274093628,-16.17723332396713],[47.48696565628052,-16.177460012322953],[47.487244606018066,-16.177460012322953],[47.487244606018066,-16.177315756126617],[47.48765230178833,-16.177315756126617],[47.487545013427734,-16.17752183637485],[47.487244606018066,-16.17758366040738],[47.487244606018066,-16.17799582012971],[47.48711585998535,-16.17799582012971],[47.48711585998535,-16.178531626482823],[47.48696565628052,-16.178531626482823],[47.48696565628052,-16.178799529114244],[47.4868369102478,-16.178799529114244],[47.4868369102478,-16.178943784226803],[47.48642921447754,-16.178943784226803],[47.486300468444824,-16.179211686299112],[47.48617172241211,-16.179211686299112],[47.48589277267456,-16.178799529114244],[47.48535633087158,-16.178799529114244],[47.48535633087158,-16.178943784226803],[47.48522758483887,-16.178943784226803],[47.48522758483887,-16.179067431382265],[47.484261989593506,-16.17933533328683],[47.4843692779541,-16.17917047061934],[47.484519481658936,-16.17828433142357],[47.484004497528076,-16.17741879627762],[47.48387575149536,-16.177315756126617],[47.48387575149536,-16.177192107874475],[47.48372554779053,-16.177192107874475],[47.48372554779053,-16.17704785148247],[47.48359680175781,-16.17704785148247],[47.48359680175781,-16.17677994647491],[47.4834680557251,-16.17677994647491],[47.48338222503662,-16.17630595980215],[47.483317852020264,-16.17556406533521],[47.4834680557251,-16.17556406533521],[47.4834680557251,-16.175151900538438],[47.48318910598755,-16.17502825093169],[47.48318910598755,-16.174471826743556],[47.48293161392212,-16.174471826743556],[47.48293161392212,-16.17393600937737],[47.482781410217285,-16.17393600937737],[47.482781410217285,-16.17354444961377],[47.48265266418457,-16.17354444961377],[47.48265266418457,-16.17327653985467],[47.482523918151855,-16.17327653985467],[47.482523918151855,-16.172988021246255],[47.48237371444702,-16.17282315328083],[47.48157978057861,-16.172946804267795],[47.48142957687378,-16.17313228060314],[47.4813437461853,-16.17309106365478],[47.48097896575928,-16.172369765666517],[47.4808931350708,-16.17232854855908],[47.4808931350708,-16.172184288615327],[47.480807304382324,-16.17199881139001],[47.48016357421875,-16.1721224628929],[47.48007774353027,-16.172720110732584],[47.4798846244812,-16.173214714474057],[47.479820251464844,-16.17327653985467],[47.47924089431763,-16.17313228060314],[47.47913360595703,-16.17327653985467],[47.47874736785889,-16.17327653985467],[47.478060722351074,-16.1733589736654],[47.47793197631836,-16.173812359009546],[47.47765302658081,-16.173812359009546],[47.47765302658081,-16.17393600937737],[47.477524280548096,-16.17393600937737],[47.477524280548096,-16.17408026804199],[47.47739553451538,-16.17408026804199],[47.47743844985962,-16.174513043403834],[47.47765302658081,-16.174616085016908],[47.47769594192505,-16.17469851826867],[47.478060722351074,-16.17488399295935],[47.478060722351074,-16.17502825093169],[47.47765302658081,-16.17502825093169],[47.47765302658081,-16.175151900538438],[47.47698783874512,-16.175151900538438],[47.47683763504028,-16.174966426099303],[47.47670888900757,-16.175151900538438],[47.476301193237305,-16.175151900538438],[47.476301193237305,-16.174471826743556],[47.47623682022095,-16.17403905129143],[47.47589349746704,-16.1738947925967],[47.4755072593689,-16.17408026804199],[47.47514247894287,-16.173977226149447],[47.47462749481201,-16.173585666467545],[47.474284172058105,-16.17354444961377],[47.474284172058105,-16.17340019055787],[47.47387647628784,-16.17340019055787],[47.47387647628784,-16.17354444961377],[47.47374773025513,-16.17354444961377],[47.47374773025513,-16.173668100149285],[47.47321128845215,-16.173668100149285],[47.47321128845215,-16.17354444961377],[47.473061084747314,-16.17354444961377],[47.473061084747314,-16.17327653985467],[47.47265338897705,-16.17327653985467],[47.47265338897705,-16.17340019055787],[47.472524642944336,-16.17340019055787],[47.47241735458374,-16.17325593139661],[47.47183799743652,-16.173070455177367],[47.47170925140381,-16.17354444961377],[47.47074365615845,-16.173482624317003],[47.47063636779785,-16.17327653985467],[47.47018575668335,-16.17315288907409],[47.46937036514282,-16.172781936267995],[47.46915578842163,-16.172720110732584],[47.469027042388916,-16.172720110732584],[47.469027042388916,-16.17313228060314],[47.46915578842163,-16.17313228060314],[47.4690055847168,-16.173709316977252],[47.46861934661865,-16.173812359009546],[47.46861934661865,-16.17354444961377],[47.46821165084839,-16.17327653985467],[47.46726751327515,-16.1733589736654],[47.46711730957031,-16.173812359009546],[47.46666669845581,-16.173997834532244],[47.46617317199707,-16.173668100149285],[47.46617317199707,-16.17354444961377],[47.46591567993164,-16.17354444961377],[47.46591567993164,-16.17340019055787],[47.465786933898926,-16.17340019055787],[47.46499300003052,-16.1722667228818],[47.46439218521118,-16.172431591311565],[47.464284896850586,-16.17259645960374],[47.46366262435913,-16.17253463401029],[47.463340759277344,-16.172452199855613],[47.463297843933105,-16.17222550575285],[47.46321201324463,-16.17206063715112],[47.463297843933105,-16.17187515980973],[47.46342658996582,-16.171318726740807],[47.46349096298218,-16.170700465937486],[47.46374845504761,-16.17057681354467],[47.46374845504761,-16.16989672400102],[47.46361970901489,-16.16989672400102],[47.46361970901489,-16.169484547380804],[47.46321201324463,-16.169484547380804],[47.46321201324463,-16.16936089422711],[47.46293306350708,-16.16936089422711],[47.46293306350708,-16.169216632116658],[47.46259530283959,-16.16906397315743],[47.46186017990112,-16.168701409433893],[47.46173143386841,-16.16800070442963],[47.46173143386841,-16.167877050347442],[47.4619460105896,-16.167753396187877],[47.46198892593384,-16.166929033147],[47.4623966217041,-16.166661114418346],[47.46246099472046,-16.166042839043058],[47.462546825408936,-16.165713091385427],[47.4623966217041,-16.165713091385427],[47.46235370635986,-16.165074203733298],[47.46226787567139,-16.164888719834593],[47.46213912963867,-16.164352876482866],[47.4619460105896,-16.16427043891521],[47.46173143386841,-16.1642292201185],[47.46173143386841,-16.163672765521568],[47.46177434921265,-16.16346667082891],[47.46186017990112,-16.16328118542181],[47.46198892593384,-16.16328118542181],[47.46198892593384,-16.163136918873732],[47.462096214294434,-16.162972042689887],[47.46226787567139,-16.16286899500514],[47.46218204498291,-16.162765947266692],[47.46160268783569,-16.16286899500514],[47.461323738098145,-16.16274533771255],[47.46125936508179,-16.163219356914098],[47.461044788360596,-16.163549108731758],[47.4609375,-16.16352849925927],[47.459843158721924,-16.16328118542181],[47.459564208984375,-16.16286899500514],[47.458083629608154,-16.16286899500514],[47.458083629608154,-16.16274533771255],[47.457804679870605,-16.16274533771255],[47.45767593383789,-16.16301326174873],[47.45726823806763,-16.16301326174873],[47.45726823806763,-16.163136918873732],[47.45666742324829,-16.163075090320902],[47.456603050231934,-16.162456803729043],[47.4564528465271,-16.162456803729043],[47.45651721954346,-16.163095699840667],[47.456603050231934,-16.16328118542181],[47.456603050231934,-16.163404842379208],[47.4564528465271,-16.163404842379208],[47.4564528465271,-16.163672765521568],[47.456324100494385,-16.163672765521568],[47.456324100494385,-16.16381703167859],[47.45610952377319,-16.164002516582897],[47.45619535446167,-16.16517725026847],[47.45610952377319,-16.165713091385427],[47.45591640472412,-16.165836746821498],[47.455852031707764,-16.16550699882005],[47.45572328567505,-16.16453836088438],[47.45565891265869,-16.164497142143546],[47.455551624298096,-16.164126173089088],[47.45471477508545,-16.1642292201185],[47.45413541793823,-16.164126173089088],[47.45389938354492,-16.163672765521568],[47.454092502593994,-16.16352849925927],[47.45377063751221,-16.16328118542181],[47.45377063751221,-16.163136918873732],[47.45362043380737,-16.163136918873732],[47.45362043380737,-16.16301326174873],[47.45321273803711,-16.16301326174873],[47.45321273803711,-16.16286899500514],[47.45213985443115,-16.16286899500514],[47.45164632797241,-16.162910214085485],[47.45147466659546,-16.16301326174873],[47.45147466659546,-16.16328118542181],[47.45164632797241,-16.163363623402006],[47.45173215866089,-16.163549108731758],[47.451560497283936,-16.16389946943532],[47.45147466659546,-16.16396129773031],[47.450337409973145,-16.16389946943532],[47.45020866394043,-16.16346667082891],[47.45012283325195,-16.163404842379208],[47.449586391448975,-16.163404842379208],[47.449586391448975,-16.163549108731758],[47.4493932723999,-16.16346667082891],[47.449307441711426,-16.16328118542181],[47.449307441711426,-16.163136918873732],[47.44889974594116,-16.163136918873732],[47.44889974594116,-16.16328118542181],[47.44827747344971,-16.16346667082891],[47.448084354400635,-16.16381703167859],[47.44791269302368,-16.16373459388747],[47.44767665863037,-16.163672765521568],[47.447547912597656,-16.163404842379208],[47.44741916656494,-16.163404842379208],[47.44701147079468,-16.163260575921385],[47.44662523269653,-16.163590327670292],[47.44651794433594,-16.16373459388747],[47.4464750289917,-16.16396129773031],[47.446603775024414,-16.16396129773031],[47.446603775024414,-16.16408495426228],[47.44673252105713,-16.16408495426228],[47.446861267089844,-16.164249829517928],[47.44729042053223,-16.164352876482866],[47.44729042053223,-16.164497142143546],[47.447547912597656,-16.164497142143546],[47.447547912597656,-16.16462079834031],[47.44767665863037,-16.16462079834031],[47.44767665863037,-16.164888719834593],[47.447547912597656,-16.164888719834593],[47.447547912597656,-16.165300906039775],[47.44767665863037,-16.16546578028118],[47.448577880859375,-16.16565126363838],[47.44922161102295,-16.166187103470293],[47.449586391448975,-16.166248931049722],[47.44965076446533,-16.166558068656784],[47.45053052902222,-16.167196951512437],[47.45065927505493,-16.16773278715378],[47.45065927505493,-16.16800070442963],[47.45012283325195,-16.16800070442963],[47.450079917907715,-16.167918268383417],[47.44962930679321,-16.16781522327733],[47.44926452636719,-16.167650350995814],[47.44889974594116,-16.16758852385479],[47.44889974594116,-16.167464869514703],[47.44877099990845,-16.167464869514703],[47.44870662689209,-16.167114515130976],[47.4484920501709,-16.166764160126192],[47.447826862335205,-16.166929033147],[47.44763374328613,-16.1668259875251],[47.44741916656494,-16.166784769261312],[47.44741916656494,-16.166661114418346],[47.446603775024414,-16.166661114418346],[47.446603775024414,-16.166784769261312],[47.44619607925415,-16.166784769261312],[47.44619607925415,-16.166516850337104],[47.446067333221436,-16.166516850337104],[47.446067333221436,-16.16637258615056],[47.44619607925415,-16.16637258615056],[47.44619607925415,-16.16610466666762],[47.44578838348389,-16.16556882661223],[47.44553089141846,-16.16556882661223],[47.44512319564819,-16.165300906039775],[47.44499444961548,-16.16542456173373],[47.444329261779785,-16.16723816969028],[47.44443655014038,-16.167464869514703],[47.444586753845215,-16.167464869514703],[47.444586753845215,-16.16758852385479],[47.44471549987793,-16.16758852385479],[47.44471549987793,-16.16773278715378],[47.444801330566406,-16.16777400521984],[47.44499444961548,-16.168144967427722],[47.44516611099243,-16.168227403379348],[47.44553089141846,-16.168268621342264],[47.44578838348389,-16.168268621342264],[47.44578838348389,-16.168144967427722],[47.44619607925415,-16.168144967427722],[47.446324825286865,-16.16828923032051],[47.44690418243408,-16.16874262729793],[47.44701147079468,-16.16936089422711],[47.44688272476196,-16.16936089422711],[47.44688272476196,-16.169628809295673],[47.4464750289917,-16.169628809295673],[47.446346282958984,-16.16944332967151],[47.44619607925415,-16.169628809295673],[47.446067333221436,-16.169628809295673],[47.446067333221436,-16.169752462281735],[47.44589567184448,-16.169855506377672],[47.446045875549316,-16.170267682224093],[47.446346282958984,-16.170432552321913],[47.44628190994263,-16.17092716178999],[47.44587421417236,-16.17146298731656],[47.44578838348389,-16.171504204604574],[47.44570255279541,-16.1716896822942],[47.44553089141846,-16.171772116767045],[47.44553089141846,-16.171916377011755],[47.44525194168091,-16.171916377011755],[47.44523048400879,-16.172143071469193],[47.4450159072876,-16.17234915711387],[47.44499444961548,-16.17259645960374],[47.44499444961548,-16.172988021246255],[47.44512319564819,-16.172988021246255],[47.44512319564819,-16.17340019055787],[47.44525194168091,-16.173482624317003],[47.4454665184021,-16.17405965966779],[47.44593858718872,-16.17473973488164],[47.446346282958984,-16.17502825093169],[47.44643211364746,-16.17519311705682],[47.4464750289917,-16.17556406533521],[47.446603775024414,-16.17556406533521],[47.446603775024414,-16.175687714606553],[47.44673252105713,-16.175687714606553],[47.446839809417725,-16.175873188368413],[47.44701147079468,-16.175976229271967],[47.447075843811035,-16.176038053788318],[47.447590827941895,-16.176182310917838],[47.44801998138428,-16.176450216736],[47.44823455810547,-16.17651204110399],[47.44823455810547,-16.17690359498509],[47.447826862335205,-16.177192107874475],[47.44791269302368,-16.17735697219348],[47.448084354400635,-16.177460012322953],[47.44864225387573,-16.177315756126617],[47.44864225387573,-16.177192107874475],[47.44877099990845,-16.177192107874475],[47.44922161102295,-16.177398188251715],[47.449307441711426,-16.17758366040738],[47.449307441711426,-16.17772791640803],[47.44902849197388,-16.17772791640803],[47.44902849197388,-16.17785156432474],[47.44917869567871,-16.17785156432474],[47.44917869567871,-16.178119467878687],[47.449307441711426,-16.178119467878687],[47.449307441711426,-16.178387371069235],[47.44943618774414,-16.178387371069235],[47.44943618774414,-16.178531626482823],[47.449951171875,-16.17912925493097],[47.45078802108765,-16.179211686299112],[47.45098114013672,-16.179108647083538],[47.451066970825195,-16.178943784226803],[47.45119571685791,-16.178943784226803],[47.45119571685791,-16.179067431382265],[47.451324462890625,-16.179067431382265],[47.451324462890625,-16.179211686299112],[47.45147466659546,-16.179211686299112],[47.45147466659546,-16.17933533328683],[47.451603412628174,-16.17933533328683],[47.451603412628174,-16.179891743773496],[47.45188236236572,-16.179994782580465],[47.452826499938965,-16.179603234827965],[47.45291233062744,-16.179788704912767],[47.453083992004395,-16.179891743773496],[47.45321273803711,-16.179891743773496],[47.45321273803711,-16.180015390335413],[47.45349168777466,-16.180015390335413],[47.45349168777466,-16.180159644559794],[47.45389938354492,-16.180159644559794],[47.45396375656128,-16.180221467766543],[47.45437145233154,-16.180489368105498],[47.455058097839355,-16.181025167693022],[47.455787658691406,-16.1810869906288],[47.455787658691406,-16.181231244070347],[47.45591640472412,-16.181231244070347],[47.45621681213379,-16.181664003762606],[47.45692491531372,-16.18211737004195],[47.45726823806763,-16.182179192635743],[47.457311153411865,-16.18240587531406],[47.457547187805176,-16.182859239889922],[47.457332611083984,-16.182900454799736],[47.4570107460022,-16.183127136649944],[47.457096576690674,-16.183291996013907],[47.45726823806763,-16.183395033046466],[47.45726823806763,-16.183662929079475],[47.4569034576416,-16.183621714328822],[47.45673179626465,-16.18351867741457],[47.45673179626465,-16.183395033046466],[47.456603050231934,-16.183395033046466],[47.456603050231934,-16.18325078118582],[47.4564528465271,-16.18325078118582],[47.4564528465271,-16.183127136649944],[47.45628118515015,-16.183024099477564],[47.45619535446167,-16.182859239889922],[47.455787658691406,-16.182859239889922],[47.45535850524902,-16.183127136649944],[47.45445728302002,-16.18277681004446],[47.454307079315186,-16.182591342766372],[47.454307079315186,-16.182302837765263],[47.45419979095459,-16.182096762506376],[47.45389938354492,-16.182034939886776],[47.453835010528564,-16.181973117247793],[47.45336294174194,-16.181767041644775],[47.45336294174194,-16.182034939886776],[47.45295524597168,-16.182034939886776],[47.45274066925049,-16.18172582649835],[47.45226860046387,-16.181581573418143],[47.45213985443115,-16.181767041644775],[47.45188236236572,-16.181767041644775],[47.45188236236572,-16.181643396179723],[47.45164632797241,-16.181684611343343],[47.45119571685791,-16.18191129458947],[47.45102405548096,-16.181808256782574],[47.45078802108765,-16.181767041644775],[47.45078802108765,-16.181643396179723],[47.45065927505493,-16.181643396179723],[47.45065927505493,-16.18149914303929],[47.45038032531738,-16.18149914303929],[47.450294494628906,-16.181313674561025],[47.45012283325195,-16.181231244070347],[47.450058460235596,-16.1806542296719],[47.44971513748169,-16.18042754498262],[47.449586391448975,-16.18042754498262],[47.449586391448975,-16.180283290953952],[47.44943618774414,-16.180283290953952],[47.44943618774414,-16.180015390335413],[47.449092864990234,-16.179932959302747],[47.44823455810547,-16.179891743773496],[47.44778394699097,-16.179768097134172],[47.44765520095825,-16.179149862776228],[47.44688272476196,-16.178737705462353],[47.44688272476196,-16.178675881791065],[47.446067333221436,-16.178675881791065],[47.44598150253296,-16.178490410661126],[47.44578838348389,-16.178387371069235],[47.445616722106934,-16.178490410661126],[47.44553089141846,-16.178675881791065],[47.44525194168091,-16.178675881791065],[47.44525194168091,-16.178799529114244],[47.44512319564819,-16.178799529114244],[47.44512319564819,-16.178675881791065],[47.44471549987793,-16.178675881791065],[47.44471549987793,-16.178531626482823],[47.444586753845215,-16.178531626482823],[47.444586753845215,-16.178387371069235],[47.44443655014038,-16.178119467878687],[47.44443655014038,-16.17785156432474],[47.44437217712402,-16.17754244438784],[47.444050312042236,-16.177460012322953],[47.444050312042236,-16.177315756126617],[47.44364261627197,-16.177315756126617],[47.44364261627197,-16.17704785148247],[47.443599700927734,-16.17682116265358],[47.44349241256714,-16.176635689781875],[47.443363666534424,-16.176635689781875],[47.443363666534424,-16.17651204110399],[47.44323492050171,-16.17651204110399],[47.44323492050171,-16.1760998782853],[47.443106174468994,-16.1760998782853],[47.443106174468994,-16.17556406533521],[47.44323492050171,-16.17556406533521],[47.44323492050171,-16.175419807754167],[47.4428915977478,-16.175378591283092],[47.44241952896118,-16.175007642656382],[47.44229078292847,-16.174471826743556],[47.44216203689575,-16.174471826743556],[47.44216203689575,-16.174616085016908],[47.441604137420654,-16.174616085016908],[47.441604137420654,-16.174471826743556],[47.44147539138794,-16.174471826743556],[47.44147539138794,-16.174203918242128],[47.441067695617676,-16.174203918242128],[47.441067695617676,-16.17434817671112],[47.44093894958496,-16.17434817671112],[47.44093894958496,-16.174471826743556],[47.44065999984741,-16.174471826743556],[47.440810203552246,-16.174760343184914],[47.440853118896484,-16.175110684011457],[47.441067695617676,-16.17556406533521],[47.441067695617676,-16.175687714606553],[47.4405312538147,-16.175687714606553],[47.44046688079834,-16.175625889980566],[47.43978023529053,-16.17523433356658],[47.43896484375,-16.17469851826867],[47.438085079193115,-16.17488399295935],[47.4379563331604,-16.175296158315135],[47.437827587127686,-16.175296158315135],[47.437312602996826,-16.17494581781753],[47.43621826171875,-16.17469851826867],[47.436068058013916,-16.17488399295935],[47.435810565948486,-16.17488399295935],[47.435810565948486,-16.17502825093169],[47.43520975112915,-16.175090075744748],[47.435123920440674,-16.175419807754167],[47.435123920440674,-16.175687714606553],[47.4359393119812,-16.175687714606553],[47.43589639663696,-16.17591440473629],[47.435810565948486,-16.1760998782853],[47.43598222732544,-16.17647082486083],[47.436068058013916,-16.17651204110399],[47.43596076965332,-16.176759338382368],[47.435832023620605,-16.17733636416112],[47.4359393119812,-16.17758366040738],[47.43546724319458,-16.177913388254055],[47.435123920440674,-16.177460012322953],[47.435081005096436,-16.176882986905426],[47.434866428375244,-16.17677994647491],[47.434823513031006,-16.176553257338554],[47.43452310562134,-16.17647082486083],[47.43441581726074,-16.177150891773223],[47.43473768234253,-16.177315756126617],[47.43473768234253,-16.178119467878687],[47.43454456329346,-16.178222507610357],[47.43445873260498,-16.178387371069235],[47.433879375457764,-16.178490410661126],[47.43372917175293,-16.179355941110586],[47.43405103683472,-16.179603234827965],[47.43405103683472,-16.179747489353417],[47.43417978286743,-16.179747489353417],[47.43417978286743,-16.179891743773496],[47.434329986572266,-16.179891743773496],[47.434329986572266,-16.180283290953952],[47.43405103683472,-16.18042754498262],[47.43345022201538,-16.180489368105498],[47.43327856063843,-16.181375497406478],[47.433364391326904,-16.18172582649835],[47.433021068573,-16.181973117247793],[47.43222713470459,-16.182096762506376],[47.43179798126221,-16.18240587531406],[47.43139028549194,-16.182344052791237],[47.43121862411499,-16.182591342766372],[47.43121862411499,-16.182714987637794],[47.43068218231201,-16.182982884593557],[47.429866790771484,-16.182982884593557],[47.429866790771484,-16.183395033046466],[47.429587841033936,-16.18351867741457],[47.42920160293579,-16.183601106950277],[47.428836822509766,-16.18417811273656],[47.4269700050354,-16.184425400414426],[47.427356243133545,-16.18401325411257],[47.42690563201904,-16.183395033046466],[47.427077293395996,-16.183291996013907],[47.42716312408447,-16.183127136649944],[47.42776393890381,-16.182941669700952],[47.42778539657593,-16.182714987637794],[47.42774248123169,-16.182282230249058],[47.428386211395264,-16.18191129458947],[47.428386211395264,-16.181643396179723],[47.4285364151001,-16.181519750637236],[47.42864370346069,-16.1810869906288],[47.42864370346069,-16.180819091100645],[47.42879390716553,-16.180819091100645],[47.42879390716553,-16.18069544504199],[47.42892265319824,-16.18069544504199],[47.42892265319824,-16.18042754498262],[47.42905139923096,-16.18042754498262],[47.42905139923096,-16.180283290953952],[47.42890119552612,-16.180180252297518],[47.42879390716553,-16.179747489353417],[47.42879390716553,-16.179603234827965],[47.42864370346069,-16.179603234827965],[47.4284291267395,-16.17917047061934],[47.428343296051025,-16.177624876418307],[47.42825746536255,-16.17758366040738],[47.42851495742798,-16.177192107874475],[47.428858280181885,-16.177274540051172],[47.42892265319824,-16.17799582012971],[47.42905139923096,-16.17799582012971],[47.42905139923096,-16.178119467878687],[47.42920160293579,-16.178119467878687],[47.429373264312744,-16.178037036054633],[47.42945909500122,-16.17785156432474],[47.429630756378174,-16.17772791640803],[47.42973804473877,-16.17704785148247],[47.43027448654175,-16.17704785148247],[47.43027448654175,-16.17690359498509],[47.43040323257446,-16.17690359498509],[47.43040323257446,-16.17704785148247],[47.43081092834473,-16.17704785148247],[47.43081092834473,-16.17690359498509],[47.43093967437744,-16.17690359498509],[47.43093967437744,-16.17583197199194],[47.43104696273804,-16.175254941818253],[47.431347370147705,-16.17502825093169],[47.43149757385254,-16.17502825093169],[47.43149757385254,-16.17488399295935],[47.43179798126221,-16.174822168081803],[47.43194818496704,-16.174451218410198],[47.43175506591797,-16.17434817671112],[47.431583404541016,-16.174018442912924],[47.43175506591797,-16.173668100149285],[47.431626319885254,-16.173482624317003],[47.43149757385254,-16.173668100149285],[47.43126153945923,-16.17362688331272],[47.430617809295654,-16.173194106009547],[47.43027448654175,-16.172988021246255],[47.43016719818115,-16.172781936267995],[47.429866790771484,-16.172720110732584],[47.429866790771484,-16.17259645960374],[47.4299955368042,-16.17259645960374],[47.4299955368042,-16.172452199855613],[47.43027448654175,-16.172452199855613],[47.43027448654175,-16.17232854855908],[47.43053197860718,-16.17232854855908],[47.43072509765625,-16.172184288615327],[47.43053197860718,-16.17206063715112],[47.430317401885986,-16.17173089953492],[47.4299955368042,-16.171648465044896],[47.4299955368042,-16.171504204604574],[47.429866790771484,-16.171504204604574],[47.42973804473877,-16.171318726740807],[47.429587841033936,-16.171504204604574],[47.42945909500122,-16.171504204604574],[47.42945909500122,-16.171380552714737],[47.429330348968506,-16.171380552714737],[47.429330348968506,-16.171236292078817],[47.42879390716553,-16.171236292078817],[47.42879390716553,-16.170700465937486],[47.42924451828003,-16.170638639750734],[47.429330348968506,-16.170288290993838],[47.42945909500122,-16.170288290993838],[47.42945909500122,-16.17016463834308],[47.429630756378174,-16.1700822031996],[47.42973804473877,-16.16989672400102],[47.4299955368042,-16.16989672400102],[47.43005990982056,-16.16997915922188],[47.4305534362793,-16.17016463834308],[47.430875301361084,-16.169855506377672],[47.43027448654175,-16.169628809295673],[47.42997407913208,-16.16956698277363],[47.42978096008301,-16.169175414351457],[47.42967367172241,-16.168392275179443],[47.429115772247314,-16.167959486410837],[47.42845058441162,-16.16845410206902],[47.428386211395264,-16.168536537891697],[47.427849769592285,-16.16868080049862],[47.42806434631348,-16.168227403379348],[47.428107261657715,-16.167877050347442],[47.42872953414917,-16.167506087636653],[47.42872953414917,-16.166990860494323],[47.427978515625,-16.16758852385479],[47.4275279045105,-16.16781522327733],[47.42716312408447,-16.168536537891697],[47.426841259002686,-16.16907236990089],[47.4269700050354,-16.170267682224093],[47.427570819854736,-16.170432552321913],[47.42765665054321,-16.17061803101754],[47.427849769592285,-16.170700465937486],[47.427849769592285,-16.17111264002132],[47.427978515625,-16.17111264002132],[47.427978515625,-16.171504204604574],[47.42806434631348,-16.172307940002128],[47.42802143096924,-16.172884978783998],[47.42830038070679,-16.173214714474057],[47.42851495742798,-16.17340019055787],[47.42851495742798,-16.17354444961377],[47.42879390716553,-16.17354444961377],[47.42879390716553,-16.173812359009546],[47.42892265319824,-16.173812359009546],[47.42892265319824,-16.17393600937737],[47.42905139923096,-16.17393600937737],[47.42905139923096,-16.17408026804199],[47.42920160293579,-16.17408026804199],[47.42920160293579,-16.174203918242128],[47.42905139923096,-16.174203918242128],[47.42905139923096,-16.17434817671112],[47.42892265319824,-16.17434817671112],[47.42892265319824,-16.174471826743556],[47.42849349975586,-16.1745954766986],[47.428386211395264,-16.175296158315135],[47.42864370346069,-16.175296158315135],[47.42875099182129,-16.175254941818253],[47.428879737854004,-16.174987034378915],[47.429137229919434,-16.174842776376465],[47.42920160293579,-16.174760343184914],[47.429587841033936,-16.174760343184914],[47.429587841033936,-16.17502825093169],[47.42973804473877,-16.17502825093169],[47.42973804473877,-16.175296158315135],[47.42879390716553,-16.175976229271967],[47.428600788116455,-16.175873188368413],[47.42851495742798,-16.175687714606553],[47.42825746536255,-16.175687714606553],[47.42825746536255,-16.17556406533521],[47.428107261657715,-16.17556406533521],[47.428107261657715,-16.175687714606553],[47.427570819854736,-16.175687714606553],[47.427570819854736,-16.17556406533521],[47.42744207382202,-16.17556406533521],[47.42744207382202,-16.175419807754167],[47.42649793624878,-16.175419807754167],[47.42649793624878,-16.175976229271967],[47.426862716674805,-16.176141094605867],[47.42690563201904,-16.17624413536967],[47.42690563201904,-16.176367784215273],[47.42621898651123,-16.17704785148247],[47.4259614944458,-16.17704785148247],[47.42598295211792,-16.177913388254055],[47.426090240478516,-16.178119467878687],[47.426090240478516,-16.178263723487987],[47.42621898651123,-16.178263723487987],[47.42617607116699,-16.17917047061934],[47.426090240478516,-16.17933533328683],[47.42568254470825,-16.17962384262377],[47.4254035949707,-16.180015390335413],[47.42527484893799,-16.180283290953952],[47.42514610290527,-16.180283290953952],[47.42514610290527,-16.18042754498262],[47.42493152618408,-16.180530583510006],[47.424867153167725,-16.180819091100645],[47.424609661102295,-16.180819091100645],[47.424609661102295,-16.18096334473789],[47.42379426956177,-16.180777875756363],[47.42366552352905,-16.181231244070347],[47.42347240447998,-16.181313674561025],[47.422850131988525,-16.181375497406478],[47.42239952087402,-16.18160218100749],[47.422034740448,-16.181643396179723],[47.421627044677734,-16.18182886434826],[47.42121934890747,-16.181643396179723],[47.42098331451416,-16.181293066941592],[47.42027521133423,-16.181231244070347],[47.420146465301514,-16.18096334473789],[47.419610023498535,-16.18069544504199],[47.41965293884277,-16.1806130142932],[47.42003917694092,-16.180489368105498],[47.420146465301514,-16.180283290953952],[47.42027521133423,-16.180283290953952],[47.420339584350586,-16.18038632955661],[47.42074728012085,-16.180633621983617],[47.42096185684204,-16.18069544504199],[47.42106914520264,-16.180901521763417],[47.42149829864502,-16.18096334473789],[47.42149829864502,-16.18069544504199],[47.421627044677734,-16.18069544504199],[47.421627044677734,-16.18055119120902],[47.42190599441528,-16.18055119120902],[47.42190599441528,-16.18042754498262],[47.422034740448,-16.18042754498262],[47.422034740448,-16.180015390335413],[47.42220640182495,-16.179932959302747],[47.42257118225098,-16.179891743773496],[47.423107624053955,-16.179891743773496],[47.42325782775879,-16.179603234827965],[47.42325782775879,-16.17947958800798],[47.42366552352905,-16.17947958800798],[47.424116134643555,-16.17912925493097],[47.424330711364746,-16.179067431382265],[47.42420196533203,-16.178799529114244],[47.42420196533203,-16.17799582012971],[47.424330711364746,-16.17772791640803],[47.42420196533203,-16.177460012322953],[47.424116134643555,-16.177130283719364],[47.42379426956177,-16.17690359498509],[47.42379426956177,-16.17651204110399],[47.4240517616272,-16.17651204110399],[47.4240517616272,-16.176367784215273],[47.42415904998779,-16.17620291907059],[47.42469549179077,-16.17591440473629],[47.42473840713501,-16.175151900538438],[47.424867153167725,-16.175151900538438],[47.42501735687256,-16.17488399295935],[47.4249529838562,-16.17457486837813],[47.42527484893799,-16.174203918242128],[47.4254035949707,-16.174203918242128],[47.4254035949707,-16.17408026804199],[47.42602586746216,-16.17333836521594],[47.426090240478516,-16.172988021246255],[47.42647647857666,-16.172184288615327],[47.426090240478516,-16.171339335400944],[47.42553234100342,-16.171195074734925],[47.4254035949707,-16.171380552714737],[47.424867153167725,-16.171380552714737],[47.424609661102295,-16.171916377011755],[47.424373626708984,-16.171957594205168],[47.42420196533203,-16.17206063715112],[47.42392301559448,-16.17206063715112],[47.42392301559448,-16.172184288615327],[47.423386573791504,-16.172287331443044],[47.42325782775879,-16.172452199855613],[47.42280721664429,-16.17253463401029],[47.422099113464355,-16.172781936267995],[47.42156267166138,-16.173173497542905],[47.42149829864502,-16.17327653985467],[47.42106914520264,-16.173317756764348],[47.42096185684204,-16.17354444961377],[47.42081165313721,-16.17354444961377],[47.42051124572754,-16.17362688331272],[47.42027521133423,-16.17393600937737],[47.4200177192688,-16.17393600937737],[47.41978168487549,-16.1738947925967],[47.419610023498535,-16.173812359009546],[47.419610023498535,-16.173668100149285],[47.41907358169556,-16.173668100149285],[47.41907358169556,-16.173812359009546],[47.418880462646484,-16.1738947925967],[47.41853713989258,-16.17393600937737],[47.41853713989258,-16.173812359009546],[47.418386936187744,-16.173812359009546],[47.418386936187744,-16.17340019055787],[47.41879463195801,-16.17340019055787],[47.41879463195801,-16.17327653985467],[47.41907358169556,-16.17327653985467],[47.41907358169556,-16.17340019055787],[47.41920232772827,-16.17340019055787],[47.41920232772827,-16.17354444961377],[47.41965293884277,-16.173317756764348],[47.4200177192688,-16.17327653985467],[47.4200177192688,-16.17313228060314],[47.42027521133423,-16.17313228060314],[47.42027521133423,-16.172988021246255],[47.42042541503906,-16.172988021246255],[47.42042541503906,-16.172864370285083],[47.42055416107178,-16.172864370285083],[47.42055416107178,-16.172720110732584],[47.42096185684204,-16.172720110732584],[47.4209189414978,-16.171957594205168],[47.42068290710449,-16.171504204604574],[47.42068290710449,-16.171380552714737],[47.42081165313721,-16.171380552714737],[47.42081165313721,-16.171236292078817],[47.421369552612305,-16.171236292078817],[47.421369552612305,-16.171504204604574],[47.422034740448,-16.171380552714737],[47.42297887802124,-16.171380552714737],[47.42297887802124,-16.171236292078817],[47.42381572723389,-16.171442378669326],[47.42426633834839,-16.17117446605974],[47.42454528808594,-16.17105081396356],[47.424609661102295,-16.170968379189787],[47.424867153167725,-16.170968379189787],[47.424867153167725,-16.170844726964617],[47.425596714019775,-16.17065924848181],[47.42568254470825,-16.170288290993838],[47.42600440979004,-16.1700822031996],[47.425596714019775,-16.16956698277363],[47.42555379867554,-16.169216632116658],[47.42581129074097,-16.169216632116658],[47.425875663757324,-16.169381503091444],[47.42598295211792,-16.169154805465652],[47.42581129074097,-16.16907236990089],[47.4254035949707,-16.16907236990089],[47.4254035949707,-16.168804454077915],[47.425639629364014,-16.168371666211954],[47.426090240478516,-16.168144967427722],[47.426347732543945,-16.16758852385479],[47.427077293395996,-16.167403042315655],[47.42748498916626,-16.166846596653784],[47.42778539657593,-16.166722941849486],[47.42847204208374,-16.16626954023856],[47.42879390716553,-16.165713091385427],[47.42896556854248,-16.165610045129597],[47.42905139923096,-16.16544517100853],[47.42905139923096,-16.165300906039775],[47.429351806640625,-16.165239078163793],[47.42945909500122,-16.165032985104176],[47.42978096008301,-16.164826891829676],[47.42965221405029,-16.164291048310346],[47.42905139923096,-16.1642292201185],[47.42905139923096,-16.16408495426228],[47.42892265319824,-16.16408495426228],[47.42892265319824,-16.16396129773031],[47.42879390716553,-16.16396129773031],[47.42879390716553,-16.16381703167859],[47.42905139923096,-16.16381703167859],[47.42905139923096,-16.163672765521568],[47.42926597595215,-16.16363154660023],[47.429866790771484,-16.163136918873732],[47.43023157119751,-16.162972042689887],[47.43027448654175,-16.16286899500514],[47.43027448654175,-16.162601070773434],[47.430360317230225,-16.162415584554196],[47.43040323257446,-16.162188878938736],[47.43053197860718,-16.162188878938736],[47.43048906326294,-16.161838515203556],[47.43027448654175,-16.161385102389247],[47.42892265319824,-16.161385102389247],[47.428321838378906,-16.16154997989659],[47.42825746536255,-16.16165302826883],[47.427570819854736,-16.16165302826883],[47.427570819854736,-16.161529370215675],[47.42744207382202,-16.161529370215675],[47.42744207382202,-16.161385102389247],[47.42724895477295,-16.161302663584024],[47.42690563201904,-16.161261444168517],[47.42690563201904,-16.161529370215675],[47.426347732543945,-16.161529370215675],[47.42626190185547,-16.161343882990934],[47.426090240478516,-16.161261444168517],[47.42591857910156,-16.1605607127902],[47.4249529838562,-16.159818759212172],[47.42473840713501,-16.15975692962168],[47.42473840713501,-16.159633270382656],[47.424330711364746,-16.159633270382656],[47.42424488067627,-16.15944778137913],[47.42372989654541,-16.159138632653253],[47.423343658447266,-16.15903558297056],[47.422850131988525,-16.15936534176616],[47.422356605529785,-16.159159242583357],[47.422034740448,-16.15895314318574],[47.42149829864502,-16.159097412786622],[47.42149829864502,-16.15922107236075],[47.42121934890747,-16.15922107236075],[47.42121934890747,-16.159097412786622],[47.421090602874756,-16.159097412786622],[47.42068290710449,-16.158829483444052],[47.42044687271118,-16.158437893751895],[47.4204683303833,-16.158273013649534],[47.41999626159668,-16.158231793602468],[47.41973876953125,-16.158561553738465],[47.41948127746582,-16.158561553738465],[47.41948127746582,-16.1586852136477],[47.41924524307251,-16.15864399368654],[47.418880462646484,-16.15845850375503],[47.41853713989258,-16.158417283746616],[47.41866588592529,-16.1586852136477],[47.418580055236816,-16.1587470435733],[47.41772174835205,-16.158911923280428],[47.41780757904053,-16.15936534176616],[47.41797924041748,-16.15948900117273],[47.41797924041748,-16.15990119863612],[47.41804361343384,-16.160519493220022],[47.418129444122314,-16.160849249540874],[47.418129444122314,-16.16097290801939],[47.41772174835205,-16.16097290801939],[47.41780757904053,-16.161158395592167],[47.417850494384766,-16.161920953785327],[47.41802215576172,-16.161838515203556],[47.41825819015503,-16.161797295899774],[47.418344020843506,-16.161838515203556],[47.41847276687622,-16.162106440468676],[47.41866588592529,-16.162188878938736],[47.41870880126953,-16.16268350903725],[47.41879463195801,-16.16286899500514],[47.41879463195801,-16.16301326174873],[47.41907358169556,-16.163136918873732],[47.41920232772827,-16.163404842379208],[47.41907358169556,-16.163672765521568],[47.41903066635132,-16.164002516582897],[47.41948127746582,-16.1642292201185],[47.4195671081543,-16.164394095253797],[47.419610023498535,-16.165032985104176],[47.41948127746582,-16.165032985104176],[47.41948127746582,-16.16556882661223],[47.419331073760986,-16.16556882661223],[47.419331073760986,-16.165836746821498],[47.41920232772827,-16.165836746821498],[47.41920232772827,-16.16637258615056],[47.41907358169556,-16.16637258615056],[47.41907358169556,-16.166516850337104],[47.418622970581055,-16.16645502284149],[47.41853713989258,-16.166248931049722],[47.41868734359741,-16.166166494272844],[47.41849422454834,-16.165754309872725],[47.418386936187744,-16.165713091385427],[47.41825819015503,-16.165713091385427],[47.41825819015503,-16.16556882661223],[47.418129444122314,-16.16556882661223],[47.417850494384766,-16.16544517100853],[47.417850494384766,-16.16476506380542],[47.41797924041748,-16.16476506380542],[47.41797924041748,-16.16462079834031],[47.41767883300781,-16.16455897025159],[47.41757154464722,-16.164352876482866],[47.41757154464722,-16.1642292201185],[47.41772174835205,-16.1642292201185],[47.41772174835205,-16.16381703167859],[47.417850494384766,-16.16381703167859],[47.417850494384766,-16.163549108731758],[47.41797924041748,-16.163549108731758],[47.41797924041748,-16.163404842379208],[47.417893409729004,-16.163075090320902],[47.4174427986145,-16.16301326174873],[47.4174427986145,-16.163136918873732],[47.41703510284424,-16.163136918873732],[47.41703510284424,-16.16301326174873],[47.41617679595947,-16.162765947266692],[47.415833473205566,-16.162333146178653],[47.41626262664795,-16.16220948855087],[47.41641283035278,-16.161446931470607],[47.41617679595947,-16.160911078789795],[47.41568326950073,-16.16058132257207],[47.41568326950073,-16.16031339524021],[47.41596221923828,-16.16016912652651],[47.41617679595947,-16.15957144073414],[47.416369915008545,-16.1588088734796],[47.416627407073975,-16.158417283746616],[47.41677761077881,-16.158417283746616],[47.41671323776245,-16.157860812792165],[47.41649866104126,-16.157737152367403],[47.415833473205566,-16.157737152367403],[47.415833473205566,-16.157057018649056],[47.41568326950073,-16.157057018649056],[47.41568326950073,-16.156789086542048],[47.415618896484375,-16.15654176427492],[47.415103912353516,-16.156170780294346],[47.414889335632324,-16.155861626445613],[47.414889335632324,-16.155717354484153],[47.41503953933716,-16.155634913316078],[47.41480350494385,-16.155140265585985],[47.414610385894775,-16.155037213819824],[47.414610385894775,-16.154769278976588],[47.41473913192749,-16.154769278976588],[47.41473913192749,-16.154357070816744],[47.414610385894775,-16.154357070816744],[47.414610385894775,-16.15408913505219],[47.41448163986206,-16.15408913505219],[47.41448163986206,-16.153965472269206],[47.41433143615723,-16.153965472269206],[47.41433143615723,-16.153821198924703],[47.4140739440918,-16.153821198924703],[47.4140739440918,-16.15369753597423],[47.41394519805908,-16.15369753597423],[47.41394519805908,-16.153553262434272],[47.41379499435425,-16.153553262434272],[47.41379499435425,-16.15342959931631],[47.41370916366577,-16.153244104494377],[47.41325855255127,-16.153017388364688],[47.412850856781006,-16.153017388364688],[47.41274356842041,-16.152584565941055],[47.41231441497803,-16.152481512843465],[47.4120569229126,-16.152481512843465],[47.4120569229126,-16.152605176554133],[47.411906719207764,-16.152605176554133],[47.41169214248657,-16.15266700838046],[47.411370277404785,-16.1528731143287],[47.41124153137207,-16.1528731143287],[47.41124153137207,-16.152749450785535],[47.41055488586426,-16.152749450785535],[47.41046905517578,-16.15256395532583],[47.409889698028564,-16.15233723841665],[47.409889698028564,-16.152213574538507],[47.409610748291016,-16.152213574538507],[47.40956783294678,-16.15198685722777],[47.409353256225586,-16.15153342182687],[47.409138679504395,-16.15147158964622],[47.40881681442261,-16.151265482237847],[47.408366203308105,-16.151327314482913],[47.40821599960327,-16.15163647541833],[47.40853786468506,-16.151801361053018],[47.40853786468506,-16.152069299916278],[47.40866661071777,-16.152069299916278],[47.40866661071777,-16.152481512843465],[47.40853786468506,-16.152481512843465],[47.40853786468506,-16.152605176554133],[47.4075722694397,-16.15266700838046],[47.40731477737427,-16.15328532558094],[47.407121658325195,-16.153347157194702],[47.406649589538574,-16.15369753597423],[47.406649589538574,-16.153821198924703],[47.40652084350586,-16.153821198924703],[47.40652084350586,-16.15369753597423],[47.40583419799805,-16.15369753597423],[47.40592002868652,-16.153512041403545],[47.406113147735596,-16.15342959931631],[47.406370639801025,-16.15342959931631],[47.406370639801025,-16.152481512843465],[47.40654230117798,-16.1523784596922],[47.40632772445679,-16.151718918252854],[47.40624189376831,-16.151657086130186],[47.40619897842407,-16.15145097891505],[47.406113147735596,-16.151265482237847],[47.40596294403076,-16.151265482237847],[47.40596294403076,-16.151389146708638],[47.405383586883545,-16.150915099150808],[47.40482568740845,-16.15000822239702],[47.404139041900635,-16.149843335267946],[47.403366565704346,-16.149513560597526],[47.40328073501587,-16.14963722616335],[47.403130531311035,-16.14963722616335],[47.403130531311035,-16.149905167957456],[47.402894496917725,-16.150028833278512],[47.40283012390137,-16.150832655981333],[47.402894496917725,-16.150997542285936],[47.40300178527832,-16.150997542285936],[47.40300178527832,-16.151121206924216],[47.40293741226196,-16.151121206924216],[47.40304470062256,-16.151389146708638],[47.403130531311035,-16.151389146708638],[47.403130531311035,-16.15153342182687],[47.4030876159668,-16.15153342182687],[47.403130531311035,-16.151657086130186],[47.40328073501587,-16.151657086130186],[47.40328073501587,-16.151801361053018],[47.40319490432739,-16.151801361053018],[47.40377426147461,-16.152955556647868],[47.404632568359375,-16.154192187312262],[47.40501880645752,-16.154975382734378],[47.40523338317871,-16.15608833931526],[47.40525484085083,-16.158231793602468],[47.40458965301514,-16.160478273641246],[47.40446090698242,-16.16058132257207],[47.40448236465454,-16.16058132257207],[47.40448236465454,-16.16070498121816],[47.404353618621826,-16.16070498121816],[47.404353618621826,-16.16066376167805],[47.40394592285156,-16.16097290801939],[47.40394592285156,-16.161117176146604],[47.40381717681885,-16.161117176146604],[47.40381717681885,-16.161261444168517],[47.403666973114014,-16.161261444168517],[47.403666973114014,-16.161385102389247],[47.4035382270813,-16.161385102389247],[47.4035382270813,-16.161529370215675],[47.403130531311035,-16.161797295899774],[47.401392459869385,-16.16200339233275],[47.39898920059204,-16.161405712085198],[47.39733695983887,-16.161261444168517],[47.39504098892212,-16.162312536579392],[47.39450454711914,-16.162910214085485],[47.39450454711914,-16.163136918873732],[47.39435434341431,-16.163136918873732],[47.39420413970947,-16.163219356914098],[47.39409685134888,-16.163404842379208],[47.39409685134888,-16.163549108731758],[47.39394664764404,-16.163549108731758],[47.39394664764404,-16.163672765521568],[47.39381790161133,-16.163672765521568],[47.39381790161133,-16.16381703167859],[47.39368915557861,-16.16381703167859],[47.39368915557861,-16.16396129773031],[47.3935604095459,-16.16396129773031],[47.3935604095459,-16.16408495426228],[47.39330291748047,-16.16408495426228],[47.39328145980835,-16.1642292201185],[47.393152713775635,-16.164208610716898],[47.392401695251465,-16.164826891829676],[47.39205837249756,-16.165032985104176],[47.39205837249756,-16.16517725026847],[47.39171504974365,-16.165218468867508],[47.39126443862915,-16.16544517100853],[47.39126443862915,-16.16556882661223],[47.391114234924316,-16.16556882661223],[47.391114234924316,-16.16550699882005],[47.39021301269531,-16.16600162061593],[47.3875093460083,-16.167176342420305],[47.38557815551758,-16.168309839296597],[47.383925914764404,-16.16969063579839],[47.38253116607666,-16.171339335400944],[47.381908893585205,-16.172926195775347]],[[47.393410205841064,-16.190277785032166],[47.39246606826782,-16.190277785032166],[47.39246606826782,-16.190133538201493],[47.393410205841064,-16.190133538201493],[47.393410205841064,-16.190277785032166]],[[47.43445873260498,-16.206206107582148],[47.43405103683472,-16.206206107582148],[47.43405103683472,-16.206061872399985],[47.43445873260498,-16.206061872399985],[47.43445873260498,-16.206206107582148]],[[47.48617172241211,-16.179211686299112],[47.48617172241211,-16.17947958800798],[47.48597860336304,-16.179397156751676],[47.48589277267456,-16.179211686299112],[47.48617172241211,-16.179211686299112]],[[47.446346282958984,-16.17502825093169],[47.446346282958984,-16.174616085016908],[47.4464750289917,-16.174616085016908],[47.4464750289917,-16.17488399295935],[47.446603775024414,-16.17488399295935],[47.446603775024414,-16.17502825093169],[47.446346282958984,-16.17502825093169]],[[47.449307441711426,-16.178119467878687],[47.449307441711426,-16.17799582012971],[47.44973659515381,-16.178181291724144],[47.449307441711426,-16.178119467878687]],[[47.38384008407593,-16.1810869906288],[47.38384008407593,-16.18096334473789],[47.38396883010864,-16.18096334473789],[47.38396883010864,-16.1810869906288],[47.38384008407593,-16.1810869906288]],[[47.384376525878906,-16.182591342766372],[47.384376525878906,-16.18244709031852],[47.38450527191162,-16.18191129458947],[47.385191917419434,-16.18191129458947],[47.38523483276367,-16.18213797757535],[47.38532066345215,-16.182302837765263],[47.3859429359436,-16.182261622730692],[47.38626480102539,-16.182179192635743],[47.38699436187744,-16.182076154968655],[47.38753080368042,-16.182529520301628],[47.38774538040161,-16.182591342766372],[47.38774538040161,-16.182714987637794],[47.38746643066406,-16.182714987637794],[47.38746643066406,-16.182859239889922],[47.38733768463135,-16.182859239889922],[47.38600730895996,-16.18277681004446],[47.38529920578003,-16.182818024971482],[47.3850417137146,-16.182714987637794],[47.38478422164917,-16.182714987637794],[47.38478422164917,-16.182859239889922],[47.38450527191162,-16.182859239889922],[47.384376525878906,-16.182591342766372]],[[47.38478422164917,-16.16989672400102],[47.38478422164917,-16.169752462281735],[47.38495588302612,-16.1696700269663],[47.385191917419434,-16.169628809295673],[47.385191917419434,-16.169752462281735],[47.38532066345215,-16.169752462281735],[47.385191917419434,-16.17002037681941],[47.3850417137146,-16.17002037681941],[47.3850417137146,-16.16989672400102],[47.38478422164917,-16.16989672400102]],[[47.38856077194214,-16.188114071501346],[47.38868951797485,-16.188114071501346],[47.38903284072876,-16.1885880298276],[47.38909721374512,-16.188917739296286],[47.3889684677124,-16.188917739296286],[47.388925552368164,-16.188835311980753],[47.38860368728638,-16.188691064095735],[47.38856077194214,-16.188114071501346]],[[47.39233732223511,-16.17624413536967],[47.39246606826782,-16.17624413536967],[47.39246606826782,-16.1760998782853],[47.392873764038086,-16.1760998782853],[47.392873764038086,-16.175976229271967],[47.393152713775635,-16.175976229271967],[47.393152713775635,-16.1760998782853],[47.393410205841064,-16.1760998782853],[47.393367290496826,-16.17647082486083],[47.39319562911987,-16.17682116265358],[47.393152713775635,-16.177315756126617],[47.3930025100708,-16.177315756126617],[47.3930025100708,-16.177460012322953],[47.392616271972656,-16.177460012322953],[47.392616271972656,-16.177315756126617],[47.39246606826782,-16.17704785148247],[47.392423152923584,-16.17640900047995],[47.39233732223511,-16.17624413536967]],[[47.393410205841064,-16.167464869514703],[47.3935604095459,-16.167464869514703],[47.3935604095459,-16.16705268782232],[47.39394664764404,-16.16705268782232],[47.394118309020996,-16.167403042315655],[47.39394664764404,-16.16773278715378],[47.39368915557861,-16.16773278715378],[47.39351749420166,-16.167650350995814],[47.393410205841064,-16.167464869514703]],[[47.39409685134888,-16.17624413536967],[47.39409685134888,-16.17583197199194],[47.39422559738159,-16.17583197199194],[47.39431142807007,-16.176017445618342],[47.39435434341431,-16.176367784215273],[47.39409685134888,-16.17624413536967]],[[47.39450454711914,-16.166516850337104],[47.39459037780762,-16.16633136779221],[47.39476203918457,-16.166248931049722],[47.39476203918457,-16.165981011399154],[47.395148277282715,-16.16542456173373],[47.39568471908569,-16.165032985104176],[47.39598512649536,-16.164497142143546],[47.39652156829834,-16.164497142143546],[47.39652156829834,-16.164888719834593],[47.39684343338013,-16.165053594419817],[47.39675760269165,-16.16538334317768],[47.396650314331055,-16.16544517100853],[47.396650314331055,-16.165713091385427],[47.396392822265625,-16.165713091385427],[47.396392822265625,-16.165836746821498],[47.39596366882324,-16.165919183735923],[47.395362854003906,-16.16629014942525],[47.39529848098755,-16.16637258615056],[47.39508390426636,-16.16633136779221],[47.394912242889404,-16.166248931049722],[47.39480495452881,-16.16645502284149],[47.39450454711914,-16.166516850337104]],[[47.39570617675781,-16.177460012322953],[47.39581346511841,-16.177274540051172],[47.39598512649536,-16.177192107874475],[47.396392822265625,-16.177192107874475],[47.39652156829834,-16.177460012322953],[47.39643573760986,-16.17778974037607],[47.39585638046265,-16.17785156432474],[47.39585638046265,-16.177460012322953],[47.39570617675781,-16.177460012322953]],[[47.39598512649536,-16.175687714606553],[47.39598512649536,-16.17556406533521],[47.39652156829834,-16.17556406533521],[47.39652156829834,-16.174760343184914],[47.396650314331055,-16.174760343184914],[47.396650314331055,-16.174616085016908],[47.39746570587158,-16.174616085016908],[47.39770174026489,-16.175069467475865],[47.39774465560913,-16.175296158315135],[47.39828109741211,-16.175296158315135],[47.39881753921509,-16.175419807754167],[47.398881912231445,-16.175213725312773],[47.39909648895264,-16.17488399295935],[47.39922523498535,-16.17488399295935],[47.39922523498535,-16.17502825093169],[47.399632930755615,-16.17502825093169],[47.399632930755615,-16.175687714606553],[47.399353981018066,-16.175687714606553],[47.399353981018066,-16.17583197199194],[47.39922523498535,-16.17583197199194],[47.39922523498535,-16.17651204110399],[47.3989462852478,-16.17651204110399],[47.3989462852478,-16.176367784215273],[47.39881753921509,-16.176367784215273],[47.39858150482178,-16.176079270121775],[47.39774465560913,-16.175976229271967],[47.397615909576416,-16.176038053788318],[47.397422790527344,-16.176532649222338],[47.3975944519043,-16.176635689781875],[47.3975944519043,-16.177315756126617],[47.39774465560913,-16.177315756126617],[47.39774465560913,-16.17772791640803],[47.39733695983887,-16.17772791640803],[47.39727258682251,-16.177377580223663],[47.3969292640686,-16.17690359498509],[47.396864891052246,-16.176223527221197],[47.396392822265625,-16.1760998782853],[47.396392822265625,-16.17583197199194],[47.39624261856079,-16.17583197199194],[47.39624261856079,-16.175687714606553],[47.39598512649536,-16.175687714606553]],[[47.39705801010132,-16.17354444961377],[47.39705801010132,-16.17340019055787],[47.397143840789795,-16.173214714474057],[47.39718675613403,-16.172988021246255],[47.39733695983887,-16.172988021246255],[47.39733695983887,-16.172864370285083],[47.39776611328125,-16.172926195775347],[47.39800214767456,-16.17327653985467],[47.397873401641846,-16.17354444961377],[47.39733695983887,-16.17393600937737],[47.39718675613403,-16.17393600937737],[47.397143840789795,-16.173709316977252],[47.39705801010132,-16.17354444961377]],[[47.39746570587158,-16.165713091385427],[47.39746570587158,-16.165300906039775],[47.39755153656006,-16.165239078163793],[47.397873401641846,-16.16476506380542],[47.3980450630188,-16.16484750116679],[47.398152351379395,-16.165032985104176],[47.39800214767456,-16.165032985104176],[47.39800214767456,-16.16517725026847],[47.397873401641846,-16.16517725026847],[47.397873401641846,-16.165713091385427],[47.39746570587158,-16.165713091385427]],[[47.39774465560913,-16.16705268782232],[47.398152351379395,-16.166784769261312],[47.39858150482178,-16.166846596653784],[47.39873170852661,-16.167155733326013],[47.39881753921509,-16.167196951512437],[47.39922523498535,-16.16773278715378],[47.39922523498535,-16.167877050347442],[47.399353981018066,-16.167877050347442],[47.399353981018066,-16.168144967427722],[47.39922523498535,-16.168144967427722],[47.39922523498535,-16.168268621342264],[47.39909648895264,-16.168268621342264],[47.39853858947754,-16.167877050347442],[47.398409843444824,-16.167877050347442],[47.398409843444824,-16.16773278715378],[47.39828109741211,-16.16773278715378],[47.39808797836304,-16.167650350995814],[47.397873401641846,-16.16758852385479],[47.39783048629761,-16.16723816969028],[47.39774465560913,-16.16705268782232]],[[47.398409843444824,-16.164352876482866],[47.39851713180542,-16.164146782499273],[47.3989462852478,-16.16408495426228],[47.3989462852478,-16.1642292201185],[47.39873170852661,-16.16427043891521],[47.39853858947754,-16.164352876482866],[47.398409843444824,-16.164352876482866]],[[47.39922523498535,-16.176635689781875],[47.39922523498535,-16.17651204110399],[47.399353981018066,-16.17651204110399],[47.399353981018066,-16.176635689781875],[47.39922523498535,-16.176635689781875]],[[47.399632930755615,-16.163672765521568],[47.399632930755615,-16.163404842379208],[47.40042686462402,-16.163404842379208],[47.40042686462402,-16.163549108731758],[47.40070581436157,-16.163549108731758],[47.40143537521362,-16.163837641120992],[47.4015212059021,-16.16396129773031],[47.40147829055786,-16.1641673919073],[47.401392459869385,-16.164352876482866],[47.40119934082031,-16.16427043891521],[47.40083456039429,-16.1642292201185],[47.40083456039429,-16.16408495426228],[47.40057706832886,-16.16408495426228],[47.40034103393555,-16.164043735426887],[47.39999771118164,-16.163858250561262],[47.39976167678833,-16.16381703167859],[47.39976167678833,-16.163672765521568],[47.399632930755615,-16.163672765521568]],[[47.40177869796753,-16.16476506380542],[47.40177869796753,-16.16462079834031],[47.401885986328125,-16.164579579616642],[47.40205764770508,-16.1642292201185],[47.40218639373779,-16.1642292201185],[47.402658462524414,-16.164455923394073],[47.402894496917725,-16.165156640965733],[47.403130531311035,-16.165300906039775],[47.403130531311035,-16.166661114418346],[47.4030876159668,-16.167155733326013],[47.40300178527832,-16.167320606020155],[47.40278720855713,-16.16727938785951],[47.40246534347534,-16.16705268782232],[47.40246534347534,-16.166784769261312],[47.40233659744263,-16.166784769261312],[47.40218639373779,-16.166248931049722],[47.40218639373779,-16.165300906039775],[47.40205764770508,-16.165300906039775],[47.40205764770508,-16.165032985104176],[47.40192890167236,-16.165032985104176],[47.40192890167236,-16.16476506380542],[47.40177869796753,-16.16476506380542]],[[47.40233659744263,-16.169484547380804],[47.40233659744263,-16.16907236990089],[47.40272283554077,-16.16907236990089],[47.40272283554077,-16.169628809295673],[47.40255117416382,-16.16952576508153],[47.40233659744263,-16.169484547380804]],[[47.40259408950806,-16.168268621342264],[47.40259408950806,-16.168144967427722],[47.40278720855713,-16.168041922439826],[47.403409481048584,-16.16800070442963],[47.403409481048584,-16.168536537891697],[47.40300178527832,-16.168804454077915],[47.40283012390137,-16.168722018366992],[47.40259408950806,-16.168268621342264]],[[47.40321636199951,-16.176553257338554],[47.40345239639282,-16.17630595980215],[47.403666973114014,-16.17624413536967],[47.403666973114014,-16.176367784215273],[47.404117584228516,-16.176429608609055],[47.40422487258911,-16.176635689781875],[47.404353618621826,-16.176738730287653],[47.40424633026123,-16.17758366040738],[47.4045467376709,-16.17805764401389],[47.40508317947388,-16.178758313348467],[47.404890060424805,-16.179417764568967],[47.404160499572754,-16.180015390335413],[47.40516901016235,-16.180819091100645],[47.40516901016235,-16.18096334473789],[47.40529775619507,-16.18096334473789],[47.40557670593262,-16.1810869906288],[47.40557670593262,-16.181767041644775],[47.40542650222778,-16.18244709031852],[47.40542650222778,-16.182714987637794],[47.40529775619507,-16.182714987637794],[47.40529775619507,-16.182982884593557],[47.40516901016235,-16.182982884593557],[47.40516901016235,-16.18325078118582],[47.40501880645752,-16.18325078118582],[47.40506172180176,-16.183745358554958],[47.40516901016235,-16.18393082474894],[47.40516901016235,-16.184075076112705],[47.40529775619507,-16.184075076112705],[47.40529775619507,-16.184198720054894],[47.40542650222778,-16.184198720054894],[47.40542650222778,-16.184466614997305],[47.40529775619507,-16.184466614997305],[47.40529775619507,-16.184610865969574],[47.40501880645752,-16.184466614997305],[47.404911518096924,-16.18426054199695],[47.404353618621826,-16.184198720054894],[47.404353618621826,-16.183127136649944],[47.40448236465454,-16.18244709031852],[47.404632568359375,-16.18244709031852],[47.404632568359375,-16.182034939886776],[47.40456819534302,-16.181560965826677],[47.40422487258911,-16.1810869906288],[47.404117584228516,-16.18092212942372],[47.40403175354004,-16.180468760400018],[47.403860092163086,-16.18024207549783],[47.40381717681885,-16.179603234827965],[47.40375280380249,-16.177295148089968],[47.40321636199951,-16.176553257338554]],[[47.40407466888428,-16.184342971222904],[47.40407466888428,-16.184198720054894],[47.40422487258911,-16.184198720054894],[47.40422487258911,-16.184342971222904],[47.40407466888428,-16.184342971222904]],[[47.404632568359375,-16.162333146178653],[47.404632568359375,-16.161797295899774],[47.40471839904785,-16.161611808926367],[47.404890060424805,-16.161529370215675],[47.40501880645752,-16.161529370215675],[47.40501880645752,-16.161385102389247],[47.40529775619507,-16.161385102389247],[47.40529775619507,-16.161117176146604],[47.40557670593262,-16.161117176146604],[47.406113147735596,-16.161282053877358],[47.40722894668579,-16.162250707768735],[47.40772247314453,-16.163549108731758],[47.40772247314453,-16.16381703167859],[47.407593727111816,-16.16381703167859],[47.407593727111816,-16.164352876482866],[47.40767955780029,-16.16453836088438],[47.407872676849365,-16.16462079834031],[47.40800142288208,-16.165300906039775],[47.40800142288208,-16.165713091385427],[47.408130168914795,-16.165713091385427],[47.40825891494751,-16.16620771266558],[47.40808725357056,-16.16645502284149],[47.40800142288208,-16.166516850337104],[47.40804433822632,-16.16748547857675],[47.40825891494751,-16.16758852385479],[47.40825891494751,-16.168144967427722],[47.408409118652344,-16.168144967427722],[47.40845203399658,-16.168495319984657],[47.40875244140625,-16.168866280838515],[47.40894556045532,-16.169216632116658],[47.40881681442261,-16.169216632116658],[47.40881681442261,-16.16936089422711],[47.408645153045654,-16.169546373928654],[47.408108711242676,-16.16919602323513],[47.40800142288208,-16.168536537891697],[47.40800142288208,-16.16800070442963],[47.407872676849365,-16.16800070442963],[47.40778684616089,-16.167423651384155],[47.4074649810791,-16.167196951512437],[47.4074649810791,-16.16705268782232],[47.40731477737427,-16.16705268782232],[47.40731477737427,-16.166929033147],[47.40718603134155,-16.166929033147],[47.40718603134155,-16.166784769261312],[47.40705728530884,-16.166784769261312],[47.40705728530884,-16.166661114418346],[47.406907081604004,-16.166661114418346],[47.406907081604004,-16.166516850337104],[47.40705728530884,-16.165836746821498],[47.40677833557129,-16.165713091385427],[47.40682125091553,-16.16453836088438],[47.406907081604004,-16.164352876482866],[47.406907081604004,-16.16396129773031],[47.40677833557129,-16.16396129773031],[47.40677833557129,-16.163549108731758],[47.406649589538574,-16.163549108731758],[47.406649589538574,-16.16328118542181],[47.40652084350586,-16.16328118542181],[47.40652084350586,-16.163136918873732],[47.406370639801025,-16.163136918873732],[47.406370639801025,-16.16301326174873],[47.406113147735596,-16.16301326174873],[47.406005859375,-16.162827775916213],[47.40583419799805,-16.16274533771255],[47.40542650222778,-16.16274533771255],[47.40542650222778,-16.162601070773434],[47.40516901016235,-16.162601070773434],[47.40516901016235,-16.162456803729043],[47.404890060424805,-16.162456803729043],[47.404890060424805,-16.162333146178653],[47.404632568359375,-16.162333146178653]],[[47.404847145080566,-16.186857046080405],[47.40516901016235,-16.186362476507213],[47.40557670593262,-16.186362476507213],[47.40557670593262,-16.186506726094066],[47.40542650222778,-16.186506726094066],[47.40542650222778,-16.186774617904263],[47.40523338317871,-16.186857046080405],[47.404847145080566,-16.186857046080405]],[[47.404890060424805,-16.188114071501346],[47.404890060424805,-16.18770193290119],[47.40516901016235,-16.18784618150913],[47.40529775619507,-16.18784618150913],[47.40529775619507,-16.18770193290119],[47.40542650222778,-16.18770193290119],[47.40542650222778,-16.187578291153315],[47.40596294403076,-16.187578291153315],[47.406113147735596,-16.18784618150913],[47.406370639801025,-16.187990430011666],[47.406370639801025,-16.188258319808085],[47.406113147735596,-16.188381961129963],[47.40596294403076,-16.188649850394924],[47.40596294403076,-16.188917739296286],[47.40583419799805,-16.188917739296286],[47.40583419799805,-16.189329875357558],[47.40570545196533,-16.189329875357558],[47.40570545196533,-16.189865650950495],[47.40516901016235,-16.190009897976992],[47.40495443344116,-16.188691064095735],[47.40516901016235,-16.188114071501346],[47.404890060424805,-16.188114071501346]],[[47.40557670593262,-16.186362476507213],[47.40557670593262,-16.186094584137663],[47.40570545196533,-16.186094584137663],[47.40570545196533,-16.185682441320722],[47.40583419799805,-16.185682441320722],[47.40583419799805,-16.185558798307838],[47.40596294403076,-16.185558798307838],[47.40596294403076,-16.185414548028263],[47.406113147735596,-16.185414548028263],[47.406113147735596,-16.185558798307838],[47.406370639801025,-16.185558798307838],[47.40632772445679,-16.185909119976515],[47.406113147735596,-16.186362476507213],[47.40557670593262,-16.186362476507213]],[[47.40596294403076,-16.18096334473789],[47.406113147735596,-16.18069544504199],[47.4065637588501,-16.180468760400018],[47.406649589538574,-16.180283290953952],[47.406649589538574,-16.180159644559794],[47.4064564704895,-16.17970627378547],[47.40697145462036,-16.179294117632864],[47.407357692718506,-16.179562019229905],[47.40705728530884,-16.180015390335413],[47.40705728530884,-16.180283290953952],[47.406907081604004,-16.180283290953952],[47.40682125091553,-16.180468760400018],[47.40677833557129,-16.18069544504199],[47.406649589538574,-16.18069544504199],[47.406649589538574,-16.18096334473789],[47.40652084350586,-16.18096334473789],[47.40652084350586,-16.1810869906288],[47.406370639801025,-16.1810869906288],[47.406370639801025,-16.18096334473789],[47.40596294403076,-16.18096334473789]],[[47.4070143699646,-16.156624205065],[47.40731477737427,-16.1551814862774],[47.40750789642334,-16.155037213819824],[47.40731477737427,-16.154913551629605],[47.40731477737427,-16.154769278976588],[47.4079155921936,-16.15429523951866],[47.408130168914795,-16.15423340820128],[47.408130168914795,-16.15557308241746],[47.40804433822632,-16.155634913316078],[47.40793704986572,-16.156150170052783],[47.408130168914795,-16.156933357721698],[47.408130168914795,-16.157613491865334],[47.40767955780029,-16.157798982589455],[47.40718603134155,-16.157469221181827],[47.4070143699646,-16.156624205065]],[[47.40731477737427,-16.17111264002132],[47.4074649810791,-16.17111264002132],[47.4074649810791,-16.170968379189787],[47.407636642456055,-16.170700465937486],[47.40819454193115,-16.170350117290198],[47.40866661071777,-16.170288290993838],[47.40866661071777,-16.170432552321913],[47.40881681442261,-16.170432552321913],[47.408859729766846,-16.17065924848181],[47.40894556045532,-16.170844726964617],[47.40881681442261,-16.170844726964617],[47.40881681442261,-16.170968379189787],[47.40866661071777,-16.170968379189787],[47.40866661071777,-16.17111264002132],[47.40817308425903,-16.171133248702944],[47.40782976150513,-16.171483595961647],[47.4074649810791,-16.171504204604574],[47.407357692718506,-16.171339335400944],[47.40731477737427,-16.17111264002132]],[[47.40731477737427,-16.16016912652651],[47.407357692718506,-16.15967449013759],[47.4074649810791,-16.15948900117273],[47.4074649810791,-16.15895314318574],[47.407872676849365,-16.15895314318574],[47.40780830383301,-16.15932412194678],[47.40772247314453,-16.15948900117273],[47.407872676849365,-16.15948900117273],[47.407872676849365,-16.16016912652651],[47.40731477737427,-16.16016912652651]],[[47.407872676849365,-16.183395033046466],[47.407872676849365,-16.182859239889922],[47.408366203308105,-16.182879847345887],[47.40918159484863,-16.1837041438215],[47.40924596786499,-16.1840338614481],[47.409353256225586,-16.184075076112705],[47.40946054458618,-16.184466614997305],[47.410361766815186,-16.18479633135044],[47.411370277404785,-16.18529090484759],[47.411370277404785,-16.185414548028263],[47.4114990234375,-16.185414548028263],[47.41169214248657,-16.185785477105625],[47.41177797317505,-16.185826691404543],[47.41177797317505,-16.185950334249625],[47.411906719207764,-16.185950334249625],[47.411906719207764,-16.186094584137663],[47.41379499435425,-16.186094584137663],[47.413902282714844,-16.18628004812453],[47.41394519805908,-16.18663036851318],[47.41246461868286,-16.186733403803288],[47.411606311798096,-16.186506726094066],[47.411370277404785,-16.186774617904263],[47.41124153137207,-16.186774617904263],[47.41124153137207,-16.186898260155573],[47.410876750946045,-16.186857046080405],[47.410147190093994,-16.186506726094066],[47.40971803665161,-16.186609761448707],[47.40956783294678,-16.186898260155573],[47.410147190093994,-16.1873104004339],[47.410147190093994,-16.187578291153315],[47.4099326133728,-16.18768132594859],[47.409889698028564,-16.188917739296286],[47.40920305252075,-16.18904138020504],[47.40853786468506,-16.188917739296286],[47.408602237701416,-16.188443781761833],[47.40900993347168,-16.187908002308845],[47.40806579589844,-16.186836439039595],[47.40800142288208,-16.186218226814944],[47.408130168914795,-16.186218226814944],[47.408130168914795,-16.186094584137663],[47.40825891494751,-16.185826691404543],[47.408409118652344,-16.18574426279811],[47.408645153045654,-16.185023011023773],[47.40855932235718,-16.184693295049243],[47.408409118652344,-16.184610865969574],[47.40832328796387,-16.18391021740267],[47.40800142288208,-16.183662929079475],[47.40800142288208,-16.183395033046466],[47.407872676849365,-16.183395033046466]],[[47.409353256225586,-16.17624413536967],[47.409353256225586,-16.1760998782853],[47.4094820022583,-16.1760998782853],[47.4094820022583,-16.17583197199194],[47.409610748291016,-16.17583197199194],[47.409610748291016,-16.175687714606553],[47.409889698028564,-16.175687714606553],[47.41001844406128,-16.175976229271967],[47.41029739379883,-16.1760998782853],[47.41029739379883,-16.17624413536967],[47.410147190093994,-16.17624413536967],[47.410147190093994,-16.176367784215273],[47.41001844406128,-16.176367784215273],[47.41001844406128,-16.17651204110399],[47.409610748291016,-16.17651204110399],[47.40952491760254,-16.176326567942013],[47.409353256225586,-16.17624413536967]],[[47.41083383560181,-16.189329875357558],[47.41083383560181,-16.18920623462955],[47.41096258163452,-16.18920623462955],[47.41096258163452,-16.189329875357558],[47.41083383560181,-16.189329875357558]],[[47.411649227142334,-16.157613491865334],[47.41169214248657,-16.15697457803941],[47.41177797317505,-16.156789086542048],[47.411906719207764,-16.156789086542048],[47.411906719207764,-16.156665425447144],[47.41218566894531,-16.156665425447144],[47.41218566894531,-16.156789086542048],[47.41231441497803,-16.156789086542048],[47.41231441497803,-16.157057018649056],[47.41222858428955,-16.157531051487652],[47.411649227142334,-16.157613491865334]],[[47.4120569229126,-16.158149353482543],[47.41218566894531,-16.158149353482543],[47.41218566894531,-16.15788142285544],[47.41231441497803,-16.15788142285544],[47.41231441497803,-16.158561553738465],[47.41218566894531,-16.158561553738465],[47.412099838256836,-16.15837606372962],[47.4120569229126,-16.158149353482543]],[[47.413387298583984,-16.155861626445613],[47.413387298583984,-16.15557308241746],[47.41353750228882,-16.15557308241746],[47.41353750228882,-16.155861626445613],[47.413387298583984,-16.155861626445613]],[[47.41420269012451,-16.182714987637794],[47.41433143615723,-16.18244709031852],[47.41482496261597,-16.18250891280907],[47.41555452346802,-16.182714987637794],[47.415640354156494,-16.182900454799736],[47.41568326950073,-16.18325078118582],[47.41433143615723,-16.183127136649944],[47.41424560546875,-16.182941669700952],[47.41420269012451,-16.182714987637794]],[[47.41433143615723,-16.194048771908186],[47.41467475891113,-16.193451188629624],[47.4150824546814,-16.193801496288316],[47.414889335632324,-16.19433725973967],[47.41473913192749,-16.19433725973967],[47.41469621658325,-16.194234228419717],[47.41433143615723,-16.194048771908186]],[[47.41473913192749,-16.162188878938736],[47.414846420288086,-16.16202400196424],[47.414889335632324,-16.161529370215675],[47.415146827697754,-16.161529370215675],[47.4154257774353,-16.162065221220743],[47.41523265838623,-16.162147659707998],[47.415146827697754,-16.162333146178653],[47.41493225097656,-16.162291926978],[47.41473913192749,-16.162188878938736]],[[47.4154257774353,-16.16758852385479],[47.4154257774353,-16.167320606020155],[47.41555452346802,-16.167320606020155],[47.41555452346802,-16.167196951512437],[47.41572618484497,-16.166867205780306],[47.41602659225464,-16.167032078715152],[47.41669178009033,-16.16668172356421],[47.416627407073975,-16.16637258615056],[47.41677761077881,-16.16637258615056],[47.41677761077881,-16.16610466666762],[47.41703510284424,-16.16610466666762],[47.41703510284424,-16.165981011399154],[47.41772174835205,-16.165981011399154],[47.41772174835205,-16.16610466666762],[47.417850494384766,-16.16610466666762],[47.417850494384766,-16.165981011399154],[47.418386936187744,-16.165981011399154],[47.418386936187744,-16.16610466666762],[47.41825819015503,-16.16610466666762],[47.41825819015503,-16.16637258615056],[47.418129444122314,-16.16637258615056],[47.418129444122314,-16.166516850337104],[47.41825819015503,-16.166516850337104],[47.41825819015503,-16.16773278715378],[47.41797924041748,-16.167877050347442],[47.41772174835205,-16.168268621342264],[47.41757154464722,-16.168268621342264],[47.41757154464722,-16.16868080049862],[47.4174427986145,-16.16868080049862],[47.4174427986145,-16.168948716489254],[47.41731405258179,-16.168948716489254],[47.41731405258179,-16.169216632116658],[47.41707801818848,-16.169257849873247],[47.41690635681152,-16.16936089422711],[47.41690635681152,-16.169484547380804],[47.416369915008545,-16.169484547380804],[47.416369915008545,-16.16936089422711],[47.416627407073975,-16.16936089422711],[47.416627407073975,-16.16907236990089],[47.416369915008545,-16.16907236990089],[47.416112422943115,-16.168886889754432],[47.41576910018921,-16.168062531441706],[47.41555452346802,-16.16773278715378],[47.41555452346802,-16.16758852385479],[47.4154257774353,-16.16758852385479]],[[47.419331073760986,-16.175419807754167],[47.419331073760986,-16.175151900538438],[47.419610023498535,-16.175151900538438],[47.419610023498535,-16.175419807754167],[47.419331073760986,-16.175419807754167]],[[47.42068290710449,-16.16070498121816],[47.42081165313721,-16.16070498121816],[47.42081165313721,-16.16031339524021],[47.42121934890747,-16.16031339524021],[47.42121934890747,-16.160849249540874],[47.421090602874756,-16.160849249540874],[47.421090602874756,-16.16097290801939],[47.42096185684204,-16.16097290801939],[47.42096185684204,-16.161117176146604],[47.420876026153564,-16.16107595669243],[47.42068290710449,-16.16070498121816]],[[47.421627044677734,-16.19635666274786],[47.42171287536621,-16.19617120823162],[47.42177724838257,-16.195944541363872],[47.42216348648071,-16.195944541363872],[47.42216348648071,-16.196624541185756],[47.42190599441528,-16.196624541185756],[47.42171287536621,-16.19654211708975],[47.421627044677734,-16.19635666274786]],[[47.421627044677734,-16.193121486735606],[47.421627044677734,-16.192977241983755],[47.42177724838257,-16.192977241983755],[47.42177724838257,-16.193121486735606],[47.421627044677734,-16.193121486735606]],[[47.42257118225098,-16.19365725203359],[47.42272138595581,-16.19338936956646],[47.422850131988525,-16.19338936956646],[47.422850131988525,-16.193245125010435],[47.42332220077515,-16.193327550483943],[47.42379426956177,-16.19419301587665],[47.42366552352905,-16.19419301587665],[47.42366552352905,-16.194460897252597],[47.42330074310303,-16.194502109739688],[47.423107624053955,-16.194605140919748],[47.42302179336548,-16.194419684756895],[47.422850131988525,-16.19433725973967],[47.42280721664429,-16.194110590764723],[47.42257118225098,-16.19365725203359]],[[47.4240517616272,-16.192977241983755],[47.4240517616272,-16.191905706239936],[47.42445945739746,-16.191905706239936],[47.4245023727417,-16.192111771257984],[47.42469549179077,-16.192482687748168],[47.42473840713501,-16.192709358593348],[47.42445945739746,-16.193121486735606],[47.42424488067627,-16.19305966756916],[47.4240517616272,-16.192977241983755]],[[47.42454528808594,-16.189515336304353],[47.42467403411865,-16.1890207733923],[47.42497444152832,-16.188897132470643],[47.42514610290527,-16.18920623462955],[47.4250602722168,-16.189515336304353],[47.42473840713501,-16.189597763335854],[47.42454528808594,-16.189515336304353]],[[47.424867153167725,-16.190422031757407],[47.424867153167725,-16.190009897976992],[47.42501735687256,-16.190009897976992],[47.42516756057739,-16.190339605070193],[47.42501735687256,-16.190422031757407],[47.424867153167725,-16.190422031757407]],[[47.425639629364014,-16.18766071899384],[47.42581129074097,-16.1873104004339],[47.42619752883911,-16.187269186444794],[47.4265193939209,-16.18693947422213],[47.42703437805176,-16.186898260155573],[47.4269700050354,-16.187248579447015],[47.426626682281494,-16.18770193290119],[47.42626190185547,-16.18788739537777],[47.42621898651123,-16.187990430011666],[47.42600440979004,-16.187928609237787],[47.425639629364014,-16.18766071899384]],[[47.42617607116699,-16.162930823622432],[47.42649793624878,-16.162456803729043],[47.42690563201904,-16.162456803729043],[47.426841259002686,-16.162807166368523],[47.426626682281494,-16.163136918873732],[47.42649793624878,-16.163136918873732],[47.42617607116699,-16.162930823622432]],[[47.42729187011719,-16.179067431382265],[47.427570819854736,-16.179067431382265],[47.427570819854736,-16.178943784226803],[47.427849769592285,-16.178799529114244],[47.428107261657715,-16.178943784226803],[47.42806434631348,-16.179149862776228],[47.427849769592285,-16.17947958800798],[47.427570819854736,-16.17947958800798],[47.427570819854736,-16.179603234827965],[47.42744207382202,-16.179603234827965],[47.427356243133545,-16.179438372384126],[47.42729187011719,-16.179067431382265]],[[47.429330348968506,-16.176367784215273],[47.429330348968506,-16.17624413536967],[47.429566383361816,-16.175749539213186],[47.4299955368042,-16.175687714606553],[47.4299955368042,-16.17583197199194],[47.43027448654175,-16.17583197199194],[47.43027448654175,-16.176367784215273],[47.4299955368042,-16.176367784215273],[47.4299955368042,-16.17651204110399],[47.42973804473877,-16.17651204110399],[47.42973804473877,-16.176635689781875],[47.429587841033936,-16.176635689781875],[47.42950201034546,-16.17647082486083],[47.429330348968506,-16.176367784215273]],[[47.431626319885254,-16.197036661149042],[47.431626319885254,-16.196624541185756],[47.43216276168823,-16.196480298995155],[47.43244171142578,-16.196088783946195],[47.432570457458496,-16.196088783946195],[47.432570457458496,-16.195944541363872],[47.43289232254028,-16.195862116983747],[47.433021068573,-16.195388176129725],[47.432827949523926,-16.195264539197936],[47.432827949523926,-16.19472877826479],[47.43297815322876,-16.19472877826479],[47.43297815322876,-16.19433725973967],[47.43304252624512,-16.194007559326394],[47.433106899261475,-16.193513007673403],[47.43338584899902,-16.193513007673403],[47.43372917175293,-16.193986953032265],[47.433836460113525,-16.194275440954144],[47.433922290802,-16.19433725973967],[47.433578968048096,-16.195491206847024],[47.43370771408081,-16.195759086460157],[47.43377208709717,-16.19582090478079],[47.43338584899902,-16.196480298995155],[47.43323564529419,-16.196480298995155],[47.43323564529419,-16.196748177265135],[47.433106899261475,-16.196748177265135],[47.433106899261475,-16.19689241925984],[47.43297815322876,-16.19689241925984],[47.432613372802734,-16.197077873098024],[47.432570457458496,-16.197160296970154],[47.431883811950684,-16.197160296970154],[47.431883811950684,-16.197036661149042],[47.431626319885254,-16.197036661149042]],[[47.43405103683472,-16.199591785702296],[47.43405103683472,-16.19944754568168],[47.43417978286743,-16.19944754568168],[47.43417978286743,-16.199591785702296],[47.43405103683472,-16.199591785702296]],[[47.43417978286743,-16.191493575558255],[47.43417978286743,-16.191349329616287],[47.43465185165405,-16.191019624210142],[47.43499517440796,-16.190957804385164],[47.434866428375244,-16.191225690153544],[47.43465185165405,-16.191287509894607],[47.434329986572266,-16.191493575558255],[47.43417978286743,-16.191493575558255]],[[47.436068058013916,-16.18784618150913],[47.436068058013916,-16.187578291153315],[47.43621826171875,-16.187578291153315],[47.43621826171875,-16.18743404234958],[47.43647575378418,-16.1873104004339],[47.43675470352173,-16.18743404234958],[47.43701219558716,-16.18743404234958],[47.43701219558716,-16.187578291153315],[47.43675470352173,-16.187578291153315],[47.43666887283325,-16.18776375374607],[47.436625957489014,-16.187990430011666],[47.4363899230957,-16.187928609237787],[47.43621826171875,-16.18784618150913],[47.436068058013916,-16.18784618150913]],[[47.43621826171875,-16.188917739296286],[47.43621826171875,-16.18852620924089],[47.4363899230957,-16.188423174886708],[47.436625957489014,-16.188381961129963],[47.436625957489014,-16.188794098310083],[47.43643283843994,-16.188876525642826],[47.43621826171875,-16.188917739296286]],[[47.43628263473511,-16.185806084256157],[47.436625957489014,-16.18529090484759],[47.437076568603516,-16.185064225481867],[47.43716239929199,-16.184878760352674],[47.437570095062256,-16.184878760352674],[47.43778467178345,-16.184919974840895],[47.4379563331604,-16.1850024037915],[47.43793487548828,-16.18524969043682],[47.43774175643921,-16.185455762404615],[47.43769884109497,-16.185682441320722],[47.437355518341064,-16.185909119976515],[47.43729114532471,-16.186362476507213],[47.43716239929199,-16.186362476507213],[47.43716239929199,-16.18663036851318],[47.43654012680054,-16.18654794024239],[47.43628263473511,-16.185806084256157]],[[47.43701219558716,-16.18743404234958],[47.43701219558716,-16.1873104004339],[47.43716239929199,-16.1873104004339],[47.43716239929199,-16.18743404234958],[47.43701219558716,-16.18743404234958]],[[47.43729114532471,-16.177460012322953],[47.437613010406494,-16.177192107874475],[47.43741989135742,-16.17704785148247],[47.43741989135742,-16.17677994647491],[47.43752717971802,-16.176182310917838],[47.43802070617676,-16.176429608609055],[47.438106536865234,-16.177460012322953],[47.43797779083252,-16.177913388254055],[47.437376976013184,-16.17799582012971],[47.43729114532471,-16.177460012322953]],[[47.438106536865234,-16.1850024037915],[47.43819236755371,-16.18483754585587],[47.43823528289795,-16.184610865969574],[47.43842840194702,-16.184446007706953],[47.43823528289795,-16.18393082474894],[47.43842840194702,-16.18343624784444],[47.4385142326355,-16.182859239889922],[47.43864297866821,-16.182859239889922],[47.43864297866821,-16.182714987637794],[47.43877172470093,-16.182714987637794],[47.43877172470093,-16.182591342766372],[47.43905067443848,-16.182591342766372],[47.43905067443848,-16.18244709031852],[47.439308166503906,-16.182302837765263],[47.43950128555298,-16.182220407687524],[47.439866065979004,-16.182179192635743],[47.440123558044434,-16.182302837765263],[47.440123558044434,-16.182591342766372],[47.439866065979004,-16.182982884593557],[47.43971586227417,-16.182982884593557],[47.43971586227417,-16.183395033046466],[47.439587116241455,-16.183395033046466],[47.439587116241455,-16.18351867741457],[47.439308166503906,-16.18351867741457],[47.439308166503906,-16.183662929079475],[47.43917942047119,-16.183662929079475],[47.43917942047119,-16.183807180638965],[47.43905067443848,-16.183807180638965],[47.43905067443848,-16.184610865969574],[47.43887901306152,-16.18494058208178],[47.43905067443848,-16.18529090484759],[47.43905067443848,-16.185414548028263],[47.43892192840576,-16.185414548028263],[47.43892192840576,-16.185558798307838],[47.43864297866821,-16.185558798307838],[47.4385142326355,-16.18529090484759],[47.43814945220947,-16.185105439931363],[47.438106536865234,-16.1850024037915]],[[47.439866065979004,-16.19796392791828],[47.43999481201172,-16.19769605129936],[47.439866065979004,-16.19769605129936],[47.43999481201172,-16.197428174316656],[47.43999481201172,-16.197036661149042],[47.440080642700195,-16.19685120727212],[47.440123558044434,-16.19635666274786],[47.44025230407715,-16.19635666274786],[47.44025230407715,-16.196088783946195],[47.4405312538147,-16.196088783946195],[47.4405312538147,-16.195944541363872],[47.44093894958496,-16.195944541363872],[47.44102478027344,-16.196129996093205],[47.44119644165039,-16.19621242036142],[47.44119644165039,-16.19635666274786],[47.441346645355225,-16.19635666274786],[47.441346645355225,-16.196624541185756],[47.44119644165039,-16.196624541185756],[47.44119644165039,-16.197036661149042],[47.4409818649292,-16.197469386183826],[47.44089603424072,-16.197922716154423],[47.440810203552246,-16.198108169023925],[47.44046688079834,-16.198314227563287],[47.44025230407715,-16.198376045083123],[47.440123558044434,-16.198376045083123],[47.439866065979004,-16.19796392791828]],[[47.44065999984741,-16.179891743773496],[47.440810203552246,-16.179891743773496],[47.440810203552246,-16.178387371069235],[47.44074583053589,-16.177769132388875],[47.44065999984741,-16.177460012322953],[47.4409818649292,-16.17723332396713],[47.441067695617676,-16.17690359498509],[47.441840171813965,-16.176965419211143],[47.44201183319092,-16.17704785148247],[47.442097663879395,-16.17723332396713],[47.44229078292847,-16.177315756126617],[47.44229078292847,-16.177460012322953],[47.44241952896118,-16.177460012322953],[47.44246244430542,-16.17768670041859],[47.4425482749939,-16.17785156432474],[47.4425482749939,-16.178263723487987],[47.44241952896118,-16.178263723487987],[47.44241952896118,-16.178387371069235],[47.44196891784668,-16.17846980274706],[47.4418830871582,-16.178799529114244],[47.44166851043701,-16.17892317636003],[47.441604137420654,-16.17947958800798],[47.44196891784668,-16.17972688157053],[47.44216203689575,-16.18042754498262],[47.441840171813965,-16.181045775340422],[47.44175434112549,-16.1810869906288],[47.44179725646973,-16.18184947191179],[47.4418830871582,-16.182302837765263],[47.441840171813965,-16.183477462633803],[47.44175434112549,-16.183662929079475],[47.44201183319092,-16.183807180638965],[47.442054748535156,-16.18415750541611],[47.44216203689575,-16.184342971222904],[47.44175434112549,-16.184610865969574],[47.441604137420654,-16.184610865969574],[47.441604137420654,-16.184342971222904],[47.44147539138794,-16.184342971222904],[47.441346645355225,-16.184075076112705],[47.44147539138794,-16.184075076112705],[47.44147539138794,-16.183807180638965],[47.44119644165039,-16.183807180638965],[47.44119644165039,-16.182179192635743],[47.441067695617676,-16.182179192635743],[47.441067695617676,-16.181767041644775],[47.44093894958496,-16.181767041644775],[47.44093894958496,-16.1810869906288],[47.441067695617676,-16.1810869906288],[47.441067695617676,-16.18055119120902],[47.44093894958496,-16.18055119120902],[47.44093894958496,-16.18042754498262],[47.440810203552246,-16.18042754498262],[47.44065999984741,-16.179891743773496]],[[47.440810203552246,-16.195532419118877],[47.440810203552246,-16.19499665891324],[47.4409818649292,-16.194914234137073],[47.44115352630615,-16.194543322218166],[47.441346645355225,-16.194460897252597],[47.44147539138794,-16.194460897252597],[47.44147539138794,-16.19433725973967],[47.441604137420654,-16.19433725973967],[47.441604137420654,-16.193245125010435],[47.44216203689575,-16.192977241983755],[47.44241952896118,-16.193121486735606],[47.44241952896118,-16.193513007673403],[47.442333698272705,-16.193698464688552],[47.44229078292847,-16.194048771908186],[47.44220495223999,-16.194110590764723],[47.44201183319092,-16.194873021736072],[47.44175434112549,-16.19499665891324],[47.441604137420654,-16.195264539197936],[47.44104623794556,-16.19532635767351],[47.44093894958496,-16.195532419118877],[47.440810203552246,-16.195532419118877]],[[47.44141101837158,-16.190545671723697],[47.44166851043701,-16.190092324801938],[47.44216203689575,-16.190009897976992],[47.44216203689575,-16.190133538201493],[47.44229078292847,-16.190133538201493],[47.44229078292847,-16.190545671723697],[47.44216203689575,-16.190545671723697],[47.4418830871582,-16.190689918253113],[47.44141101837158,-16.190545671723697]],[[47.44147539138794,-16.19202934527658],[47.44147539138794,-16.191617214853125],[47.44175434112549,-16.191493575558255],[47.4418830871582,-16.191493575558255],[47.4418830871582,-16.191349329616287],[47.44201183319092,-16.191349329616287],[47.44229078292847,-16.191493575558255],[47.44229078292847,-16.192173590721453],[47.44241952896118,-16.192173590721453],[47.44241952896118,-16.19229722959024],[47.442333698272705,-16.192338442529277],[47.44216203689575,-16.192709358593348],[47.441604137420654,-16.192441474839242],[47.44151830673218,-16.192256016642574],[47.44147539138794,-16.19202934527658]],[[47.441604137420654,-16.18920623462955],[47.441604137420654,-16.188917739296286],[47.4418830871582,-16.188794098310083],[47.44229078292847,-16.188794098310083],[47.44229078292847,-16.189474122775678],[47.44216203689575,-16.189474122775678],[47.44216203689575,-16.189597763335854],[47.44201183319092,-16.189597763335854],[47.44201183319092,-16.189474122775678],[47.4418830871582,-16.189474122775678],[47.44171142578125,-16.18937108891636],[47.441604137420654,-16.18920623462955]],[[47.44194746017456,-16.18195250969717],[47.44229078292847,-16.180901521763417],[47.44302034378052,-16.1810869906288],[47.44304180145264,-16.181416712626017],[47.44269847869873,-16.182034939886776],[47.44194746017456,-16.18195250969717]],[[47.44201183319092,-16.175296158315135],[47.44201183319092,-16.175151900538438],[47.44216203689575,-16.175151900538438],[47.44216203689575,-16.175296158315135],[47.44201183319092,-16.175296158315135]],[[47.443363666534424,-16.18191129458947],[47.443363666534424,-16.18042754498262],[47.44353532791138,-16.180345114122005],[47.443363666534424,-16.180015390335413],[47.443599700927734,-16.179685665998278],[47.4439001083374,-16.179603234827965],[47.444007396698,-16.17982992046352],[47.444307804107666,-16.179891743773496],[47.444307804107666,-16.18042754498262],[47.44422197341919,-16.1806130142932],[47.44417905807495,-16.18096334473789],[47.444050312042236,-16.18096334473789],[47.444050312042236,-16.181375497406478],[47.44417905807495,-16.181375497406478],[47.44417905807495,-16.18191129458947],[47.44426488876343,-16.182096762506376],[47.44443655014038,-16.182179192635743],[47.44443655014038,-16.182302837765263],[47.444050312042236,-16.182591342766372],[47.4434494972229,-16.182344052791237],[47.443363666534424,-16.18191129458947]],[[47.444307804107666,-16.183127136649944],[47.444307804107666,-16.182859239889922],[47.44441509246826,-16.182653165211775],[47.444844245910645,-16.182591342766372],[47.44477987289429,-16.18304470691635],[47.44443655014038,-16.183127136649944],[47.444307804107666,-16.183127136649944]],[[47.44619607925415,-16.18663036851318],[47.44619607925415,-16.185950334249625],[47.446346282958984,-16.185950334249625],[47.44666814804077,-16.186053369894694],[47.44673252105713,-16.18663036851318],[47.446839809417725,-16.18681583199664],[47.44688272476196,-16.187166151434383],[47.44701147079468,-16.187166151434383],[47.447097301483154,-16.187351614414396],[47.44729042053223,-16.18743404234958],[47.44729042053223,-16.18784618150913],[47.44696855545044,-16.188011036931997],[47.44714021682739,-16.188381961129963],[47.44714021682739,-16.18852620924089],[47.446796894073486,-16.188567422967523],[47.446603775024414,-16.188649850394924],[47.446603775024414,-16.188114071501346],[47.4464750289917,-16.188114071501346],[47.4464750289917,-16.187042509350874],[47.446346282958984,-16.186774617904263],[47.446346282958984,-16.18663036851318],[47.44619607925415,-16.18663036851318]],[[47.44729042053223,-16.174471826743556],[47.44729042053223,-16.17434817671112],[47.4473762512207,-16.17416270151736],[47.447547912597656,-16.17408026804199],[47.447547912597656,-16.174203918242128],[47.447826862335205,-16.174203918242128],[47.447826862335205,-16.174471826743556],[47.44729042053223,-16.174471826743556]],[[47.4484920501709,-16.17502825093169],[47.44877099990845,-16.17502825093169],[47.448856830596924,-16.17519311705682],[47.44922161102295,-16.175378591283092],[47.449307441711426,-16.17556406533521],[47.44971513748169,-16.175296158315135],[47.44997262954712,-16.175296158315135],[47.45025157928467,-16.175419807754167],[47.45025157928467,-16.17556406533521],[47.45038032531738,-16.17556406533521],[47.45038032531738,-16.17583197199194],[47.45078802108765,-16.1760998782853],[47.45078802108765,-16.17624413536967],[47.45023012161255,-16.176182310917838],[47.45012283325195,-16.175976229271967],[47.44962930679321,-16.17591440473629],[47.449307441711426,-16.175687714606553],[47.449307441711426,-16.175976229271967],[47.44913578033447,-16.175873188368413],[47.44889974594116,-16.17583197199194],[47.448856830596924,-16.175749539213186],[47.448556423187256,-16.17558467355248],[47.4484920501709,-16.17502825093169]],[[47.44924306869507,-16.165053594419817],[47.44943618774414,-16.164888719834593],[47.44971513748169,-16.164888719834593],[47.4505090713501,-16.165032985104176],[47.45091676712036,-16.165300906039775],[47.45091676712036,-16.16556882661223],[47.45025157928467,-16.16548638955169],[47.44965076446533,-16.16556882661223],[47.44924306869507,-16.165053594419817]],[[47.449307441711426,-16.171648465044896],[47.449307441711426,-16.171504204604574],[47.44941473007202,-16.17129811807854],[47.44997262954712,-16.171236292078817],[47.44997262954712,-16.171648465044896],[47.449843883514404,-16.171648465044896],[47.449843883514404,-16.171772116767045],[47.44943618774414,-16.171772116767045],[47.44943618774414,-16.171648465044896],[47.449307441711426,-16.171648465044896]],[[47.45091676712036,-16.168804454077915],[47.45091676712036,-16.16868080049862],[47.451066970825195,-16.16868080049862],[47.451066970825195,-16.168804454077915],[47.45091676712036,-16.168804454077915]],[[47.45119571685791,-16.176635689781875],[47.45119571685791,-16.17651204110399],[47.451303005218506,-16.176326567942013],[47.45166778564453,-16.17647082486083],[47.45173215866089,-16.17677994647491],[47.451603412628174,-16.17677994647491],[47.451603412628174,-16.176635689781875],[47.45119571685791,-16.176635689781875]],[[47.451324462890625,-16.202023244457237],[47.451324462890625,-16.201611134913875],[47.451560497283936,-16.20156992391219],[47.45173215866089,-16.201487501882923],[47.45173215866089,-16.202023244457237],[47.451324462890625,-16.202023244457237]],[[47.45147466659546,-16.199056036522506],[47.45147466659546,-16.19852028588737],[47.45164632797241,-16.19841725675225],[47.45173215866089,-16.198231804173375],[47.45213985443115,-16.19852028588737],[47.45213985443115,-16.198643920778494],[47.45198965072632,-16.198767555592127],[47.45188236236572,-16.199179671077786],[47.45173215866089,-16.199179671077786],[47.45173215866089,-16.199056036522506],[47.45147466659546,-16.199056036522506]],[[47.45147466659546,-16.19796392791828],[47.45147466659546,-16.197840292600915],[47.451603412628174,-16.197840292600915],[47.451603412628174,-16.19796392791828],[47.45147466659546,-16.19796392791828]],[[47.45147466659546,-16.195944541363872],[47.45162487030029,-16.19584151088334],[47.45173215866089,-16.195408782277497],[47.451817989349365,-16.195223326870106],[47.45188236236572,-16.194048771908186],[47.45201110839844,-16.194048771908186],[47.45201110839844,-16.193780889972658],[47.452290058135986,-16.19355422035852],[47.452805042266846,-16.192709358593348],[47.45271921157837,-16.19202934527658],[47.452826499938965,-16.191081444015765],[47.45267629623413,-16.190689918253113],[47.45267629623413,-16.189329875357558],[47.45289087295532,-16.189226841422936],[47.45295524597168,-16.188917739296286],[47.45325565338135,-16.188691064095735],[47.45336294174194,-16.188114071501346],[47.453577518463135,-16.18807285768007],[47.45377063751221,-16.187990430011666],[47.45415687561035,-16.187990430011666],[47.45445728302002,-16.18805225076619],[47.45467185974121,-16.188423174886708],[47.454843521118164,-16.18852620924089],[47.454843521118164,-16.188649850394924],[47.45475769042969,-16.188835311980753],[47.45471477508545,-16.18920623462955],[47.45426416397095,-16.18953594306545],[47.45415687561035,-16.190133538201493],[47.453835010528564,-16.190422031757407],[47.45415687561035,-16.190957804385164],[47.45394229888916,-16.191060837416046],[47.45389938354492,-16.191617214853125],[47.453813552856445,-16.191802673650216],[47.45377063751221,-16.192441474839242],[47.45362043380737,-16.192709358593348],[47.45344877243042,-16.192853603541053],[47.45336294174194,-16.193513007673403],[47.453577518463135,-16.19355422035852],[47.45377063751221,-16.19365725203359],[47.45389938354492,-16.19392513413699],[47.45362043380737,-16.19433725973967],[47.453083992004395,-16.19433725973967],[47.453083992004395,-16.194605140919748],[47.45299816131592,-16.19476999069593],[47.45295524597168,-16.195408782277497],[47.453083992004395,-16.195408782277497],[47.453083992004395,-16.195676662002555],[47.45321273803711,-16.195676662002555],[47.45314836502075,-16.196294844595144],[47.45188236236572,-16.197036661149042],[47.45188236236572,-16.19689241925984],[47.451603412628174,-16.19689241925984],[47.451603412628174,-16.196748177265135],[47.45173215866089,-16.196480298995155],[47.45147466659546,-16.195944541363872]],[[47.452826499938965,-16.20175537335203],[47.452826499938965,-16.200663279695732],[47.45321273803711,-16.200663279695732],[47.45321273803711,-16.20053964607051],[47.45377063751221,-16.20053964607051],[47.45362043380737,-16.200807518827162],[47.45347023010254,-16.20093115228444],[47.45336294174194,-16.201879006215037],[47.45299816131592,-16.201837795269327],[47.452826499938965,-16.20175537335203]],[[47.45295524597168,-16.16907236990089],[47.45295524597168,-16.168948716489254],[47.453083992004395,-16.168948716489254],[47.453083992004395,-16.16907236990089],[47.45295524597168,-16.16907236990089]],[[47.453083992004395,-16.172864370285083],[47.453083992004395,-16.172720110732584],[47.45336294174194,-16.172720110732584],[47.45336294174194,-16.172864370285083],[47.453083992004395,-16.172864370285083]],[[47.45321273803711,-16.17206063715112],[47.45336294174194,-16.17206063715112],[47.453577518463135,-16.17216368004334],[47.45362043380737,-16.172452199855613],[47.453298568725586,-16.172369765666517],[47.45321273803711,-16.17206063715112]],[[47.45336294174194,-16.172988021246255],[47.45336294174194,-16.172864370285083],[47.45349168777466,-16.172864370285083],[47.45349168777466,-16.172988021246255],[47.45336294174194,-16.172988021246255]],[[47.454564571380615,-16.200951757853105],[47.454564571380615,-16.200807518827162],[47.45495080947876,-16.20084872998821],[47.45527267456055,-16.201178418966435],[47.45550870895386,-16.201219630049962],[47.455852031707764,-16.20138447429794],[47.45619535446167,-16.201219630049962],[47.456603050231934,-16.20132265772108],[47.45673179626465,-16.20220869347075],[47.456324100494385,-16.202270509769832],[47.45602369308472,-16.201549318408112],[47.45570182800293,-16.201672951400298],[47.45525121688843,-16.202023244457237],[47.454843521118164,-16.20134326324886],[47.45471477508545,-16.201219630049962],[47.454564571380615,-16.200951757853105]],[[47.45492935180664,-16.175811363800477],[47.45525121688843,-16.17556406533521],[47.45537996292114,-16.17556406533521],[47.45537996292114,-16.175976229271967],[47.45512247085571,-16.175976229271967],[47.45492935180664,-16.175811363800477]],[[47.45537996292114,-16.184610865969574],[47.45550870895386,-16.184610865969574],[47.45550870895386,-16.184075076112705],[47.456066608428955,-16.184075076112705],[47.45666742324829,-16.1841162907687],[47.4570107460022,-16.184198720054894],[47.457332611083984,-16.184425400414426],[47.4583625793457,-16.184610865969574],[47.45849132537842,-16.184610865969574],[47.45849132537842,-16.184878760352674],[47.458577156066895,-16.185208476017436],[47.45889902114868,-16.18529090484759],[47.459306716918945,-16.18529090484759],[47.459306716918945,-16.18514665437226],[47.459564208984375,-16.1850024037915],[47.46010065078735,-16.1850024037915],[47.460594177246094,-16.185208476017436],[47.46063709259033,-16.18529090484759],[47.4609375,-16.18531151204975],[47.461087703704834,-16.185332119249765],[47.46119499206543,-16.185558798307838],[47.46115207672119,-16.185785477105625],[47.461044788360596,-16.185950334249625],[47.46115207672119,-16.18613579837202],[47.461323738098145,-16.186218226814944],[47.461323738098145,-16.186506726094066],[47.4609375,-16.186465511937143],[47.460572719573975,-16.186444904855463],[47.4603796005249,-16.186774617904263],[47.4603796005249,-16.186898260155573],[47.46050834655762,-16.186898260155573],[47.46050834655762,-16.187042509350874],[47.461044788360596,-16.187042509350874],[47.4613881111145,-16.187495863278386],[47.46145248413086,-16.18770193290119],[47.46140956878662,-16.187804967631905],[47.46115207672119,-16.187928609237787],[47.4609375,-16.18832014047871],[47.46050834655762,-16.188381961129963],[47.45997190475464,-16.188114071501346],[47.45997190475464,-16.187990430011666],[47.459843158721924,-16.18770193290119],[47.459306716918945,-16.1873104004339],[47.459306716918945,-16.186774617904263],[47.45915651321411,-16.186774617904263],[47.45915651321411,-16.18663036851318],[47.45862007141113,-16.18663036851318],[47.45825529098511,-16.186444904855463],[47.45821237564087,-16.186362476507213],[47.458083629608154,-16.186362476507213],[47.458083629608154,-16.186218226814944],[47.45795488357544,-16.186218226814944],[47.45795488357544,-16.185950334249625],[47.457804679870605,-16.185950334249625],[47.457804679870605,-16.185682441320722],[47.45767593383789,-16.185682441320722],[47.45767593383789,-16.185414548028263],[47.457547187805176,-16.185414548028263],[47.457547187805176,-16.18529090484759],[47.45726823806763,-16.18529090484759],[47.45726823806763,-16.185414548028263],[47.45713949203491,-16.185414548028263],[47.45686054229736,-16.185558798307838],[47.45673179626465,-16.185558798307838],[47.45673179626465,-16.185682441320722],[47.456324100494385,-16.185682441320722],[47.45610952377319,-16.18572365564114],[47.45591640472412,-16.185826691404543],[47.455787658691406,-16.185558798307838],[47.45574474334717,-16.185332119249765],[47.45537996292114,-16.184610865969574]],[[47.456796169281006,-16.20292988242086],[47.45761156082153,-16.20264140715736],[47.45748281478882,-16.202909277058893],[47.457053661346436,-16.203032909198413],[47.4570107460022,-16.203094725239097],[47.456796169281006,-16.20292988242086]],[[47.457804679870605,-16.16936089422711],[47.457847595214844,-16.16898993430172],[47.45795488357544,-16.168804454077915],[47.45821237564087,-16.168804454077915],[47.45821237564087,-16.169216632116658],[47.45799779891968,-16.169257849873247],[47.457804679870605,-16.16936089422711]],[[47.45795488357544,-16.1760998782853],[47.45799779891968,-16.17566710640004],[47.45821237564087,-16.17556406533521],[47.45821237564087,-16.1760998782853],[47.45795488357544,-16.1760998782853]],[[47.45821237564087,-16.17651204110399],[47.45821237564087,-16.176367784215273],[47.4583625793457,-16.176367784215273],[47.4583625793457,-16.17651204110399],[47.45821237564087,-16.17651204110399]],[[47.4583625793457,-16.172452199855613],[47.45849132537842,-16.17197820279867],[47.45894193649292,-16.17216368004334],[47.45849132537842,-16.17259645960374],[47.45849132537842,-16.172452199855613],[47.4583625793457,-16.172452199855613]],[[47.46010065078735,-16.17057681354467],[47.46010065078735,-16.17016463834308],[47.46063709259033,-16.17016463834308],[47.46063709259033,-16.170288290993838],[47.460551261901855,-16.170350117290198],[47.4603796005249,-16.170700465937486],[47.46010065078735,-16.17057681354467]],[[47.46063709259033,-16.21080097314905],[47.46063709259033,-16.210265254429046],[47.46119499206543,-16.210265254429046],[47.46119499206543,-16.21080097314905],[47.46063709259033,-16.21080097314905]],[[47.46063709259033,-16.191761460599253],[47.46063709259033,-16.191617214853125],[47.46091604232788,-16.191617214853125],[47.46063709259033,-16.191225690153544],[47.46063709259033,-16.190813558051573],[47.4609375,-16.190854771300494],[47.46113061904907,-16.190875377921742],[47.46145248413086,-16.191081444015765],[47.4614953994751,-16.19132872304455],[47.46168851852417,-16.191534788665138],[47.46173143386841,-16.19202934527658],[47.4619460105896,-16.192359048995584],[47.46226787567139,-16.192565113540184],[47.46265411376953,-16.192482687748168],[47.46265411376953,-16.192472384514478],[47.462782859802246,-16.192441474839242],[47.463083267211914,-16.192565113540184],[47.463555335998535,-16.192523900648467],[47.46387720108032,-16.19229722959024],[47.46387720108032,-16.192173590721453],[47.46374845504761,-16.192173590721453],[47.46374845504761,-16.191349329616287],[47.46394157409668,-16.191452362442718],[47.4645209312439,-16.191534788665138],[47.464563846588135,-16.191617214853125],[47.46501445770264,-16.19174085407056],[47.46490716934204,-16.192132377747953],[47.46464967727661,-16.192523900648467],[47.464563846588135,-16.192565113540184],[47.46469259262085,-16.19283299712643],[47.4649715423584,-16.192977241983755],[47.46510028839111,-16.192791784290662],[47.465808391571045,-16.19314209312013],[47.466044425964355,-16.19419301587665],[47.46645212173462,-16.19419301587665],[47.46711730957031,-16.19514090218867],[47.46711730957031,-16.19582090478079],[47.46726751327515,-16.19582090478079],[47.46726751327515,-16.196480298995155],[47.467074394226074,-16.196397874838908],[47.46685981750488,-16.19635666274786],[47.46685981750488,-16.19582090478079],[47.46673107147217,-16.19582090478079],[47.46666669845581,-16.195511812984037],[47.46617317199707,-16.195264539197936],[47.466044425964355,-16.195264539197936],[47.465829849243164,-16.19532635767351],[47.465314865112305,-16.195635449760843],[47.46522903442383,-16.195944541363872],[47.4649715423584,-16.195944541363872],[47.4649715423584,-16.196088783946195],[47.46469259262085,-16.196088783946195],[47.46469259262085,-16.196480298995155],[47.464563846588135,-16.196480298995155],[47.464563846588135,-16.196748177265135],[47.46411323547363,-16.19668635923513],[47.4639630317688,-16.196088783946195],[47.46374845504761,-16.195944541363872],[47.46374845504761,-16.195532419118877],[47.46361970901489,-16.195532419118877],[47.46361970901489,-16.19499665891324],[47.46349096298218,-16.19499665891324],[47.46349096298218,-16.19433725973967],[47.46338367462158,-16.194110590764723],[47.46293306350708,-16.194048771908186],[47.46293306350708,-16.193780889972658],[47.462804317474365,-16.193780889972658],[47.46267557144165,-16.193513007673403],[47.46267557144165,-16.192977241983755],[47.4623966217041,-16.192977241983755],[47.4623966217041,-16.19283299712643],[47.46226787567139,-16.19283299712643],[47.462031841278076,-16.192894816363903],[47.46186017990112,-16.192977241983755],[47.4614953994751,-16.19240026192172],[47.4609375,-16.192049951775175],[47.46076583862305,-16.191926312751434],[47.46063709259033,-16.191761460599253]],[[47.46119499206543,-16.190422031757407],[47.461323738098145,-16.190422031757407],[47.461323738098145,-16.18974201055815],[47.46164560317993,-16.189474122775678],[47.46173143386841,-16.188794098310083],[47.46186017990112,-16.188794098310083],[47.46186017990112,-16.188649850394924],[47.46213912963867,-16.18852620924089],[47.462568283081055,-16.188567422967523],[47.46265411376953,-16.188752884630787],[47.46265411376953,-16.18874876324157],[47.46267557144165,-16.188794098310083],[47.46267557144165,-16.188917739296286],[47.46235370635986,-16.18914441423651],[47.46213912963867,-16.189474122775678],[47.46213912963867,-16.189597763335854],[47.46226787567139,-16.189597763335854],[47.46218204498291,-16.189783224030876],[47.46198892593384,-16.189865650950495],[47.46198892593384,-16.190277785032166],[47.461302280426025,-16.190545671723697],[47.46119499206543,-16.190422031757407]],[[47.46198892593384,-16.190957804385164],[47.46198892593384,-16.190689918253113],[47.46213912963867,-16.190689918253113],[47.46213912963867,-16.190957804385164],[47.46198892593384,-16.190957804385164]],[[47.46198892593384,-16.17785156432474],[47.46198892593384,-16.17772791640803],[47.46226787567139,-16.17758366040738],[47.462546825408936,-16.17758366040738],[47.462546825408936,-16.17772791640803],[47.46293306350708,-16.17772791640803],[47.46312618255615,-16.177810348361106],[47.46321201324463,-16.17799582012971],[47.46321201324463,-16.178119467878687],[47.46293306350708,-16.178119467878687],[47.46293306350708,-16.178263723487987],[47.46267557144165,-16.178263723487987],[47.46267557144165,-16.178387371069235],[47.462546825408936,-16.178387371069235],[47.46211767196655,-16.17828433142357],[47.46198892593384,-16.17785156432474]],[[47.46213912963867,-16.197036661149042],[47.46213912963867,-16.19689241925984],[47.46226787567139,-16.19689241925984],[47.46226787567139,-16.197036661149042],[47.46213912963867,-16.197036661149042]],[[47.46226787567139,-16.18393082474894],[47.46226787567139,-16.183662929079475],[47.4623966217041,-16.183662929079475],[47.4623966217041,-16.183807180638965],[47.462546825408936,-16.183807180638965],[47.462546825408936,-16.183662929079475],[47.462804317474365,-16.183662929079475],[47.46297597885132,-16.183745358554958],[47.462825775146484,-16.18401325411257],[47.46265411376953,-16.184037982912624],[47.46265411376953,-16.1840338614481],[47.4623966217041,-16.184075076112705],[47.4623966217041,-16.18393082474894],[47.46226787567139,-16.18393082474894]],[[47.464563846588135,-16.197572415814093],[47.464563846588135,-16.197428174316656],[47.46499300003052,-16.19724272080782],[47.46514320373535,-16.19759302173368],[47.4649715423584,-16.19769605129936],[47.46469259262085,-16.19769605129936],[47.46469259262085,-16.197572415814093],[47.464563846588135,-16.197572415814093]],[[47.46469259262085,-16.18042754498262],[47.46550798416138,-16.18042754498262],[47.46544361114502,-16.180860306436315],[47.46522903442383,-16.18096334473789],[47.4649715423584,-16.18096334473789],[47.46475696563721,-16.180860306436315],[47.46469259262085,-16.18042754498262]],[[47.46645212173462,-16.17704785148247],[47.46685981750488,-16.17704785148247],[47.466795444488525,-16.17733636416112],[47.466580867767334,-16.177460012322953],[47.46649503707886,-16.177274540051172],[47.46645212173462,-16.17704785148247]],[[47.46726751327515,-16.215663584155465],[47.46726751327515,-16.21539573158755],[47.467525005340576,-16.21539573158755],[47.467525005340576,-16.215251503130915],[47.46793270111084,-16.215251503130915],[47.46793270111084,-16.21539573158755],[47.46821165084839,-16.21539573158755],[47.46821165084839,-16.215519355894912],[47.46771812438965,-16.2158490203353],[47.46726751327515,-16.215663584155465]],[[47.46726751327515,-16.184075076112705],[47.46748208999634,-16.18351867741457],[47.46793270111084,-16.18325078118582],[47.46793270111084,-16.184075076112705],[47.46726751327515,-16.184075076112705]],[[47.4678897857666,-16.15738678074402],[47.46821165084839,-16.157345560512212],[47.46821165084839,-16.157469221181827],[47.468061447143555,-16.157469221181827],[47.4678897857666,-16.15738678074402]],[[47.4683403968811,-16.18069544504199],[47.4683403968811,-16.18042754498262],[47.46846914291382,-16.18042754498262],[47.46846914291382,-16.18069544504199],[47.4683403968811,-16.18069544504199]],[[47.46861934661865,-16.191081444015765],[47.46861934661865,-16.190957804385164],[47.468833923339844,-16.19091659115776],[47.469027042388916,-16.190813558051573],[47.469027042388916,-16.190957804385164],[47.469284534454346,-16.190957804385164],[47.469284534454346,-16.191349329616287],[47.46941328048706,-16.191349329616287],[47.469305992126465,-16.19157600176345],[47.469027042388916,-16.191617214853125],[47.46891975402832,-16.19157600176345],[47.468812465667725,-16.191184476982073],[47.46861934661865,-16.191081444015765]],[[47.46874809265137,-16.18325078118582],[47.468812465667725,-16.18277681004446],[47.46887683868408,-16.18244709031852],[47.469284534454346,-16.18244709031852],[47.469284534454346,-16.183127136649944],[47.46887683868408,-16.183127136649944],[47.46887683868408,-16.18325078118582],[47.46874809265137,-16.18325078118582]],[[47.470765113830566,-16.17758366040738],[47.47085094451904,-16.177130283719364],[47.47117280960083,-16.17704785148247],[47.471301555633545,-16.17704785148247],[47.471301555633545,-16.17690359498509],[47.47170925140381,-16.17690359498509],[47.471816539764404,-16.176965419211143],[47.47198820114136,-16.177315756126617],[47.47190237045288,-16.177501228359688],[47.47185945510864,-16.178119467878687],[47.47170925140381,-16.178119467878687],[47.471301555633545,-16.17785156432474],[47.471301555633545,-16.17772791640803],[47.4709153175354,-16.17772791640803],[47.4709153175354,-16.17758366040738],[47.470765113830566,-16.17758366040738]],[[47.470765113830566,-16.165300906039775],[47.470765113830566,-16.16517725026847],[47.4709153175354,-16.16517725026847],[47.4709153175354,-16.165300906039775],[47.470765113830566,-16.165300906039775]],[[47.4709153175354,-16.19796392791828],[47.4709153175354,-16.197428174316656],[47.47112989425659,-16.197098479069282],[47.47170925140381,-16.197036661149042],[47.47190237045288,-16.197119085038395],[47.47211694717407,-16.197160296970154],[47.47211694717407,-16.196624541185756],[47.472782135009766,-16.196727571257284],[47.47334003448486,-16.196645147204336],[47.47346878051758,-16.196480298995155],[47.47389793395996,-16.196439086921345],[47.47400522232056,-16.19621242036142],[47.47415542602539,-16.19621242036142],[47.47415542602539,-16.195944541363872],[47.47469186782837,-16.195944541363872],[47.474777698516846,-16.196129996093205],[47.474820613861084,-16.196624541185756],[47.47469186782837,-16.196624541185756],[47.47469186782837,-16.196748177265135],[47.4744987487793,-16.19685120727212],[47.47385501861572,-16.19695423722527],[47.47374773025513,-16.197160296970154],[47.47359752655029,-16.197160296970154],[47.47321128845215,-16.197263326761856],[47.4723744392395,-16.197119085038395],[47.47211694717407,-16.198108169023925],[47.47134447097778,-16.198437862583575],[47.4709153175354,-16.19796392791828]],[[47.471301555633545,-16.180015390335413],[47.471301555633545,-16.179891743773496],[47.47145175933838,-16.179891743773496],[47.47162342071533,-16.17997417482337],[47.47185945510864,-16.180015390335413],[47.47185945510864,-16.180159644559794],[47.47170925140381,-16.180159644559794],[47.47170925140381,-16.18042754498262],[47.47145175933838,-16.180283290953952],[47.471301555633545,-16.180015390335413]],[[47.471580505371094,-16.216961633748923],[47.47170925140381,-16.216879218155995],[47.47185945510864,-16.216879218155995],[47.47185945510864,-16.216734990785426],[47.47265338897705,-16.216734990785426],[47.472803592681885,-16.217002841532448],[47.47267484664917,-16.217476730423513],[47.47166633605957,-16.217353107344437],[47.471580505371094,-16.216961633748923]],[[47.47321128845215,-16.211748779624656],[47.47321128845215,-16.21148092173496],[47.473275661468506,-16.211295481444196],[47.473554611206055,-16.211460317266827],[47.47359752655029,-16.211748779624656],[47.47321128845215,-16.211748779624656]],[[47.47374773025513,-16.21065674132923],[47.47374773025513,-16.209976789899727],[47.47415542602539,-16.209976789899727],[47.47415542602539,-16.210121022217166],[47.47424125671387,-16.21030646361305],[47.474284172058105,-16.21065674132923],[47.47374773025513,-16.21065674132923]],[[47.47374773025513,-16.159633270382656],[47.47400522232056,-16.159633270382656],[47.474284172058105,-16.15975692962168],[47.474284172058105,-16.15990119863612],[47.474541664123535,-16.15990119863612],[47.47464895248413,-16.16010729704557],[47.4749493598938,-16.16016912652651],[47.4749493598938,-16.16031339524021],[47.47509956359863,-16.16031339524021],[47.47518539428711,-16.160478273641246],[47.47535705566406,-16.16058132257207],[47.47535705566406,-16.160849249540874],[47.47509956359863,-16.161385102389247],[47.47509956359863,-16.161529370215675],[47.474820613861084,-16.161529370215675],[47.474820613861084,-16.161385102389247],[47.474541664123535,-16.161385102389247],[47.47443437576294,-16.16122022474444],[47.47400522232056,-16.161117176146604],[47.47400522232056,-16.160437054053872],[47.47387647628784,-16.160437054053872],[47.473812103271484,-16.159963028181508],[47.47374773025513,-16.159633270382656]],[[47.47400522232056,-16.154645616618836],[47.47400522232056,-16.15408913505219],[47.47415542602539,-16.15408913505219],[47.47419834136963,-16.154192187312262],[47.47458457946777,-16.15429523951866],[47.47469186782837,-16.154501343770406],[47.47469186782837,-16.154645616618836],[47.47400522232056,-16.154645616618836]],[[47.47415542602539,-16.182859239889922],[47.47415542602539,-16.18244709031852],[47.474327087402344,-16.18236466030099],[47.47469186782837,-16.182302837765263],[47.475056648254395,-16.183024099477564],[47.47509956359863,-16.18351867741457],[47.474820613861084,-16.18351867741457],[47.47473478317261,-16.183353818239894],[47.474541664123535,-16.18325078118582],[47.474541664123535,-16.183127136649944],[47.474284172058105,-16.183127136649944],[47.474284172058105,-16.182859239889922],[47.47415542602539,-16.182859239889922]],[[47.4749493598938,-16.185950334249625],[47.4749493598938,-16.185558798307838],[47.475271224975586,-16.185641226991706],[47.475764751434326,-16.186506726094066],[47.4755072593689,-16.186898260155573],[47.475292682647705,-16.186754010854855],[47.47516393661499,-16.18628004812453],[47.4749493598938,-16.185950334249625]],[[47.47617244720459,-16.202558985575976],[47.47675180435181,-16.20264140715736],[47.477288246154785,-16.203321383889147],[47.477524280548096,-16.203506831681736],[47.477524280548096,-16.203651068733166],[47.47765302658081,-16.203651068733166],[47.47765302658081,-16.204578304401437],[47.47739553451538,-16.204578304401437],[47.47713804244995,-16.204207410657418],[47.47658014297485,-16.20391893726304],[47.47658014297485,-16.20377470040755],[47.47645139694214,-16.20377470040755],[47.47638702392578,-16.203280173244863],[47.47621536254883,-16.20292988242086],[47.47617244720459,-16.202558985575976]],[[47.47658014297485,-16.19365725203359],[47.47658014297485,-16.193513007673403],[47.47670888900757,-16.193513007673403],[47.47670888900757,-16.19365725203359],[47.47658014297485,-16.19365725203359]],[[47.477524280548096,-16.19419301587665],[47.47763156890869,-16.193986953032265],[47.478060722351074,-16.19392513413699],[47.478060722351074,-16.19433725973967],[47.47769594192505,-16.194275440954144],[47.477524280548096,-16.19419301587665]],[[47.478275299072266,-16.205608561140465],[47.47861862182617,-16.205196459090928],[47.479820251464844,-16.205670376373604],[47.47994899749756,-16.205794006781716],[47.47994899749756,-16.206061872399985],[47.47909069061279,-16.20600005728963],[47.478275299072266,-16.205608561140465]],[[47.47859716415405,-16.157737152367403],[47.47874736785889,-16.157737152367403],[47.47874736785889,-16.157613491865334],[47.4788761138916,-16.157613491865334],[47.4788761138916,-16.157345560512212],[47.479004859924316,-16.157345560512212],[47.479004859924316,-16.157201289633264],[47.479283809661865,-16.157201289633264],[47.479283809661865,-16.157057018649056],[47.48018503189087,-16.157036408499863],[47.481064796447754,-16.156150170052783],[47.481300830841064,-16.156129559809102],[47.48138666152954,-16.155944067519187],[47.48142957687378,-16.155449420562263],[47.48157978057861,-16.155449420562263],[47.48157978057861,-16.154645616618836],[47.48170852661133,-16.154645616618836],[47.48170852661133,-16.15408913505219],[47.48183727264404,-16.15408913505219],[47.48183727264404,-16.15369753597423],[47.48198747634888,-16.15369753597423],[47.48198747634888,-16.15342959931631],[47.48211622238159,-16.15342959931631],[47.48211622238159,-16.153161662295474],[47.48237371444702,-16.153161662295474],[47.48237371444702,-16.153017388364688],[47.482523918151855,-16.153017388364688],[47.482781410217285,-16.153161662295474],[47.482781410217285,-16.15342959931631],[47.48293161392212,-16.15342959931631],[47.48293161392212,-16.15369753597423],[47.482781410217285,-16.15369753597423],[47.482781410217285,-16.153965472269206],[47.48233079910278,-16.154109745508492],[47.48224496841431,-16.15530514830013],[47.48211622238159,-16.15530514830013],[47.48211622238159,-16.155861626445613],[47.482030391693115,-16.156026508558398],[47.48198747634888,-16.15625322123904],[47.48183727264404,-16.15625322123904],[47.48183727264404,-16.156397492809617],[47.48170852661133,-16.156397492809617],[47.48170852661133,-16.15652115407204],[47.48157978057861,-16.15652115407204],[47.48157978057861,-16.156665425447144],[47.48142957687378,-16.156665425447144],[47.48142957687378,-16.156789086542048],[47.481300830841064,-16.156789086542048],[47.481300830841064,-16.156933357721698],[47.481021881103516,-16.156933357721698],[47.481021881103516,-16.157057018649056],[47.480764389038086,-16.157057018649056],[47.480764389038086,-16.157201289633264],[47.48048543930054,-16.157201289633264],[47.48048543930054,-16.157345560512212],[47.48035669326782,-16.157345560512212],[47.48035669326782,-16.157469221181827],[47.48014211654663,-16.15757227168079],[47.48007774353027,-16.15788142285544],[47.47994899749756,-16.15788142285544],[47.47994899749756,-16.158005083189977],[47.479820251464844,-16.158005083189977],[47.479820251464844,-16.158149353482543],[47.47941255569458,-16.158149353482543],[47.47941255569458,-16.158273013649534],[47.479283809661865,-16.158273013649534],[47.479283809661865,-16.158417283746616],[47.47868299484253,-16.15833484370404],[47.47859716415405,-16.157737152367403]],[[47.47874736785889,-16.175296158315135],[47.47874736785889,-16.17488399295935],[47.479004859924316,-16.17488399295935],[47.479004859924316,-16.17502825093169],[47.479283809661865,-16.17502825093169],[47.47919797897339,-16.17533737480342],[47.4788761138916,-16.175419807754167],[47.4788761138916,-16.175296158315135],[47.47874736785889,-16.175296158315135]],[[47.47969150543213,-16.20700970166513],[47.48007774353027,-16.20674183733479],[47.48007774353027,-16.20688607201943],[47.48022794723511,-16.20688607201943],[47.48022794723511,-16.207153936153787],[47.48035669326782,-16.207153936153787],[47.48035669326782,-16.207277565631486],[47.48048543930054,-16.207277565631486],[47.48048543930054,-16.207421799924134],[47.48063564300537,-16.207421799924134],[47.480807304382324,-16.207545429233846],[47.48067855834961,-16.20781329247221],[47.48022794723511,-16.2076896633305],[47.48022794723511,-16.207566034111267],[47.48007774353027,-16.207566034111267],[47.48007774353027,-16.207421799924134],[47.47994899749756,-16.207421799924134],[47.47994899749756,-16.207277565631486],[47.479820251464844,-16.207277565631486],[47.47969150543213,-16.20700970166513]],[[47.48022794723511,-16.205794006781716],[47.48048543930054,-16.205484930616052],[47.482287883758545,-16.20523766933465],[47.4823522567749,-16.205690981447006],[47.482008934020996,-16.205917637112293],[47.48138666152954,-16.206144292516996],[47.48067855834961,-16.2062679226279],[47.48063564300537,-16.206350342658766],[47.48048543930054,-16.206350342658766],[47.4804425239563,-16.206123687490972],[47.48022794723511,-16.205794006781716]],[[47.48224496841431,-16.203094725239097],[47.48224496841431,-16.202703223320782],[47.48237371444702,-16.202703223320782],[47.48237371444702,-16.203094725239097],[47.48224496841431,-16.203094725239097]],[[47.48237371444702,-16.152213574538507],[47.48248100280762,-16.152028078576322],[47.48265266418457,-16.151945635870632],[47.48282432556152,-16.152028078576322],[47.483060359954834,-16.152069299916278],[47.483060359954834,-16.1528731143287],[47.482781410217285,-16.1528731143287],[47.482781410217285,-16.152605176554133],[47.48265266418457,-16.152605176554133],[47.48265266418457,-16.15233723841665],[47.482523918151855,-16.15233723841665],[47.482523918151855,-16.152213574538507],[47.48237371444702,-16.152213574538507]],[[47.482523918151855,-16.161529370215675],[47.482523918151855,-16.161385102389247],[47.48265266418457,-16.161385102389247],[47.48265266418457,-16.161529370215675],[47.482523918151855,-16.161529370215675]],[[47.482523918151855,-16.158829483444052],[47.482566833496094,-16.158520333751525],[47.482781410217285,-16.158417283746616],[47.48359680175781,-16.158417283746616],[47.48359680175781,-16.158273013649534],[47.48413324356079,-16.158273013649534],[47.48413324356079,-16.158417283746616],[47.484261989593506,-16.158417283746616],[47.484261989593506,-16.158561553738465],[47.48441219329834,-16.158561553738465],[47.48417615890503,-16.158994363082442],[47.484004497528076,-16.159097412786622],[47.48359680175781,-16.159097412786622],[47.4834680557251,-16.158829483444052],[47.48314619064331,-16.15903558297056],[47.482781410217285,-16.159097412786622],[47.48260974884033,-16.158994363082442],[47.482523918151855,-16.158829483444052]],[[47.48265266418457,-16.149513560597526],[47.48265266418457,-16.148957064594896],[47.48282432556152,-16.148874620609533],[47.48293161392212,-16.148689121516895],[47.48318910598755,-16.148689121516895],[47.48318910598755,-16.14883339860397],[47.483317852020264,-16.14883339860397],[47.483317852020264,-16.1491013414866],[47.4834680557251,-16.1491013414866],[47.4834680557251,-16.149369284006383],[47.483274936676025,-16.14947233872509],[47.483060359954834,-16.149513560597526],[47.48265266418457,-16.149513560597526]],[[47.48312473297119,-16.205917637112293],[47.483317852020264,-16.20540251022338],[47.48359680175781,-16.20525827445327],[47.483811378479004,-16.205299484684062],[47.484004497528076,-16.20540251022338],[47.484004497528076,-16.205526140799464],[47.48413324356079,-16.205526140799464],[47.48413324356079,-16.205670376373604],[47.484004497528076,-16.205670376373604],[47.484004497528076,-16.20593824215986],[47.48359680175781,-16.206206107582148],[47.4834680557251,-16.206206107582148],[47.48312473297119,-16.205917637112293]],[[47.483274936676025,-16.147555512172318],[47.48359680175781,-16.14734940068469],[47.48359680175781,-16.14693717706541],[47.48372554779053,-16.14693717706541],[47.48394012451172,-16.146999010663038],[47.484261989593506,-16.1472051225156],[47.48441219329834,-16.14693717706541],[47.484776973724365,-16.146772287377274],[47.4848198890686,-16.146669231252417],[47.48494863510132,-16.146669231252417],[47.48494863510132,-16.146401285076635],[47.48516321182251,-16.146298228758596],[47.48522758483887,-16.145989059482446],[47.48535633087158,-16.145989059482446],[47.485785484313965,-16.146112727250866],[47.48589277267456,-16.14654556383175],[47.485764026641846,-16.147081455429827],[47.485313415527344,-16.1473081783614],[47.48507738113403,-16.14734940068469],[47.484261989593506,-16.14734940068469],[47.484004497528076,-16.147473067603016],[47.484004497528076,-16.147761623445277],[47.48387575149536,-16.14802956777916],[47.483553886413574,-16.147947123407377],[47.483274936676025,-16.147555512172318]],[[47.48359680175781,-16.183807180638965],[47.48359680175781,-16.182714987637794],[47.48387575149536,-16.182591342766372],[47.484004497528076,-16.182302837765263],[47.48441219329834,-16.182302837765263],[47.48441219329834,-16.182714987637794],[47.484540939331055,-16.182714987637794],[47.484540939331055,-16.183127136649944],[47.48441219329834,-16.183662929079475],[47.484261989593506,-16.18393082474894],[47.484261989593506,-16.184075076112705],[47.484004497528076,-16.184075076112705],[47.484004497528076,-16.184198720054894],[47.48387575149536,-16.184198720054894],[47.48387575149536,-16.184075076112705],[47.48372554779053,-16.184075076112705],[47.48372554779053,-16.183807180638965],[47.48359680175781,-16.183807180638965]],[[47.484004497528076,-16.141949203223945],[47.484004497528076,-16.14180492111838],[47.48413324356079,-16.14180492111838],[47.48413324356079,-16.141536968357613],[47.484261989593506,-16.141536968357613],[47.484261989593506,-16.141269015234187],[47.484540939331055,-16.141269015234187],[47.484540939331055,-16.141536968357613],[47.4848198890686,-16.141536968357613],[47.485034465789795,-16.141990426663355],[47.48522758483887,-16.142072873516426],[47.48516321182251,-16.142711835463558],[47.48507738113403,-16.14289734015867],[47.48460531234741,-16.142691223820037],[47.48413324356079,-16.142361437231813],[47.48413324356079,-16.141949203223945],[47.484004497528076,-16.141949203223945]],[[47.48441219329834,-16.204454673230956],[47.48473405838013,-16.204228015883714],[47.48494863510132,-16.20391893726304],[47.485785484313965,-16.203960147773785],[47.48608589172363,-16.204372252407566],[47.4858283996582,-16.204763751011797],[47.48539924621582,-16.2049079871437],[47.48535633087158,-16.20499040774311],[47.48522758483887,-16.20499040774311],[47.48507738113403,-16.20525827445327],[47.4848198890686,-16.20540251022338],[47.48460531234741,-16.205072828308076],[47.484540939331055,-16.204866776831054],[47.48445510864258,-16.204681330317612],[47.48441219329834,-16.204454673230956]],[[47.4848198890686,-16.128035802191718],[47.4848198890686,-16.127912123133683],[47.48494863510132,-16.127912123133683],[47.48494863510132,-16.128035802191718],[47.4848198890686,-16.128035802191718]],[[47.48494863510132,-16.127912123133683],[47.48494863510132,-16.12776783080173],[47.48507738113403,-16.12776783080173],[47.48507738113403,-16.127912123133683],[47.48494863510132,-16.127912123133683]],[[47.48522758483887,-16.157345560512212],[47.48522758483887,-16.156933357721698],[47.48535633087158,-16.156933357721698],[47.48535633087158,-16.156789086542048],[47.485806941986084,-16.156871527229015],[47.48589277267456,-16.157201289633264],[47.48584985733032,-16.157428000967215],[47.485764026641846,-16.157613491865334],[47.48535633087158,-16.157613491865334],[47.48535633087158,-16.157345560512212],[47.48522758483887,-16.157345560512212]],[[47.48535633087158,-16.144237091128332],[47.48535633087158,-16.143845472552044],[47.4854850769043,-16.143845472552044],[47.4854850769043,-16.143556911000047],[47.48561382293701,-16.14328896061079],[47.485764026641846,-16.14328896061079],[47.485764026641846,-16.143556911000047],[47.48584985733032,-16.1437424149032],[47.486021518707275,-16.143845472552044],[47.486021518707275,-16.143969141659852],[47.48587131500244,-16.144092810690367],[47.485764026641846,-16.14450504023408],[47.48535633087158,-16.144237091128332]],[[47.485764026641846,-16.144772988977095],[47.485764026641846,-16.144649320371542],[47.48589277267456,-16.144649320371542],[47.48589277267456,-16.144772988977095],[47.485764026641846,-16.144772988977095]],[[47.48670816421509,-16.20525827445327],[47.48670816421509,-16.20499040774311],[47.487030029296875,-16.204392857616625],[47.487502098083496,-16.204578304401437],[47.48745918273926,-16.204949197447704],[47.48737335205078,-16.2051346437092],[47.48711585998535,-16.2051346437092],[47.48711585998535,-16.20525827445327],[47.48670816421509,-16.20525827445327]],[[47.48741626739502,-16.13356005470783],[47.48765230178833,-16.133044739159757],[47.48818874359131,-16.133044739159757],[47.48818874359131,-16.13290045056604],[47.48859643936157,-16.13290045056604],[47.48859643936157,-16.132776774544922],[47.488853931427,-16.132776774544922],[47.48911142349243,-16.132797387220478],[47.489497661590576,-16.133209640280995],[47.489540576934814,-16.13343637909857],[47.4894118309021,-16.133972306181008],[47.488789558410645,-16.134034143827975],[47.48846769332886,-16.13411659399391],[47.48846769332886,-16.133972306181008],[47.487502098083496,-16.133972306181008],[47.48741626739502,-16.13356005470783]],[[47.487502098083496,-16.181767041644775],[47.487502098083496,-16.18149914303929],[47.487781047821045,-16.18149914303929],[47.487781047821045,-16.181643396179723],[47.48790979385376,-16.181643396179723],[47.48790979385376,-16.181767041644775],[47.48765230178833,-16.18191129458947],[47.48765230178833,-16.181767041644775],[47.487502098083496,-16.181767041644775]],[[47.48765230178833,-16.204042568769452],[47.48765230178833,-16.20377470040755],[47.487781047821045,-16.20377470040755],[47.487781047821045,-16.203651068733166],[47.48786687850952,-16.203465621076234],[47.48823165893555,-16.203280173244863],[47.48831748962402,-16.203094725239097],[47.488510608673096,-16.203012303847203],[47.489004135131836,-16.202971093138345],[47.48913288116455,-16.202971093138345],[47.48913288116455,-16.203094725239097],[47.489004135131836,-16.203094725239097],[47.489047050476074,-16.20373348985804],[47.48913288116455,-16.20391893726304],[47.48960494995117,-16.203568647573846],[47.489798069000244,-16.203506831681736],[47.489798069000244,-16.20377470040755],[47.48994827270508,-16.20377470040755],[47.4898624420166,-16.203960147773785],[47.489798069000244,-16.204454673230956],[47.48913288116455,-16.204578304401437],[47.48859643936157,-16.204578304401437],[47.4884033203125,-16.204310436767415],[47.48790979385376,-16.20418680542896],[47.487781047821045,-16.20418680542896],[47.487781047821045,-16.204042568769452],[47.48765230178833,-16.204042568769452]],[[47.48846769332886,-16.18393082474894],[47.48846769332886,-16.18351867741457],[47.48859643936157,-16.18351867741457],[47.48859643936157,-16.183127136649944],[47.48846769332886,-16.183127136649944],[47.488510608673096,-16.182818024971482],[47.48872518539429,-16.182714987637794],[47.489004135131836,-16.182714987637794],[47.489004135131836,-16.182859239889922],[47.48913288116455,-16.182859239889922],[47.48913288116455,-16.182982884593557],[47.489261627197266,-16.182982884593557],[47.48932600021362,-16.183477462633803],[47.4894118309021,-16.183807180638965],[47.489261627197266,-16.183807180638965],[47.489261627197266,-16.184075076112705],[47.489004135131836,-16.184075076112705],[47.48846769332886,-16.18393082474894]],[[47.489004135131836,-16.18514665437226],[47.489004135131836,-16.184610865969574],[47.489540576934814,-16.184610865969574],[47.489540576934814,-16.18514665437226],[47.489004135131836,-16.18514665437226]],[[47.4894118309021,-16.21848631599859],[47.4894118309021,-16.21821846726867],[47.489540576934814,-16.21821846726867],[47.489540576934814,-16.21848631599859],[47.4894118309021,-16.21848631599859]],[[47.489540576934814,-16.21391223384869],[47.49020576477051,-16.21391223384869],[47.49020576477051,-16.214035859086863],[47.49035596847534,-16.214035859086863],[47.49022722244263,-16.214674588248542],[47.490270137786865,-16.21514848274009],[47.49048471450806,-16.215251503130915],[47.49039888381958,-16.21543693969862],[47.49035596847534,-16.2159314363592],[47.490248680114746,-16.216116872286932],[47.49007701873779,-16.216199288198794],[47.48994827270508,-16.216199288198794],[47.48962640762329,-16.21597264435823],[47.48981952667236,-16.21502485820001],[47.48973369598389,-16.214674588248542],[47.489540576934814,-16.21391223384869]],[[47.49035596847534,-16.20418680542896],[47.49035596847534,-16.20391893726304],[47.49044179916382,-16.20373348985804],[47.49048471450806,-16.203506831681736],[47.49061346054077,-16.203506831681736],[47.49061346054077,-16.20336259452479],[47.490806579589844,-16.203465621076234],[47.49114990234375,-16.203506831681736],[47.491257190704346,-16.203712884580042],[47.491557598114014,-16.20377470040755],[47.491493225097656,-16.204248621107865],[47.491021156311035,-16.204310436767415],[47.49035596847534,-16.20418680542896]],[[47.49048471450806,-16.217270691915303],[47.49061346054077,-16.217002841532448],[47.49114990234375,-16.217002841532448],[47.49110698699951,-16.217208880320825],[47.490742206573486,-16.217682768716216],[47.49065637588501,-16.2176415610749],[47.49048471450806,-16.217270691915303]],[[47.490742206573486,-16.17624413536967],[47.490742206573486,-16.1760998782853],[47.491021156311035,-16.1760998782853],[47.491021156311035,-16.17624413536967],[47.490742206573486,-16.17624413536967]],[[47.49089241027832,-16.178531626482823],[47.49089241027832,-16.178263723487987],[47.49119281768799,-16.178201899668338],[47.491300106048584,-16.17799582012971],[47.491300106048584,-16.17785156432474],[47.491557598114014,-16.17785156432474],[47.491557598114014,-16.17799582012971],[47.49168634414673,-16.17799582012971],[47.49168634414673,-16.178119467878687],[47.49183654785156,-16.178119467878687],[47.49183654785156,-16.178263723487987],[47.49196529388428,-16.178263723487987],[47.49196529388428,-16.178675881791065],[47.49183654785156,-16.178675881791065],[47.49183654785156,-16.178799529114244],[47.4914288520813,-16.178799529114244],[47.49119281768799,-16.178758313348467],[47.491021156311035,-16.178675881791065],[47.491021156311035,-16.178531626482823],[47.49089241027832,-16.178531626482823]],[[47.49168634414673,-16.20336259452479],[47.49168634414673,-16.203094725239097],[47.49183654785156,-16.203094725239097],[47.49183654785156,-16.20336259452479],[47.49168634414673,-16.20336259452479]],[[47.492244243621826,-16.1528731143287],[47.492244243621826,-16.152605176554133],[47.49267339706421,-16.152728840187493],[47.492780685424805,-16.153161662295474],[47.49235153198242,-16.15309983062373],[47.492244243621826,-16.1528731143287]],[[47.49265193939209,-16.170700465937486],[47.49265193939209,-16.170432552321913],[47.49359607696533,-16.17057681354467],[47.4934458732605,-16.170844726964617],[47.49331712722778,-16.170844726964617],[47.49331712722778,-16.170968379189787],[47.49318838119507,-16.170968379189787],[47.49318838119507,-16.170844726964617],[47.492780685424805,-16.170844726964617],[47.492780685424805,-16.170700465937486],[47.49265193939209,-16.170700465937486]],[[47.49318838119507,-16.178119467878687],[47.493295669555664,-16.177913388254055],[47.49359607696533,-16.17785156432474],[47.49359607696533,-16.178119467878687],[47.49318838119507,-16.178119467878687]],[[47.49331712722778,-16.216322912001914],[47.49331712722778,-16.21605506033042],[47.49361753463745,-16.2156223760918],[47.49398231506348,-16.215519355894912],[47.49413251876831,-16.215519355894912],[47.494239807128906,-16.215952040359795],[47.49413251876831,-16.216199288198794],[47.49391794204712,-16.216302308040127],[47.49385356903076,-16.216611367240873],[47.49363899230957,-16.216549555439514],[47.4934458732605,-16.216467139674194],[47.4934458732605,-16.216322912001914],[47.49331712722778,-16.216322912001914]],[[47.4934458732605,-16.15328532558094],[47.4934458732605,-16.152605176554133],[47.49381065368652,-16.15266700838046],[47.49398231506348,-16.152749450785535],[47.49391794204712,-16.153202883399217],[47.49359607696533,-16.15328532558094],[47.4934458732605,-16.15328532558094]],[[47.49413251876831,-16.155449420562263],[47.49413251876831,-16.15530514830013],[47.494239807128906,-16.154913551629605],[47.49531269073486,-16.15460439581574],[47.495741844177246,-16.1551814862774],[47.495484352111816,-16.15530514830013],[47.49520540237427,-16.15530514830013],[47.49520540237427,-16.155449420562263],[47.49507665634155,-16.155449420562263],[47.49507665634155,-16.15557308241746],[47.49488353729248,-16.155676133904407],[47.494540214538574,-16.155717354484153],[47.49443292617798,-16.15551125149952],[47.49413251876831,-16.155449420562263]],[[47.494540214538574,-16.17947958800798],[47.494540214538574,-16.17933533328683],[47.49466896057129,-16.17933533328683],[47.49466896057129,-16.17947958800798],[47.494540214538574,-16.17947958800798]],[[47.49466896057129,-16.180159644559794],[47.49466896057129,-16.17947958800798],[47.49488353729248,-16.179520803623248],[47.49533414840698,-16.179747489353417],[47.49557018280029,-16.180324506401462],[47.49589204788208,-16.18055119120902],[47.49597787857056,-16.18073666040347],[47.49614953994751,-16.180819091100645],[47.49668598175049,-16.181231244070347],[47.49668598175049,-16.182179192635743],[47.496514320373535,-16.182302837765263],[47.49668598175049,-16.18244709031852],[47.49668598175049,-16.182591342766372],[47.49683618545532,-16.182591342766372],[47.49683618545532,-16.182714987637794],[47.49696493148804,-16.182714987637794],[47.49696493148804,-16.182859239889922],[47.49709367752075,-16.182859239889922],[47.49709367752075,-16.182982884593557],[47.4973726272583,-16.182982884593557],[47.4973726272583,-16.183127136649944],[47.497780323028564,-16.183127136649944],[47.497780323028564,-16.183395033046466],[47.4973726272583,-16.183395033046466],[47.497029304504395,-16.183477462633803],[47.49696493148804,-16.184198720054894],[47.49655723571777,-16.184198720054894],[47.49655723571777,-16.184342971222904],[47.49642848968506,-16.184342971222904],[47.49642848968506,-16.184466614997305],[47.496278285980225,-16.184466614997305],[47.496278285980225,-16.184878760352674],[47.49638557434082,-16.185064225481867],[47.49655723571777,-16.18514665437226],[47.496514320373535,-16.185373333643312],[47.496278285980225,-16.185826691404543],[47.49614953994751,-16.185826691404543],[47.49614953994751,-16.185682441320722],[47.496020793914795,-16.185682441320722],[47.49589204788208,-16.1850024037915],[47.49589204788208,-16.184734509576174],[47.495741844177246,-16.184734509576174],[47.49569892883301,-16.18426054199695],[47.495484352111816,-16.18393082474894],[47.495484352111816,-16.183662929079475],[47.495548725128174,-16.183333210833382],[47.49561309814453,-16.182591342766372],[47.495484352111816,-16.182591342766372],[47.495484352111816,-16.182302837765263],[47.495784759521484,-16.182076154968655],[47.49541997909546,-16.181169421179717],[47.49533414840698,-16.1810869906288],[47.49533414840698,-16.18096334473789],[47.49520540237427,-16.18096334473789],[47.49514102935791,-16.1806542296719],[47.49492645263672,-16.18055119120902],[47.49492645263672,-16.18042754498262],[47.49484062194824,-16.18024207549783],[47.49466896057129,-16.180159644559794]],[[47.494754791259766,-16.162250707768735],[47.49492645263672,-16.161982782699113],[47.49520540237427,-16.161920953785327],[47.49511957168579,-16.162106440468676],[47.49507665634155,-16.162333146178653],[47.49492645263672,-16.162333146178653],[47.494754791259766,-16.162250707768735]],[[47.49492645263672,-16.17111264002132],[47.49492645263672,-16.170844726964617],[47.495012283325195,-16.170514987319237],[47.49533414840698,-16.170432552321913],[47.49561309814453,-16.170432552321913],[47.49561309814453,-16.17057681354467],[47.495741844177246,-16.17057681354467],[47.495784759521484,-16.171339335400944],[47.49589204788208,-16.171504204604574],[47.49520540237427,-16.171504204604574],[47.49520540237427,-16.171236292078817],[47.49507665634155,-16.171236292078817],[47.49507665634155,-16.17111264002132],[47.49492645263672,-16.17111264002132]],[[47.495741844177246,-16.133972306181008],[47.495741844177246,-16.13343637909857],[47.49589204788208,-16.13343637909857],[47.49642848968506,-16.13358066730187],[47.49642848968506,-16.134260881701678],[47.495999336242676,-16.13419904412551],[47.49589204788208,-16.133972306181008],[47.495741844177246,-16.133972306181008]],[[47.49589204788208,-16.15990119863612],[47.49606370925903,-16.159200462437113],[47.49642848968506,-16.15895314318574],[47.496771812438965,-16.15942717147911],[47.49683618545532,-16.159633270382656],[47.49664306640625,-16.15998363802568],[47.49610662460327,-16.160230955988126],[47.49589204788208,-16.15990119863612]],[[47.496020793914795,-16.18663036851318],[47.49614953994751,-16.18663036851318],[47.4963641166687,-16.186733403803288],[47.49642848968506,-16.187166151434383],[47.49614953994751,-16.187166151434383],[47.49614953994751,-16.187042509350874],[47.49606370925903,-16.186857046080405],[47.496020793914795,-16.18663036851318]],[[47.496020793914795,-16.171916377011755],[47.496020793914795,-16.171772116767045],[47.496278285980225,-16.171772116767045],[47.496278285980225,-16.17206063715112],[47.496020793914795,-16.171916377011755]],[[47.496020793914795,-16.160849249540874],[47.49642848968506,-16.16058132257207],[47.496535778045654,-16.16064315190478],[47.49672889709473,-16.161096566420582],[47.49642848968506,-16.161261444168517],[47.496278285980225,-16.161446931470607],[47.49614953994751,-16.161261444168517],[47.49610662460327,-16.161034737229656],[47.496020793914795,-16.160849249540874]],[[47.496278285980225,-16.14625700621636],[47.496278285980225,-16.145989059482446],[47.49642848968506,-16.145989059482446],[47.49660015106201,-16.146092115961494],[47.49668598175049,-16.14625700621636],[47.496278285980225,-16.14625700621636]],[[47.49638557434082,-16.206968491791855],[47.496514320373535,-16.206844862120292],[47.49655723571777,-16.20700970166513],[47.49638557434082,-16.206968491791855]],[[47.49655723571777,-16.13479680655317],[47.49668598175049,-16.13479680655317],[47.49668598175049,-16.1346525192358],[47.49696493148804,-16.1346525192358],[47.49696493148804,-16.13479680655317],[47.49683618545532,-16.13479680655317],[47.4969220161438,-16.134982318663873],[47.49696493148804,-16.135477016776278],[47.49662160873413,-16.13522966787454],[47.49655723571777,-16.13479680655317]],[[47.49696493148804,-16.13856885198092],[47.49696493148804,-16.137620694316922],[47.49739408493042,-16.137455796868437],[47.49816656112671,-16.1380329373374],[47.49812364578247,-16.13865130025887],[47.498037815093994,-16.138981093027382],[47.49790906906128,-16.138981093027382],[47.49790906906128,-16.13924904924734],[47.498037815093994,-16.13924904924734],[47.49816656112671,-16.13951700510465],[47.49816656112671,-16.139784960599314],[47.498037815093994,-16.139784960599314],[47.49771595001221,-16.13957884102021],[47.4973726272583,-16.13951700510465],[47.4973726272583,-16.13937272122655],[47.49722242355347,-16.13937272122655],[47.49722242355347,-16.13924904924734],[47.49696493148804,-16.13856885198092]],[[47.49709367752075,-16.1551814862774],[47.49717950820923,-16.154995993098353],[47.4973726272583,-16.154913551629605],[47.49769449234009,-16.15540819992667],[47.4974799156189,-16.155634913316078],[47.49717950820923,-16.155470030876828],[47.49709367752075,-16.1551814862774]],[[47.49709367752075,-16.136816817958547],[47.49709367752075,-16.13640457240635],[47.49722242355347,-16.13640457240635],[47.49722242355347,-16.136816817958547],[47.49709367752075,-16.136816817958547]],[[47.49784469604492,-16.160292785430414],[47.49872446060181,-16.160045467545288],[47.49885320663452,-16.159633270382656],[47.498981952667236,-16.159633270382656],[47.498981952667236,-16.15948900117273],[47.49913215637207,-16.15948900117273],[47.49913215637207,-16.15936534176616],[47.499260902404785,-16.15936534176616],[47.499260902404785,-16.15922107236075],[47.4993896484375,-16.15922107236075],[47.4993896484375,-16.159097412786622],[47.499518394470215,-16.159097412786622],[47.499518394470215,-16.15895314318574],[47.49988317489624,-16.158499723754844],[47.49992609024048,-16.158273013649534],[47.50069856643677,-16.15767532212604],[47.50121355056763,-16.15792264297555],[47.50108480453491,-16.158211183575702],[47.50046253204346,-16.15895314318574],[47.50033378601074,-16.15895314318574],[47.50033378601074,-16.15922107236075],[47.50005483627319,-16.15944778137913],[47.499732971191406,-16.15998363802568],[47.499239444732666,-16.16066376167805],[47.498509883880615,-16.16097290801939],[47.498037815093994,-16.1608904690423],[47.49784469604492,-16.160292785430414]],[[47.49885320663452,-16.14328896061079],[47.49885320663452,-16.1426293888766],[47.49913215637207,-16.1426293888766],[47.499260902404785,-16.14289734015867],[47.499518394470215,-16.143021009858842],[47.49960422515869,-16.143350795348212],[47.49992609024048,-16.143556911000047],[47.49992609024048,-16.144237091128332],[47.50020503997803,-16.144381371461122],[47.50037670135498,-16.14427831409128],[47.50046253204346,-16.144113422187957],[47.50061273574829,-16.144113422187957],[47.500741481781006,-16.144381371461122],[47.50069856643677,-16.14460809748587],[47.50061273574829,-16.144772988977095],[47.50033378601074,-16.144772988977095],[47.49996900558472,-16.14460809748587],[47.49992609024048,-16.14450504023408],[47.49966859817505,-16.144649320371542],[47.499518394470215,-16.144649320371542],[47.499518394470215,-16.14450504023408],[47.49962568283081,-16.144463817318353],[47.49971151351929,-16.143989753170302],[47.4993896484375,-16.143845472552044],[47.4993896484375,-16.14370119182864],[47.499260902404785,-16.14370119182864],[47.49911069869995,-16.14343324163471],[47.49885320663452,-16.14328896061079]],[[47.49913215637207,-16.141269015234187],[47.49913215637207,-16.141001061748085],[47.49962568283081,-16.140815555276006],[47.49960422515869,-16.141186568046322],[47.49913215637207,-16.141269015234187]],[[47.499260902404785,-16.170288290993838],[47.499260902404785,-16.17002037681941],[47.49966859817505,-16.17002037681941],[47.49988317489624,-16.1700822031996],[47.50033378601074,-16.170288290993838],[47.500741481781006,-16.17057681354467],[47.50082731246948,-16.17074168338455],[47.501020431518555,-16.170844726964617],[47.501020431518555,-16.170968379189787],[47.50114917755127,-16.170968379189787],[47.50114917755127,-16.17111264002132],[47.501277923583984,-16.17111264002132],[47.501277923583984,-16.171380552714737],[47.5014066696167,-16.171380552714737],[47.5014066696167,-16.17206063715112],[47.50155687332153,-16.17206063715112],[47.50155687332153,-16.171916377011755],[47.502758502960205,-16.171916377011755],[47.502758502960205,-16.17206063715112],[47.50290870666504,-16.17206063715112],[47.50290870666504,-16.172184288615327],[47.503037452697754,-16.172184288615327],[47.503037452697754,-16.17232854855908],[47.50316619873047,-16.17232854855908],[47.50316619873047,-16.172452199855613],[47.5033164024353,-16.172452199855613],[47.503252029418945,-16.1733589736654],[47.50316619873047,-16.17354444961377],[47.50357389450073,-16.17354444961377],[47.50357389450073,-16.17408026804199],[47.50370264053345,-16.17408026804199],[47.50385284423828,-16.174657301647073],[47.50370264053345,-16.174760343184914],[47.503252029418945,-16.17453365173074],[47.503037452697754,-16.174471826743556],[47.50314474105835,-16.175172508798696],[47.50357389450073,-16.175296158315135],[47.50370264053345,-16.175296158315135],[47.503767013549805,-16.175522848894232],[47.50406742095947,-16.176141094605867],[47.50411033630371,-16.176367784215273],[47.503788471221924,-16.176285351660113],[47.5033164024353,-16.17624413536967],[47.5033164024353,-16.1760998782853],[47.50316619873047,-16.1760998782853],[47.50316619873047,-16.175976229271967],[47.503037452697754,-16.175976229271967],[47.503037452697754,-16.17583197199194],[47.50290870666504,-16.17583197199194],[47.50290870666504,-16.175687714606553],[47.502758502960205,-16.175687714606553],[47.502758502960205,-16.175151900538438],[47.50262975692749,-16.175151900538438],[47.50262975692749,-16.17488399295935],[47.502501010894775,-16.17488399295935],[47.502501010894775,-16.174616085016908],[47.50237226486206,-16.174616085016908],[47.50237226486206,-16.173812359009546],[47.502501010894775,-16.173812359009546],[47.502501010894775,-16.17340019055787],[47.50237226486206,-16.17340019055787],[47.50237226486206,-16.17313228060314],[47.50209331512451,-16.17313228060314],[47.50168561935425,-16.172864370285083],[47.50168561935425,-16.172720110732584],[47.501277923583984,-16.172720110732584],[47.500784397125244,-16.172781936267995],[47.50061273574829,-16.172864370285083],[47.500548362731934,-16.17265828517783],[47.50033378601074,-16.17232854855908],[47.50046253204346,-16.17232854855908],[47.50046253204346,-16.172184288615327],[47.50041961669922,-16.172101854314448],[47.500033378601074,-16.171833942599108],[47.499797344207764,-16.171772116767045],[47.499754428863525,-16.171566030520466],[47.49966859817505,-16.171380552714737],[47.49962568283081,-16.17088594438161],[47.499518394470215,-16.170700465937486],[47.499518394470215,-16.17057681354467],[47.4993896484375,-16.17057681354467],[47.4993896484375,-16.170288290993838],[47.499260902404785,-16.170288290993838]],[[47.499260902404785,-16.140320870500716],[47.499260902404785,-16.13992924417701],[47.499732971191406,-16.140073527649548],[47.49943256378174,-16.140526989307304],[47.499260902404785,-16.140320870500716]],[[47.49966859817505,-16.13628089857336],[47.49966859817505,-16.13601293833689],[47.500011920928955,-16.136054163012247],[47.50020503997803,-16.13613661233724],[47.50020503997803,-16.13640457240635],[47.49966859817505,-16.13628089857336]],[[47.50061273574829,-16.154769278976588],[47.500741481781006,-16.154769278976588],[47.500741481781006,-16.154645616618836],[47.501277923583984,-16.154645616618836],[47.50155687332153,-16.154501343770406],[47.50209331512451,-16.154583785410964],[47.50222206115723,-16.154769278976588],[47.50237226486206,-16.155037213819824],[47.50209331512451,-16.155037213819824],[47.50209331512451,-16.1551814862774],[47.50155687332153,-16.1551814862774],[47.50155687332153,-16.15530514830013],[47.50136375427246,-16.15540819992667],[47.50114917755127,-16.155449420562263],[47.50114917755127,-16.1551814862774],[47.501020431518555,-16.1551814862774],[47.50069856643677,-16.155099044885972],[47.50061273574829,-16.154769278976588]],[[47.500977516174316,-16.14644250758883],[47.50114917755127,-16.145989059482446],[47.5014066696167,-16.145989059482446],[47.50132083892822,-16.14658678631389],[47.500977516174316,-16.14644250758883]],[[47.50114917755127,-16.157201289633264],[47.50114917755127,-16.157057018649056],[47.50162124633789,-16.156727256004274],[47.50190019607544,-16.156603594870717],[47.5019645690918,-16.15652115407204],[47.50217914581299,-16.15658298467426],[47.50237226486206,-16.156665425447144],[47.50237226486206,-16.156789086542048],[47.502501010894775,-16.156789086542048],[47.50282287597656,-16.157304340271835],[47.50245809555054,-16.15767532212604],[47.50162124633789,-16.157551661585302],[47.50114917755127,-16.157201289633264]],[[47.50155687332153,-16.14491726891923],[47.5019645690918,-16.14491726891923],[47.5019645690918,-16.144772988977095],[47.50209331512451,-16.144772988977095],[47.50209331512451,-16.14450504023408],[47.50222206115723,-16.14450504023408],[47.50222206115723,-16.144381371461122],[47.502501010894775,-16.144381371461122],[47.502501010894775,-16.144237091128332],[47.50262975692749,-16.144237091128332],[47.50282287597656,-16.144649320371542],[47.50262975692749,-16.145020325956366],[47.502007484436035,-16.145247051249186],[47.50190019607544,-16.1454119422081],[47.50181436538696,-16.145453164926366],[47.50159978866577,-16.145350108114613],[47.50155687332153,-16.14491726891923]],[[47.50181436538696,-16.160849249540874],[47.50192165374756,-16.16066376167805],[47.5019645690918,-16.16031339524021],[47.50245809555054,-16.15998363802568],[47.50271558761597,-16.16008668721429],[47.502758502960205,-16.16016912652651],[47.50411033630371,-16.16016912652651],[47.50411033630371,-16.160437054053872],[47.504518032073975,-16.160437054053872],[47.504518032073975,-16.16058132257207],[47.504754066467285,-16.160601932351796],[47.50496864318848,-16.16080803003082],[47.50520467758179,-16.160849249540874],[47.50520467758179,-16.16097290801939],[47.50546216964722,-16.16097290801939],[47.50586986541748,-16.161529370215675],[47.50563383102417,-16.16200339233275],[47.50520467758179,-16.162065221220743],[47.50492572784424,-16.162065221220743],[47.50492572784424,-16.161920953785327],[47.50464677810669,-16.161920953785327],[47.50396013259888,-16.161405712085198],[47.50385284423828,-16.161261444168517],[47.50357389450073,-16.161261444168517],[47.50357389450073,-16.161117176146604],[47.50344514846802,-16.161117176146604],[47.50344514846802,-16.16097290801939],[47.5033164024353,-16.16097290801939],[47.50258684158325,-16.16157058957532],[47.50222206115723,-16.161117176146604],[47.5019645690918,-16.161117176146604],[47.50181436538696,-16.160849249540874]],[[47.502758502960205,-16.1528731143287],[47.50295162200928,-16.152790671975183],[47.50357389450073,-16.152749450785535],[47.50357389450073,-16.1528731143287],[47.503273487091064,-16.15347082036422],[47.50282287597656,-16.15332654665893],[47.502758502960205,-16.1528731143287]],[[47.502758502960205,-16.14248510726678],[47.502758502960205,-16.142072873516426],[47.50357389450073,-16.142196543731686],[47.50417470932007,-16.143124067883278],[47.50391721725464,-16.143515687886847],[47.50385284423828,-16.143556911000047],[47.503745555877686,-16.14339201849576],[47.50357389450073,-16.14328896061079],[47.503488063812256,-16.143124067883278],[47.503037452697754,-16.14289734015867],[47.5028657913208,-16.142526330594606],[47.502758502960205,-16.14248510726678]],[[47.50290870666504,-16.144237091128332],[47.50290870666504,-16.143969141659852],[47.503273487091064,-16.144134033683386],[47.50370264053345,-16.143845472552044],[47.50385284423828,-16.143845472552044],[47.503530979156494,-16.144360759991443],[47.50370264053345,-16.14450504023408],[47.50370264053345,-16.14491726891923],[47.503037452697754,-16.145061548756203],[47.50318765640259,-16.144443205857257],[47.50290870666504,-16.144237091128332]],[[47.5029730796814,-16.157757762443566],[47.50344514846802,-16.157345560512212],[47.50385284423828,-16.157345560512212],[47.50385284423828,-16.157201289633264],[47.5044322013855,-16.157118849083744],[47.50514030456543,-16.156624205065],[47.50520467758179,-16.15652115407204],[47.50561237335205,-16.15652115407204],[47.50561237335205,-16.156397492809617],[47.505741119384766,-16.156397492809617],[47.50606298446655,-16.156315051925034],[47.506277561187744,-16.155985288043098],[47.50694274902344,-16.155985288043098],[47.50730752944946,-16.155944067519187],[47.507500648498535,-16.155861626445613],[47.507500648498535,-16.155985288043098],[47.507758140563965,-16.155985288043098],[47.507758140563965,-16.156129559809102],[47.50829458236694,-16.155985288043098],[47.50857353210449,-16.155985288043098],[47.50868082046509,-16.156150170052783],[47.509732246398926,-16.155923457254005],[47.510526180267334,-16.155243317298428],[47.51112699508667,-16.15652115407204],[47.51140594482422,-16.15652115407204],[47.51140594482422,-16.156397492809617],[47.511534690856934,-16.156397492809617],[47.512757778167725,-16.155861626445613],[47.51312255859375,-16.15579979561788],[47.51365900039673,-16.155531861807646],[47.51370191574097,-16.155449420562263],[47.513980865478516,-16.155449420562263],[47.51419544219971,-16.155119655237044],[47.514238357543945,-16.154913551629605],[47.51443147659302,-16.154810499745324],[47.51464605331421,-16.154769278976588],[47.51492500305176,-16.15489294125703],[47.51565456390381,-16.154418902095486],[47.516276836395264,-16.154357070816744],[47.51653432846069,-16.15423340820128],[47.51666307449341,-16.153965472269206],[47.51692056655884,-16.153800588438315],[47.51730680465698,-16.153202883399217],[47.51795053482056,-16.152811282566773],[47.51816511154175,-16.152749450785535],[47.51915216445923,-16.15225479583981],[47.519516944885254,-16.152213574538507],[47.519516944885254,-16.152069299916278],[47.51940965652466,-16.151883803818833],[47.51936674118042,-16.151657086130186],[47.5199031829834,-16.151657086130186],[47.52011775970459,-16.15198685722777],[47.52065420150757,-16.15184258244021],[47.520718574523926,-16.151121206924216],[47.52084732055664,-16.151121206924216],[47.52084732055664,-16.150997542285936],[47.520997524261475,-16.150997542285936],[47.520997524261475,-16.15085326677692],[47.52112627029419,-16.15085326677692],[47.52112627029419,-16.150729601971165],[47.521255016326904,-16.150729601971165],[47.521255016326904,-16.150585326266736],[47.52140522003174,-16.150585326266736],[47.52140522003174,-16.15046166129352],[47.52153396606445,-16.15046166129352],[47.52153396606445,-16.15031738539372],[47.521770000457764,-16.149967000627655],[47.522478103637695,-16.149905167957456],[47.52260684967041,-16.149905167957456],[47.5229287147522,-16.149987611513424],[47.52314329147339,-16.15031738539372],[47.52310037612915,-16.150605937088116],[47.52288579940796,-16.150729601971165],[47.52260684967041,-16.151327314482913],[47.522478103637695,-16.151801361053018],[47.52234935760498,-16.151801361053018],[47.52234935760498,-16.152069299916278],[47.52194166183472,-16.152069299916278],[47.52185583114624,-16.15225479583981],[47.52179145812988,-16.152749450785535],[47.52161979675293,-16.152831893156232],[47.521255016326904,-16.1528731143287],[47.52140522003174,-16.15309983062373],[47.52215623855591,-16.153202883399217],[47.522478103637695,-16.15342959931631],[47.522478103637695,-16.153553262434272],[47.52258539199829,-16.153759367459116],[47.52288579940796,-16.153821198924703],[47.523014545440674,-16.15408913505219],[47.52329349517822,-16.15423340820128],[47.52329349517822,-16.154357070816744],[47.52342224121094,-16.154357070816744],[47.52342224121094,-16.154501343770406],[47.52355098724365,-16.154501343770406],[47.52355098724365,-16.154645616618836],[47.523701190948486,-16.154645616618836],[47.52378702163696,-16.155243317298428],[47.524237632751465,-16.15557308241746],[47.524709701538086,-16.156315051925034],[47.52490282058716,-16.156665425447144],[47.52490282058716,-16.156789086542048],[47.52436637878418,-16.157201289633264],[47.52408742904663,-16.156789086542048],[47.52408742904663,-16.156665425447144],[47.52363681793213,-16.15658298467426],[47.52355098724365,-16.156129559809102],[47.523508071899414,-16.156026508558398],[47.523207664489746,-16.15588223671722],[47.52314329147339,-16.15557308241746],[47.523014545440674,-16.15557308241746],[47.523014545440674,-16.155449420562263],[47.52288579940796,-16.155449420562263],[47.52288579940796,-16.15530514830013],[47.522757053375244,-16.15530514830013],[47.522757053375244,-16.1551814862774],[47.522521018981934,-16.155140265585985],[47.52217769622803,-16.154810499745324],[47.52194166183472,-16.154769278976588],[47.52153396606445,-16.154872330882327],[47.52112627029419,-16.154769278976588],[47.52112627029419,-16.154645616618836],[47.520997524261475,-16.154645616618836],[47.520997524261475,-16.15408913505219],[47.5208044052124,-16.15400669320546],[47.520718574523926,-16.153821198924703],[47.52058982849121,-16.153821198924703],[47.52058982849121,-16.153965472269206],[47.5199031829834,-16.153965472269206],[47.51955986022949,-16.15392425132437],[47.51936674118042,-16.153821198924703],[47.51816511154175,-16.153821198924703],[47.51816511154175,-16.15369753597423],[47.5178861618042,-16.153821198924703],[47.51767158508301,-16.154274629081698],[47.51760721206665,-16.154501343770406],[47.51728534698486,-16.154728058199268],[47.517220973968506,-16.155037213819824],[47.51707077026367,-16.155037213819824],[47.51707077026367,-16.15530514830013],[47.51694202423096,-16.15530514830013],[47.51694202423096,-16.155449420562263],[47.51666307449341,-16.15557308241746],[47.516233921051025,-16.155634913316078],[47.51612663269043,-16.155861626445613],[47.51612663269043,-16.155985288043098],[47.515997886657715,-16.155985288043098],[47.515997886657715,-16.156129559809102],[47.51569747924805,-16.156005898301828],[47.51518249511719,-16.156397492809617],[47.51410961151123,-16.156397492809617],[47.51410961151123,-16.15652115407204],[47.51361608505249,-16.15658298467426],[47.51314401626587,-16.156892137395403],[47.51303672790527,-16.157057018649056],[47.51312255859375,-16.15724250989514],[47.51316547393799,-16.157469221181827],[47.51262903213501,-16.158149353482543],[47.51181364059448,-16.158149353482543],[47.511770725250244,-16.15837606372962],[47.51168489456177,-16.158561553738465],[47.511255741119385,-16.158829483444052],[47.51039743423462,-16.158211183575702],[47.50971078872681,-16.158087523370043],[47.50932455062866,-16.15794325303237],[47.50838041305542,-16.157778372517583],[47.507779598236084,-16.157428000967215],[47.50696420669556,-16.157180679499106],[47.50621318817139,-16.15658298467426],[47.505998611450195,-16.15652115407204],[47.50586986541748,-16.15652115407204],[47.50586986541748,-16.156665425447144],[47.50511884689331,-16.157160069362803],[47.50486135482788,-16.157819592659166],[47.50479698181152,-16.15788142285544],[47.50456094741821,-16.15792264297555],[47.50365972518921,-16.15833484370404],[47.5029730796814,-16.157757762443566]],[[47.50438928604126,-16.180283290953952],[47.50445365905762,-16.179417764568967],[47.50490427017212,-16.176965419211143],[47.504518032073975,-16.176635689781875],[47.504518032073975,-16.17651204110399],[47.50511884689331,-16.176697514091785],[47.50614881515503,-16.17758366040738],[47.50614881515503,-16.17772791640803],[47.505998611450195,-16.17772791640803],[47.505998611450195,-16.17799582012971],[47.505290508270264,-16.17809885992591],[47.50514030456543,-16.179088039233974],[47.50546216964722,-16.17933533328683],[47.505290508270264,-16.179685665998278],[47.50554800033569,-16.18020086003311],[47.505741119384766,-16.180283290953952],[47.50595569610596,-16.18073666040347],[47.505998611450195,-16.18096334473789],[47.506234645843506,-16.181293066941592],[47.50668525695801,-16.181375497406478],[47.50668525695801,-16.18149914303929],[47.50681400299072,-16.18149914303929],[47.50681400299072,-16.181643396179723],[47.50762939453125,-16.181643396179723],[47.50816583633423,-16.18191129458947],[47.50816583633423,-16.182034939886776],[47.508037090301514,-16.182302837765263],[47.50784397125244,-16.18240587531406],[47.507758140563965,-16.182591342766372],[47.507221698760986,-16.182714987637794],[47.50715732574463,-16.182632557732106],[47.506728172302246,-16.18246769781753],[47.506277561187744,-16.182179192635743],[47.50619173049927,-16.181993724796286],[47.505998611450195,-16.18191129458947],[47.505741119384766,-16.18191129458947],[47.505741119384766,-16.181767041644775],[47.50561237335205,-16.181767041644775],[47.505505084991455,-16.181396105017313],[47.504990100860596,-16.181045775340422],[47.50464677810669,-16.18042754498262],[47.50438928604126,-16.180283290953952]],[[47.50464677810669,-16.131952265764085],[47.50479698181152,-16.131952265764085],[47.50479698181152,-16.131828589150956],[47.50535488128662,-16.131766750815444],[47.50546216964722,-16.13156062289096],[47.50561237335205,-16.13156062289096],[47.50561237335205,-16.13168429967139],[47.50586986541748,-16.13168429967139],[47.50586986541748,-16.132488196862013],[47.50520467758179,-16.132488196862013],[47.504990100860596,-16.13244697144441],[47.50464677810669,-16.131952265764085]],[[47.50546216964722,-16.160045467545288],[47.50556945800781,-16.15948900117273],[47.505998611450195,-16.15936534176616],[47.505998611450195,-16.158561553738465],[47.505741119384766,-16.158417283746616],[47.50561237335205,-16.158149353482543],[47.50582695007324,-16.157819592659166],[47.50614881515503,-16.157613491865334],[47.50636339187622,-16.15765471204128],[47.50681400299072,-16.15788142285544],[47.50694274902344,-16.158149353482543],[47.50681400299072,-16.158149353482543],[47.50681400299072,-16.1586852136477],[47.50655651092529,-16.1586852136477],[47.50655651092529,-16.159097412786622],[47.50640630722046,-16.159097412786622],[47.50636339187622,-16.15979814935082],[47.50595569610596,-16.15998363802568],[47.50586986541748,-16.16016912652651],[47.50561237335205,-16.16016912652651],[47.50561237335205,-16.160045467545288],[47.50546216964722,-16.160045467545288]],[[47.50586986541748,-16.13749702124342],[47.50586986541748,-16.136816817958547],[47.50640630722046,-16.136816817958547],[47.506728172302246,-16.13702294041282],[47.5073504447937,-16.137084777107262],[47.5073504447937,-16.137229062652537],[47.507758140563965,-16.137229062652537],[47.507758140563965,-16.138445179499612],[47.507500648498535,-16.138981093027382],[47.507221698760986,-16.138981093027382],[47.507028579711914,-16.1382184464166],[47.50694274902344,-16.1380329373374],[47.50614881515503,-16.137888652377853],[47.50595569610596,-16.137538245609846],[47.50586986541748,-16.13749702124342]],[[47.50614881515503,-16.17340019055787],[47.50614881515503,-16.17327653985467],[47.506277561187744,-16.17327653985467],[47.506277561187744,-16.17340019055787],[47.50614881515503,-16.17340019055787]],[[47.50621318817139,-16.131457558848297],[47.50640630722046,-16.131024689283535],[47.50681400299072,-16.130736109048215],[47.50681400299072,-16.130880399218427],[47.50694274902344,-16.130880399218427],[47.50711441040039,-16.131272043436354],[47.50659942626953,-16.13160184849302],[47.50621318817139,-16.131457558848297]],[[47.506277561187744,-16.13937272122655],[47.506277561187744,-16.13924904924734],[47.50640630722046,-16.13924904924734],[47.50640630722046,-16.138981093027382],[47.50694274902344,-16.138981093027382],[47.50694274902344,-16.139104765173954],[47.506771087646484,-16.13947578115021],[47.50668525695801,-16.13951700510465],[47.50668525695801,-16.13937272122655],[47.506277561187744,-16.13937272122655]],[[47.50717878341675,-16.163569718202098],[47.50737190246582,-16.163363623402006],[47.507500648498535,-16.163549108731758],[47.5073504447937,-16.163549108731758],[47.5073504447937,-16.163672765521568],[47.50717878341675,-16.163569718202098]],[[47.50816583633423,-16.200127533426723],[47.50816583633423,-16.199736025617412],[47.5084662437439,-16.19979784269161],[47.50857353210449,-16.200003899465642],[47.50833749771118,-16.200045110794605],[47.50816583633423,-16.200127533426723]],[[47.50829458236694,-16.182859239889922],[47.50829458236694,-16.182714987637794],[47.50870227813721,-16.182714987637794],[47.50870227813721,-16.182591342766372],[47.50910997390747,-16.182591342766372],[47.50919580459595,-16.182941669700952],[47.50964641571045,-16.18325078118582],[47.50964641571045,-16.183395033046466],[47.50979661941528,-16.183395033046466],[47.50979661941528,-16.183807180638965],[47.50964641571045,-16.183807180638965],[47.50964641571045,-16.18393082474894],[47.50941038131714,-16.183869002703645],[47.50906705856323,-16.18343624784444],[47.50829458236694,-16.182859239889922]],[[47.50885248184204,-16.15557308241746],[47.50885248184204,-16.15530514830013],[47.50932455062866,-16.154995993098353],[47.50960350036621,-16.15536697928249],[47.50964641571045,-16.15557308241746],[47.50885248184204,-16.15557308241746]],[[47.50906705856323,-16.185867905694835],[47.50938892364502,-16.185682441320722],[47.509517669677734,-16.185682441320722],[47.50964641571045,-16.185950334249625],[47.509238719940186,-16.186218226814944],[47.50906705856323,-16.185867905694835]],[[47.511277198791504,-16.15369753597423],[47.51140594482422,-16.1528731143287],[47.51157760620117,-16.152790671975183],[47.51209259033203,-16.152749450785535],[47.51209259033203,-16.152605176554133],[47.512221336364746,-16.152605176554133],[47.51230716705322,-16.1524402915894],[47.51235008239746,-16.152213574538507],[47.512478828430176,-16.152213574538507],[47.512478828430176,-16.15153342182687],[47.51262903213501,-16.15153342182687],[47.51262903213501,-16.151389146708638],[47.51292943954468,-16.15145097891505],[47.51383066177368,-16.150997542285936],[47.513980865478516,-16.150585326266736],[47.513980865478516,-16.15017310938873],[47.51410961151123,-16.15017310938873],[47.51410961151123,-16.150049444157844],[47.514216899871826,-16.149843335267946],[47.514517307281494,-16.149781502559108],[47.51492500305176,-16.149781502559108],[47.51481771469116,-16.149596004316663],[47.514774799346924,-16.1491013414866],[47.515010833740234,-16.148771565579523],[47.515461444854736,-16.148689121516895],[47.51556873321533,-16.148544844324604],[47.515997886657715,-16.148421178076077],[47.51608371734619,-16.14825628962447],[47.516276836395264,-16.148153234272442],[47.51638412475586,-16.148338733867448],[47.51681327819824,-16.148153234272442],[47.51707077026367,-16.148153234272442],[47.51707077026367,-16.148297511750258],[47.51685619354248,-16.148627288447372],[47.51681327819824,-16.14883339860397],[47.516491413116455,-16.1489158426065],[47.516276836395264,-16.1492456182731],[47.51616954803467,-16.1492868401928],[47.51606225967407,-16.14980211346419],[47.51567602157593,-16.15000822239702],[47.515504360198975,-16.150358607090112],[47.51533269882202,-16.15046166129352],[47.51533269882202,-16.150585326266736],[47.51505374908447,-16.150585326266736],[47.514731884002686,-16.150812045183585],[47.514517307281494,-16.15085326677692],[47.51443147659302,-16.151038763840603],[47.514238357543945,-16.151121206924216],[47.51419544219971,-16.151347925226958],[47.51410961151123,-16.15153342182687],[47.51410961151123,-16.152069299916278],[47.51357316970825,-16.152069299916278],[47.51357316970825,-16.152213574538507],[47.513766288757324,-16.152728840187493],[47.51316547393799,-16.153553262434272],[47.51288652420044,-16.153553262434272],[47.51288652420044,-16.15369753597423],[47.512757778167725,-16.15369753597423],[47.512757778167725,-16.153821198924703],[47.51262903213501,-16.153821198924703],[47.51262903213501,-16.15408913505219],[47.512478828430176,-16.15408913505219],[47.5118350982666,-16.154418902095486],[47.51134157180786,-16.153986082738413],[47.511277198791504,-16.15369753597423]],[[47.51132011413574,-16.132302682415272],[47.51241445541382,-16.132694323821283],[47.512478828430176,-16.13290045056604],[47.51134157180786,-16.132817999893888],[47.51132011413574,-16.132302682415272]],[[47.51162052154541,-16.159963028181508],[47.51209259033203,-16.15942717147911],[47.512757778167725,-16.16016912652651],[47.5128436088562,-16.160354614853347],[47.51288652420044,-16.16097290801939],[47.5123929977417,-16.161158395592167],[47.51215696334839,-16.16064315190478],[47.51162052154541,-16.159963028181508]],[[47.512221336364746,-16.185558798307838],[47.512221336364746,-16.18514665437226],[47.51262903213501,-16.18514665437226],[47.51305818557739,-16.18524969043682],[47.51361608505249,-16.185496976772356],[47.51383066177368,-16.185558798307838],[47.513980865478516,-16.185558798307838],[47.513980865478516,-16.185826691404543],[47.51383066177368,-16.185826691404543],[47.51383066177368,-16.186094584137663],[47.513744831085205,-16.18628004812453],[47.51357316970825,-16.186362476507213],[47.513487339019775,-16.186300655223434],[47.51262903213501,-16.186094584137663],[47.51230716705322,-16.185600012654078],[47.512221336364746,-16.185558798307838]],[[47.512221336364746,-16.13411659399391],[47.512221336364746,-16.133704342821034],[47.512478828430176,-16.13384863082915],[47.51235008239746,-16.13411659399391],[47.512221336364746,-16.13411659399391]],[[47.51288652420044,-16.164888719834593],[47.51288652420044,-16.164497142143546],[47.51307964324951,-16.164332267094167],[47.51316547393799,-16.163672765521568],[47.5132942199707,-16.163672765521568],[47.5132942199707,-16.16381703167859],[47.51342296600342,-16.16381703167859],[47.51342296600342,-16.163672765521568],[47.513980865478516,-16.163672765521568],[47.51408815383911,-16.163837641120992],[47.51464605331421,-16.1642292201185],[47.51488208770752,-16.164682626409657],[47.51492500305176,-16.164888719834593],[47.514774799346924,-16.16517725026847],[47.51492500305176,-16.16517725026847],[47.51492500305176,-16.16556882661223],[47.51464605331421,-16.16556882661223],[47.51456022262573,-16.165754309872725],[47.514517307281494,-16.16610466666762],[47.514517307281494,-16.166929033147],[47.51464605331421,-16.166929033147],[47.51464605331421,-16.16705268782232],[47.514774799346924,-16.16705268782232],[47.514710426330566,-16.16762974195096],[47.51436710357666,-16.167877050347442],[47.51436710357666,-16.16800070442963],[47.513980865478516,-16.16800070442963],[47.513980865478516,-16.16773278715378],[47.51383066177368,-16.167196951512437],[47.51383066177368,-16.166929033147],[47.51378774642944,-16.166702332707928],[47.51370191574097,-16.166516850337104],[47.51370191574097,-16.166248931049722],[47.51389503479004,-16.166084057461575],[47.513980865478516,-16.165300906039775],[47.51391649246216,-16.16495054782017],[47.51383066177368,-16.16476506380542],[47.51357316970825,-16.164909329165255],[47.51342296600342,-16.16517725026847],[47.51316547393799,-16.165300906039775],[47.51288652420044,-16.164888719834593]],[[47.51357316970825,-16.169628809295673],[47.51361608505249,-16.16898993430172],[47.51389503479004,-16.168598364736127],[47.513980865478516,-16.168536537891697],[47.51432418823242,-16.168598364736127],[47.51443147659302,-16.16956698277363],[47.51490354537964,-16.170350117290198],[47.51518249511719,-16.17057681354467],[47.515225410461426,-16.17092716178999],[47.5154185295105,-16.17129811807854],[47.515461444854736,-16.171772116767045],[47.514517307281494,-16.171648465044896],[47.51436710357666,-16.171380552714737],[47.51410961151123,-16.171236292078817],[47.51410961151123,-16.17057681354467],[47.513980865478516,-16.17057681354467],[47.51391649246216,-16.170350117290198],[47.51357316970825,-16.169628809295673]],[[47.51357316970825,-16.158561553738465],[47.51357316970825,-16.158417283746616],[47.513980865478516,-16.158417283746616],[47.513980865478516,-16.158561553738465],[47.51357316970825,-16.158561553738465]],[[47.51383066177368,-16.16070498121816],[47.51383066177368,-16.160437054053872],[47.51410961151123,-16.16031339524021],[47.51436710357666,-16.16031339524021],[47.51436710357666,-16.16097290801939],[47.51419544219971,-16.1608904690423],[47.513980865478516,-16.160849249540874],[47.513980865478516,-16.16070498121816],[47.51383066177368,-16.16070498121816]],[[47.51436710357666,-16.161117176146604],[47.51464605331421,-16.161117176146604],[47.51464605331421,-16.161529370215675],[47.51443147659302,-16.161426321778976],[47.51436710357666,-16.161117176146604]],[[47.51559019088745,-16.172864370285083],[47.51567602157593,-16.17232854855908],[47.51659870147705,-16.172101854314448],[47.51666307449341,-16.17206063715112],[47.51655578613281,-16.173173497542905],[47.51666307449341,-16.17327653985467],[47.51666307449341,-16.17354444961377],[47.51659870147705,-16.173482624317003],[47.51569747924805,-16.17325593139661],[47.51559019088745,-16.172864370285083]],[[47.51580476760864,-16.16328118542181],[47.515997886657715,-16.163136918873732],[47.515997886657715,-16.16328118542181],[47.516276836395264,-16.16328118542181],[47.51619100570679,-16.163610937136326],[47.51580476760864,-16.16328118542181]],[[47.515997886657715,-16.185682441320722],[47.51612663269043,-16.185414548028263],[47.516276836395264,-16.185414548028263],[47.516276836395264,-16.185682441320722],[47.515997886657715,-16.185682441320722]],[[47.516276836395264,-16.168268621342264],[47.51634120941162,-16.167794614249658],[47.517478466033936,-16.16773278715378],[47.51760721206665,-16.16800070442963],[47.51713514328003,-16.168186185407833],[47.51707077026367,-16.168268621342264],[47.51666307449341,-16.168268621342264],[47.51666307449341,-16.168412884144786],[47.51653432846069,-16.168412884144786],[47.516276836395264,-16.168268621342264]],[[47.51640558242798,-16.175976229271967],[47.51662015914917,-16.175522848894232],[47.51666307449341,-16.175151900538438],[47.51685619354248,-16.175007642656382],[47.516469955444336,-16.17434817671112],[47.51694202423096,-16.174203918242128],[47.517027854919434,-16.17457486837813],[47.51760721206665,-16.17488399295935],[47.51784324645996,-16.175605281767588],[47.51816511154175,-16.17583197199194],[47.51816511154175,-16.176635689781875],[47.5178861618042,-16.176635689781875],[47.5178861618042,-16.17677994647491],[47.51739263534546,-16.176738730287653],[47.517220973968506,-16.176635689781875],[47.51713514328003,-16.17630595980215],[47.51653432846069,-16.17624413536967],[47.51640558242798,-16.175976229271967]],[[47.51689910888672,-16.14734940068469],[47.517220973968506,-16.146669231252417],[47.51790761947632,-16.14654556383175],[47.518014907836914,-16.14613333853808],[47.51842260360718,-16.14586539163676],[47.51842260360718,-16.145453164926366],[47.51883029937744,-16.145618055713555],[47.51915216445923,-16.145082160152896],[47.518959045410156,-16.14491726891923],[47.51906633377075,-16.144731766117175],[47.51915216445923,-16.144010364678607],[47.51932382583618,-16.14378363796918],[47.51943111419678,-16.143000398247494],[47.51964569091797,-16.14289734015867],[47.52013921737671,-16.14285611690812],[47.52031087875366,-16.142753058744162],[47.52058982849121,-16.142753058744162],[47.52058982849121,-16.14289734015867],[47.520461082458496,-16.14343324163471],[47.52005338668823,-16.14370119182864],[47.51958131790161,-16.143824861026573],[47.5197958946228,-16.14427831409128],[47.52018213272095,-16.144113422187957],[47.5203537940979,-16.1441958681568],[47.52140522003174,-16.144237091128332],[47.52161979675293,-16.14427831409128],[47.52179145812988,-16.144381371461122],[47.522456645965576,-16.14448442877729],[47.5229287147522,-16.14442259439403],[47.523014545440674,-16.143845472552044],[47.523014545440674,-16.14343324163471],[47.5238299369812,-16.142753058744162],[47.5238299369812,-16.14289734015867],[47.523958683013916,-16.14289734015867],[47.5238299369812,-16.143845472552044],[47.52355098724365,-16.144381371461122],[47.52355098724365,-16.144649320371542],[47.523701190948486,-16.144649320371542],[47.52359390258789,-16.14483482325089],[47.52355098724365,-16.14518521710417],[47.52329349517822,-16.14518521710417],[47.522478103637695,-16.145061548756203],[47.52153396606445,-16.14518521710417],[47.5213623046875,-16.145267662626566],[47.52112627029419,-16.145329496745816],[47.52112627029419,-16.14518521710417],[47.520718574523926,-16.14518521710417],[47.52041816711426,-16.145247051249186],[47.52031087875366,-16.145453164926366],[47.519516944885254,-16.14613333853808],[47.51917362213135,-16.14633945129225],[47.518959045410156,-16.146401285076635],[47.518959045410156,-16.14654556383175],[47.51883029937744,-16.14654556383175],[47.51883029937744,-16.146669231252417],[47.51855134963989,-16.146669231252417],[47.51829385757446,-16.1472051225156],[47.518014907836914,-16.14734940068469],[47.517478466033936,-16.14734940068469],[47.51730680465698,-16.14743184530549],[47.51707077026367,-16.147473067603016],[47.51689910888672,-16.14734940068469]],[[47.51734972000122,-16.196748177265135],[47.51734972000122,-16.196624541185756],[47.51760721206665,-16.196624541185756],[47.51760721206665,-16.196748177265135],[47.51734972000122,-16.196748177265135]],[[47.51760721206665,-16.19689241925984],[47.51760721206665,-16.196748177265135],[47.517757415771484,-16.196748177265135],[47.517757415771484,-16.19689241925984],[47.51760721206665,-16.19689241925984]],[[47.51760721206665,-16.15557308241746],[47.51760721206665,-16.155449420562263],[47.517757415771484,-16.155449420562263],[47.517757415771484,-16.15530514830013],[47.51792907714844,-16.15540819992667],[47.51816511154175,-16.155449420562263],[47.51805782318115,-16.155634913316078],[47.518014907836914,-16.155861626445613],[47.517757415771484,-16.155861626445613],[47.51760721206665,-16.15557308241746]],[[47.517757415771484,-16.168412884144786],[47.51780033111572,-16.168309839296597],[47.51816511154175,-16.168144967427722],[47.518959045410156,-16.168144967427722],[47.51908779144287,-16.16828923032051],[47.519774436950684,-16.16868080049862],[47.52005338668823,-16.16868080049862],[47.52005338668823,-16.168804454077915],[47.52033233642578,-16.169546373928654],[47.5208044052124,-16.169422720813643],[47.52112627029419,-16.169216632116658],[47.523014545440674,-16.169216632116658],[47.52310037612915,-16.16952576508153],[47.52342224121094,-16.169752462281735],[47.523508071899414,-16.1700822031996],[47.52355098724365,-16.17057681354467],[47.523701190948486,-16.17057681354467],[47.523701190948486,-16.170844726964617],[47.5238299369812,-16.170844726964617],[47.523765563964844,-16.17142177001996],[47.52342224121094,-16.171504204604574],[47.52333641052246,-16.171339335400944],[47.52314329147339,-16.171236292078817],[47.52284288406372,-16.17061803101754],[47.522757053375244,-16.17057681354467],[47.522499561309814,-16.170247073452188],[47.52179145812988,-16.17016463834308],[47.52140522003174,-16.17016463834308],[47.52089023590088,-16.17004098561496],[47.52058982849121,-16.17016463834308],[47.52033233642578,-16.169834897562794],[47.52018213272095,-16.17002037681941],[47.51964569091797,-16.17002037681941],[47.51958131790161,-16.16944332967151],[47.519237995147705,-16.169216632116658],[47.51913070678711,-16.16901054320475],[47.51883029937744,-16.168948716489254],[47.518744468688965,-16.168825063000256],[47.51816511154175,-16.16868080049862],[47.51812219619751,-16.168577755790125],[47.517757415771484,-16.168412884144786]],[[47.51842260360718,-16.17758366040738],[47.51842260360718,-16.177460012322953],[47.51855134963989,-16.177460012322953],[47.51855134963989,-16.17758366040738],[47.51842260360718,-16.17758366040738]],[[47.518959045410156,-16.172452199855613],[47.51910924911499,-16.172452199855613],[47.51910924911499,-16.172184288615327],[47.519237995147705,-16.171916377011755],[47.51936674118042,-16.171916377011755],[47.51960277557373,-16.172246114318412],[47.5199031829834,-16.17232854855908],[47.52063274383545,-16.17267889369822],[47.52112627029419,-16.172720110732584],[47.52112627029419,-16.172864370285083],[47.521255016326904,-16.172864370285083],[47.52144813537598,-16.172946804267795],[47.52153396606445,-16.17313228060314],[47.52153396606445,-16.17327653985467],[47.52140522003174,-16.17327653985467],[47.521255016326904,-16.17354444961377],[47.52084732055664,-16.173812359009546],[47.52058982849121,-16.173812359009546],[47.5203537940979,-16.173853575807428],[47.52018213272095,-16.17393600937737],[47.52018213272095,-16.173812359009546],[47.52005338668823,-16.173812359009546],[47.51994609832764,-16.173606274891185],[47.51964569091797,-16.17354444961377],[47.51960277557373,-16.173317756764348],[47.519516944885254,-16.17313228060314],[47.519516944885254,-16.172988021246255],[47.51936674118042,-16.172988021246255],[47.518959045410156,-16.172452199855613]],[[47.52179145812988,-16.17583197199194],[47.52179145812988,-16.175296158315135],[47.52213478088379,-16.175007642656382],[47.52194166183472,-16.174471826743556],[47.52194166183472,-16.174203918242128],[47.522242069244385,-16.17414209315173],[47.52234935760498,-16.17393600937737],[47.52234935760498,-16.173812359009546],[47.52260684967041,-16.173812359009546],[47.5229287147522,-16.174018442912924],[47.52314329147339,-16.17408026804199],[47.52314329147339,-16.174203918242128],[47.52355098724365,-16.174203918242128],[47.52387285232544,-16.174430610074666],[47.524237632751465,-16.174471826743556],[47.52458095550537,-16.17494581781753],[47.52464532852173,-16.175151900538438],[47.52464532852173,-16.175296158315135],[47.52408742904663,-16.175296158315135],[47.52404451370239,-16.175213725312773],[47.523744106292725,-16.175110684011457],[47.52342224121094,-16.17488399295935],[47.52288579940796,-16.174760343184914],[47.52279996871948,-16.17494581781753],[47.52260684967041,-16.17583197199194],[47.52179145812988,-16.17583197199194]],[[47.52219915390015,-16.17677994647491],[47.52219915390015,-16.17624413536967],[47.52260684967041,-16.17624413536967],[47.522950172424316,-16.176450216736],[47.52331495285034,-16.176615081674257],[47.5243878364563,-16.17844919483082],[47.52518177032471,-16.178531626482823],[47.52518177032471,-16.178387371069235],[47.52558946609497,-16.178387371069235],[47.52558946609497,-16.178531626482823],[47.525718212127686,-16.178531626482823],[47.525718212127686,-16.178675881791065],[47.5258469581604,-16.178675881791065],[47.5258469581604,-16.178531626482823],[47.52612590789795,-16.178531626482823],[47.525997161865234,-16.179211686299112],[47.5258469581604,-16.179211686299112],[47.52531051635742,-16.17933533328683],[47.52503156661987,-16.17933533328683],[47.524473667144775,-16.179149862776228],[47.52436637878418,-16.179747489353417],[47.52419471740723,-16.17982992046352],[47.52408742904663,-16.180015390335413],[47.52387285232544,-16.179953567064132],[47.5233793258667,-16.179747489353417],[47.523744106292725,-16.178881960620046],[47.52342224121094,-16.178675881791065],[47.52352952957153,-16.17797521216403],[47.52329349517822,-16.17758366040738],[47.52329349517822,-16.177460012322953],[47.52314329147339,-16.177460012322953],[47.52314329147339,-16.177315756126617],[47.523014545440674,-16.177315756126617],[47.523014545440674,-16.177192107874475],[47.52288579940796,-16.177192107874475],[47.522242069244385,-16.176862378823643],[47.52219915390015,-16.17677994647491]],[[47.52314329147339,-16.182034939886776],[47.523250579833984,-16.18184947191179],[47.52385139465332,-16.182076154968655],[47.52408742904663,-16.182591342766372],[47.52391576766968,-16.182673772689256],[47.5238299369812,-16.182859239889922],[47.523508071899414,-16.182632557732106],[47.52329349517822,-16.182302837765263],[47.52329349517822,-16.182034939886776],[47.52314329147339,-16.182034939886776]],[[47.523765563964844,-16.17630595980215],[47.52419471740723,-16.17605866195612],[47.52455949783325,-16.1763471760797],[47.52436637878418,-16.17677994647491],[47.52404451370239,-16.176697514091785],[47.523765563964844,-16.17630595980215]],[[47.523958683013916,-16.14248510726678],[47.523958683013916,-16.142361437231813],[47.52404451370239,-16.142175932034505],[47.52408742904663,-16.141949203223945],[47.52458095550537,-16.14161941539956],[47.52503156661987,-16.14180492111838],[47.524988651275635,-16.142031650094182],[47.52464532852173,-16.14248510726678],[47.524495124816895,-16.14248510726678],[47.524495124816895,-16.1426293888766],[47.52436637878418,-16.1426293888766],[47.52419471740723,-16.142526330594606],[47.523958683013916,-16.14248510726678]],[[47.524237632751465,-16.15975692962168],[47.52436637878418,-16.15975692962168],[47.52453804016113,-16.159859978928438],[47.52477407455444,-16.15990119863612],[47.52477407455444,-16.16031339524021],[47.524495124816895,-16.16031339524021],[47.5242805480957,-16.16018973634921],[47.524237632751465,-16.15975692962168]],[[47.52436637878418,-16.158417283746616],[47.52440929412842,-16.15792264297555],[47.524495124816895,-16.157737152367403],[47.52479553222656,-16.157798982589455],[47.52490282058716,-16.158005083189977],[47.52477407455444,-16.158273013649534],[47.52464532852173,-16.158273013649534],[47.52464532852173,-16.158417283746616],[47.52436637878418,-16.158417283746616]],[[47.52477407455444,-16.16165302826883],[47.52558946609497,-16.161529370215675],[47.52558946609497,-16.161797295899774],[47.525718212127686,-16.161797295899774],[47.52561092376709,-16.161962173063344],[47.52503156661987,-16.162333146178653],[47.52492427825928,-16.162250707768735],[47.52477407455444,-16.16165302826883]],[[47.52503156661987,-16.18096334473789],[47.52503156661987,-16.18055119120902],[47.52518177032471,-16.18055119120902],[47.52518177032471,-16.180159644559794],[47.52558946609497,-16.180159644559794],[47.52558946609497,-16.180015390335413],[47.5258469581604,-16.180015390335413],[47.52612590789795,-16.17962384262377],[47.52666234970093,-16.179747489353417],[47.52683401107788,-16.179665058208926],[47.52694129943848,-16.17947958800798],[47.52707004547119,-16.17947958800798],[47.52707004547119,-16.179603234827965],[47.527198791503906,-16.179603234827965],[47.527198791503906,-16.179747489353417],[47.52732753753662,-16.179747489353417],[47.52732753753662,-16.179603234827965],[47.52760648727417,-16.179747489353417],[47.52756357192993,-16.180097821333675],[47.527477741241455,-16.180283290953952],[47.527263164520264,-16.180180252297518],[47.527198791503906,-16.179891743773496],[47.52653360366821,-16.179891743773496],[47.52653360366821,-16.180159644559794],[47.526254653930664,-16.180159644559794],[47.526211738586426,-16.18071605272381],[47.525997161865234,-16.180819091100645],[47.5258469581604,-16.180819091100645],[47.5258469581604,-16.18096334473789],[47.52558946609497,-16.1810869906288],[47.525224685668945,-16.181045775340422],[47.52503156661987,-16.18096334473789]],[[47.52503156661987,-16.16070498121816],[47.52503156661987,-16.16058132257207],[47.52531051635742,-16.16058132257207],[47.52531051635742,-16.16070498121816],[47.52503156661987,-16.16070498121816]],[[47.52531051635742,-16.18149914303929],[47.52531051635742,-16.181375497406478],[47.52558946609497,-16.181375497406478],[47.52558946609497,-16.18149914303929],[47.52531051635742,-16.18149914303929]],[[47.52531051635742,-16.15922107236075],[47.52531051635742,-16.15895314318574],[47.52554655075073,-16.158911923280428],[47.525718212127686,-16.158829483444052],[47.52563238143921,-16.159138632653253],[47.52531051635742,-16.15922107236075]],[[47.52554655075073,-16.14213470863372],[47.525696754455566,-16.141866756319345],[47.525997161865234,-16.14180492111838],[47.52593278884888,-16.1421140969301],[47.525718212127686,-16.142217155426692],[47.52554655075073,-16.14213470863372]],[[47.52558946609497,-16.16286899500514],[47.525718212127686,-16.16286899500514],[47.525718212127686,-16.162601070773434],[47.5258469581604,-16.162601070773434],[47.5258469581604,-16.162456803729043],[47.526254653930664,-16.162456803729043],[47.526984214782715,-16.162827775916213],[47.52732753753662,-16.16286899500514],[47.52739191055298,-16.162951433157232],[47.52792835235596,-16.163363623402006],[47.528014183044434,-16.16381703167859],[47.52756357192993,-16.163590327670292],[47.52711296081543,-16.163507889784626],[47.52666234970093,-16.16328118542181],[47.52661943435669,-16.1631781378982],[47.526211738586426,-16.163095699840667],[47.5258469581604,-16.16328118542181],[47.52563238143921,-16.1631781378982],[47.52558946609497,-16.16286899500514]],[[47.52565383911133,-16.194955446529463],[47.525696754455566,-16.194811203118434],[47.525761127471924,-16.194873021736072],[47.52565383911133,-16.194955446529463]],[[47.526469230651855,-16.19367785836215],[47.52707004547119,-16.193121486735606],[47.52760648727417,-16.192894816363903],[47.52760648727417,-16.193121486735606],[47.52732753753662,-16.193121486735606],[47.52732753753662,-16.193245125010435],[47.52713441848755,-16.193348156846938],[47.52707004547119,-16.19365725203359],[47.52687692642212,-16.193739677334904],[47.52653360366821,-16.193780889972658],[47.526469230651855,-16.19367785836215]],[[47.52653360366821,-16.169752462281735],[47.52679109573364,-16.169216632116658],[47.52713441848755,-16.16907236990089],[47.52767086029053,-16.16944332967151],[47.527499198913574,-16.17002037681941],[47.52681255340576,-16.170185247123584],[47.52653360366821,-16.169752462281735]],[[47.52687692642212,-16.147926512309056],[47.52732753753662,-16.1472051225156],[47.52732753753662,-16.14681350981219],[47.52752065658569,-16.14693717706541],[47.527949810028076,-16.14741123415351],[47.528507709503174,-16.147802845674093],[47.52880811691284,-16.14745245645534],[47.529451847076416,-16.147019621857964],[47.529494762420654,-16.14693717706541],[47.53003120422363,-16.14681350981219],[47.53003120422363,-16.146401285076635],[47.53026723861694,-16.146360062555857],[47.5304388999939,-16.14625700621636],[47.53084659576416,-16.14625700621636],[47.531232833862305,-16.145803557684943],[47.53151178359985,-16.14613333853808],[47.5317907333374,-16.14613333853808],[47.5317907333374,-16.145989059482446],[47.53191947937012,-16.145989059482446],[47.53215551376343,-16.145679889723326],[47.532477378845215,-16.145597444372683],[47.53256320953369,-16.14539133084574],[47.53286361694336,-16.145329496745816],[47.532992362976074,-16.14516460571822],[47.53355026245117,-16.144772988977095],[47.53355026245117,-16.144649320371542],[47.53367900848389,-16.144649320371542],[47.53387212753296,-16.144566874591604],[47.53417253494263,-16.144010364678607],[47.53316402435303,-16.143886695596578],[47.533228397369385,-16.14343324163471],[47.534000873565674,-16.143206514264207],[47.534193992614746,-16.142320213869652],[47.534494400024414,-16.142072873516426],[47.53462314605713,-16.141866756319345],[47.53528833389282,-16.141557580121315],[47.53601789474487,-16.14180492111838],[47.53610372543335,-16.141949203223945],[47.536253929138184,-16.141949203223945],[47.53653287887573,-16.142546942255294],[47.53601789474487,-16.14330957219208],[47.53610372543335,-16.14370119182864],[47.53606081008911,-16.14390730711561],[47.53584623336792,-16.144237091128332],[47.53515958786011,-16.144237091128332],[47.53515958786011,-16.144381371461122],[47.535481452941895,-16.14460809748587],[47.53556728363037,-16.14491726891923],[47.53588914871216,-16.14499971455325],[47.535696029663086,-16.145247051249186],[47.53556728363037,-16.145061548756203],[47.535438537597656,-16.145061548756203],[47.535438537597656,-16.145329496745816],[47.53490209579468,-16.145329496745816],[47.534687519073486,-16.145618055713555],[47.53389358520508,-16.145803557684943],[47.5338077545166,-16.14586539163676],[47.533721923828125,-16.146050893376312],[47.53367900848389,-16.14654556383175],[47.534000873565674,-16.1472051225156],[47.53352880477905,-16.147390622999396],[47.53286361694336,-16.147081455429827],[47.532477378845215,-16.147081455429827],[47.532477378845215,-16.14693717706541],[47.532198429107666,-16.14693717706541],[47.532198429107666,-16.14681350981219],[47.53206968307495,-16.14681350981219],[47.53206968307495,-16.146669231252417],[47.531447410583496,-16.146999010663038],[47.53091096878052,-16.147390622999396],[47.53084659576416,-16.147473067603016],[47.5304388999939,-16.147473067603016],[47.5304388999939,-16.14802956777916],[47.530717849731445,-16.14802956777916],[47.530717849731445,-16.148153234272442],[47.53142595291138,-16.1482150674901],[47.53151178359985,-16.148565455358522],[47.53138303756714,-16.1491013414866],[47.53112554550171,-16.1492456182731],[47.5307822227478,-16.149142563436342],[47.53011703491211,-16.148070789952186],[47.52990245819092,-16.147885290106004],[47.52990245819092,-16.148297511750258],[47.52938747406006,-16.148173845347145],[47.52908706665039,-16.148297511750258],[47.52840042114258,-16.148379955976054],[47.52788543701172,-16.148297511750258],[47.527971267700195,-16.14848301121002],[47.528014183044434,-16.148689121516895],[47.527949810028076,-16.14926622923403],[47.527735233306885,-16.149369284006383],[47.527241706848145,-16.149328062103876],[47.52707004547119,-16.1492456182731],[47.52694129943848,-16.148957064594896],[47.52711296081543,-16.148606677419906],[47.52687692642212,-16.147926512309056]],[[47.527477741241455,-16.1810869906288],[47.527477741241455,-16.180819091100645],[47.527735233306885,-16.18096334473789],[47.527735233306885,-16.1810869906288],[47.527477741241455,-16.1810869906288]],[[47.52782106399536,-16.161529370215675],[47.527992725372314,-16.161199615029176],[47.52827167510986,-16.161117176146604],[47.52827167510986,-16.16165302826883],[47.52782106399536,-16.161529370215675]],[[47.52882957458496,-16.181375497406478],[47.52882957458496,-16.18096334473789],[47.529494762420654,-16.18096334473789],[47.5294303894043,-16.181416712626017],[47.52908706665039,-16.18149914303929],[47.52908706665039,-16.181375497406478],[47.52882957458496,-16.181375497406478]],[[47.52936601638794,-16.177460012322953],[47.52953767776489,-16.17735697219348],[47.5297737121582,-16.177315756126617],[47.529945373535156,-16.177398188251715],[47.53067493438721,-16.177501228359688],[47.530717849731445,-16.17758366040738],[47.530717849731445,-16.178263723487987],[47.53011703491211,-16.178181291724144],[47.5294303894043,-16.17766609242065],[47.52936601638794,-16.177460012322953]],[[47.53018140792847,-16.181375497406478],[47.53018140792847,-16.18096334473789],[47.53056764602661,-16.18096334473789],[47.53056764602661,-16.1810869906288],[47.530717849731445,-16.1810869906288],[47.530717849731445,-16.181375497406478],[47.53018140792847,-16.181375497406478]],[[47.530996799468994,-16.19130811647065],[47.53112554550171,-16.190813558051573],[47.53138303756714,-16.190813558051573],[47.53206968307495,-16.190957804385164],[47.531962394714355,-16.191143263802005],[47.53187656402588,-16.19157600176345],[47.5317907333374,-16.191617214853125],[47.531254291534424,-16.191493575558255],[47.530996799468994,-16.19130811647065]],[[47.53166198730469,-16.149905167957456],[47.53191947937012,-16.149905167957456],[47.53191947937012,-16.150049444157844],[47.53217697143555,-16.150523493789805],[47.532477378845215,-16.150585326266736],[47.532477378845215,-16.150729601971165],[47.532198429107666,-16.151059374614746],[47.531726360321045,-16.150523493789805],[47.53166198730469,-16.149905167957456]],[[47.53191947937012,-16.13628089857336],[47.53191947937012,-16.13613661233724],[47.532477378845215,-16.13613661233724],[47.532477378845215,-16.13628089857336],[47.53191947937012,-16.13628089857336]],[[47.53260612487793,-16.175151900538438],[47.53260612487793,-16.174760343184914],[47.532734870910645,-16.174760343184914],[47.5329065322876,-16.17502825093169],[47.533485889434814,-16.174842776376465],[47.534000873565674,-16.174430610074666],[47.534451484680176,-16.17453365173074],[47.534494400024414,-16.174616085016908],[47.534494400024414,-16.174760343184914],[47.534215450286865,-16.174760343184914],[47.534215450286865,-16.17488399295935],[47.5338077545166,-16.17488399295935],[47.5338077545166,-16.17502825093169],[47.53355026245117,-16.17502825093169],[47.53355026245117,-16.175151900538438],[47.53260612487793,-16.175151900538438]],[[47.534215450286865,-16.140197199113757],[47.534215450286865,-16.14005291573133],[47.534751892089844,-16.14005291573133],[47.534751892089844,-16.140197199113757],[47.534494400024414,-16.140197199113757],[47.534494400024414,-16.140320870500716],[47.5343656539917,-16.140320870500716],[47.5343656539917,-16.140197199113757],[47.534215450286865,-16.140197199113757]],[[47.534494400024414,-16.175419807754167],[47.534494400024414,-16.175296158315135],[47.53462314605713,-16.175296158315135],[47.53462314605713,-16.175419807754167],[47.534494400024414,-16.175419807754167]],[[47.534494400024414,-16.161797295899774],[47.534494400024414,-16.16165302826883],[47.53462314605713,-16.16165302826883],[47.53462314605713,-16.161797295899774],[47.534494400024414,-16.161797295899774]],[[47.53490209579468,-16.15975692962168],[47.53490209579468,-16.159633270382656],[47.53511667251587,-16.15967449013759],[47.53530979156494,-16.15975692962168],[47.53530979156494,-16.15990119863612],[47.53503084182739,-16.15990119863612],[47.53503084182739,-16.15975692962168],[47.53490209579468,-16.15975692962168]],[[47.53515958786011,-16.188649850394924],[47.53515958786011,-16.188381961129963],[47.535438537597656,-16.188381961129963],[47.535438537597656,-16.188794098310083],[47.53530979156494,-16.188794098310083],[47.53530979156494,-16.188649850394924],[47.53515958786011,-16.188649850394924]],[[47.53515958786011,-16.188258319808085],[47.53515958786011,-16.188114071501346],[47.53530979156494,-16.188114071501346],[47.53530979156494,-16.188258319808085],[47.53515958786011,-16.188258319808085]],[[47.53515958786011,-16.187042509350874],[47.53515958786011,-16.18663036851318],[47.53530979156494,-16.18663036851318],[47.53530979156494,-16.186506726094066],[47.53584623336792,-16.186506726094066],[47.53584623336792,-16.186774617904263],[47.535974979400635,-16.186774617904263],[47.535974979400635,-16.186898260155573],[47.535717487335205,-16.187042509350874],[47.53515958786011,-16.187042509350874]],[[47.53651142120361,-16.145061548756203],[47.537198066711426,-16.145061548756203],[47.537240982055664,-16.1451439943301],[47.53760576248169,-16.145329496745816],[47.537734508514404,-16.145906614260582],[47.53704786300659,-16.145989059482446],[47.53704786300659,-16.14586539163676],[47.53691911697388,-16.14586539163676],[47.53657579421997,-16.145618055713555],[47.53651142120361,-16.145061548756203]],[[47.53691911697388,-16.1642292201185],[47.53691911697388,-16.16408495426228],[47.537455558776855,-16.163755203338468],[47.53775596618652,-16.164311657703337],[47.53691911697388,-16.1642292201185]]],[[[47.43439435958862,-16.17354444961377],[47.434587478637695,-16.173668100149285],[47.434587478637695,-16.173812359009546],[47.436068058013916,-16.173812359009546],[47.436068058013916,-16.17393600937737],[47.436347007751465,-16.17393600937737],[47.436347007751465,-16.17408026804199],[47.43741989135742,-16.17408026804199],[47.43752717971802,-16.174471826743556],[47.43802070617676,-16.174677909958945],[47.43823528289795,-16.17434817671112],[47.43879318237305,-16.174286351665884],[47.43892192840576,-16.17408026804199],[47.43917942047119,-16.17408026804199],[47.43917942047119,-16.17393600937737],[47.439587116241455,-16.17393600937737],[47.439587116241455,-16.173812359009546],[47.43971586227417,-16.173812359009546],[47.43980169296265,-16.173977226149447],[47.440123558044434,-16.173812359009546],[47.440123558044434,-16.17393600937737],[47.44025230407715,-16.17393600937737],[47.440359592437744,-16.173771142203066],[47.440617084503174,-16.17362688331272],[47.44065999984741,-16.17354444961377],[47.440123558044434,-16.17354444961377],[47.44003772735596,-16.172864370285083],[47.439587116241455,-16.172720110732584],[47.43945837020874,-16.172988021246255],[47.43917942047119,-16.17313228060314],[47.4385142326355,-16.17313228060314],[47.437870502471924,-16.173173497542905],[47.43769884109497,-16.17327653985467],[47.43769884109497,-16.17313228060314],[47.43741989135742,-16.17313228060314],[47.43716239929199,-16.172988021246255],[47.43716239929199,-16.17259645960374],[47.43741989135742,-16.17259645960374],[47.43741989135742,-16.172452199855613],[47.437570095062256,-16.172452199855613],[47.437570095062256,-16.171916377011755],[47.43741989135742,-16.171916377011755],[47.43741989135742,-16.171772116767045],[47.43729114532471,-16.171772116767045],[47.43729114532471,-16.171648465044896],[47.43716239929199,-16.171648465044896],[47.43716239929199,-16.171504204604574],[47.43701219558716,-16.171504204604574],[47.43701219558716,-16.171380552714737],[47.43675470352173,-16.171380552714737],[47.43675470352173,-16.170700465937486],[47.43688344955444,-16.17055620480501],[47.43720531463623,-16.170267682224093],[47.436819076538086,-16.1701028119887],[47.43675470352173,-16.17002037681941],[47.43675470352173,-16.16989672400102],[47.43701219558716,-16.169752462281735],[47.43716239929199,-16.169484547380804],[47.43701219558716,-16.169216632116658],[47.436625957489014,-16.169216632116658],[47.43651866912842,-16.169257849873247],[47.436347007751465,-16.169628809295673],[47.43617534637451,-16.169711244628317],[47.436068058013916,-16.16989672400102],[47.436068058013916,-16.17016463834308],[47.43621826171875,-16.17016463834308],[47.43621826171875,-16.170432552321913],[47.43589639663696,-16.17094777049097],[47.436068058013916,-16.17111264002132],[47.436068058013916,-16.171504204604574],[47.43621826171875,-16.171504204604574],[47.43621826171875,-16.171772116767045],[47.436347007751465,-16.171772116767045],[47.436347007751465,-16.17206063715112],[47.43647575378418,-16.17206063715112],[47.43647575378418,-16.17313228060314],[47.436347007751465,-16.17340019055787],[47.43621826171875,-16.17340019055787],[47.43621826171875,-16.17354444961377],[47.4359393119812,-16.17354444961377],[47.4359393119812,-16.17327653985467],[47.435810565948486,-16.17327653985467],[47.435810565948486,-16.172988021246255],[47.43568181991577,-16.172988021246255],[47.43568181991577,-16.172720110732584],[47.43553161621094,-16.172720110732584],[47.43553161621094,-16.17259645960374],[47.435123920440674,-16.17259645960374],[47.435123920440674,-16.172720110732584],[47.434866428375244,-16.172720110732584],[47.434866428375244,-16.172864370285083],[47.43454456329346,-16.172946804267795],[47.43439435958862,-16.17354444961377]]],[[[47.47265338897705,-16.167877050347442],[47.472803592681885,-16.167877050347442],[47.472803592681885,-16.16773278715378],[47.47265338897705,-16.16773278715378],[47.47265338897705,-16.167877050347442]]],[[[47.47670888900757,-16.168536537891697],[47.47683763504028,-16.168536537891697],[47.47683763504028,-16.168412884144786],[47.47670888900757,-16.168412884144786],[47.47670888900757,-16.168536537891697]]],[[[47.48211622238159,-16.137229062652537],[47.48224496841431,-16.137229062652537],[47.48224496841431,-16.137084777107262],[47.48211622238159,-16.137084777107262],[47.48211622238159,-16.137229062652537]]],[[[47.52018213272095,-16.133168415013557],[47.520740032196045,-16.133250865539864],[47.52031087875366,-16.133106577096314],[47.52018213272095,-16.133065351807403],[47.52018213272095,-16.133168415013557]]]]}}]}
