{"type":"FeatureCollection","features":[{"type":"Feature","properties":{"projectId":"VCS799","name":"Bukaleba Forest Project","sourceRegistry":"Verra VCS","externalId":"VCS799","projectType":"afforestation","country":"Uganda","vintageYears":[2011,2016,2020],"sourceUrl":"https://zenodo.org/records/11459391","license":"CC BY 4.0 (Karnik et al. dataset); CarbonPlan Terms of Use also apply to the PMTiles derivative","retrievedAt":"2026-10-05","illustrative":false},"geometry":{"type":"MultiPolygon","coordinates":[[[[33.346874713897705,0.40981658536311727],[33.3470892906189,0.40990241385559045],[33.34706783294678,0.41000969946986743],[33.347110748291016,0.41013844220510975],[33.34706783294678,0.4102671849382773],[33.3470892906189,0.4103315563040866],[33.34717512130737,0.41037447054767995],[33.34749698638916,0.41043884191262237],[33.34756135940552,0.41054612751970865],[33.34766864776611,0.4106104988832584],[33.34766864776611,0.41114692689281185],[33.346874713897705,0.41114692689281185],[33.346874713897705,0.40981658536311727]]],[[[33.347153663635254,0.41000969946986743],[33.34719657897949,0.41000969946986743],[33.34719657897949,0.40979512823986397],[33.34717512130737,0.4097736711165396],[33.34766864776611,0.4097736711165396],[33.34766864776611,0.4105032132770532],[33.347625732421875,0.4104817561556189],[33.34758281707764,0.41031009918221173],[33.347368240356445,0.4103315563040866],[33.34719657897949,0.41031009918221173],[33.347153663635254,0.4102671849382773],[33.34719657897949,0.41015989932745356],[33.347153663635254,0.41000969946986743]]],[[[33.35301160812378,0.40629761638264483],[33.35322618484497,0.40616887358592635],[33.353848457336426,0.40631907351523466],[33.353869915008545,0.40642635917731695],[33.35374116897583,0.4066838447605079],[33.35326910018921,0.40664093049720407],[33.35301160812378,0.40629761638264483]]],[[[33.35468530654907,0.4045381313168548],[33.35541486740112,0.4038944171729639],[33.3555006980896,0.4039587885896623],[33.3555006980896,0.4040875314214958],[33.355629444122314,0.4040875314214958],[33.35567235946655,0.40419481711312244],[33.35618734359741,0.4043021028033422],[33.35629463195801,0.40367984578034566],[33.356337547302246,0.40299321728592474],[33.35657358169556,0.40299321728592474],[33.35657358169556,0.4027357315855937],[33.356831073760986,0.4027357315855937],[33.356831073760986,0.4024567887343693],[33.357388973236084,0.4024567887343693],[33.357388973236084,0.4021778458736236],[33.357110023498535,0.4021778458736236],[33.357110023498535,0.4019203601475425],[33.357388973236084,0.4019203601475425],[33.357388973236084,0.401641417268479],[33.35792541503906,0.401641417268479],[33.35792541503906,0.4019203601475425],[33.35818290710449,0.4019203601475425],[33.35818290710449,0.4024567887343693],[33.35899829864502,0.4024567887343693],[33.35899829864502,0.40299321728592474],[33.35871934890747,0.40299321728592474],[33.35871934890747,0.4035511029420604],[33.359856605529785,0.4035511029420604],[33.359878063201904,0.40378713147737244],[33.36002826690674,0.40413044569831413],[33.36004972457886,0.4043235599412327],[33.36004972457886,0.4043664742168147],[33.35994243621826,0.4043664742168147],[33.35977077484131,0.4044308456297472],[33.35955619812012,0.4043450170790379],[33.357646465301514,0.4055680738407972],[33.35745334625244,0.40552515957156743],[33.3570671081543,0.40533204535729794],[33.35693836212158,0.4051174740026795],[33.35680961608887,0.4050531025951898],[33.35653066635132,0.40496727405106014],[33.356337547302246,0.40496727405106014],[33.355865478515625,0.40481707409666967],[33.355650901794434,0.4048599883696511],[33.35554361343384,0.4049029026423767],[33.35498571395874,0.40481707409666967],[33.35468530654907,0.4045381313168548]]],[[[33.35773229598999,0.4003969027690175],[33.35779666900635,0.40024670273044194],[33.357839584350586,0.39988193119670257],[33.35798978805542,0.39945278819512],[33.3579683303833,0.39940987389373106],[33.35818290710449,0.39898073086747843],[33.3589768409729,0.3990880166261235],[33.359084129333496,0.3985515878188437],[33.35955619812012,0.3982297305176843],[33.359642028808594,0.3983799305931086],[33.35974931716919,0.3984657592064167],[33.359835147857666,0.3986803307357718],[33.35981369018555,0.39895927371556184],[33.359599113464355,0.3995815310979509],[33.359599113464355,0.39994630264500586],[33.35949182510376,0.40018233128449765],[33.35947036743164,0.4002037884332026],[33.35940599441528,0.40041835991716823],[33.3594274520874,0.4008260457212316],[33.35899829864502,0.4008260457212316],[33.35899829864502,0.40110498862811994],[33.35871934890747,0.40110498862811994],[33.35871934890747,0.40001067409281177],[33.35792541503906,0.40001067409281177],[33.35792541503906,0.4005471028048504],[33.35773229598999,0.4005471028048504],[33.35773229598999,0.4003969027690175]]],[[[33.358826637268066,0.4059757593870046],[33.359534740448,0.40543933103246843],[33.359534740448,0.405718273781261],[33.35981369018555,0.405718273781261],[33.35981369018555,0.4059757593870046],[33.36007118225098,0.4059757593870046],[33.36007118225098,0.405718273781261],[33.360350131988525,0.405718273781261],[33.360350131988525,0.4059757593870046],[33.360607624053955,0.4059757593870046],[33.360607624053955,0.40625470211730885],[33.360886573791504,0.40625470211730885],[33.360886573791504,0.4067911304177301],[33.35981369018555,0.4067911304177301],[33.35981369018555,0.40653364483797816],[33.35927724838257,0.40653364483797816],[33.35927724838257,0.4059757593870046],[33.358826637268066,0.4059757593870046]]],[[[33.35927724838257,0.40788544403999083],[33.359534740448,0.40788544403999083],[33.359534740448,0.40760650136607524],[33.36007118225098,0.40760650136607524],[33.36007118225098,0.40842187223188375],[33.35981369018555,0.40842187223188375],[33.35981369018555,0.40870081487751975],[33.359534740448,0.40870081487751975],[33.359534740448,0.40842187223188375],[33.35927724838257,0.40842187223188375],[33.35927724838257,0.40788544403999083]]],[[[33.35944890975952,0.40035398847255976],[33.35949182510376,0.40018233128449765],[33.359620571136475,0.40003213124197146],[33.35966348648071,0.3999033883462033],[33.35968494415283,0.39956007394762594],[33.35981369018555,0.3991094737776848],[33.359878063201904,0.3986588735830878],[33.359835147857666,0.3985086735127368],[33.359642028808594,0.398208273363835],[33.35972785949707,0.3982726448252407],[33.359835147857666,0.3982726448252407],[33.36004972457886,0.3983370162861206],[33.36007118225098,0.3988090736507104],[33.35996389389038,0.3990665594745195],[33.35996389389038,0.39919530238339007],[33.35981369018555,0.39919530238339007],[33.35981369018555,0.39947424534571496],[33.36007118225098,0.39947424534571496],[33.36007118225098,0.3997317311487052],[33.360350131988525,0.3997317311487052],[33.360350131988525,0.40001067409281177],[33.360607624053955,0.40001067409281177],[33.360607624053955,0.4002896170274539],[33.360886573791504,0.4002896170274539],[33.360886573791504,0.39947424534571496],[33.360607624053955,0.39947424534571496],[33.360607624053955,0.39919530238339007],[33.36067199707031,0.3990665594745195],[33.36067199707031,0.3987661593459535],[33.36080074310303,0.39883053080299646],[33.3609938621521,0.39883053080299646],[33.361122608184814,0.3989378165636026],[33.36125135421753,0.39891635941160075],[33.3614444732666,0.3990451023228303],[33.36170196533203,0.3991523880806511],[33.361637592315674,0.39947424534571496],[33.361594676971436,0.3995386167972299],[33.36165904998779,0.3996888168487658],[33.36180925369263,0.3997102739987639],[33.3620023727417,0.399667359698725],[33.36204528808594,0.39947424534571496],[33.36223840713501,0.39947424534571496],[33.36223840713501,0.39943133104443973],[33.36243152618408,0.39951715964677703],[33.36277484893799,0.39960298824823326],[33.36281776428223,0.39956007394762594],[33.36305379867554,0.399667359698725],[33.363075256347656,0.3998175597478877],[33.36322546005249,0.40003213124197146],[33.36341857910156,0.4006114742479383],[33.36352586746216,0.401641417268479],[33.3634614944458,0.40181307442595937],[33.363354206085205,0.4024353315915761],[33.36331129074097,0.4030790458508875],[33.36350440979004,0.40325070297811294],[33.36354732513428,0.40333653154037563],[33.36380481719971,0.40359401722170674],[33.36414813995361,0.4043450170790379],[33.364319801330566,0.40447375990474654],[33.36442708969116,0.4046454170025271],[33.3640193939209,0.4049458169148892],[33.363590240478516,0.40498873118717427],[33.36296796798706,0.40492435977866137],[33.36247444152832,0.40475270268679253],[33.36191654205322,0.4046025027284088],[33.361830711364746,0.40451667417953274],[33.360607624053955,0.40440938849215513],[33.360607624053955,0.4043664742168147],[33.36007118225098,0.4043664742168147],[33.36007118225098,0.40415190283664515],[33.35994243621826,0.4038729600339792],[33.35992097854614,0.4035511029420604],[33.360350131988525,0.4035511029420604],[33.360350131988525,0.4024567887343693],[33.36007118225098,0.4024567887343693],[33.36007118225098,0.4019203601475425],[33.360350131988525,0.4019203601475425],[33.360350131988525,0.401641417268479],[33.360607624053955,0.401641417268479],[33.360607624053955,0.4008260457212316],[33.360350131988525,0.4008260457212316],[33.360350131988525,0.40110498862811994],[33.35981369018555,0.40110498862811994],[33.35981369018555,0.4008260457212316],[33.35949182510376,0.4008260457212316],[33.35944890975952,0.40035398847255976]],[[33.36249589920044,0.3997317311487052],[33.36249589920044,0.40001067409281177],[33.36303234100342,0.40001067409281177],[33.36303234100342,0.3997317311487052],[33.36249589920044,0.3997317311487052]]],[[[33.360607624053955,0.40473124555005313],[33.36097240447998,0.4047956169601008],[33.3615517616272,0.40498873118717427],[33.361616134643555,0.40496727405106014],[33.362109661102295,0.40522475968067795],[33.36268901824951,0.40565390237853194],[33.36271047592163,0.405718273781261],[33.36249589920044,0.405718273781261],[33.36249589920044,0.4059757593870046],[33.36223840713501,0.4059757593870046],[33.36223840713501,0.405718273781261],[33.36142301559448,0.405718273781261],[33.36142301559448,0.40543933103246843],[33.361144065856934,0.40543933103246843],[33.361144065856934,0.4049029026423767],[33.360607624053955,0.4049029026423767],[33.360607624053955,0.40473124555005313]]],[[[33.361144065856934,0.4108679843323415],[33.36170196533203,0.4108679843323415],[33.361616134643555,0.41118984113199986],[33.36146593093872,0.4114687836812152],[33.36142301559448,0.41140441232458613],[33.361144065856934,0.41140441232458613],[33.361144065856934,0.4108679843323415]]],[[[33.361337184906006,0.3374843155921923],[33.36180925369263,0.3370551695849855],[33.36230278015137,0.33716245608854933],[33.36251735687256,0.3372697425909337],[33.36294651031494,0.3373555717920169],[33.36326837539673,0.3374843155921923],[33.363869190216064,0.33793491887938387],[33.36429834365845,0.33844989403917225],[33.3644700050354,0.3386215524196814],[33.365607261657715,0.3388575826879219],[33.365886211395264,0.33887903998474656],[33.36618661880493,0.3391794421353609],[33.36650848388672,0.33935110050293815],[33.36725950241089,0.3396300453437675],[33.367366790771484,0.3398875328820168],[33.36689472198486,0.3404025079379096],[33.36678743362427,0.34046687981795287],[33.36622953414917,0.34096039755073093],[33.36618661880493,0.34096039755073093],[33.36605787277222,0.3408316537967835],[33.36590766906738,0.3408101965042931],[33.365607261657715,0.341153513178412],[33.365478515625,0.34108914130294465],[33.365371227264404,0.34111059859482395],[33.365328311920166,0.34108914130294465],[33.365328311920166,0.34102476942705096],[33.36539268493652,0.34096039755073093],[33.36539268493652,0.3407887392117601],[33.365328311920166,0.3407243673338485],[33.36524248123169,0.34070291004113074],[33.36477041244507,0.3410033121349869],[33.36466312408447,0.34098185484289445],[33.36451292037964,0.34106768401103693],[33.36427688598633,0.34123934234503395],[33.364083766937256,0.34153974442216395],[33.364126682281494,0.34166848816661854],[33.36466312408447,0.3422263777060266],[33.36466312408447,0.34246240788600346],[33.364126682281494,0.34246240788600346],[33.364126682281494,0.34274135263667915],[33.36519956588745,0.34274135263667915],[33.36519956588745,0.34224783499534794],[33.36522102355957,0.34224783499534794],[33.365478515625,0.34250532246356613],[33.36552143096924,0.34261260890659173],[33.36552143096924,0.3426555234834865],[33.36528539657593,0.34280572450106206],[33.36526393890381,0.34287009636501864],[33.36530685424805,0.3429344682285205],[33.36556434631348,0.34327778482665394],[33.36573600769043,0.34344944312110215],[33.365864753723145,0.3436854732709236],[33.366079330444336,0.343835674272313],[33.36545705795288,0.343835674272313],[33.36545705795288,0.3440931616977849],[33.3649206161499,0.3440931616977849],[33.3649206161499,0.343835674272313],[33.36466312408447,0.343835674272313],[33.36466312408447,0.3435567295535549],[33.363847732543945,0.3435567295535549],[33.363847732543945,0.34327778482665394],[33.3635687828064,0.34327778482665394],[33.3635687828064,0.343020297379212],[33.36331129074097,0.343020297379212],[33.36331129074097,0.34274135263667915],[33.36303234100342,0.34274135263667915],[33.36303234100342,0.34246240788600346],[33.36331129074097,0.34246240788600346],[33.36331129074097,0.3422049204166484],[33.3635687828064,0.3422049204166484],[33.3635687828064,0.34111059859482395],[33.363847732543945,0.34111059859482395],[33.363847732543945,0.339758789113759],[33.364126682281494,0.339758789113759],[33.364126682281494,0.3394798442766245],[33.363847732543945,0.3394798442766245],[33.363847732543945,0.3392223567275323],[33.3635687828064,0.3392223567275323],[33.3635687828064,0.3394798442766245],[33.36331129074097,0.3394798442766245],[33.36331129074097,0.339758789113759],[33.36249589920044,0.339758789113759],[33.36249589920044,0.3400377339428218],[33.36223840713501,0.3400377339428218],[33.36223840713501,0.3389434118749648],[33.36148738861084,0.3389434118749648],[33.36153030395508,0.33864300971701766],[33.36150884628296,0.3384069794435618],[33.36168050765991,0.3384069794435618],[33.36168050765991,0.33812803456750373],[33.36223840713501,0.33812803456750373],[33.36223840713501,0.3375916020910381],[33.36168050765991,0.3375916020910381],[33.36168050765991,0.33784908968343075],[33.36142301559448,0.33784908968343075],[33.361337184906006,0.3374843155921923]],[[33.364126682281494,0.339758789113759],[33.364126682281494,0.3400377339428218],[33.364384174346924,0.3400377339428218],[33.364384174346924,0.339758789113759],[33.364126682281494,0.339758789113759]],[[33.364126682281494,0.3394798442766245],[33.364384174346924,0.3394798442766245],[33.364384174346924,0.3392223567275323],[33.364126682281494,0.3392223567275323],[33.364126682281494,0.3394798442766245]],[[33.36545705795288,0.339758789113759],[33.36545705795288,0.3400377339428218],[33.36573600769043,0.3400377339428218],[33.36573600769043,0.339758789113759],[33.36545705795288,0.339758789113759]],[[33.36573600769043,0.3400377339428218],[33.36573600769043,0.3402952214701713],[33.36599349975586,0.3402952214701713],[33.36599349975586,0.3400377339428218],[33.36573600769043,0.3400377339428218]]],[[[33.36176633834839,0.3348665246545579],[33.361830711364746,0.3346519515958306],[33.36195945739746,0.3340296896989372],[33.36198091506958,0.3334717996889083],[33.36204528808594,0.333235769290539],[33.36223840713501,0.333235769290539],[33.36223840713501,0.3335147143061903],[33.36277484893799,0.3335147143061903],[33.36277484893799,0.3340511470063774],[33.36303234100342,0.3340511470063774],[33.36303234100342,0.33433009199892183],[33.3635687828064,0.33433009199892183],[33.3635687828064,0.3348665246545579],[33.36331129074097,0.3348665246545579],[33.36331129074097,0.33514546962392444],[33.36303234100342,0.33514546962392444],[33.36303234100342,0.3354244145853329],[33.36249589920044,0.3354244145853329],[33.36249589920044,0.33568190223493843],[33.36223840713501,0.33568190223493843],[33.36223840713501,0.3348665246545579],[33.36176633834839,0.3348665246545579]],[[33.36303234100342,0.33514546962392444],[33.36303234100342,0.3348665246545579],[33.36277484893799,0.3348665246545579],[33.36277484893799,0.33514546962392444],[33.36303234100342,0.33514546962392444]]],[[[33.36193799972534,0.3990665594745195],[33.36223840713501,0.39891635941160075],[33.36223840713501,0.39919530238339007],[33.36193799972534,0.3990665594745195]]],[[[33.36223840713501,0.39891635941160075],[33.36241006851196,0.39883053080299646],[33.36331129074097,0.39861595927754934],[33.36451292037964,0.3981868162099147],[33.364856243133545,0.39797224466771297],[33.36500644683838,0.39797224466771297],[33.36528539657593,0.3978220445848706],[33.365478515625,0.3978435017397146],[33.36575746536255,0.39777913027496936],[33.36577892303467,0.397736215964855],[33.365843296051025,0.397736215964855],[33.36601495742798,0.39754310156658335],[33.36601495742798,0.3981224447478411],[33.36627244949341,0.3981224447478411],[33.36627244949341,0.3983799305931086],[33.36655139923096,0.3983799305931086],[33.36655139923096,0.39947424534571496],[33.367087841033936,0.39947424534571496],[33.367087841033936,0.39919530238339007],[33.367345333099365,0.39919530238339007],[33.367345333099365,0.39891635941160075],[33.367087841033936,0.39891635941160075],[33.367087841033936,0.3981224447478411],[33.367345333099365,0.3981224447478411],[33.367345333099365,0.3978435017397146],[33.367624282836914,0.3978220445848706],[33.371315002441406,0.39960298824823326],[33.369619846343994,0.4027357315855937],[33.36790323257446,0.40187744585908547],[33.36790323257446,0.401641417268479],[33.3673882484436,0.401641417268479],[33.36526393890381,0.4005900171002992],[33.36273193359375,0.39947424534571496],[33.36277484893799,0.39947424534571496],[33.36277484893799,0.39919530238339007],[33.36249589920044,0.39919530238339007],[33.36249589920044,0.39891635941160075],[33.36223840713501,0.39891635941160075]]],[[[33.36303234100342,0.3335147143061903],[33.3635687828064,0.3335147143061903],[33.3635687828064,0.3332786839088442],[33.36369752883911,0.3333001412179186],[33.363847732543945,0.3334074277626371],[33.363847732543945,0.33379365931395455],[33.36303234100342,0.33379365931395455],[33.36303234100342,0.3335147143061903]]],[[[33.36316108703613,0.3997317311487052],[33.36472749710083,0.40041835991716823],[33.36464166641235,0.4007187599852813],[33.36468458175659,0.4008045885741609],[33.36504936218262,0.40093333145577503],[33.36489915847778,0.4014912172527261],[33.36479187011719,0.401662874413347],[33.36481332778931,0.40172724584768105],[33.364877700805664,0.40183453157038684],[33.364877700805664,0.4018989030033566],[33.36528539657593,0.402027645867733],[33.36522102355957,0.4022851315904319],[33.36541414260864,0.4023924173058191],[33.365349769592285,0.4025640744475112],[33.36543560028076,0.4026069887323729],[33.36556434631348,0.40258553158996335],[33.36556434631348,0.40269281730141415],[33.36565017700195,0.4027357315855937],[33.36519956588745,0.4027357315855937],[33.36519956588745,0.4024567887343693],[33.3649206161499,0.4024567887343693],[33.3649206161499,0.4027357315855937],[33.364384174346924,0.4027357315855937],[33.364384174346924,0.4035511029420604],[33.36519956588745,0.4035511029420604],[33.36519956588745,0.4040875314214958],[33.36601495742798,0.4040875314214958],[33.36601495742798,0.40380858861659874],[33.366572856903076,0.40380858861659874],[33.366615772247314,0.4038944171729639],[33.366572856903076,0.4041089885599263],[33.36627244949341,0.40447375990474654],[33.365864753723145,0.40438793135450624],[33.365843296051025,0.4044308456297472],[33.365843296051025,0.40449521704216806],[33.365886211395264,0.40451667417953274],[33.365864753723145,0.4046025027284088],[33.36573600769043,0.4046883312764038],[33.365478515625,0.4045810455912715],[33.36494207382202,0.40419481711312244],[33.36477041244507,0.4041733599749051],[33.36472749710083,0.4043021028033422],[33.36451292037964,0.4044523027672824],[33.36444854736328,0.4046454170025271],[33.364319801330566,0.40447375990474654],[33.36429834365845,0.4044308456297472],[33.36419105529785,0.4043235599412327],[33.363869190216064,0.40361547436147305],[33.363633155822754,0.4032292458374229],[33.3634614944458,0.4030575887097285],[33.36344003677368,0.4025426173050022],[33.363633155822754,0.401641417268479],[33.36348295211792,0.4005900171002992],[33.36316108703613,0.3997317311487052]],[[33.364126682281494,0.40136247437989425],[33.364126682281494,0.401641417268479],[33.364384174346924,0.401641417268479],[33.364384174346924,0.40136247437989425],[33.364126682281494,0.40136247437989425]]],[[[33.3635687828064,0.39430307043484447],[33.363847732543945,0.39430307043484447],[33.363847732543945,0.3937666413175691],[33.36414813995361,0.3937666413175691],[33.3640193939209,0.393938298638858],[33.36406230926514,0.39408849879207253],[33.36406230926514,0.39419578461415483],[33.364105224609375,0.394281613270806],[33.364384174346924,0.39449618490860416],[33.364384174346924,0.3945820135621574],[33.364126682281494,0.3945820135621574],[33.364126682281494,0.3947965851921822],[33.3639121055603,0.39477512802943693],[33.3635687828064,0.3943888990903872],[33.3635687828064,0.39430307043484447]]],[[[33.363590240478516,0.4214463376316502],[33.363847732543945,0.4214463376316502],[33.363847732543945,0.42090991032227976],[33.364126682281494,0.42090991032227976],[33.364126682281494,0.42063096810684897],[33.36429834365845,0.42063096810684897],[33.364319801330566,0.4208026248559804],[33.36440563201904,0.42090991032227976],[33.36449146270752,0.4209742816013602],[33.36468458175659,0.4210171957871154],[33.36498498916626,0.4211673954353756],[33.365070819854736,0.4211244812504731],[33.365135192871094,0.4207382535755073],[33.36528539657593,0.4206524252006858],[33.365864753723145,0.41951519914542246],[33.36665868759155,0.41837797292487267],[33.36672306060791,0.41837797292487267],[33.36678743362427,0.41842088712488135],[33.36674451828003,0.41852817262383724],[33.36676597595215,0.41859254392251444],[33.366594314575195,0.4186783723199312],[33.36642265319824,0.4188500291119368],[33.36625099182129,0.41917188558680607],[33.366122245788574,0.419322085270565],[33.36599349975586,0.41964394172602226],[33.365864753723145,0.4198155984968537],[33.365843296051025,0.4199228839767102],[33.365886211395264,0.4200087123595466],[33.36605787277222,0.42003016945510296],[33.36650848388672,0.4202018262174505],[33.36625099182129,0.42069533938821735],[33.36618661880493,0.4207382535755073],[33.36601495742798,0.42071679648188365],[33.36595058441162,0.4207597106690599],[33.365628719329834,0.42155362308908195],[33.363590240478516,0.42155362308908195],[33.363590240478516,0.4214463376316502]]],[[[33.364105224609375,0.3939597558037633],[33.36429834365845,0.39378809848292917],[33.364341259002686,0.39383101281346455],[33.364319801330566,0.3938739271437868],[33.364384174346924,0.3939168414738816],[33.36451292037964,0.3939597558037633],[33.364598751068115,0.3939597558037633],[33.364620208740234,0.39389538430887683],[33.36455583572388,0.3937666413175691],[33.3649206161499,0.3937666413175691],[33.3649206161499,0.39430307043484447],[33.364384174346924,0.39430307043484447],[33.364384174346924,0.3943888990903872],[33.36416959762573,0.39421724177839224],[33.36414813995361,0.3941528702854953],[33.36416959762573,0.39410995595659415],[33.364105224609375,0.3939597558037633]]],[[[33.36416959762573,0.34158265900383356],[33.36419105529785,0.3414968298402954],[33.36451292037964,0.3411749704701492],[33.36468458175659,0.34108914130294465],[33.36474895477295,0.3411320558866322],[33.36494207382202,0.34098185484289445],[33.36498498916626,0.3410033121349869],[33.36526393890381,0.3407887392117601],[33.365328311920166,0.3408960256739846],[33.364856243133545,0.34138954338476424],[33.36489915847778,0.34147537254928295],[33.365113735198975,0.34168994545719045],[33.36504936218262,0.34179723190936784],[33.36504936218262,0.3418616037800746],[33.36517810821533,0.34175431732863615],[33.3649206161499,0.34134662880221356],[33.36515665054321,0.34111059859482395],[33.36526393890381,0.3412178850534531],[33.36545705795288,0.3411749704701492],[33.365585803985596,0.34130371421949235],[33.36595058441162,0.3408960256739846],[33.36620807647705,0.3411320558866322],[33.366358280181885,0.340938940258539],[33.36670160293579,0.34068145274834194],[33.366830348968506,0.3405312516975698],[33.3669376373291,0.3404883371111964],[33.36740970611572,0.3399733620598937],[33.36777448654175,0.34050979440441154],[33.36824655532837,0.3408531110892312],[33.36841821670532,0.340917482966276],[33.36901903152466,0.34153974442216395],[33.36914777755737,0.3417757746190233],[33.36925506591797,0.34179723190936784],[33.369340896606445,0.3419045183603231],[33.36964130401611,0.3417757746190233],[33.36974859237671,0.3418616037800746],[33.36977005004883,0.3419903475202233],[33.36970567703247,0.3420761766793703],[33.36972713470459,0.3422263777060266],[33.36977005004883,0.34226929228464087],[33.36977005004883,0.34246240788600346],[33.36992025375366,0.34246240788600346],[33.37015628814697,0.34274135263667915],[33.370327949523926,0.34287009636501864],[33.370327949523926,0.343020297379212],[33.370585441589355,0.343020297379212],[33.370628356933594,0.3430632119542736],[33.37073564529419,0.34319195567829297],[33.37069272994995,0.34325632753964896],[33.37077856063843,0.34342798583446665],[33.370842933654785,0.34336361397427595],[33.37090730667114,0.34338507126103934],[33.371121883392334,0.34357818683990615],[33.371121883392334,0.343835674272313],[33.371336460113525,0.343835674272313],[33.37140083312988,0.3439429607004598],[33.371357917785645,0.34402878984208485],[33.371379375457764,0.3440931616977849],[33.37150812149048,0.34426481997758174],[33.37165832519531,0.3445223073914718],[33.37167978286743,0.34467250837968777],[33.371872901916504,0.34486562393247766],[33.37189435958862,0.34495145306580355],[33.371851444244385,0.34501582491527927],[33.37191581726074,0.3451016540472551],[33.37219476699829,0.34520894046112005],[33.37230205535889,0.3450801967643429],[33.372366428375244,0.3451016540472551],[33.3724308013916,0.3451660258957219],[33.37219476699829,0.34542351328522614],[33.37221622467041,0.345444970567371],[33.372366428375244,0.34550934241350717],[33.37268829345703,0.3457239152308347],[33.37277412414551,0.3457024579493151],[33.372817039489746,0.3457453725122974],[33.37303161621094,0.3455951715410208],[33.37318181991577,0.3456595433861338],[33.37322473526001,0.3457453725122974],[33.37320327758789,0.3457882870750808],[33.37324619293213,0.3458955734812008],[33.37318181991577,0.34608868900915013],[33.373610973358154,0.3465392918923982],[33.37373971939087,0.3466036637311163],[33.37397575378418,0.34666803556940806],[33.374361991882324,0.34683969380267854],[33.37350368499756,0.3479554722429725],[33.37264537811279,0.3490068787294405],[33.37172269821167,0.3487493914374795],[33.3715295791626,0.34866356233860074],[33.37148666381836,0.3486206477888629],[33.37019920349121,0.34832024593524125],[33.37004899978638,0.34827733138395445],[33.37004899978638,0.34817004500484927],[33.36968421936035,0.34817004500484927],[33.36897611618042,0.34791255769000884],[33.36897611618042,0.3473546684837885],[33.36869716644287,0.3473546684837885],[33.36869716644287,0.3470971811467507],[33.36816072463989,0.3470971811467507],[33.36816072463989,0.34628180453316304],[33.367881774902344,0.34628180453316304],[33.367881774902344,0.3460028598860987],[33.367624282836914,0.3460028598860987],[33.367624282836914,0.34628180453316304],[33.367345333099365,0.34628180453316304],[33.367345333099365,0.3460028598860987],[33.366830348968506,0.3460028598860987],[33.36695909500122,0.3457239152308347],[33.367087841033936,0.3457239152308347],[33.367087841033936,0.345466427849459],[33.367323875427246,0.34527331230886205],[33.36702346801758,0.34465105109578076],[33.366851806640625,0.3443291918316902],[33.366572856903076,0.3440502471273561],[33.36650848388672,0.3440502471273561],[33.36644411087036,0.34392150341491856],[33.36622953414917,0.34370693055699064],[33.36616516113281,0.34370693055699064],[33.366122245788574,0.34374984512895423],[33.3659291267395,0.34364255869866156],[33.365843296051025,0.34342798583446665],[33.365628719329834,0.34321341296544006],[33.365349769592285,0.34284863907707575],[33.36565017700195,0.3426555234834865],[33.365607261657715,0.34254823704092985],[33.36549997329712,0.3423980360193184],[33.36515665054321,0.3420761766793703],[33.36517810821533,0.3421190912586667],[33.365092277526855,0.3422049204166484],[33.36474895477295,0.3422049204166484],[33.36421251296997,0.3416255735853184],[33.36416959762573,0.34158265900383356]],[[33.36869716644287,0.34246240788600346],[33.36869716644287,0.343020297379212],[33.3695125579834,0.343020297379212],[33.3695125579834,0.3422049204166484],[33.36923360824585,0.3422049204166484],[33.36923360824585,0.34246240788600346],[33.36869716644287,0.34246240788600346]]],[[[33.364384174346924,0.42009454074143093],[33.36466312408447,0.42009454074143093],[33.36466312408447,0.4195581133392068],[33.3649206161499,0.4195581133392068],[33.3649206161499,0.4192791710754875],[33.36519956588745,0.4192791710754875],[33.36519956588745,0.4190216859001765],[33.36466312408447,0.4190216859001765],[33.36466312408447,0.41846380132463423],[33.3649206161499,0.41846380132463423],[33.3649206161499,0.41874274361735786],[33.36601495742798,0.41874274361735786],[33.36601495742798,0.4179273738107412],[33.36573600769043,0.4179273738107412],[33.36573600769043,0.4176484314890416],[33.365478515625,0.4176484314890416],[33.365478515625,0.41739094626019835],[33.36573600769043,0.41739094626019835],[33.36573600769043,0.41657557631336317],[33.36601495742798,0.41657557631336317],[33.36601495742798,0.4162966339437304],[33.36573600769043,0.4162966339437304],[33.36573600769043,0.41520232147540526],[33.36672306060791,0.41520232147540526],[33.366873264312744,0.4153525212349223],[33.367066383361816,0.41558854942270784],[33.368096351623535,0.41644683368245694],[33.36665868759155,0.4182277732230375],[33.365886211395264,0.4193006281730476],[33.36577892303467,0.41947228495141076],[33.36519956588745,0.4206524252006858],[33.36494207382202,0.4206095110129411],[33.36470603942871,0.42063096810684897],[33.36468458175659,0.42054513973084795],[33.36474895477295,0.4203734829760464],[33.36468458175659,0.42033056878673847],[33.364577293395996,0.4204593113539232],[33.364577293395996,0.42058805391897636],[33.36470603942871,0.42067388229448],[33.364834785461426,0.42067388229448],[33.36498498916626,0.42063096810684897],[33.3650279045105,0.42067388229448],[33.3650279045105,0.4208240819493767],[33.36498498916626,0.42108156706530053],[33.36470603942871,0.4209313674153776],[33.36449146270752,0.4208669961359419],[33.364384174346924,0.42069533938821735],[33.36442708969116,0.4205022255425064],[33.364384174346924,0.4204593113539232],[33.364384174346924,0.42009454074143093]]],[[[33.364834785461426,0.4016843315581866],[33.36494207382202,0.4014912172527261],[33.36498498916626,0.40131956008848135],[33.36530685424805,0.4006973028379406],[33.36725950241089,0.401641417268479],[33.367087841033936,0.401641417268479],[33.367087841033936,0.4021778458736236],[33.367345333099365,0.4021778458736236],[33.367345333099365,0.4027357315855937],[33.36816072463989,0.4027357315855937],[33.36816072463989,0.4021778458736236],[33.36790323257446,0.4021778458736236],[33.36790323257446,0.4019418172917142],[33.371422290802,0.4037013029198704],[33.371121883392334,0.4040231600058348],[33.37054252624512,0.405031645459232],[33.37028503417969,0.40498873118717427],[33.36964130401611,0.40498873118717427],[33.36919069290161,0.4051603882740409],[33.36925506591797,0.405031645459232],[33.36893320083618,0.40475270268679253],[33.368353843688965,0.4047097884132569],[33.36792469024658,0.4046454170025271],[33.36743116378784,0.40419481711312244],[33.36740970611572,0.40333653154037563],[33.367130756378174,0.4024782458771057],[33.36691617965698,0.4021134744428707],[33.366615772247314,0.4019632744358006],[33.36644411087036,0.4020061887238029],[33.36625099182129,0.40219930301709894],[33.36622953414917,0.4024353315915761],[33.36627244949341,0.40258553158996335],[33.36622953414917,0.40269281730141415],[33.366079330444336,0.40262844587472557],[33.36580038070679,0.4026069887323729],[33.36565017700195,0.4025211601624221],[33.36543560028076,0.4025426173050022],[33.36543560028076,0.4024567887343693],[33.36554288864136,0.40222076016051744],[33.36554288864136,0.40204910301160623],[33.36549997329712,0.4020061887238029],[33.365070819854736,0.4017701601369197],[33.3649206161499,0.4017487029923217],[33.364834785461426,0.4016843315581866]]],[[[33.3650279045105,0.3959338147388678],[33.36545705795288,0.3959338147388678],[33.36545705795288,0.3962127578114263],[33.36573600769043,0.3962127578114263],[33.36573600769043,0.3965131580329029],[33.365607261657715,0.39647024371620887],[33.36519956588745,0.3966204438236218],[33.3650279045105,0.3959338147388678]]],[[[33.36655139923096,0.3441575335530729],[33.36678743362427,0.34439356368540075],[33.36717367172241,0.34514456861295173],[33.36717367172241,0.3452518550263335],[33.36695909500122,0.345466427849459],[33.36680889129639,0.345466427849459],[33.36680889129639,0.34465105109578076],[33.36655139923096,0.34465105109578076],[33.36655139923096,0.3441575335530729]]],[[[33.36670160293579,0.4182492303234824],[33.368611335754395,0.41591040603104545],[33.37000608444214,0.4141509230788216],[33.37004899978638,0.4140865517438783],[33.370091915130615,0.4141080088556066],[33.36994171142578,0.41438695130246117],[33.36979150772095,0.41451569396691923],[33.369319438934326,0.41511649304010234],[33.36925506591797,0.41524523569269434],[33.369319438934326,0.4153310641266046],[33.36921215057373,0.41550272099161134],[33.36846113204956,0.41633954815509355],[33.3683967590332,0.4166399476280276],[33.36745262145996,0.4179273738107412],[33.367345333099365,0.41812048771996047],[33.36717367172241,0.4180990306191745],[33.367066383361816,0.4182063161225358],[33.3669376373291,0.4183994300249054],[33.36670160293579,0.4182492303234824]]],[[[33.36680889129639,0.414944836166697],[33.367087841033936,0.414944836166697],[33.367087841033936,0.414665893739496],[33.367345333099365,0.414665893739496],[33.367345333099365,0.4135930381586945],[33.367087841033936,0.4135930381586945],[33.367087841033936,0.4124987253168655],[33.367345333099365,0.4124987253168655],[33.367345333099365,0.41168335486629815],[33.36719512939453,0.41168335486629815],[33.36753845214844,0.4109967270537709],[33.3674955368042,0.4109323556933049],[33.367345333099365,0.41129712672901064],[33.367345333099365,0.4108679843323415],[33.367624282836914,0.4108679843323415],[33.367624282836914,0.41078215585022804],[33.369319438934326,0.4123485255033046],[33.370628356933594,0.41339992413873006],[33.370521068573,0.413442838365782],[33.37030649185181,0.41367886661049624],[33.37026357650757,0.41365740949761687],[33.370327949523926,0.4137432379487507],[33.369812965393066,0.4143011228583191],[33.368632793426514,0.4158031204963919],[33.368117809295654,0.4164253765770809],[33.36702346801758,0.41548126388367734],[33.36691617965698,0.41528814990977025],[33.36680889129639,0.41518086436664703],[33.36680889129639,0.414944836166697]]],[[[33.367087841033936,0.4115116979186979],[33.36717367172241,0.41140441232458613],[33.36730241775513,0.41140441232458613],[33.36717367172241,0.41168335486629815],[33.367087841033936,0.41168335486629815],[33.367087841033936,0.4115116979186979]]],[[[33.36723804473877,0.4097736711165396],[33.36755990982056,0.40915141451537806],[33.36803197860718,0.4088081005078692],[33.36826801300049,0.4089583003879653],[33.3683967590332,0.40891538613679757],[33.36848258972168,0.40865790062497354],[33.36867570877075,0.40848624361250074],[33.36876153945923,0.4083360437235939],[33.369083404541016,0.4079498154249137],[33.36925506591797,0.408057101065296],[33.37116479873657,0.4086793577512964],[33.373825550079346,0.4096449283754424],[33.373310565948486,0.4106104988832584],[33.372602462768555,0.41138295520556767],[33.37191581726074,0.41239143973604087],[33.37172269821167,0.4126060108962548],[33.371078968048096,0.41309952454278687],[33.37103605270386,0.4130566103138733],[33.37099313735962,0.41309952454278687],[33.37067127227783,0.41335700991143653],[33.369362354278564,0.4123056112703267],[33.367624282836914,0.4106963273672193],[33.367624282836914,0.41058904176213673],[33.36790323257446,0.41058904176213673],[33.36790323257446,0.4108679843323415],[33.36816072463989,0.4108679843323415],[33.36816072463989,0.41058904176213673],[33.36843967437744,0.41058904176213673],[33.36843967437744,0.4103315563040866],[33.36790323257446,0.4103315563040866],[33.36790323257446,0.4100526137151803],[33.367345333099365,0.4100526137151803],[33.367345333099365,0.4097736711165396],[33.36723804473877,0.4097736711165396]],[[33.36979150772095,0.4089583003879653],[33.36979150772095,0.4092372430149709],[33.37004899978638,0.4092372430149709],[33.37004899978638,0.4089583003879653],[33.36979150772095,0.4089583003879653]],[[33.37004899978638,0.4092372430149709],[33.37004899978638,0.40951618563228465],[33.370327949523926,0.40951618563228465],[33.370327949523926,0.4092372430149709],[33.37004899978638,0.4092372430149709]]],[[[33.36747407913208,0.3398875328820168],[33.3674955368042,0.33980170370335827],[33.36813926696777,0.340316678763827],[33.368589878082275,0.34057416628374426],[33.36899757385254,0.340745824626552],[33.36925506591797,0.34096039755073093],[33.3694052696228,0.3411320558866322],[33.36972713470459,0.34130371421949235],[33.36974859237671,0.34138954338476424],[33.36974859237671,0.3416255735853184],[33.369812965393066,0.34179723190936784],[33.36966276168823,0.34168994545719045],[33.369383811950684,0.3417757746190233],[33.36921215057373,0.34168994545719045],[33.369083404541016,0.34147537254928295],[33.36846113204956,0.3408531110892312],[33.36828947067261,0.3407672819191703],[33.367838859558105,0.3404454225246383],[33.36747407913208,0.3398875328820168]]],[[[33.367624282836914,0.39674918677069115],[33.36790323257446,0.39674918677069115],[33.36790323257446,0.3964917008745772],[33.36816072463989,0.3964917008745772],[33.36816072463989,0.3962127578114263],[33.36923360824585,0.3962127578114263],[33.36923360824585,0.3959338147388678],[33.36944818496704,0.3959338147388678],[33.370091915130615,0.3962556721294419],[33.370349407196045,0.3963200436060532],[33.37054252624512,0.39647024371620887],[33.370628356933594,0.39638441508216715],[33.370842933654785,0.3964273293993017],[33.3709716796875,0.3962342149704625],[33.37105751037598,0.3959981862179802],[33.371078968048096,0.3957836146189919],[33.37099313735962,0.3956977859778448],[33.37101459503174,0.3956763288174301],[33.371121883392334,0.3956763288174301],[33.371121883392334,0.3959338147388678],[33.37140083312988,0.3959338147388678],[33.37140083312988,0.3951184426268668],[33.37165832519531,0.3951184426268668],[33.37165832519531,0.3945820135621574],[33.37193727493286,0.3945820135621574],[33.37193727493286,0.39449618490860416],[33.37238788604736,0.3945605563988437],[33.37223768234253,0.39533301424305023],[33.37228059768677,0.3954617572101],[33.37249517440796,0.3955046715320236],[33.372602462768555,0.3955905001751603],[33.3724308013916,0.39606255769659526],[33.37292432785034,0.3963200436060532],[33.3739972114563,0.39659898666559457],[33.371336460113525,0.39956007394762594],[33.367624282836914,0.39777913027496936],[33.367624282836914,0.39674918677069115]],[[33.36979150772095,0.39702812981576585],[33.36979150772095,0.3973070728514472],[33.37004899978638,0.3973070728514472],[33.37004899978638,0.39702812981576585],[33.36979150772095,0.39702812981576585]]],[[[33.36790323257446,0.3855056285815124],[33.36818218231201,0.38479754140023203],[33.36826801300049,0.38434694043606044],[33.36852550506592,0.3838963394481425],[33.36865425109863,0.38351011001101654],[33.36865425109863,0.38385342506710174],[33.368611335754395,0.38413236854002264],[33.368632793426514,0.3843040260572792],[33.36867570877075,0.3843683976253658],[33.368632793426514,0.38454005513789014],[33.36848258972168,0.38488337015259333],[33.36828947067261,0.3855485429542398],[33.368096351623535,0.38589185792829994],[33.36790323257446,0.38589185792829994],[33.36790323257446,0.3855056285815124]]],[[[33.36790323257446,0.3899687221828003],[33.36843967437744,0.3899687221828003],[33.36843967437744,0.3896897789017686],[33.36897611618042,0.3896897789017686],[33.36897611618042,0.3899687221828003],[33.3695125579834,0.3899687221828003],[33.3695125579834,0.3896897789017686],[33.36979150772095,0.3896897789017686],[33.36979150772095,0.38943229278798697],[33.3695125579834,0.38943229278798697],[33.3695125579834,0.3891533494892059],[33.36977005004883,0.3891533494892059],[33.36998462677002,0.3892820925513263],[33.36989879608154,0.38949666431716423],[33.37000608444214,0.38960395019805105],[33.36964130401611,0.38992580783248343],[33.36923360824585,0.39011892240722545],[33.3690619468689,0.3903120369775479],[33.36891174316406,0.3903549513259037],[33.36869716644287,0.390097465232472],[33.36854696273804,0.39007600805766174],[33.36841821670532,0.390161836756576],[33.36813926696777,0.3902262082801684],[33.36790323257446,0.39037640850000344],[33.36790323257446,0.3899687221828003]]],[[[33.36816072463989,0.3859776866696478],[33.36828947067261,0.3857202004430036],[33.368332386016846,0.3857202004430036],[33.368353843688965,0.3856343716990551],[33.368375301361084,0.3856343716990551],[33.36871862411499,0.38589185792829994],[33.36901903152466,0.38604205822510096],[33.36914777755737,0.38623517288853293],[33.36923360824585,0.38621371570391716],[33.369362354278564,0.38629954444201076],[33.369383811950684,0.3864497447316211],[33.36949110031128,0.3864497447316211],[33.369576930999756,0.38649265909957364],[33.369576930999756,0.38653557346732725],[33.36968421936035,0.38649265909957364],[33.3699631690979,0.386557030651133],[33.37054252624512,0.38685743121855865],[33.37064981460571,0.3869432599501579],[33.370585441589355,0.3870720030459154],[33.370585441589355,0.38698617431563775],[33.37004899978638,0.38698617431563775],[33.37004899978638,0.38670723093616743],[33.36979150772095,0.38670723093616743],[33.36979150772095,0.38698617431563775],[33.3695125579834,0.38698617431563775],[33.3695125579834,0.38670723093616743],[33.36843967437744,0.38670723093616743],[33.36843967437744,0.3864497447316211],[33.36816072463989,0.3864497447316211],[33.36816072463989,0.3859776866696478]],[[33.36843967437744,0.3864497447316211],[33.36869716644287,0.3864497447316211],[33.36869716644287,0.3861708013345435],[33.36843967437744,0.3861708013345435],[33.36843967437744,0.3864497447316211]]],[[[33.36841821670532,0.38557000014051823],[33.36897611618042,0.38449714076010366],[33.36955547332764,0.38456151232672653],[33.36970567703247,0.38479754140023203],[33.36992025375366,0.38484045577651216],[33.37019920349121,0.3848189985883863],[33.370370864868164,0.38456151232672653],[33.37049961090088,0.38447568357111095],[33.37073564529419,0.38447568357111095],[33.371357917785645,0.3845185979490111],[33.37167978286743,0.3846044267042146],[33.37266683578491,0.38501211327954366],[33.371336460113525,0.3846258838928662],[33.37122917175293,0.3846044267042146],[33.3709716796875,0.3855485429542398],[33.37090730667114,0.3859776866696478],[33.37077856063843,0.3863639159950196],[33.37080001831055,0.3865141162834931],[33.37071418762207,0.38677160248609255],[33.37067127227783,0.3868359740355203],[33.36841821670532,0.38557000014051823]]],[[[33.368632793426514,0.4064478163095515],[33.36893320083618,0.40554661670621783],[33.369319438934326,0.40528913108683184],[33.36974859237671,0.4051174740026795],[33.37002754211426,0.4051818454096576],[33.37024211883545,0.4051603882740409],[33.37054252624512,0.40522475968067795],[33.37127208709717,0.4040875314214958],[33.37163686752319,0.40378713147737244],[33.37552070617676,0.40552515957156743],[33.374125957489014,0.4088510147596196],[33.374104499816895,0.4091299573903484],[33.374061584472656,0.4092587001397163],[33.373847007751465,0.40960201412795527],[33.37118625640869,0.40863644349862227],[33.36927652359009,0.4079927296812542],[33.369104862213135,0.40790690116836004],[33.369319438934326,0.4073490158123576],[33.36927652359009,0.4071344445113141],[33.369340896606445,0.40685550181139263],[33.369104862213135,0.4066838447605079],[33.368632793426514,0.4064478163095515]]],[[[33.36869716644287,0.3832955380939609],[33.36876153945923,0.3824587075661725],[33.36874008178711,0.38209393525926316],[33.36923360824585,0.38209393525926316],[33.36923360824585,0.38155750536805044],[33.3695125579834,0.38155750536805044],[33.3695125579834,0.3812785618113992],[33.370606899261475,0.3812785618113992],[33.370521068573,0.381321476205315],[33.3699631690979,0.38138584779579787],[33.36977005004883,0.38151459097531415],[33.3695125579834,0.3818364489156778],[33.3695125579834,0.3820510208691985],[33.369362354278564,0.38241579317791263],[33.368847370147705,0.38303805178641426],[33.36869716644287,0.3832955380939609]]],[[[33.36966276168823,0.40275718872760535],[33.371357917785645,0.39962444539844455],[33.374812602996826,0.4013839315255012],[33.37502717971802,0.4014483029620095],[33.37519884109497,0.40140538867105136],[33.37502717971802,0.40142684581654464],[33.371379375457764,0.3995815310979509],[33.374061584472656,0.39659898666559457],[33.37496280670166,0.3968564725583832],[33.37543487548828,0.39704958697268466],[33.375842571258545,0.39737144431987304],[33.37620735168457,0.3974358157878157],[33.376572132110596,0.3975860158776925],[33.377559185028076,0.3981224447478411],[33.37873935699463,0.398637416430347],[33.378117084503174,0.39962444539844455],[33.376872539520264,0.40234950301983474],[33.375585079193115,0.40172724584768105],[33.375370502471924,0.401512674397992],[33.37562799453735,0.40181307442595937],[33.376851081848145,0.4024353315915761],[33.37670087814331,0.4027786458695459],[33.37646484375,0.4027357315855937],[33.37622880935669,0.40258553158996335],[33.376121520996094,0.40258553158996335],[33.375864028930664,0.4024782458771057],[33.37579965591431,0.4025640744475112],[33.37579965591431,0.402671360159232],[33.376593589782715,0.40299321728592474],[33.37554216384888,0.4054822453021387],[33.37099313735962,0.40344381724192147],[33.36966276168823,0.40275718872760535]],[[33.37528467178345,0.402843017295055],[33.375370502471924,0.402843017295055],[33.3754563331604,0.4029073887200525],[33.3754563331604,0.4029717601445384],[33.37541341781616,0.40301467442725425],[33.37543487548828,0.4030361315685269],[33.37549924850464,0.40299321728592474],[33.37562799453735,0.40275718872760535],[33.37552070617676,0.40280010301142966],[33.37539196014404,0.4027357315855937],[33.37528467178345,0.402843017295055]],[[33.37616443634033,0.4036583886407641],[33.37622880935669,0.40361547436147305],[33.37618589401245,0.40361547436147305],[33.37616443634033,0.4036583886407641]]],[[[33.36972713470459,0.3960196433775849],[33.37000608444214,0.3953973857268238],[33.37004899978638,0.3953973857268238],[33.37004899978638,0.39529009992025976],[33.370113372802734,0.3951184426268668],[33.370864391326904,0.3951184426268668],[33.370864391326904,0.3956763288174301],[33.37088584899902,0.3956763288174301],[33.37077856063843,0.39584798609926963],[33.37054252624512,0.39640587224076285],[33.370370864868164,0.39627712928836445],[33.370091915130615,0.3962127578114263],[33.36972713470459,0.3960196433775849]],[[33.37004899978638,0.3953973857268238],[33.37004899978638,0.3956763288174301],[33.370327949523926,0.3956763288174301],[33.370327949523926,0.3953973857268238],[33.37004899978638,0.3953973857268238]]],[[[33.36979150772095,0.38887440618118774],[33.370327949523926,0.38887440618118774],[33.370327949523926,0.3886169200425229],[33.37054252624512,0.3886169200425229],[33.370521068573,0.3886812915779103],[33.3704137802124,0.38881003464724984],[33.370327949523926,0.3890460636025921],[33.37026357650757,0.3891104351347252],[33.37024211883545,0.38919626384344497],[33.37019920349121,0.38919626384344497],[33.37017774581909,0.3892177210205148],[33.37019920349121,0.3893250069049401],[33.37013483047485,0.3893893784349274],[33.370091915130615,0.38951812149346665],[33.37000608444214,0.38956103584585833],[33.36998462677002,0.38949666431716423],[33.36994171142578,0.3894752071408334],[33.37000608444214,0.3892820925513263],[33.3699631690979,0.3892177210205148],[33.37000608444214,0.38917480666634674],[33.36998462677002,0.38913189231197975],[33.36979150772095,0.3891104351347252],[33.36979150772095,0.38906752078001716],[33.369834423065186,0.3890889779573996],[33.369855880737305,0.38906752078001716],[33.369834423065186,0.38893877771461405],[33.36979150772095,0.38893877771461405],[33.36979150772095,0.38887440618118774]]],[[[33.369834423065186,0.34184014648988637],[33.369877338409424,0.3419259756503692],[33.369855880737305,0.3419259756503692],[33.369834423065186,0.34184014648988637]]],[[[33.37015628814697,0.38949666431716423],[33.370628356933594,0.3886169200425229],[33.370864391326904,0.3886169200425229],[33.370864391326904,0.3880804905617765],[33.3709716796875,0.387823004398939],[33.370864391326904,0.38771571849544273],[33.370864391326904,0.3875226038657189],[33.370585441589355,0.3875226038657189],[33.370585441589355,0.387200746139726],[33.37069272994995,0.38687888840154017],[33.37077856063843,0.38681451685242507],[33.370864391326904,0.3865141162834931],[33.370842933654785,0.3863639159950196],[33.37095022201538,0.38599914385486045],[33.37101459503174,0.3855485429542398],[33.37125062942505,0.38471171264697546],[33.372817039489746,0.3851408564045613],[33.37376117706299,0.3855270857679045],[33.373610973358154,0.38589185792829994],[33.37328910827637,0.3876942613145644],[33.37316036224365,0.3879732046615487],[33.37318181991577,0.38818777646064007],[33.37303161621094,0.3886169200425229],[33.37270975112915,0.3889173205368479],[33.372559547424316,0.3890031492475572],[33.372108936309814,0.3894108356114856],[33.37180852890015,0.3899472650076632],[33.37125062942505,0.38966832172593513],[33.37099313735962,0.39007600805766174],[33.37103605270386,0.38988289348192495],[33.37118625640869,0.3897112360775594],[33.37125062942505,0.389539578669698],[33.37125062942505,0.38949666431716423],[33.37118625640869,0.3893893784349274],[33.37105751037598,0.3893250069049401],[33.370585441589355,0.3893893784349274],[33.37039232254028,0.38949666431716423],[33.37015628814697,0.38949666431716423]]],[[[33.37043523788452,0.41370032372330456],[33.371851444244385,0.4125630966646838],[33.37230205535889,0.41198375451568836],[33.37266683578491,0.4114258694435051],[33.373353481292725,0.41065341312535963],[33.374125957489014,0.4092372430149709],[33.37421178817749,0.40876518625590563],[33.37496280670166,0.4070915302504119],[33.375585079193115,0.4055037024368744],[33.37625026702881,0.40580410231741837],[33.37614297866821,0.40595430225350526],[33.37579965591431,0.40625470211730885],[33.37549924850464,0.4067482161550089],[33.37539196014404,0.40696278746634107],[33.37515592575073,0.4072417301625393],[33.37564945220947,0.4075635871077026],[33.37579965591431,0.4077567012686245],[33.37575674057007,0.40790690116836004],[33.3760142326355,0.40812147244884045],[33.37625026702881,0.4083575008507552],[33.376357555389404,0.40842187223188375],[33.37616443634033,0.4088081005078692],[33.3760142326355,0.4089583003879653],[33.3754563331604,0.4096878426227022],[33.37547779083252,0.4097736711165396],[33.375349044799805,0.4100955279602658],[33.37498426437378,0.4101169850827091],[33.37472677230835,0.41000969946986743],[33.37466239929199,0.4100955279602658],[33.37466239929199,0.4102028135719564],[33.37479114532471,0.4104173847910175],[33.37470531463623,0.41046029903414194],[33.374598026275635,0.41058904176213673],[33.3750057220459,0.4106963273672193],[33.37472677230835,0.41106109841369687],[33.37427616119385,0.41189792604558306],[33.37401866912842,0.4121983256868873],[33.37378263473511,0.4122626970371357],[33.373310565948486,0.4121124972191126],[33.37318181991577,0.4122197828036889],[33.37303161621094,0.4124772682008171],[33.37268829345703,0.4126918393587289],[33.372559547424316,0.41264892512761264],[33.37204456329346,0.4131638958857309],[33.37172269821167,0.4130136960847466],[33.37163686752319,0.41303515319933126],[33.37146520614624,0.41324972434217955],[33.37129354476929,0.41324972434217955],[33.371100425720215,0.41348575259262077],[33.370606899261475,0.4138076092864651],[33.37043523788452,0.41370032372330456]]],[[[33.370864391326904,0.38074213186936845],[33.371121883392334,0.38074213186936845],[33.371121883392334,0.38046318828632764],[33.37193727493286,0.38046318828632764],[33.37193727493286,0.38069921747256785],[33.37146520614624,0.3810425326410325],[33.371121883392334,0.3811712758256647],[33.370864391326904,0.3812141902201205],[33.370864391326904,0.38074213186936845]]],[[[33.370864391326904,0.39132052410602114],[33.37092876434326,0.39106303804216225],[33.37088584899902,0.390848466316271],[33.37090730667114,0.3904407800219616],[33.3709716796875,0.3901832939311589],[33.37127208709717,0.3897326932532934],[33.37180852890015,0.3899901793578806],[33.375327587127686,0.393659355489973],[33.37515592575073,0.3938095556482324],[33.375070095062256,0.39383101281346455],[33.37446928024292,0.3936378983243003],[33.37427616119385,0.3938095556482324],[33.374340534210205,0.393981212968626],[33.374319076538086,0.39421724177839224],[33.374083042144775,0.39417432744983216],[33.37404012680054,0.39419578461415483],[33.373825550079346,0.39460347072541424],[33.37369680404663,0.39509698546493155],[33.37365388870239,0.3953544714043602],[33.37371826171875,0.39554758585369143],[33.373847007751465,0.3955905001751603],[33.373868465423584,0.39563341449640177],[33.374319076538086,0.3957192431382026],[33.37429761886597,0.3959767290583329],[33.37423324584961,0.3962342149704625],[33.37401866912842,0.3965346151911575],[33.37294578552246,0.3962556721294419],[33.37249517440796,0.3960411005371185],[33.37264537811279,0.3955690430144614],[33.37251663208008,0.3954617572101],[33.372323513031006,0.39541884288796325],[33.37228059768677,0.39531155708169763],[33.37245225906372,0.39451764207205997],[33.37193727493286,0.39443181341782463],[33.37193727493286,0.39430307043484447],[33.37221622467041,0.39430307043484447],[33.37221622467041,0.3937666413175691],[33.37247371673584,0.3937666413175691],[33.37247371673584,0.39348769816294293],[33.37221622467041,0.39348769816294293],[33.37221622467041,0.3932302121657898],[33.37275266647339,0.3932302121657898],[33.37275266647339,0.39269378297954916],[33.37301015853882,0.39269378297954916],[33.37301015853882,0.39132052410602114],[33.37193727493286,0.39132052410602114],[33.37193727493286,0.39106303804216225],[33.371121883392334,0.39106303804216225],[33.371121883392334,0.39132052410602114],[33.370864391326904,0.39132052410602114]]],[[[33.371422290802,0.343835674272313],[33.37165832519531,0.343835674272313],[33.37165832519531,0.3440931616977849],[33.37219476699829,0.3440931616977849],[33.37219476699829,0.34437210640086846],[33.37247371673584,0.34437210640086846],[33.37247371673584,0.34465105109578076],[33.37301015853882,0.34465105109578076],[33.37301015853882,0.3449085384992401],[33.3735466003418,0.3449085384992401],[33.3735466003418,0.3451874831784352],[33.37464094161987,0.3451874831784352],[33.37464094161987,0.3457239152308347],[33.3748984336853,0.3457239152308347],[33.3748984336853,0.34628180453316304],[33.37524175643921,0.34628180453316304],[33.37517738342285,0.34636763365369916],[33.37517738342285,0.3465178346127544],[33.37522029876709,0.34666803556940806],[33.375113010406494,0.3468182365237027],[33.375113010406494,0.3469684374755815],[33.37498426437378,0.3470757238683291],[33.374812602996826,0.34701135203282263],[33.37466239929199,0.3470757238683291],[33.374576568603516,0.3470757238683291],[33.37451219558716,0.34703280931138636],[33.37451219558716,0.34686115108161175],[33.37442636489868,0.34677532196556626],[33.37401866912842,0.3465822064516004],[33.37367534637451,0.34647492005325375],[33.373310565948486,0.34611014628978864],[33.37328910827637,0.346045774447731],[33.373332023620605,0.3458955734812008],[33.373310565948486,0.3457239152308347],[33.37322473526001,0.3455951715410208],[33.37303161621094,0.34550934241350717],[33.372817039489746,0.345616628822782],[33.37268829345703,0.345616628822782],[33.37240934371948,0.34542351328522614],[33.37238788604736,0.3453591414385073],[33.37251663208008,0.3451874831784352],[33.37249517440796,0.34512311133012474],[33.37238788604736,0.3449943676321823],[33.37225914001465,0.3449943676321823],[33.37215185165405,0.3450801967643429],[33.37200164794922,0.3449943676321823],[33.37195873260498,0.34480125208197876],[33.37176561355591,0.34462959381185954],[33.37174415588379,0.34447939282296147],[33.37146520614624,0.3440502471273561],[33.37148666381836,0.34392150341491856],[33.371422290802,0.343835674272313]]],[[[33.371851444244385,0.3899687221828003],[33.37215185165405,0.3894752071408334],[33.37292432785034,0.388831491825286],[33.37318181991577,0.38857400568531375],[33.37341785430908,0.3875869754094481],[33.37373971939087,0.3878444615794763],[33.374598026275635,0.38831651953749713],[33.37567090988159,0.3890460636025921],[33.375606536865234,0.3893035497281545],[33.37678670883179,0.39014037958193626],[33.37713003158569,0.3903334941517471],[33.37713003158569,0.39093429500728405],[33.37775230407715,0.39129906693432304],[33.37597131729126,0.39383101281346455],[33.37547779083252,0.39350915532902775],[33.375370502471924,0.39361644115854233],[33.371851444244385,0.3899687221828003]],[[33.37464094161987,0.39078409479742504],[33.37464094161987,0.39106303804216225],[33.3748984336853,0.39106303804216225],[33.3748984336853,0.39078409479742504],[33.37464094161987,0.39078409479742504]]],[[[33.37219476699829,0.4209528245083902],[33.37223768234253,0.4208240819493767],[33.37230205535889,0.42071679648188365],[33.372581005096436,0.4205236826367127],[33.37273120880127,0.4204593113539232],[33.37290287017822,0.42030911169200635],[33.37290287017822,0.4202018262174505],[33.372838497161865,0.42009454074143093],[33.37277412414551,0.42003016945510296],[33.37275266647339,0.4199657981682492],[33.3728814125061,0.41972977011191404],[33.3728814125061,0.41964394172602226],[33.37296724319458,0.4195581133392068],[33.3729887008667,0.41945082785431964],[33.37303161621094,0.4194079136599811],[33.373117446899414,0.41919334268465036],[33.37316036224365,0.4188500291119368],[33.37339639663696,0.4186354581213294],[33.3734393119812,0.41850671552415974],[33.3734393119812,0.4180132022154339],[33.37363243103027,0.4176484314890416],[33.373825550079346,0.4176484314890416],[33.373825550079346,0.4182063161225358],[33.374104499816895,0.4182063161225358],[33.374104499816895,0.41846380132463423],[33.373825550079346,0.41846380132463423],[33.373825550079346,0.4203734829760464],[33.374104499816895,0.4203734829760464],[33.374104499816895,0.42090991032227976],[33.374361991882324,0.42090991032227976],[33.374361991882324,0.42063096810684897],[33.3748984336853,0.42063096810684897],[33.3748984336853,0.42069533938821735],[33.374834060668945,0.4208669961359419],[33.374855518341064,0.42118885252776295],[33.373825550079346,0.42118885252776295],[33.373825550079346,0.4215107089062826],[33.37341785430908,0.4214677947232559],[33.3729887008667,0.4214892518147906],[33.37223768234253,0.4214892518147906],[33.37219476699829,0.42108156706530053],[33.37219476699829,0.4209528245083902]]],[[[33.37251663208008,0.36722408643771587],[33.37266683578491,0.3669880568892694],[33.372859954833984,0.36621559650538416],[33.373074531555176,0.36608685310159217],[33.37328910827637,0.36608685310159217],[33.37328910827637,0.36597956693033495],[33.374083042144775,0.3655289649971536],[33.374361991882324,0.36555042223257317],[33.374361991882324,0.3658079090537001],[33.37464094161987,0.3658079090537001],[33.37464094161987,0.36608685310159217],[33.3748984336853,0.36608685310159217],[33.3748984336853,0.36690222796102034],[33.37517738342285,0.36690222796102034],[33.37517738342285,0.3671811719748206],[33.37597131729126,0.3671811719748206],[33.37597131729126,0.3674386587490801],[33.37464094161987,0.3674386587490801],[33.37464094161987,0.3671811719748206],[33.374361991882324,0.3671811719748206],[33.374361991882324,0.36690222796102034],[33.374083042144775,0.36690222796102034],[33.374083042144775,0.36662328393850885],[33.373825550079346,0.36662328393850885],[33.373825550079346,0.3663657971408014],[33.3735466003418,0.3663657971408014],[33.3735466003418,0.36662328393850885],[33.37328910827637,0.36662328393850885],[33.37328910827637,0.3671811719748206],[33.373825550079346,0.3671811719748206],[33.373825550079346,0.36799654673448856],[33.374083042144775,0.36799654673448856],[33.374104499816895,0.3685329774567947],[33.3748984336853,0.3685329774567947],[33.3748984336853,0.36906940814678535],[33.37464094161987,0.36906940814678535],[33.37464094161987,0.3693483520927998],[33.3748984336853,0.3693483520927998],[33.3748984336853,0.3696058388044321],[33.37517738342285,0.3696058388044321],[33.37517738342285,0.3693483520927998],[33.37543487548828,0.3693483520927998],[33.37543487548828,0.36906940814678535],[33.37597131729126,0.36906940814678535],[33.37597131729126,0.3696058388044321],[33.37571382522583,0.3696058388044321],[33.37571382522583,0.3704212133419844],[33.37597131729126,0.3704212133419844],[33.37597131729126,0.3707001572455084],[33.37625026702881,0.3707001572455084],[33.37625026702881,0.37097910114026433],[33.37652921676636,0.37097910114026433],[33.37652921676636,0.3712365878045176],[33.37678670883179,0.3712365878045176],[33.37678670883179,0.3720519621918754],[33.377065658569336,0.3720519621918754],[33.377065658569336,0.3725883926687885],[33.377602100372314,0.3725883926687885],[33.377602100372314,0.37286733650388726],[33.37777376174927,0.37286733650388726],[33.37773084640503,0.3730175370268114],[33.37775230407715,0.37314628033013264],[33.377838134765625,0.3732106519810827],[33.377859592437744,0.37340376693114763],[33.37790250778198,0.37340376693114763],[33.37798833847046,0.3735754246609275],[33.37796688079834,0.37370416795610595],[33.377859592437744,0.3740045689707898],[33.37764501571655,0.3740903978302441],[33.37751626968384,0.37396165454075003],[33.377344608306885,0.3733393952816044],[33.37713003158569,0.37284587928611757],[33.37305307388306,0.3679536322753023],[33.3725380897522,0.367395744287208],[33.37251663208008,0.36722408643771587]]],[[[33.37275266647339,0.34904979327740193],[33.37378263473511,0.3477623567531367],[33.37404012680054,0.3473546684837885],[33.374319076538086,0.3470971811467507],[33.37442636489868,0.3469040656393503],[33.37442636489868,0.3470971811467507],[33.374576568603516,0.34718301025986875],[33.37470531463623,0.34718301025986875],[33.374812602996826,0.34711863842510127],[33.374876976013184,0.3471400957034092],[33.37498426437378,0.3472688393722194],[33.37515592575073,0.3472902966502005],[33.37517738342285,0.3472473820942099],[33.375113010406494,0.3470757238683291],[33.37517738342285,0.34703280931138636],[33.37522029876709,0.3469684374755815],[33.37519884109497,0.34683969380267854],[33.375306129455566,0.3467324074072451],[33.375327587127686,0.3466251210105895],[33.37526321411133,0.3465392918923982],[33.37528467178345,0.3463890909337124],[33.375349044799805,0.34628180453316304],[33.37543487548828,0.34628180453316304],[33.37543487548828,0.3460028598860987],[33.37571382522583,0.3460028598860987],[33.37571382522583,0.3457239152308347],[33.37543487548828,0.3457239152308347],[33.37543487548828,0.3451874831784352],[33.37517738342285,0.3451874831784352],[33.37517738342285,0.3449085384992401],[33.374619483947754,0.3449085384992401],[33.374598026275635,0.3448441666490396],[33.37442636489868,0.34486562393247766],[33.374361991882324,0.34480125208197876],[33.374361991882324,0.34437210640086846],[33.374104499816895,0.34437210640086846],[33.374083042144775,0.3440931616977849],[33.374361991882324,0.3440931616977849],[33.374361991882324,0.3435567295535549],[33.37464094161987,0.3435567295535549],[33.37464094161987,0.34327778482665394],[33.3748984336853,0.34327778482665394],[33.3748984336853,0.343020297379212],[33.37517738342285,0.343020297379212],[33.37517738342285,0.34274135263667915],[33.37543487548828,0.34274135263667915],[33.37543487548828,0.3422049204166484],[33.37571382522583,0.3422049204166484],[33.37571382522583,0.3408531110892312],[33.37543487548828,0.3408531110892312],[33.37543487548828,0.34057416628374426],[33.37517738342285,0.34057416628374426],[33.37517738342285,0.3402952214701713],[33.3748984336853,0.3402952214701713],[33.3748984336853,0.34057416628374426],[33.37464094161987,0.34057416628374426],[33.37464094161987,0.3408531110892312],[33.374083042144775,0.3408531110892312],[33.374083042144775,0.3394798442766245],[33.374361991882324,0.3394798442766245],[33.374361991882324,0.3389434118749648],[33.37464094161987,0.3389434118749648],[33.37464094161987,0.3386644670143255],[33.37526321411133,0.3386644670143255],[33.37571382522583,0.3388575826879219],[33.37571382522583,0.3394798442766245],[33.37597131729126,0.3394798442766245],[33.37597131729126,0.339758789113759],[33.37625026702881,0.339758789113759],[33.37625026702881,0.34001627664856926],[33.37614297866821,0.3399519047655133],[33.37599277496338,0.3399089901765677],[33.3759069442749,0.3399304474710476],[33.37575674057007,0.3398446182927728],[33.37552070617676,0.3398875328820168],[33.37554216384888,0.34001627664856926],[33.37575674057007,0.3404454225246383],[33.37575674057007,0.34061708086971976],[33.375842571258545,0.3407243673338485],[33.375864028930664,0.34111059859482395],[33.37603569030762,0.3411320558866322],[33.37603569030762,0.34130371421949235],[33.376100063323975,0.34153974442216395],[33.3759069442749,0.34156120171302007],[33.375842571258545,0.3416041162946186],[33.375821113586426,0.34201180481008464],[33.375864028930664,0.3421190912586667],[33.37599277496338,0.3422263777060266],[33.3760142326355,0.3423122068630562],[33.376057147979736,0.34349235769423103],[33.37614297866821,0.34357818683990615],[33.37644338607788,0.34420044812301853],[33.37644338607788,0.34437210640086846],[33.37625026702881,0.34437210640086846],[33.37625026702881,0.3440931616977849],[33.37597131729126,0.3440931616977849],[33.37597131729126,0.343835674272313],[33.37543487548828,0.343835674272313],[33.37543487548828,0.34465105109578076],[33.37571382522583,0.34465105109578076],[33.37571382522583,0.3449085384992401],[33.37625026702881,0.3449085384992401],[33.37625026702881,0.3451660258957219],[33.376057147979736,0.3457024579493151],[33.3760142326355,0.3460028598860987],[33.37599277496338,0.3466251210105895],[33.376057147979736,0.3469255229181414],[33.376057147979736,0.34733321120599214],[33.37597131729126,0.3475477839819945],[33.376057147979736,0.348448989587979],[33.37618589401245,0.3489425069071075],[33.37614297866821,0.3490068787294405],[33.37614297866821,0.3491356223727706],[33.376100063323975,0.34917853692016365],[33.376078605651855,0.3493716523809667],[33.37573528289795,0.3496935114735038],[33.37549120187731,0.349843712379581],[33.37552070617676,0.349843712379581],[33.3754563331604,0.3498651696516788],[33.37524175643921,0.349843712379581],[33.37526321411133,0.349843712379581],[33.37464094161987,0.3496505969284698],[33.37464094161987,0.3495218532921882],[33.3748984336853,0.3495218532921882],[33.3748984336853,0.34926436601435285],[33.37464094161987,0.34926436601435285],[33.37464094161987,0.3489854214553816],[33.3748984336853,0.3489854214553816],[33.3748984336853,0.3487064768881396],[33.37517738342285,0.3487064768881396],[33.37517738342285,0.34789110041346305],[33.373825550079346,0.34789110041346305],[33.373825550079346,0.34817004500484927],[33.3735466003418,0.34817004500484927],[33.3735466003418,0.348448989587979],[33.37328910827637,0.348448989587979],[33.37328910827637,0.3492214514673435],[33.37275266647339,0.34904979327740193]],[[33.3748984336853,0.3402952214701713],[33.3748984336853,0.339758789113759],[33.374361991882324,0.339758789113759],[33.374361991882324,0.3400377339428218],[33.37464094161987,0.3400377339428218],[33.37464094161987,0.3402952214701713],[33.3748984336853,0.3402952214701713]]],[[[33.37348222732544,0.38754406104700934],[33.37350368499756,0.3870934602283711],[33.373610973358154,0.3865784878348677],[33.373610973358154,0.3860849725951425],[33.37367534637451,0.3859347722990947],[33.37378263473511,0.385763114814651],[33.37393283843994,0.38541979983538965],[33.37419033050537,0.38501211327954366],[33.37468385696411,0.38490482734054865],[33.37476968765259,0.38479754140023203],[33.374876976013184,0.3847546270237103],[33.375091552734375,0.38479754140023203],[33.375113010406494,0.3848189985883863],[33.37504863739014,0.38582748637172415],[33.375091552734375,0.38621371570391716],[33.37515592575073,0.3863853731792517],[33.375349044799805,0.386557030651133],[33.37592840194702,0.38687888840154017],[33.37670087814331,0.3872436605039127],[33.37740898132324,0.38762988977165946],[33.37863206863403,0.3882306908198103],[33.37869644165039,0.3882950623581536],[33.37923288345337,0.3885525485066239],[33.37869644165039,0.38966832172593513],[33.3784818649292,0.39003309370788486],[33.37839603424072,0.39029057980327764],[33.37790250778198,0.391341981277634],[33.37719440460205,0.3909128378346054],[33.37719440460205,0.3903120369775479],[33.376808166503906,0.390097465232472],[33.37567090988159,0.3892820925513263],[33.37573528289795,0.38902460642509595],[33.37479114532471,0.3883808910751867],[33.37378263473511,0.3878015472183307],[33.37348222732544,0.38754406104700934]]],[[[33.3748984336853,0.42009454074143093],[33.375091552734375,0.42009454074143093],[33.37498426437378,0.42022328331249525],[33.37491989135742,0.4204163971650985],[33.3748984336853,0.42063096810684897],[33.3748984336853,0.42009454074143093]]],[[[33.3748984336853,0.4214463376316502],[33.375070095062256,0.4215107089062826],[33.375113010406494,0.42166090854505],[33.3748984336853,0.4216394514539843],[33.3748984336853,0.4214463376316502]]],[[[33.375091552734375,0.3828020226643787],[33.37513446807861,0.38256599353583454],[33.37552070617676,0.3818149917200202],[33.37567090988159,0.381621876956757],[33.37588548660278,0.3809567038501882],[33.376057147979736,0.3806777602740823],[33.376336097717285,0.38046318828632764],[33.378610610961914,0.3805704742808729],[33.378846645355225,0.38037735948972795],[33.37946891784668,0.3805704742808729],[33.380799293518066,0.38123564741727023],[33.37946891784668,0.3832955380939609],[33.37929725646973,0.3834242812448565],[33.37725877761841,0.38387488225764343],[33.37689399719238,0.3840679969701455],[33.37676525115967,0.38434694043606044],[33.37652921676636,0.3845185979490111],[33.375821113586426,0.3841752829196423],[33.37564945220947,0.38413236854002264],[33.37528467178345,0.3839177966385705],[33.37528467178345,0.383445738436464],[33.37524175643921,0.38318825213343644],[33.375091552734375,0.3828020226643787]],[[33.37841749191284,0.382372878789468],[33.37841749191284,0.38290930862974903],[33.37867498397827,0.38290930862974903],[33.37867498397827,0.38265182231059214],[33.37895393371582,0.38265182231059214],[33.37895393371582,0.382372878789468],[33.37841749191284,0.382372878789468]]],[[[33.375091552734375,0.42009454074143093],[33.37517738342285,0.42009454074143093],[33.37517738342285,0.4199872552639192],[33.37522029876709,0.4199872552639192],[33.37522029876709,0.4201159978367599],[33.375091552734375,0.42009454074143093]]],[[[33.37513446807861,0.38591331511373994],[33.37515592575073,0.3851408564045613],[33.37524175643921,0.3840679969701455],[33.375306129455566,0.3839821682095703],[33.37562799453735,0.3841752829196423],[33.37579965591431,0.38421819729907725],[33.37655067443848,0.38456151232672653],[33.376808166503906,0.3843898548146143],[33.37693691253662,0.38411091135012043],[33.37728023529053,0.3839392538289701],[33.379318714141846,0.38348865281956535],[33.37951183319092,0.3833384524778154],[33.380069732666016,0.3824587075661725],[33.380091190338135,0.3825230791481147],[33.38002681732178,0.3827591082778383],[33.37998390197754,0.38308096617154774],[33.379812240600586,0.3833384524778154],[33.379619121551514,0.38348865281956535],[33.37946891784668,0.38411091135012043],[33.37964057922363,0.3835315672024251],[33.379833698272705,0.3833813668614283],[33.38002681732178,0.38303805178641426],[33.380069732666016,0.3827376510844971],[33.38013410568237,0.3825230791481147],[33.380091190338135,0.3824372503720781],[33.380370140075684,0.38202956367409513],[33.38077783584595,0.38209393525926316],[33.38120698928833,0.38226559281739014],[33.38120698928833,0.38224413562279835],[33.381099700927734,0.382179764038753],[33.380584716796875,0.3820081064789349],[33.380370140075684,0.3820081064789349],[33.380863666534424,0.38125710461436313],[33.385090827941895,0.38314533774884296],[33.38446855545044,0.3839392538289701],[33.384854793548584,0.3845185979490111],[33.38515520095825,0.38490482734054865],[33.38541269302368,0.3852266851534836],[33.38551998138428,0.38529105671460684],[33.385584354400635,0.38557000014051823],[33.38551998138428,0.3856343716990551],[33.38547706604004,0.3856343716990551],[33.385348320007324,0.3857845720004036],[33.38528394699097,0.38582748637172415],[33.38515520095825,0.3857845720004036],[33.3848762512207,0.3858060291860852],[33.384811878204346,0.38589185792829994],[33.38474750518799,0.3861064297800567],[33.38449001312256,0.3858704007428315],[33.38423252105713,0.38606351541015727],[33.384060859680176,0.3863424588107449],[33.38388919830322,0.3864497447316211],[33.383803367614746,0.3863853731792517],[33.38388919830322,0.38621371570391716],[33.38423252105713,0.3858704007428315],[33.38440418243408,0.3857416576288557],[33.384296894073486,0.3854841713950634],[33.384296894073486,0.3853339710884143],[33.384318351745605,0.3852266851534836],[33.38423252105713,0.38501211327954366],[33.38412523269653,0.38492628452846134],[33.38421106338501,0.38503357046718634],[33.38427543640137,0.3852266851534836],[33.38425397872925,0.38535542827524694],[33.384296894073486,0.3855485429542398],[33.384361267089844,0.3857202004430036],[33.38421106338501,0.38582748637172415],[33.38376045227051,0.38629954444201076],[33.383545875549316,0.38698617431563775],[33.38290214538574,0.3866643165692807],[33.38279485702515,0.38670723093616743],[33.38142156600952,0.38956103584585833],[33.38092803955078,0.3893250069049401],[33.380820751190186,0.3891533494892059],[33.38090658187866,0.3893250069049401],[33.37873935699463,0.3881663192809839],[33.3759069442749,0.38677160248609255],[33.375327587127686,0.38640683036342693],[33.37517738342285,0.38621371570391716],[33.37513446807861,0.38591331511373994]],[[33.37976932525635,0.3866214022021808],[33.37974786758423,0.38677160248609255],[33.379833698272705,0.38696471713291203],[33.379855155944824,0.3871792889575687],[33.37989807128906,0.3872865748678578],[33.37987661361694,0.38732948923160393],[33.37998390197754,0.38771571849544273],[33.37996244430542,0.3875655182282429],[33.37987661361694,0.3869218027673327],[33.37976932525635,0.38677160248609255],[33.37976932525635,0.3866214022021808]],[[33.379855155944824,0.3864497447316211],[33.379833698272705,0.38653557346732725],[33.37976932525635,0.38659994501855977],[33.37976932525635,0.3866214022021808],[33.37987661361694,0.38653557346732725],[33.379855155944824,0.3864497447316211]],[[33.37974786758423,0.385763114814651],[33.379812240600586,0.3860849725951425],[33.37974786758423,0.38629954444201076],[33.379855155944824,0.3864497447316211],[33.379812240600586,0.38632100162641336],[33.379855155944824,0.38606351541015727],[33.37974786758423,0.385763114814651]],[[33.37946891784668,0.38411091135012043],[33.37944746017456,0.3841752829196423],[33.379361629486084,0.38428256886781753],[33.37929725646973,0.3846258838928662],[33.3794903755188,0.38524814234057203],[33.379619121551514,0.3853983426487275],[33.379619121551514,0.3855270857679045],[33.37974786758423,0.385763114814651],[33.37964057922363,0.38537688546200854],[33.37953329086304,0.38524814234057203],[33.37942600250244,0.38492628452846134],[33.379361629486084,0.38456151232672653],[33.37940454483032,0.38447568357111095],[33.3793830871582,0.38434694043606044],[33.3794903755188,0.3841967401094024],[33.37946891784668,0.38411091135012043]],[[33.38227987289429,0.382608907923327],[33.38227987289429,0.3826303651169809],[33.382580280303955,0.3824372503720781],[33.38262319564819,0.38235142159516045],[33.382601737976074,0.38235142159516045],[33.382558822631836,0.38241579317791263],[33.38227987289429,0.382608907923327]],[[33.38120698928833,0.38226559281739014],[33.38120698928833,0.382372878789468],[33.38127136230469,0.38239433598371875],[33.38146448135376,0.38241579317791263],[33.38165760040283,0.3825445363419959],[33.38187217712402,0.38248016476019586],[33.382108211517334,0.3825016219541908],[33.38221549987793,0.3825445363419959],[33.38227987289429,0.382608907923327],[33.38223695755005,0.3825230791481147],[33.38212966918945,0.38248016476019586],[33.38187217712402,0.3824372503720781],[33.38167905807495,0.3825230791481147],[33.38146448135376,0.382372878789468],[33.38122844696045,0.38235142159516045],[33.38120698928833,0.38226559281739014]],[[33.38412523269653,0.38492628452846134],[33.38412523269653,0.38490482734054865],[33.38403940200806,0.38486191296458117],[33.38388919830322,0.3847331698353571],[33.38378190994263,0.38458296951547766],[33.3838677406311,0.3847546270237103],[33.38401794433594,0.38490482734054865],[33.38412523269653,0.38492628452846134]],[[33.380069732666016,0.387823004398939],[33.380069732666016,0.387908833120747],[33.380112648010254,0.3879732046615487],[33.380091190338135,0.387908833120747],[33.380091190338135,0.387823004398939],[33.380069732666016,0.387823004398939]],[[33.380112648010254,0.38799466184168807],[33.38013410568237,0.3881663192809839],[33.38017702102661,0.3882092336402536],[33.380112648010254,0.38799466184168807]],[[33.38045597076416,0.38896023489232334],[33.3804988861084,0.3890460636025921],[33.38052034378052,0.3890460636025921],[33.38045597076416,0.38896023489232334]],[[33.38273048400879,0.38230850720637477],[33.38279485702515,0.38230850720637477],[33.38292360305786,0.3824372503720781],[33.38326692581177,0.38297368020832323],[33.38313817977905,0.3826947366976441],[33.3829665184021,0.3824372503720781],[33.38279485702515,0.38226559281739014],[33.38273048400879,0.38230850720637477]],[[33.38326692581177,0.3829951374010676],[33.38326692581177,0.38314533774884296],[33.383352756500244,0.3832526237099074],[33.38328838348389,0.38314533774884296],[33.38326692581177,0.3829951374010676]],[[33.383352756500244,0.3832526237099074],[33.38339567184448,0.3833813668614283],[33.3835244178772,0.3835315672024251],[33.383610248565674,0.3837461391135548],[33.38373899459839,0.3839392538289701],[33.38378190994263,0.38434694043606044],[33.38373899459839,0.3844542263820614],[33.38378190994263,0.38456151232672653],[33.38376045227051,0.3844542263820614],[33.383824825286865,0.3843040260572792],[33.38378190994263,0.384153825729868],[33.383803367614746,0.3840894541601614],[33.38376045227051,0.3839177966385705],[33.38365316390991,0.38372468192267206],[33.383610248565674,0.3835744815850859],[33.383352756500244,0.3832526237099074]]],[[[33.37549924850464,0.3499080841957465],[33.37575674057007,0.34975788329069246],[33.37627172470093,0.34932873783446894],[33.376314640045166,0.34917853692016365],[33.376314640045166,0.3489854214553816],[33.37655067443848,0.3487064768881396],[33.377323150634766,0.3487064768881396],[33.377323150634766,0.3489854214553816],[33.37839603424072,0.3489854214553816],[33.37839603424072,0.348448989587979],[33.37813854217529,0.348448989587979],[33.37813854217529,0.34817004500484927],[33.37700128555298,0.34817004500484927],[33.37725877761841,0.34784818586021515],[33.37719440460205,0.3477623567531367],[33.377065658569336,0.34771944219929196],[33.37695837020874,0.34771944219929196],[33.37678670883179,0.347633613091034],[33.377065658569336,0.347633613091034],[33.377065658569336,0.3473546684837885],[33.37652921676636,0.3473546684837885],[33.37652921676636,0.34741904031696436],[33.37627172470093,0.3473546684837885],[33.37614297866821,0.3473975830392959],[33.376100063323975,0.3473546684837885],[33.376100063323975,0.34703280931138636],[33.37616443634033,0.34694698019687564],[33.376100063323975,0.34668949284872497],[33.376057147979736,0.34606723172845477],[33.37614297866821,0.345616628822782],[33.37625026702881,0.34520894046112005],[33.37625026702881,0.3468182365237027],[33.37652921676636,0.3468182365237027],[33.37652921676636,0.3470971811467507],[33.37678670883179,0.3470971811467507],[33.37678670883179,0.3468182365237027],[33.377065658569336,0.3468182365237027],[33.377065658569336,0.3465392918923982],[33.377323150634766,0.3465392918923982],[33.377323150634766,0.34628180453316304],[33.37766647338867,0.34628180453316304],[33.37770938873291,0.34636763365369916],[33.37770938873291,0.34656074917204194],[33.37779521942139,0.3467538646864199],[33.37788105010986,0.34677532196556626],[33.37800979614258,0.3472902966502005],[33.37813854217529,0.3475477839819945],[33.37828874588013,0.3481056731768035],[33.37839603424072,0.3482344168324403],[33.37846040725708,0.348448989587979],[33.379082679748535,0.34851336141367995],[33.37925434112549,0.348448989587979],[33.3790397644043,0.3484919041384842],[33.37852478027344,0.3484275323126411],[33.37843894958496,0.34827733138395445],[33.378331661224365,0.34782672858352726],[33.378074169158936,0.3470757238683291],[33.378074169158936,0.3469040656393503],[33.37798833847046,0.34677532196556626],[33.377816677093506,0.3467324074072451],[33.37773084640503,0.34647492005325375],[33.37777376174927,0.3463461763736291],[33.37770938873291,0.34628180453316304],[33.377859592437744,0.34628180453316304],[33.377859592437744,0.3457239152308347],[33.37773084640503,0.3457239152308347],[33.37779521942139,0.345616628822782],[33.377816677093506,0.345466427849459],[33.37895393371582,0.345466427849459],[33.37895393371582,0.3453376841561635],[33.37901830673218,0.3455951715410208],[33.37918996810913,0.34595994532428165],[33.37929725646973,0.34645346277342526],[33.37944746017456,0.34688260836051654],[33.37987661361694,0.3477838140299667],[33.38021993637085,0.34847044686326],[33.38052034378052,0.34915707964648846],[33.38075637817383,0.349843712379581],[33.38118553161621,0.3506590886848642],[33.38152885437012,0.3511526058877763],[33.38146448135376,0.3511740631568898],[33.381357192993164,0.35108823408018],[33.38114261627197,0.35113114861862016],[33.38075637817383,0.3509165759244155],[33.38064908981323,0.35050888779186096],[33.38021993637085,0.3508522041151849],[33.380112648010254,0.3509594904636515],[33.380069732666016,0.35080928957546575],[33.38000535964966,0.3503586868964419],[33.37998390197754,0.3503586868964419],[33.38000535964966,0.35072346049541636],[33.380091190338135,0.35098094773319133],[33.37996244430542,0.3509380331940406],[33.37972640991211,0.35070200322527967],[33.3794903755188,0.35070200322527967],[33.37914705276489,0.3509165759244155],[33.3789324760437,0.35089511865471934],[33.37818145751953,0.35070200322527967],[33.37800979614258,0.35063763141458537],[33.37798833847046,0.3506161741442497],[33.377602100372314,0.350530345062424],[33.37749481201172,0.3504659732505502],[33.37652921676636,0.350208485998607],[33.37625026702881,0.35007974236998507],[33.376057147979736,0.35005828509837045],[33.37599277496338,0.3500153705550133],[33.375563621520996,0.3499509987395868],[33.37549924850464,0.3499080841957465]],[[33.37998390197754,0.3503586868964419],[33.3799409866333,0.3502943150833744],[33.379855155944824,0.3497793405629892],[33.379812240600586,0.3497364260183389],[33.379855155944824,0.3496291396558746],[33.37979078292847,0.3496291396558746],[33.37970495223999,0.3494574814733937],[33.37964057922363,0.34915707964648846],[33.37946891784668,0.34885667780999086],[33.37951183319092,0.34866356233860074],[33.37942600250244,0.34857773323892616],[33.37940454483032,0.3484060750372606],[33.379361629486084,0.3483631604863433],[33.379318714141846,0.3484060750372606],[33.37944746017456,0.34877084871209263],[33.37944746017456,0.34885667780999086],[33.37968349456787,0.3494574814733937],[33.37972640991211,0.3496720542010081],[33.379833698272705,0.349843712379581],[33.37987661361694,0.3502943150833744],[33.37998390197754,0.3503586868964419]]],[[[33.375606536865234,0.405460788167332],[33.3769154548645,0.4023924173058191],[33.37815999984741,0.399645902548599],[33.37871789932251,0.3987447021934969],[33.379082679748535,0.3982297305176843],[33.38041305541992,0.3967706439283347],[33.380842208862305,0.3962556721294419],[33.380842208862305,0.39674918677069115],[33.38116407394409,0.39674918677069115],[33.38099241256714,0.3971354155998341],[33.380820751190186,0.3972427013825097],[33.38069200515747,0.3974358157878157],[33.38041305541992,0.397693301654499],[33.38028430938721,0.3979507875131816],[33.38024139404297,0.3983370162861206],[33.38017702102661,0.3983799305931086],[33.38013410568237,0.39853013066581866],[33.380069732666016,0.3985515878188437],[33.37968349456787,0.39853013066581866],[33.37918996810913,0.3986588735830878],[33.37895393371582,0.39883053080299646],[33.378589153289795,0.39928113098818585],[33.3783745765686,0.3994957024962815],[33.37824583053589,0.3996888168487658],[33.37798833847046,0.40031107417588885],[33.37773084640503,0.40112644577442325],[33.37773084640503,0.40136247437989425],[33.37749481201172,0.40198473157983017],[33.37753772735596,0.4021134744428707],[33.37751626968384,0.40234950301983474],[33.37715148925781,0.4032936172593651],[33.3769154548645,0.40372276005933827],[33.37697982788086,0.4038300457557682],[33.37689399719238,0.40398024572843383],[33.3769154548645,0.4041089885599263],[33.376851081848145,0.40438793135450624],[33.3769154548645,0.4046883312764038],[33.37689399719238,0.40475270268679253],[33.376808166503906,0.4048814455060352],[33.37665796279907,0.4049029026423767],[33.37663650512695,0.40498873118717427],[33.37644338607788,0.4052033025451891],[33.376314640045166,0.4055037024368744],[33.37627172470093,0.4057611880494534],[33.375606536865234,0.405460788167332]]],[[[33.37599277496338,0.4168330615688518],[33.37652921676636,0.4168330615688518],[33.37652921676636,0.41657557631336317],[33.37715148925781,0.41657557631336317],[33.377087116241455,0.4165970334182987],[33.376851081848145,0.41694034708949346],[33.376808166503906,0.41694034708949346],[33.37674379348755,0.4170690897123279],[33.376593589782715,0.4170690897123279],[33.37629318237305,0.416897432881413],[33.37618589401245,0.4169618041934342],[33.376121520996094,0.41732657495168723],[33.37599277496338,0.4173480320545906],[33.37599277496338,0.4168330615688518]]],[[[33.376078605651855,0.34767652764526247],[33.376100063323975,0.3475048694271834],[33.37625026702881,0.34746195487217335],[33.37646484375,0.3474834121496997],[33.37652921676636,0.34752632670461026],[33.37652921676636,0.347633613091034],[33.37670087814331,0.347633613091034],[33.37672233581543,0.3476979849222914],[33.37693691253662,0.3478052713067683],[33.37704420089722,0.3478052713067683],[33.37713003158569,0.34786964313687463],[33.37689399719238,0.34817004500484927],[33.37678670883179,0.34817004500484927],[33.37678670883179,0.34827733138395445],[33.37670087814331,0.3484060750372606],[33.37665796279907,0.348448989587979],[33.37652921676636,0.348448989587979],[33.37652921676636,0.3486206477888629],[33.37629318237305,0.3488352205355909],[33.37625026702881,0.3487923059866347],[33.37616443634033,0.3484275323126411],[33.376078605651855,0.34767652764526247]]],[[[33.376357555389404,0.34372838784300086],[33.37640047073364,0.34370693055699064],[33.37670087814331,0.34370693055699064],[33.37695837020874,0.34374984512895423],[33.377065658569336,0.34372838784300086],[33.377065658569336,0.343835674272313],[33.377323150634766,0.343835674272313],[33.377323150634766,0.3440931616977849],[33.377602100372314,0.3440931616977849],[33.377559185028076,0.34450085010723797],[33.377559185028076,0.34465105109578076],[33.377323150634766,0.34465105109578076],[33.377323150634766,0.34437210640086846],[33.37648630142212,0.34437210640086846],[33.37646484375,0.3440502471273561],[33.376357555389404,0.34372838784300086]]],[[[33.37652921676636,0.3663872543742315],[33.377065658569336,0.36688077072882663],[33.377065658569336,0.36771760274613996],[33.37652921676636,0.36771760274613996],[33.37652921676636,0.3663872543742315]]],[[[33.37665796279907,0.3420761766793703],[33.37670087814331,0.34194743294037266],[33.37678670883179,0.3419045183603231],[33.37678670883179,0.3419259756503692],[33.377065658569336,0.3419259756503692],[33.377065658569336,0.34246240788600346],[33.377323150634766,0.34246240788600346],[33.377323150634766,0.34274135263667915],[33.377065658569336,0.34274135263667915],[33.377065658569336,0.34314904110381406],[33.37697982788086,0.3429988400916244],[33.37700128555298,0.34271989534845204],[33.37676525115967,0.34263406619507464],[33.37674379348755,0.34250532246356613],[33.37665796279907,0.34229074957386274],[33.37665796279907,0.3422049204166484],[33.37670087814331,0.3421834631272276],[33.37670087814331,0.3420761766793703],[33.37665796279907,0.3420761766793703]]],[[[33.37678670883179,0.3693483520927998],[33.377065658569336,0.3693483520927998],[33.377065658569336,0.36906940814678535],[33.377323150634766,0.36906940814678535],[33.377323150634766,0.368790464192017],[33.3774733543396,0.368790464192017],[33.377344608306885,0.36954146712722036],[33.377065658569336,0.3695200099013789],[33.37700128555298,0.36954146712722036],[33.37695837020874,0.3696058388044321],[33.37678670883179,0.3696058388044321],[33.37678670883179,0.3693483520927998]]],[[[33.37700128555298,0.3696058388044321],[33.377065658569336,0.3695629243530192],[33.377366065979004,0.3696058388044321],[33.37700128555298,0.3696058388044321]]],[[[33.37713003158569,0.4192791710754875],[33.37719440460205,0.41900022880184906],[33.37730169296265,0.4189144004079708],[33.377323150634766,0.41842088712488135],[33.37743043899536,0.4183994300249054],[33.377602100372314,0.41846380132463423],[33.377602100372314,0.4192791710754875],[33.377323150634766,0.4192791710754875],[33.377323150634766,0.41947228495141076],[33.37717294692993,0.4194293707571859],[33.37713003158569,0.41936499946537253],[33.37713003158569,0.4192791710754875]]],[[[33.377323150634766,0.41548126388367734],[33.377859592437744,0.41548126388367734],[33.377859592437744,0.41520232147540526],[33.37813854217529,0.41520232147540526],[33.37813854217529,0.414944836166697],[33.37841749191284,0.414944836166697],[33.37841749191284,0.41438695130246117],[33.37895393371582,0.41438695130246117],[33.37895393371582,0.414537151077468],[33.37878227233887,0.4147302650697213],[33.37869644165039,0.4150735788220885],[33.378610610961914,0.4151379501490169],[33.3784818649292,0.4154168925595769],[33.37839603424072,0.41550272099161134],[33.37826728820801,0.41578166338929634],[33.37824583053589,0.41591040603104545],[33.37794542312622,0.4158889489242341],[33.37794542312622,0.4162966339437304],[33.37788105010986,0.41633954815509355],[33.377816677093506,0.4165326621032932],[33.377602100372314,0.41651120499817296],[33.377602100372314,0.41576020628212973],[33.377323150634766,0.41576020628212973],[33.377323150634766,0.41548126388367734]]],[[[33.377366065979004,0.3696058388044321],[33.37740898132324,0.36954146712722036],[33.37751626968384,0.368790464192017],[33.377859592437744,0.368790464192017],[33.377859592437744,0.3696058388044321],[33.377366065979004,0.3696058388044321]]],[[[33.377580642700195,0.34458667924384656],[33.377623558044434,0.34437210640086846],[33.37867498397827,0.34437210640086846],[33.37867498397827,0.34465105109578076],[33.37839603424072,0.34465105109578076],[33.37839603424072,0.3449085384992401],[33.37768793106079,0.3449085384992401],[33.377580642700195,0.34458667924384656]]],[[[33.377602100372314,0.3756138599456733],[33.37770938873291,0.37484140031463653],[33.37813854217529,0.3747770286756378],[33.37813854217529,0.37531345898614177],[33.377859592437744,0.37531345898614177],[33.377859592437744,0.37584988926376184],[33.37813854217529,0.37584988926376184],[33.37813854217529,0.3764077767175422],[33.37841749191284,0.3764077767175422],[33.37841749191284,0.3769442069278881],[33.37822437286377,0.3769442069278881],[33.377602100372314,0.3756138599456733]]],[[[33.37764501571655,0.41846380132463423],[33.37777376174927,0.41842088712488135],[33.37790250778198,0.4182921445241874],[33.37815999984741,0.41814194482070377],[33.37815999984741,0.41807757351831754],[33.378117084503174,0.4180561164174179],[33.378052711486816,0.41797028801319414],[33.3780312538147,0.41786300250662123],[33.37813854217529,0.4178200883035714],[33.37813854217529,0.4179273738107412],[33.37841749191284,0.4179273738107412],[33.37841749191284,0.41846380132463423],[33.37764501571655,0.41846380132463423]]],[[[33.37770938873291,0.4198155984968537],[33.377859592437744,0.4198155984968537],[33.377859592437744,0.4192791710754875],[33.37867498397827,0.4192791710754875],[33.37867498397827,0.4190216859001765],[33.38002681732178,0.4190216859001765],[33.38002681732178,0.4192791710754875],[33.380305767059326,0.4192791710754875],[33.380305767059326,0.4195581133392068],[33.380563259124756,0.4195581133392068],[33.380563259124756,0.41846380132463423],[33.380842208862305,0.41846380132463423],[33.380842208862305,0.4179273738107412],[33.38137865066528,0.4179273738107412],[33.38137865066528,0.4182063161225358],[33.381335735321045,0.4182492303234824],[33.381314277648926,0.41850671552415974],[33.38124990463257,0.4185496297234721],[33.38118553161621,0.4187856578153628],[33.38122844696045,0.4188929433093307],[33.381335735321045,0.41897877170345055],[33.381357192993164,0.41912897139093275],[33.38148593902588,0.4192577139778706],[33.381507396698,0.419322085270565],[33.38142156600952,0.4196224846294001],[33.38142156600952,0.41977268430449044],[33.381550312042236,0.41983705559295004],[33.38163614273071,0.4201374549320178],[33.38163614273071,0.4203734829760464],[33.38137865066528,0.4203734829760464],[33.38137865066528,0.42063096810684897],[33.381571769714355,0.42063096810684897],[33.381614685058594,0.4207597106690599],[33.381614685058594,0.4210171957871154],[33.381550312042236,0.42108156706530053],[33.38167905807495,0.4213605092646304],[33.38172197341919,0.4216823656360589],[33.38021993637085,0.4216823656360589],[33.38019847869873,0.4214463376316502],[33.379855155944824,0.4214248805399734],[33.37974786758423,0.4215107089062826],[33.379597663879395,0.42155362308908195],[33.37951183319092,0.4214677947232559],[33.37953329086304,0.42123176671232443],[33.3794903755188,0.42118885252776295],[33.37940454483032,0.4213605092646304],[33.379318714141846,0.4214034234482682],[33.37846040725708,0.4214248805399734],[33.37822437286377,0.4215107089062826],[33.378095626831055,0.4215107089062826],[33.378095626831055,0.42118885252776295],[33.37813854217529,0.42118885252776295],[33.37813854217529,0.42063096810684897],[33.378095626831055,0.42063096810684897],[33.378095626831055,0.4204593113539232],[33.37813854217529,0.4201374549320178],[33.378117084503174,0.4199443410725081],[33.37818145751953,0.4199014268808554],[33.37824583053589,0.41968685591908184],[33.37822437286377,0.4196010275327211],[33.37815999984741,0.4195581133392068],[33.378095626831055,0.4196653988225876],[33.3780312538147,0.42003016945510296],[33.3779239654541,0.4201589120272189],[33.377838134765625,0.4202018262174505],[33.377838134765625,0.4205022255425064],[33.37773084640503,0.42054513973084795],[33.37770938873291,0.41985851268898955],[33.37770938873291,0.4198155984968537]]],[[[33.37796688079834,0.3913634384492184],[33.37888956069946,0.38943229278798697],[33.379361629486084,0.3886169200425229],[33.38197946548462,0.3899043506572326],[33.38176488876343,0.3904193228480324],[33.38178634643555,0.3904836943696637],[33.38146448135376,0.3911059523866811],[33.38137865066528,0.3914063527922025],[33.38122844696045,0.3916852960162629],[33.38101387023926,0.3922217252671629],[33.38077783584595,0.3926508686431589],[33.38017702102661,0.3924792112954094],[33.37998390197754,0.3926294114748856],[33.379833698272705,0.3925650399697247],[33.37940454483032,0.39230755394413563],[33.37916851043701,0.3922002680977954],[33.378825187683105,0.39194278206097977],[33.378825187683105,0.39189986772073837],[33.37839603424072,0.3916423816746999],[33.378310203552246,0.391620924503826],[33.378074169158936,0.39149218147751697],[33.37796688079834,0.3913634384492184]]],[[[33.37822437286377,0.41168335486629815],[33.37826728820801,0.4115331550373469],[33.37826728820801,0.41127566960972217],[33.378310203552246,0.4111683840124414],[33.378825187683105,0.4108036129708523],[33.378803730010986,0.41058904176213673],[33.37895393371582,0.41058904176213673],[33.37895393371582,0.41140441232458613],[33.37921142578125,0.41140441232458613],[33.37921142578125,0.41168335486629815],[33.3794903755188,0.41168335486629815],[33.3794903755188,0.4119622973982473],[33.37974786758423,0.4119622973982473],[33.37974786758423,0.41168335486629815],[33.38002681732178,0.41168335486629815],[33.38002681732178,0.4103315563040866],[33.37974786758423,0.4103315563040866],[33.37974786758423,0.4100526137151803],[33.37921142578125,0.4100526137151803],[33.37921142578125,0.4097736711165396],[33.37899684906006,0.4097736711165396],[33.37901830673218,0.4094947285082071],[33.379061222076416,0.40951618563228465],[33.37912559509277,0.40945181425990995],[33.37912559509277,0.4092372430149709],[33.3794903755188,0.4092372430149709],[33.3794903755188,0.4097736711165396],[33.380563259124756,0.4097736711165396],[33.380563259124756,0.4100526137151803],[33.380842208862305,0.4100526137151803],[33.380842208862305,0.40981658536311727],[33.380863666534424,0.40990241385559045],[33.38112115859985,0.40996678522432717],[33.381056785583496,0.4102671849382773],[33.38097095489502,0.4104173847910175],[33.38092803955078,0.4106104988832584],[33.38077783584595,0.41071778448805674],[33.38073492050171,0.41078215585022804],[33.38071346282959,0.4109967270537709],[33.38077783584595,0.41127566960972217],[33.38077783584595,0.4114473265623957],[33.38045597076416,0.4122197828036889],[33.380370140075684,0.4121983256868873],[33.380327224731445,0.4122626970371357],[33.38041305541992,0.4123270683868441],[33.380348682403564,0.41254163954880596],[33.38024139404297,0.4126703822431921],[33.3800482749939,0.4129493247405662],[33.37996244430542,0.4129493247405662],[33.37987661361694,0.4130566103138733],[33.37966203689575,0.4134642954792298],[33.379554748535156,0.4135930381586945],[33.3794903755188,0.4135930381586945],[33.3794903755188,0.4122197828036889],[33.37921142578125,0.4122197828036889],[33.37921142578125,0.4119622973982473],[33.37841749191284,0.4119622973982473],[33.37841749191284,0.41168335486629815],[33.37822437286377,0.41168335486629815]]],[[[33.37839603424072,0.34166848816661854],[33.37895393371582,0.34166848816661854],[33.37895393371582,0.3422049204166484],[33.37921142578125,0.3422049204166484],[33.37921142578125,0.34246240788600346],[33.3794903755188,0.34246240788600346],[33.3794903755188,0.34274135263667915],[33.37976932525635,0.34274135263667915],[33.37979078292847,0.34280572450106206],[33.379361629486084,0.34284863907707575],[33.37912559509277,0.3429559255162786],[33.37912559509277,0.343020297379212],[33.37895393371582,0.343020297379212],[33.37895393371582,0.34246240788600346],[33.37867498397827,0.34246240788600346],[33.37867498397827,0.3422049204166484],[33.37839603424072,0.3422049204166484],[33.37839603424072,0.34166848816661854]]],[[[33.37852478027344,0.4160820628834756],[33.37876081466675,0.4158889489242341],[33.378610610961914,0.4158674918173517],[33.37865352630615,0.41567437785289485],[33.378567695617676,0.4155456352072804],[33.378610610961914,0.4154598067757007],[33.37895393371582,0.41485900772860873],[33.37895393371582,0.414944836166697],[33.37921142578125,0.414944836166697],[33.37921142578125,0.41520232147540526],[33.3794903755188,0.41520232147540526],[33.3794903755188,0.414944836166697],[33.37974786758423,0.414944836166697],[33.37974786758423,0.414665893739496],[33.38002681732178,0.414665893739496],[33.38002681732178,0.41412946596723543],[33.380563259124756,0.41412946596723543],[33.380563259124756,0.4137432379487507],[33.380820751190186,0.41352866681921796],[33.380842208862305,0.41342138125229155],[33.380820751190186,0.41331409568390143],[33.38069200515747,0.4133355527977045],[33.38062763214111,0.4132282672281633],[33.38054180145264,0.413206810114076],[33.38045597076416,0.41299223897007664],[33.380348682403564,0.41299223897007664],[33.380327224731445,0.41290641051084265],[33.380606174468994,0.4123270683868441],[33.38092803955078,0.41185501181017514],[33.381056785583496,0.4114687836812152],[33.381099700927734,0.41140441232458613],[33.381099700927734,0.41168335486629815],[33.38163614273071,0.41168335486629815],[33.38163614273071,0.4108679843323415],[33.38217258453369,0.4108679843323415],[33.38217258453369,0.4100526137151803],[33.38191509246826,0.4100526137151803],[33.38191509246826,0.4103315563040866],[33.38163614273071,0.4103315563040866],[33.38163614273071,0.41058904176213673],[33.381335735321045,0.41058904176213673],[33.381507396698,0.41031009918221173],[33.381571769714355,0.4101169850827091],[33.381571769714355,0.41000969946986743],[33.381614685058594,0.40979512823986397],[33.381807804107666,0.40955909988022654],[33.38191509246826,0.40951618563228465],[33.38191509246826,0.4097736711165396],[33.38217258453369,0.4097736711165396],[33.38217258453369,0.40951618563228465],[33.38223695755005,0.40951618563228465],[33.38219404220581,0.40960201412795527],[33.382344245910645,0.4097092997462539],[33.382408618927,0.40981658536311727],[33.382322788238525,0.40985949960946755],[33.382322788238525,0.4099453281014718],[33.382408618927,0.4100311565925381],[33.382408618927,0.4101169850827091],[33.38243007659912,0.41015989932745356],[33.38253736495972,0.41015989932745356],[33.38262319564819,0.4100740708377515],[33.38266611099243,0.40992387097855953],[33.38264465332031,0.40985949960946755],[33.38253736495972,0.40985949960946755],[33.38253736495972,0.4097736711165396],[33.38247299194336,0.4097092997462539],[33.382558822631836,0.40951618563228465],[33.38275194168091,0.40951618563228465],[33.38288068771362,0.40955909988022654],[33.38294506072998,0.40951618563228465],[33.38326692581177,0.40951618563228465],[33.38326692581177,0.4092372430149709],[33.38337421417236,0.4092157858901686],[33.3834171295166,0.40928015726441913],[33.38363170623779,0.40928015726441913],[33.38369607925415,0.4094089000113854],[33.38378190994263,0.4094089000113854],[33.38378190994263,0.4094303571356761],[33.38440418243408,0.4095376427562769],[33.3844256401062,0.40951618563228465],[33.38461875915527,0.40951618563228465],[33.38461875915527,0.4092372430149709],[33.38479042053223,0.4092372430149709],[33.38496208190918,0.4093016143890509],[33.385112285614014,0.40919432876529527],[33.38536977767944,0.40945181425990995],[33.38519811630249,0.4100740708377515],[33.385348320007324,0.4101813564497263],[33.385305404663086,0.4103315563040866],[33.3848762512207,0.4103315563040866],[33.3848762512207,0.41058904176213673],[33.38541269302368,0.41058904176213673],[33.38541269302368,0.41065341312535963],[33.38502645492554,0.4106963273672193],[33.38393211364746,0.41065341312535963],[33.38421106338501,0.4106963273672193],[33.384296894073486,0.41073924160883735],[33.38474750518799,0.41071778448805674],[33.384833335876465,0.41082507009140556],[33.38476896286011,0.41095381281351706],[33.38466167449951,0.41106109841369687],[33.384554386138916,0.41114692689281185],[33.384554386138916,0.41127566960972217],[33.38425397872925,0.41131858384824227],[33.384103775024414,0.41131858384824227],[33.383846282958984,0.411361498086535],[33.38425397872925,0.41134004096741705],[33.38423252105713,0.41187646892791463],[33.38421106338501,0.4119408402807494],[33.38395357131958,0.41202666875039995],[33.38393211364746,0.4120910401020268],[33.3838677406311,0.41206958298486995],[33.38388919830322,0.4119622973982473],[33.383824825286865,0.41185501181017514],[33.38378190994263,0.41191938316319465],[33.38376045227051,0.41202666875039995],[33.38367462158203,0.41215541145311363],[33.383588790893555,0.41239143973604087],[33.383588790893555,0.41243435396853556],[33.38367462158203,0.41243435396853556],[33.383803367614746,0.4123485255033046],[33.383803367614746,0.41277766782026504],[33.3835244178772,0.41277766782026504],[33.3835244178772,0.41303515319933126],[33.38403940200806,0.41303515319933126],[33.38438272476196,0.41370032372330456],[33.38446855545044,0.413786152173941],[33.38451147079468,0.41393635196033074],[33.384597301483154,0.4139792661844979],[33.38464021682739,0.41404363752030804],[33.384811878204346,0.414451322634946],[33.38489770889282,0.414537151077468],[33.38500499725342,0.41477317928958257],[33.38500499725342,0.41490192194777364],[33.38502645492554,0.4148804648382196],[33.385069370269775,0.4148804648382196],[33.385090827941895,0.4148375506189268],[33.38496208190918,0.4146015224087449],[33.38515520095825,0.414408408413351],[33.38496208190918,0.41438695130246117],[33.384833335876465,0.4143011228583191],[33.38479042053223,0.4141723801903652],[33.38470458984375,0.4140865517438783],[33.384597301483154,0.41389343773595044],[33.38449001312256,0.413786152173941],[33.38444709777832,0.41370032372330456],[33.38451147079468,0.41365740949761687],[33.38461875915527,0.41365740949761687],[33.38466167449951,0.4137432379487507],[33.385112285614014,0.4138076092864651],[33.38524103164673,0.41393635196033074],[33.385305404663086,0.41393635196033074],[33.38541269302368,0.41385052351131435],[33.38549852371216,0.4135072097059549],[33.385305404663086,0.413442838365782],[33.385069370269775,0.41365740949761687],[33.384833335876465,0.41370032372330456],[33.38451147079468,0.4135715810455878],[33.38446855545044,0.4134642954792298],[33.384318351745605,0.41331409568390143],[33.38451147079468,0.41303515319933126],[33.38461875915527,0.41303515319933126],[33.38461875915527,0.4124987253168655],[33.3848762512207,0.4124987253168655],[33.3848762512207,0.4122197828036889],[33.384082317352295,0.4122197828036889],[33.384082317352295,0.41215541145311363],[33.38416814804077,0.4121124972191126],[33.38427543640137,0.41187646892791463],[33.38427543640137,0.41164044062973915],[33.384296894073486,0.4114902407999921],[33.384361267089844,0.41140441232458613],[33.3845329284668,0.411361498086535],[33.38494062423706,0.41140441232458613],[33.38519811630249,0.41134004096741705],[33.38541269302368,0.41134004096741705],[33.38541269302368,0.41140441232458613],[33.38569164276123,0.41140441232458613],[33.38569164276123,0.41228415415376674],[33.38549852371216,0.41228415415376674],[33.38539123535156,0.4122412399204478],[33.385326862335205,0.4122626970371357],[33.38517665863037,0.4124128968523024],[33.38502645492554,0.4124128968523024],[33.38491916656494,0.4125630966646838],[33.38494062423706,0.41271329647419464],[33.38500499725342,0.41277766782026504],[33.385305404663086,0.41277766782026504],[33.38541269302368,0.4126918393587289],[33.38569164276123,0.41277766782026504],[33.38569164276123,0.41299223897007664],[33.38564872741699,0.4130780674283585],[33.38569164276123,0.41314243877148726],[33.38569164276123,0.4135715810455878],[33.38594913482666,0.4135715810455878],[33.38594913482666,0.41385052351131435],[33.38622808456421,0.41385052351131435],[33.38622808456421,0.4135715810455878],[33.38650703430176,0.4135715810455878],[33.38650703430176,0.41385052351131435],[33.38674306869507,0.41385052351131435],[33.386592864990234,0.41393635196033074],[33.38650703430176,0.41395780907244273],[33.38648557662964,0.4140865517438783],[33.386571407318115,0.4140007232964962],[33.38674306869507,0.4140007232964962],[33.386828899383545,0.41404363752030804],[33.38687181472778,0.4139792661844979],[33.38687181472778,0.41385052351131435],[33.387300968170166,0.41385052351131435],[33.387300968170166,0.41404363752030804],[33.38725805282593,0.4139792661844979],[33.38727951049805,0.4139148948481761],[33.38725805282593,0.4138719806236679],[33.38717222213745,0.4139148948481761],[33.38719367980957,0.4139792661844979],[33.38727951049805,0.41404363752030804],[33.38727951049805,0.41412946596723543],[33.38715076446533,0.4142796657471308],[33.38725805282593,0.4143440370804967],[33.387343883514404,0.4142796657471308],[33.38747262954712,0.41438695130246117],[33.38751554489136,0.41438695130246117],[33.38749408721924,0.4142152944132391],[33.38740825653076,0.4141509230788216],[33.38742971420288,0.41412946596723543],[33.387837409973145,0.41412946596723543],[33.387837409973145,0.41385052351131435],[33.38839530944824,0.41385052351131435],[33.38837385177612,0.41303515319933126],[33.387837409973145,0.41303515319933126],[33.387837409973145,0.41277766782026504],[33.387579917907715,0.41277766782026504],[33.387579917907715,0.4124987253168655],[33.387300968170166,0.4124772682008171],[33.387300968170166,0.4122197828036889],[33.387043476104736,0.4122197828036889],[33.386850357055664,0.41206958298486995],[33.38676452636719,0.41204812586765627],[33.38676452636719,0.41168335486629815],[33.387579917907715,0.41168335486629815],[33.387579917907715,0.4111683840124414],[33.38775157928467,0.4112112982515157],[33.3879017829895,0.4111683840124414],[33.38826656341553,0.41114692689281185],[33.38848114013672,0.4109752699336582],[33.38873863220215,0.4108679843323415],[33.388845920562744,0.41084652721190196],[33.389339447021484,0.4106104988832584],[33.38942527770996,0.41063195600433744],[33.389554023742676,0.41058904176213673],[33.3899188041687,0.41065341312535963],[33.39028358459473,0.41078215585022804],[33.39028358459473,0.41095381281351706],[33.39024066925049,0.41106109841369687],[33.390305042266846,0.41112546977311126],[33.390347957611084,0.4109967270537709],[33.39043378829956,0.41095381281351706],[33.39041233062744,0.4108679843323415],[33.39049816131592,0.4108036129708523],[33.390605449676514,0.41078215585022804],[33.390820026397705,0.41084652721190196],[33.39094877243042,0.41091089857303587],[33.39101314544678,0.4109752699336582],[33.39101314544678,0.41129712672901064],[33.39094877243042,0.4119622973982473],[33.390541076660156,0.4119622973982473],[33.390541076660156,0.41168335486629815],[33.39000463485718,0.41168335486629815],[33.39000463485718,0.4119622973982473],[33.38893175125122,0.4119622973982473],[33.38893175125122,0.4124987253168655],[33.38918924331665,0.4124987253168655],[33.38918924331665,0.41277766782026504],[33.3894681930542,0.41277766782026504],[33.3894681930542,0.41303515319933126],[33.38972568511963,0.41303515319933126],[33.38972568511963,0.41331409568390143],[33.390541076660156,0.41331409568390143],[33.390541076660156,0.4124987253168655],[33.390820026397705,0.4124987253168655],[33.390820026397705,0.4122197828036889],[33.3909273147583,0.4122197828036889],[33.39088439941406,0.4126703822431921],[33.390841484069824,0.41282058205068495],[33.39086294174194,0.41297078185534986],[33.390798568725586,0.413786152173941],[33.39077711105347,0.41382906639891814],[33.39071273803711,0.4148375506189268],[33.39071273803711,0.414944836166697],[33.390541076660156,0.414944836166697],[33.390541076660156,0.4160176915642495],[33.39075565338135,0.4160176915642495],[33.39075565338135,0.4162966339437304],[33.390541076660156,0.4162966339437304],[33.390541076660156,0.4163180910494475],[33.39049816131592,0.4163180910494475],[33.39043378829956,0.4162966339437304],[33.39013338088989,0.4162966339437304],[33.38989734649658,0.4162537197321541],[33.38972568511963,0.4161464342021617],[33.38974714279175,0.416060605777119],[33.389811515808105,0.416060605777119],[33.38987588882446,0.4159962344577224],[33.389832973480225,0.4158674918173517],[33.38970422744751,0.41578166338929634],[33.38970422744751,0.415717292067626],[33.38961839675903,0.41567437785289485],[33.389596939086914,0.41569583496028883],[33.38966131210327,0.415717292067626],[33.38970422744751,0.4158245776034306],[33.38970422744751,0.416060605777119],[33.38961839675903,0.4160820628834756],[33.38961839675903,0.4161464342021617],[33.389575481414795,0.4161678913082767],[33.389339447021484,0.4160391486707198],[33.389296531677246,0.4159533202445118],[33.389317989349365,0.41593186313779995],[33.38938236236572,0.4160391486707198],[33.38940382003784,0.4160176915642495],[33.38942527770996,0.41578166338929634],[33.389575481414795,0.41558854942270784],[33.389575481414795,0.41548126388367734],[33.389596939086914,0.41548126388367734],[33.38961839675903,0.41550272099161134],[33.38963985443115,0.41548126388367734],[33.38953256607056,0.4153310641266046],[33.389339447021484,0.41569583496028883],[33.389103412628174,0.4158031204963919],[33.3890175819397,0.4158889489242341],[33.38897466659546,0.4158889489242341],[33.38895320892334,0.4158460347104409],[33.38899612426758,0.41567437785289485],[33.38837385177612,0.41548126388367734],[33.388073444366455,0.41548126388367734],[33.38788032531738,0.4155456352072804],[33.38775157928467,0.4155456352072804],[33.38773012161255,0.41550272099161134],[33.387451171875,0.4156100065303292],[33.3870005607605,0.4156529207454298],[33.38663578033447,0.41550272099161134],[33.38642120361328,0.41563146363792214],[33.38624954223633,0.4158031204963919],[33.386292457580566,0.4158245776034306],[33.3864426612854,0.41569583496028883],[33.38648557662964,0.415717292067626],[33.38661432266235,0.41556709231502964],[33.38665723800659,0.41556709231502964],[33.38667869567871,0.4156529207454298],[33.38676452636719,0.41576020628212973],[33.38697910308838,0.41567437785289485],[33.38736534118652,0.41567437785289485],[33.38768720626831,0.41556709231502964],[33.3879017829895,0.41556709231502964],[33.388094902038574,0.4155241780994743],[33.388330936431885,0.4155241780994743],[33.388566970825195,0.41558854942270784],[33.38863134384155,0.4156529207454298],[33.388845920562744,0.4157387491749063],[33.38895320892334,0.4159533202445118],[33.38927507400513,0.4160391486707198],[33.3893609046936,0.41612497709598983],[33.389554023742676,0.41618934841432065],[33.38963985443115,0.4162537197321541],[33.38974714279175,0.41623226262626645],[33.3900260925293,0.4163180910494475],[33.390541076660156,0.4163824623662151],[33.390541076660156,0.4168330615688518],[33.390605449676514,0.4168330615688518],[33.390605449676514,0.41694034708949346],[33.390562534332275,0.4170476326086714],[33.39039087295532,0.41837797292487267],[33.390347957611084,0.41846380132463423],[33.39026212692261,0.41846380132463423],[33.39026212692261,0.41874274361735786],[33.390326499938965,0.41874274361735786],[33.39021921157837,0.4199014268808554],[33.38927507400513,0.4198155984968537],[33.38839530944824,0.41949374204844503],[33.388309478759766,0.41951519914542246],[33.38788032531738,0.41936499946537253],[33.387601375579834,0.4194293707571859],[33.387300968170166,0.419343542367983],[33.38723659515381,0.4192791710754875],[33.387107849121094,0.4192362568801826],[33.38695764541626,0.41912897139093275],[33.38695764541626,0.41908605719480363],[33.38702201843262,0.4190646000966467],[33.387043476104736,0.41897877170345055],[33.387107849121094,0.4189358575065256],[33.38691473007202,0.41897877170345055],[33.38691473007202,0.4188929433093307],[33.3870005607605,0.4187212865182772],[33.38691473007202,0.4187212865182772],[33.38695764541626,0.4186569152206516],[33.386828899383545,0.4185496297234721],[33.38687181472778,0.41869982941913975],[33.386850357055664,0.4188071149142871],[33.3868932723999,0.4188929433093307],[33.3868932723999,0.41904314299844714],[33.38627099990845,0.4192362568801826],[33.38614225387573,0.4192362568801826],[33.385798931121826,0.41921479978246623],[33.385562896728516,0.41917188558680607],[33.3855414390564,0.41912897139093275],[33.385605812072754,0.41904314299844714],[33.38545560836792,0.4188929433093307],[33.38528394699097,0.4188285720131404],[33.38541269302368,0.41874274361735786],[33.38541269302368,0.41861400102196455],[33.385348320007324,0.4186354581213294],[33.38526248931885,0.4185710868230075],[33.38517665863037,0.4184423442247862],[33.38489770889282,0.4186354581213294],[33.384811878204346,0.4186783723199312],[33.38464021682739,0.41859254392251444],[33.384575843811035,0.41850671552415974],[33.384854793548584,0.4182921445241874],[33.38476896286011,0.4179273738107412],[33.38466167449951,0.4176484314890416],[33.38468313217163,0.4176269743869625],[33.38500499725342,0.4175840601826195],[33.385112285614014,0.4173480320545906],[33.385090827941895,0.41730511784874125],[33.38521957397461,0.4171549181263856],[33.38528394699097,0.4169832612973323],[33.385090827941895,0.4165541192083424],[33.38494062423706,0.41657557631336317],[33.384833335876465,0.4164253765770809],[33.38502645492554,0.41633954815509355],[33.38500499725342,0.41623226262626645],[33.38461875915527,0.41537397834319734],[33.384575843811035,0.4153525212349223],[33.38440418243408,0.41548126388367734],[33.38425397872925,0.41539543545141555],[33.38391065597534,0.4146873508496327],[33.38395357131958,0.414537151077468],[33.38388919830322,0.41438695130246117],[33.383846282958984,0.4142152944132391],[33.38376045227051,0.4141723801903652],[33.38369607925415,0.4140650946321358],[33.383610248565674,0.4140650946321358],[33.38348150253296,0.4141080088556066],[33.383352756500244,0.4143011228583191],[33.383352756500244,0.41455860818793155],[33.38363170623779,0.4153525212349223],[33.383545875549316,0.41543834966768145],[33.383545875549316,0.41550272099161134],[33.38343858718872,0.4156529207454298],[33.38339567184448,0.41591040603104545],[33.38320255279541,0.4161464342021617],[33.383331298828125,0.41672577604676064],[33.38303089141846,0.4166828618374865],[33.38318109512329,0.41674723315128404],[33.383545875549316,0.417026175504958],[33.38378190994263,0.41713346102295645],[33.38388919830322,0.4173694891574371],[33.383803367614746,0.4175196888756716],[33.38378190994263,0.41771280279492373],[33.383545875549316,0.41777717410028004],[33.38337421417236,0.4177342598967755],[33.38290214538574,0.4175196888756716],[33.3825159072876,0.4175840601826195],[33.38245153427124,0.4176698885910639],[33.38245153427124,0.4177557169985704],[33.382408618927,0.41777717410028004],[33.38217258453369,0.4178200883035714],[33.382065296173096,0.41777717410028004],[33.38191509246826,0.4178200883035714],[33.38191509246826,0.41739094626019835],[33.381099700927734,0.41739094626019835],[33.381099700927734,0.41711200391948466],[33.380563259124756,0.41711200391948466],[33.380563259124756,0.4176484314890416],[33.380305767059326,0.4176484314890416],[33.380305767059326,0.4179273738107412],[33.37974786758423,0.4179273738107412],[33.37974786758423,0.41756260308036985],[33.37998390197754,0.41769134569302935],[33.38002681732178,0.4177557169985704],[33.3800482749939,0.41760551728482653],[33.38002681732178,0.41756260308036985],[33.38028430938721,0.41711200391948466],[33.380112648010254,0.41711200391948466],[33.3799409866333,0.417026175504958],[33.379855155944824,0.417026175504958],[33.37979078292847,0.41694034708949346],[33.37976932525635,0.4167901473601745],[33.37974786758423,0.41674723315128404],[33.379554748535156,0.41666140473279256],[33.379554748535156,0.4168116044645558],[33.37944746017456,0.41711200391948466],[33.378803730010986,0.41711200391948466],[33.378868103027344,0.4170905468159276],[33.37888956069946,0.417026175504958],[33.378825187683105,0.4169832612973323],[33.378825187683105,0.41691888998548166],[33.378846645355225,0.416897432881413],[33.3789324760437,0.41694034708949346],[33.3790397644043,0.41691888998548166],[33.379104137420654,0.41694034708949346],[33.37912559509277,0.4168116044645558],[33.379104137420654,0.41674723315128404],[33.37912559509277,0.4166399476280276],[33.378567695617676,0.41640391947167643],[33.37852478027344,0.4160820628834756]],[[33.38541269302368,0.41140441232458613],[33.38515520095825,0.41140441232458613],[33.38515520095825,0.41168335486629815],[33.38541269302368,0.41168335486629815],[33.38541269302368,0.41140441232458613]],[[33.390541076660156,0.414944836166697],[33.390541076660156,0.414665893739496],[33.39026212692261,0.414665893739496],[33.39026212692261,0.41412946596723543],[33.39000463485718,0.41412946596723543],[33.39000463485718,0.414944836166697],[33.390541076660156,0.414944836166697]],[[33.38624954223633,0.4158460347104409],[33.38573455810547,0.4158460347104409],[33.38562726974487,0.41569583496028883],[33.38569164276123,0.41593186313779995],[33.38573455810547,0.4158674918173517],[33.38624954223633,0.4158460347104409]],[[33.386292457580566,0.4158245776034306],[33.38624954223633,0.4158460347104409],[33.386292457580566,0.4158460347104409],[33.386292457580566,0.4158245776034306]],[[33.38163614273071,0.41277766782026504],[33.38163614273071,0.41303515319933126],[33.38191509246826,0.41303515319933126],[33.38191509246826,0.41277766782026504],[33.38163614273071,0.41277766782026504]],[[33.38191509246826,0.4122197828036889],[33.38191509246826,0.41277766782026504],[33.38245153427124,0.41277766782026504],[33.38245153427124,0.4119622973982473],[33.38219404220581,0.4119622973982473],[33.38219404220581,0.4122197828036889],[33.38191509246826,0.4122197828036889]],[[33.38348150253296,0.41112546977311126],[33.383545875549316,0.4110181841737983],[33.38365316390991,0.41095381281351706],[33.38369607925415,0.4108036129708523],[33.38376045227051,0.4106963273672193],[33.3838677406311,0.41065341312535963],[33.38373899459839,0.41065341312535963],[33.38367462158203,0.4106748702463108],[33.38348150253296,0.41112546977311126]],[[33.383545875549316,0.41131858384824227],[33.383610248565674,0.411361498086535],[33.38378190994263,0.411361498086535],[33.38371753692627,0.41131858384824227],[33.383545875549316,0.41131858384824227]],[[33.384296894073486,0.4102242706941297],[33.384318351745605,0.4102671849382773],[33.38449001312256,0.41028864206026583],[33.384296894073486,0.4102242706941297]],[[33.38524103164673,0.4176269743869625],[33.38539123535156,0.4178200883035714],[33.3854341506958,0.41779863120196126],[33.38541269302368,0.4177342598967755],[33.38536977767944,0.4176698885910639],[33.385326862335205,0.41769134569302935],[33.385305404663086,0.41760551728482653],[33.38536977767944,0.41747677467074595],[33.3854341506958,0.4175840601826195],[33.3855414390564,0.41754114597803493],[33.385584354400635,0.4174553175682121],[33.3855414390564,0.4174124033629454],[33.38541269302368,0.4174553175682121],[33.38541269302368,0.41739094626019835],[33.38524103164673,0.4176269743869625]],[[33.38551998138428,0.4177342598967755],[33.385605812072754,0.41784154540511054],[33.385584354400635,0.41790591670942945],[33.38551998138428,0.41790591670942945],[33.385562896728516,0.4179273738107412],[33.385820388793945,0.41790591670942945],[33.385863304138184,0.41790591670942945],[33.38590621948242,0.41784154540511054],[33.385798931121826,0.41771280279492373],[33.38567018508911,0.4176698885910639],[33.385584354400635,0.41769134569302935],[33.38551998138428,0.4177342598967755]],[[33.385562896728516,0.41730511784874125],[33.38577747344971,0.4171978323330592],[33.38594913482666,0.4171978323330592],[33.38601350784302,0.4172192894363036],[33.38603496551514,0.4171763752297437],[33.38601350784302,0.41713346102295645],[33.38594913482666,0.4171763752297437],[33.38571310043335,0.4171763752297437],[33.385562896728516,0.41730511784874125]],[[33.385798931121826,0.4161464342021617],[33.385841846466064,0.4162966339437304],[33.38590621948242,0.4163180910494475],[33.3858847618103,0.4161678913082767],[33.385798931121826,0.4161464342021617]],[[33.385841846466064,0.41644683368245694],[33.385863304138184,0.41651120499817296],[33.38592767715454,0.41648974789299587],[33.38590621948242,0.41644683368245694],[33.385841846466064,0.41644683368245694]],[[33.385863304138184,0.41790591670942945],[33.3859920501709,0.4179488309119961],[33.38594913482666,0.41788445960806087],[33.385863304138184,0.41790591670942945]],[[33.3858847618103,0.4165326621032932],[33.38592767715454,0.4166399476280276],[33.3858847618103,0.416704318942152],[33.38592767715454,0.4167901473601745],[33.3859920501709,0.4165970334182987],[33.38594913482666,0.4165326621032932],[33.3858847618103,0.4165326621032932]],[[33.38597059249878,0.41691888998548166],[33.38601350784302,0.4170476326086714],[33.38603496551514,0.4170047184011736],[33.38597059249878,0.41691888998548166]],[[33.386077880859375,0.41797028801319414],[33.38620662689209,0.41799174511433534],[33.38614225387573,0.4179488309119961],[33.386077880859375,0.41797028801319414]],[[33.386292457580566,0.41803465931644723],[33.386592864990234,0.4182277732230375],[33.38639974594116,0.4180561164174179],[33.386292457580566,0.41803465931644723]],[[33.386592864990234,0.4182277732230375],[33.38663578033447,0.41831360162444753],[33.38665723800659,0.4182706874238562],[33.386592864990234,0.4182277732230375]],[[33.38865280151367,0.4132282672281633],[33.38869571685791,0.41327118145616737],[33.38871717453003,0.4132282672281633],[33.38867425918579,0.4131853529999461],[33.38865280151367,0.4132282672281633]],[[33.38972568511963,0.41807757351831754],[33.38989734649658,0.4182063161225358],[33.39000463485718,0.4181848590219772],[33.38994026184082,0.41814194482070377],[33.3899188041687,0.4180990306191745],[33.389811515808105,0.41807757351831754],[33.389790058135986,0.41803465931644723],[33.38972568511963,0.41807757351831754]]],[[[33.37895393371582,0.3444364782542664],[33.37912559509277,0.343835674272313],[33.3794903755188,0.343835674272313],[33.3794903755188,0.343020297379212],[33.37940454483032,0.343020297379212],[33.37942600250244,0.34297738280397994],[33.37979078292847,0.34287009636501864],[33.38002681732178,0.3427628099248494],[33.38002681732178,0.343835674272313],[33.37974786758423,0.343835674272313],[33.37974786758423,0.3440931616977849],[33.3794903755188,0.3440931616977849],[33.3794903755188,0.34437210640086846],[33.37921142578125,0.34437210640086846],[33.37921142578125,0.34465105109578076],[33.37895393371582,0.34465105109578076],[33.37895393371582,0.3444364782542664]]],[[[33.37895393371582,0.3449085384992401],[33.37974786758423,0.3449085384992401],[33.37974786758423,0.34465105109578076],[33.38002681732178,0.34465105109578076],[33.38002681732178,0.34437210640086846],[33.38028430938721,0.34437210640086846],[33.38028430938721,0.34465105109578076],[33.380563259124756,0.34465105109578076],[33.380563259124756,0.34437210640086846],[33.380842208862305,0.34437210640086846],[33.380842208862305,0.34319195567829297],[33.38101387023926,0.3431061265291362],[33.38122844696045,0.3429130109407481],[33.38129281997681,0.3428271817890902],[33.38124990463257,0.3428271817890902],[33.38127136230469,0.34274135263667915],[33.38137865066528,0.34261260890659173],[33.3814001083374,0.3425267797522764],[33.382301330566406,0.3427628099248494],[33.382365703582764,0.34342798583446665],[33.382344245910645,0.34396441798593],[33.38270902633667,0.343835674272313],[33.38339567184448,0.3436854732709236],[33.38346004486084,0.3433421566874273],[33.38328838348389,0.3431061265291362],[33.38328838348389,0.343020297379212],[33.3848762512207,0.34342798583446665],[33.3848762512207,0.3435567295535549],[33.38541269302368,0.3435567295535549],[33.385820388793945,0.3436640159848139],[33.385863304138184,0.34447939282296147],[33.38567018508911,0.3445223073914718],[33.385348320007324,0.3447797947983844],[33.38496208190918,0.34501582491527927],[33.3845329284668,0.34514456861295173],[33.384554386138916,0.3453376841561635],[33.38494062423706,0.346238889972625],[33.382344245910645,0.3455951715410208],[33.382365703582764,0.3456595433861338],[33.3848762512207,0.34628180453316304],[33.3848762512207,0.3465392918923982],[33.384597301483154,0.3465392918923982],[33.384597301483154,0.3468182365237027],[33.38521957397461,0.3468182365237027],[33.38528394699097,0.3469255229181414],[33.38562726974487,0.3477838140299667],[33.385798931121826,0.348448989587979],[33.38592767715454,0.34877084871209263],[33.38603496551514,0.34915707964648846],[33.386329242164706,0.349843712379581],[33.386335372924805,0.349843712379581],[33.38642120361328,0.35005828509837045],[33.385069370269775,0.3497364260183389],[33.385069370269775,0.34958622511054216],[33.384854793548584,0.349307280561149],[33.38479042053223,0.34915707964648846],[33.38449001312256,0.34928582328775803],[33.38449001312256,0.3493931096541587],[33.38427543640137,0.349436024200358],[33.384318351745605,0.3495433105650392],[33.380348682403564,0.3486206477888629],[33.37951183319092,0.34686115108161175],[33.379361629486084,0.34643200549356834],[33.37923288345337,0.3459384880433021],[33.379061222076416,0.3455737142592028],[33.37899684906006,0.3453376841561635],[33.37895393371582,0.3449085384992401]],[[33.382365703582764,0.3456595433861338],[33.382365703582764,0.3457453725122974],[33.382344245910645,0.34580974435640144],[33.38238716125488,0.34606723172845477],[33.38247299194336,0.3461316035703845],[33.38247299194336,0.3462603472529082],[33.38243007659912,0.34636763365369916],[33.38253736495972,0.3465178346127544],[33.38249444961548,0.3465822064516004],[33.382580280303955,0.3469040656393503],[33.382580280303955,0.34701135203282263],[33.38266611099243,0.3470971811467507],[33.38273048400879,0.3473117539280963],[33.382837772369385,0.3473761257615706],[33.38290214538574,0.34752632670461026],[33.38300943374634,0.34761215581383453],[33.383095264434814,0.34789110041346305],[33.38315963745117,0.34829878865961916],[33.38313817977905,0.3483417032108207],[33.38320255279541,0.3484060750372606],[33.38326692581177,0.3487279341628522],[33.383352756500244,0.3488352205355909],[33.3835244178772,0.34877084871209263],[33.38378190994263,0.3487064768881396],[33.38388919830322,0.3487923059866347],[33.38395357131958,0.34877084871209263],[33.383846282958984,0.34859919051392296],[33.38367462158203,0.34804130134831723],[33.38369607925415,0.34799838679575146],[33.38378190994263,0.34799838679575146],[33.3838677406311,0.3478052713067683],[33.3838677406311,0.3474834121496997],[33.38369607925415,0.34733321120599214],[33.38346004486084,0.3473546684837885],[33.3834171295166,0.3472473820942099],[33.38348150253296,0.34694698019687564],[33.3835244178772,0.3469255229181414],[33.38320255279541,0.3465392918923982],[33.38298797607422,0.34645346277342526],[33.38279485702515,0.3466036637311163],[33.38262319564819,0.34645346277342526],[33.382580280303955,0.34606723172845477],[33.38247299194336,0.3460028598860987],[33.382365703582764,0.3456595433861338]],[[33.384060859680176,0.347633613091034],[33.384060859680176,0.34817004500484927],[33.384339809417725,0.34817004500484927],[33.384339809417725,0.347633613091034],[33.384060859680176,0.347633613091034]]],[[[33.37895393371582,0.3785749545642716],[33.3794903755188,0.3785749545642716],[33.3794903755188,0.37775958078432836],[33.37974786758423,0.37775958078432836],[33.37974786758423,0.37748063710520796],[33.38002681732178,0.37748063710520796],[33.38002681732178,0.37722315062421785],[33.380305767059326,0.37722315062421785],[33.380305767059326,0.3769442069278881],[33.37974786758423,0.3769442069278881],[33.37974786758423,0.3764077767175422],[33.38002681732178,0.3764077767175422],[33.38002681732178,0.37612883299510713],[33.380305767059326,0.37612883299510713],[33.380305767059326,0.37559240273462535],[33.38002681732178,0.37559240273462535],[33.38002681732178,0.37531345898614177],[33.380563259124756,0.37531345898614177],[33.380563259124756,0.3750345152287906],[33.3794903755188,0.3750345152287906],[33.3794903755188,0.37454099932860174],[33.37976932525635,0.37449808490119096],[33.380842208862305,0.37449808490119096],[33.380842208862305,0.3743264271894162],[33.38163614273071,0.3741976839033896],[33.38163614273071,0.3747770286756378],[33.381099700927734,0.3747770286756378],[33.381099700927734,0.37559240273462535],[33.38137865066528,0.37559240273462535],[33.38137865066528,0.3764077767175422],[33.381099700927734,0.3764077767175422],[33.381099700927734,0.3769442069278881],[33.38137865066528,0.3769442069278881],[33.38137865066528,0.37722315062421785],[33.38163614273071,0.37722315062421785],[33.38163614273071,0.37748063710520796],[33.38172197341919,0.37748063710520796],[33.37968349456787,0.3805275598832054],[33.37925434112549,0.3796907290862208],[33.379104137420654,0.3792830422583364],[33.37895393371582,0.3785749545642716]],[[33.380563259124756,0.37666526322261973],[33.380563259124756,0.3769442069278881],[33.380842208862305,0.3769442069278881],[33.380842208862305,0.37666526322261973],[33.380563259124756,0.37666526322261973]]],[[[33.37972640991211,0.38059193147961423],[33.38178634643555,0.37748063710520796],[33.38191509246826,0.37748063710520796],[33.38191509246826,0.3773733510723929],[33.38202238082886,0.37722315062421785],[33.38217258453369,0.37722315062421785],[33.38217258453369,0.3769656641356107],[33.38238716125488,0.37666526322261973],[33.38245153427124,0.37666526322261973],[33.38245153427124,0.3769442069278881],[33.38273048400879,0.3769442069278881],[33.382558822631836,0.3776737519609412],[33.38247299194336,0.3779312384285731],[33.38249444961548,0.3779741528391014],[33.38594913482666,0.3803988166889667],[33.38146448135376,0.3814716765823505],[33.379812240600586,0.3806777602740823],[33.37972640991211,0.38059193147961423]]],[[[33.380091190338135,0.35098094773319133],[33.38015556335449,0.35098094773319133],[33.38021993637085,0.3508522041151849],[33.380606174468994,0.3505732596034363],[33.38073492050171,0.3509380331940406],[33.38112115859985,0.3511740631568898],[33.381357192993164,0.3511526058877763],[33.38146448135376,0.3512384349638893],[33.38163614273071,0.3511955204259323],[33.38163614273071,0.35171049486839934],[33.381550312042236,0.35171049486839934],[33.38137865066528,0.3515602939922644],[33.38118553161621,0.351388635845197],[33.380842208862305,0.35136717857656663],[33.380305767059326,0.35104531954154083],[33.380091190338135,0.35098094773319133]]],[[[33.38013410568237,0.40816438670424304],[33.38028430938721,0.4077352441398574],[33.38041305541992,0.40769232988216686],[33.380563259124756,0.40722027303240793],[33.380563259124756,0.40816438670424304],[33.38013410568237,0.40816438670424304]]],[[[33.38019847869873,0.403379445821173],[33.38024139404297,0.40320778869666185],[33.380305767059326,0.40314341727402336],[33.38041305541992,0.4031219601330349],[33.38062763214111,0.4029288458616094],[33.38064908981323,0.402413874448726],[33.38054180145264,0.40222076016051744],[33.38054180145264,0.4021134744428707],[33.38073492050171,0.4017487029923217],[33.380842208862305,0.40136247437989425],[33.38088512420654,0.4013839315255012],[33.3809494972229,0.4012122743590112],[33.38127136230469,0.40093333145577503],[33.381357192993164,0.4008260457212316],[33.38146448135376,0.40037544562082417],[33.38165760040283,0.40035398847255976],[33.381807804107666,0.4002896170274539],[33.38191509246826,0.4002896170274539],[33.38191509246826,0.4008260457212316],[33.38217258453369,0.4008260457212316],[33.38217258453369,0.40110498862811994],[33.38292360305786,0.40110498862811994],[33.382580280303955,0.4014483029620095],[33.382408618927,0.40170578870295515],[33.38253736495972,0.4017701601369197],[33.38249444961548,0.402027645867733],[33.38245153427124,0.402092017299168],[33.38217258453369,0.40219930301709894],[33.38202238082886,0.40219930301709894],[33.38197946548462,0.4022636744471839],[33.38200092315674,0.4026069887323729],[33.38193655014038,0.40269281730141415],[33.38193655014038,0.4028644744367824],[33.38187217712402,0.40301467442725425],[33.38212966918945,0.4034867315221504],[33.382086753845215,0.4043450170790379],[33.38163614273071,0.4043450170790379],[33.38163614273071,0.4035296458021378],[33.38191509246826,0.4035296458021378],[33.38191509246826,0.4032721601187603],[33.381099700927734,0.4032721601187603],[33.381099700927734,0.4040875314214958],[33.380842208862305,0.4040875314214958],[33.380842208862305,0.4043450170790379],[33.38077783584595,0.4043450170790379],[33.38077783584595,0.4043235599412327],[33.380563259124756,0.4041733599749051],[33.38054180145264,0.40404461714445006],[33.38064908981323,0.40372276005933827],[33.38052034378052,0.4036369315011541],[33.3804988861084,0.40346527438207147],[33.38019847869873,0.403379445821173]],[[33.38191509246826,0.40136247437989425],[33.38163614273071,0.40136247437989425],[33.38163614273071,0.401641417268479],[33.38191509246826,0.401641417268479],[33.38191509246826,0.40136247437989425]],[[33.38217258453369,0.40110498862811994],[33.38191509246826,0.40110498862811994],[33.38191509246826,0.40136247437989425],[33.38217258453369,0.40136247437989425],[33.38217258453369,0.40110498862811994]],[[33.381099700927734,0.4021778458736236],[33.381099700927734,0.4027357315855937],[33.38163614273071,0.4027357315855937],[33.38163614273071,0.4021778458736236],[33.381099700927734,0.4021778458736236]]],[[[33.380370140075684,0.3486850196133986],[33.384318351745605,0.3496076823832368],[33.38435562033436,0.349843712379581],[33.384361267089844,0.349843712379581],[33.38438272476196,0.3500153705550133],[33.385090827941895,0.3499509987395868],[33.38536977767944,0.349843712379581],[33.38650703430176,0.350122656913058],[33.38661432266235,0.35040160143822163],[33.386828899383545,0.3512384349638893],[33.38693618774414,0.3515602939922644],[33.38695764541626,0.35164612306463994],[33.38693618774414,0.35171049486839934],[33.387064933776855,0.3520752684146231],[33.387064933776855,0.35218255474903515],[33.38702201843262,0.3522683838156695],[33.386549949645996,0.35220401201576124],[33.38650703430176,0.35228984108219663],[33.38652849197388,0.352332755615123],[33.38642120361328,0.35248295647880923],[33.38642120361328,0.3526331573400654],[33.386335372924805,0.3526975291369894],[33.386356830596924,0.35327687528941],[33.38635535075751,0.35327687528941],[33.386356830596924,0.3533197898177747],[33.38622808456421,0.3533197898177747],[33.38622808456421,0.35306230264457383],[33.38594913482666,0.35306230264457383],[33.38594913482666,0.3527833581988915],[33.38622808456421,0.3527833581988915],[33.38622808456421,0.35196798207898894],[33.38569164276123,0.35196798207898894],[33.38569164276123,0.352504413744839],[33.38549852371216,0.352504413744839],[33.38547706604004,0.35231129834869535],[33.38541269302368,0.3522683838156695],[33.38536977767944,0.352161097482238],[33.385305404663086,0.35211818294854424],[33.38536977767944,0.3520538111475844],[33.38541269302368,0.35188215300956927],[33.38521957397461,0.35175340940398314],[33.38489770889282,0.3517748666716898],[33.384811878204346,0.3518392384745681],[33.38472604751587,0.3518177812070036],[33.38438272476196,0.3519465248116944],[33.384339809417725,0.3518177812070036],[33.38427543640137,0.3517748666716898],[33.38416814804077,0.35166758033260237],[33.384082317352295,0.35171049486839934],[33.38369607925415,0.35186069574209],[33.38339567184448,0.35186069574209],[33.38298797607422,0.3519250675443715],[33.38273048400879,0.35188215300956927],[33.38273048400879,0.35171049486839934],[33.38245153427124,0.35171049486839934],[33.38245153427124,0.3514315503822587],[33.382108211517334,0.3514315503822587],[33.38189363479614,0.35104531954154083],[33.38176488876343,0.35113114861862016],[33.381593227386475,0.3511526058877763],[33.38148593902588,0.35100240500268853],[33.38122844696045,0.35063763141458537],[33.380799293518066,0.34982225510742637],[33.380370140075684,0.3486850196133986]]],[[[33.380370140075684,0.4060186736538327],[33.38041305541992,0.4059757593870046],[33.38047742843628,0.4057611880494534],[33.38099241256714,0.4055895309753197],[33.38103532791138,0.4054178738975338],[33.38103532791138,0.40528913108683184],[33.38101387023926,0.40524621681610995],[33.380584716796875,0.4051603882740409],[33.38045597076416,0.40507455973107653],[33.38045597076416,0.4048599883696511],[33.380563259124756,0.4047956169601008],[33.380563259124756,0.4049029026423767],[33.380842208862305,0.4049029026423767],[33.380842208862305,0.4051603882740409],[33.381099700927734,0.4051603882740409],[33.381099700927734,0.405718273781261],[33.380842208862305,0.405718273781261],[33.380842208862305,0.4059757593870046],[33.380563259124756,0.4059757593870046],[33.380563259124756,0.40653364483797816],[33.381099700927734,0.40653364483797816],[33.381099700927734,0.4067911304177301],[33.380563259124756,0.4067911304177301],[33.380563259124756,0.4069198732045436],[33.38054180145264,0.4068984160735454],[33.38054180145264,0.40664093049720407],[33.380370140075684,0.40625470211730885],[33.380370140075684,0.4060186736538327]]],[[[33.380842208862305,0.40951618563228465],[33.38103532791138,0.40951618563228465],[33.38099241256714,0.40966638549910783],[33.38090658187866,0.4097736711165396],[33.380842208862305,0.40981658536311727],[33.380842208862305,0.40951618563228465]]],[[[33.381099700927734,0.4089583003879653],[33.38137865066528,0.4089583003879653],[33.381357192993164,0.40902267176429064],[33.38120698928833,0.4091085002652619],[33.381099700927734,0.40928015726441913],[33.381099700927734,0.4089583003879653]]],[[[33.38112115859985,0.3959338147388678],[33.38292360305786,0.3938095556482324],[33.38350296020508,0.3929941833280992],[33.38369607925415,0.3926294114748856],[33.38449001312256,0.390827009143365],[33.38545560836792,0.3870934602283711],[33.38573455810547,0.38619225851925876],[33.38577747344971,0.38604205822510096],[33.38594913482666,0.3860849725951425],[33.386056423187256,0.3860849725951425],[33.38618516921997,0.38629954444201076],[33.38620662689209,0.3864497447316211],[33.38648557662964,0.3866857737527454],[33.38672161102295,0.38696471713291203],[33.38693618774414,0.3871363745930694],[33.387043476104736,0.3872865748678578],[33.38674306869507,0.38793029030107107],[33.386571407318115,0.38793029030107107],[33.38663578033447,0.3882521479993244],[33.386571407318115,0.38846671979135294],[33.38639974594116,0.38853109132789143],[33.386099338531494,0.38848817697025595],[33.38564872741699,0.38874566311282877],[33.38536977767944,0.3890031492475572],[33.38521957397461,0.3892177210205148],[33.385112285614014,0.38956103584585833],[33.38524103164673,0.39037640850000344],[33.38541269302368,0.39065535175825516],[33.38549852371216,0.39074118045127193],[33.385605812072754,0.3911059523866811],[33.385820388793945,0.3911703239030544],[33.385841846466064,0.3913634384492184],[33.385820388793945,0.3917496675281882],[33.38562726974487,0.39239338262021306],[33.385605812072754,0.39273669731571204],[33.38545560836792,0.3932945836658206],[33.38539123535156,0.3936378983243003],[33.38519811630249,0.39421724177839224],[33.38521957397461,0.39441035625414145],[33.38515520095825,0.3946463850517574],[33.38515520095825,0.3949038710051411],[33.38502645492554,0.3950326139788274],[33.384833335876465,0.395139899788731],[33.38472604751587,0.39526864275876505],[33.38401794433594,0.3950326139788274],[33.38346004486084,0.39492532816755954],[33.38322401046753,0.39505407114093316],[33.38288068771362,0.39488241384266587],[33.38249444961548,0.39492532816755954],[33.38212966918945,0.39516135695055254],[33.38200092315674,0.39529009992025976],[33.381850719451904,0.3955690430144614],[33.381614685058594,0.3958050717791508],[33.381571769714355,0.3959338147388678],[33.38112115859985,0.3959338147388678]]],[[[33.38137865066528,0.4073490158123576],[33.38163614273071,0.4073490158123576],[33.38163614273071,0.4070700731198684],[33.38191509246826,0.4070700731198684],[33.38191509246826,0.4067482161550089],[33.382108211517334,0.4068125875490267],[33.382086753845215,0.4074348443311777],[33.382108211517334,0.40758504423692443],[33.38193655014038,0.4079283582966582],[33.38193655014038,0.40814292957657017],[33.38187217712402,0.4081858438318733],[33.38167905807495,0.40852915786597066],[33.38163614273071,0.40861498637221416],[33.38163614273071,0.40788544403999083],[33.38137865066528,0.40788544403999083],[33.38137865066528,0.4073490158123576]]],[[[33.38142156600952,0.342483865174799],[33.38152885437012,0.3420761766793703],[33.38165760040283,0.3420761766793703],[33.38178634643555,0.3416041162946186],[33.38191509246826,0.34134662880221356],[33.38187217712402,0.34111059859482395],[33.38176488876343,0.340938940258539],[33.38178634643555,0.3408101965042931],[33.38187217712402,0.3406599954555105],[33.38245153427124,0.3399733620598937],[33.38245153427124,0.3402952214701713],[33.38273048400879,0.3402952214701713],[33.38273048400879,0.34102476942705096],[33.38268756866455,0.34106768401103693],[33.382580280303955,0.34102476942705096],[33.38249444961548,0.34132517151087427],[33.382558822631836,0.34134662880221356],[33.382601737976074,0.34143245796711597],[33.38266611099243,0.3417757746190233],[33.38275194168091,0.34184014648988637],[33.382816314697266,0.34205471938966525],[33.38292360305786,0.3421834631272276],[33.382859230041504,0.3422263777060266],[33.38290214538574,0.34263406619507464],[33.38273048400879,0.34271989534845204],[33.38253736495972,0.34274135263667915],[33.38249444961548,0.3426984380601681],[33.382365703582764,0.3426769807718557],[33.382322788238525,0.34271989534845204],[33.38142156600952,0.342483865174799]]],[[[33.38146448135376,0.389582493021976],[33.38279485702515,0.38677160248609255],[33.38290214538574,0.38670723093616743],[33.383567333221436,0.38705054586343124],[33.38376045227051,0.3864712019156258],[33.38378190994263,0.3864497447316211],[33.3838677406311,0.38649265909957364],[33.384060859680176,0.3863853731792517],[33.38414669036865,0.38629954444201076],[33.38425397872925,0.3860849725951425],[33.38446855545044,0.38591331511373994],[33.384575843811035,0.3859776866696478],[33.38472604751587,0.3861708013345435],[33.38500499725342,0.3863853731792517],[33.385047912597656,0.3865141162834931],[33.38519811630249,0.38653557346732725],[33.385305404663086,0.38670723093616743],[33.38549852371216,0.38679305966928723],[33.384554386138916,0.3904193228480324],[33.382301330566406,0.38934646408165463],[33.38200092315674,0.38986143630657466],[33.38146448135376,0.389582493021976]]],[[[33.381550312042236,0.38149313377886074],[33.387064933776855,0.3802057018939706],[33.387300968170166,0.3802057018939706],[33.387300968170166,0.380141330294677],[33.388094902038574,0.37994821549392555],[33.38837385177612,0.3801198730947988],[33.38837385177612,0.3802057018939706],[33.38850259780884,0.3802057018939706],[33.39039087295532,0.3813643905990176],[33.38567018508911,0.38331699528592367],[33.38513374328613,0.38312388055646807],[33.381550312042236,0.38149313377886074]],[[33.384339809417725,0.3812785618113992],[33.384339809417725,0.3818364489156778],[33.3848762512207,0.3818364489156778],[33.3848762512207,0.38209393525926316],[33.38515520095825,0.38209393525926316],[33.38515520095825,0.382372878789468],[33.38569164276123,0.382372878789468],[33.38569164276123,0.3818364489156778],[33.38541269302368,0.3818364489156778],[33.38541269302368,0.3812785618113992],[33.38515520095825,0.3812785618113992],[33.38515520095825,0.38074213186936845],[33.3848762512207,0.38074213186936845],[33.3848762512207,0.3810210754433996],[33.38461875915527,0.3810210754433996],[33.38461875915527,0.3812785618113992],[33.384339809417725,0.3812785618113992]]],[[[33.38163614273071,0.37286733650388726],[33.38191509246826,0.37286733650388726],[33.38191509246826,0.3723309060439419],[33.38217258453369,0.3723309060439419],[33.38217258453369,0.3720519621918754],[33.38273048400879,0.3720519621918754],[33.38273048400879,0.37340376693114763],[33.38217258453369,0.37340376693114763],[33.38217258453369,0.3736827107403826],[33.38163614273071,0.3736827107403826],[33.38163614273071,0.37286733650388726]]],[[[33.38217258453369,0.3747770286756378],[33.38245153427124,0.3747770286756378],[33.38245153427124,0.37449808490119096],[33.38273048400879,0.37449808490119096],[33.38273048400879,0.3747770286756378],[33.38298797607422,0.3747770286756378],[33.38298797607422,0.37531345898614177],[33.38245153427124,0.37531345898614177],[33.38245153427124,0.3750345152287906],[33.38217258453369,0.3750345152287906],[33.38217258453369,0.3747770286756378]]],[[[33.382322788238525,0.39001163653291826],[33.382408618927,0.39003309370788486],[33.38298797607422,0.3897970647801827],[33.383846282958984,0.390161836756576],[33.3844256401062,0.3906338945848802],[33.38427543640137,0.3909128378346054],[33.383824825286865,0.39074118045127193],[33.382322788238525,0.39001163653291826]]],[[[33.382365703582764,0.39011892240722545],[33.38421106338501,0.3910201236974302],[33.38403940200806,0.39129906693432304],[33.382558822631836,0.39061243741144835],[33.382365703582764,0.39011892240722545]]],[[[33.382408618927,0.3997317311487052],[33.3825159072876,0.39936695959210056],[33.38262319564819,0.39923821668590165],[33.38277339935303,0.3991309309292035],[33.383073806762695,0.39898073086747843],[33.3834171295166,0.39902364517111266],[33.383610248565674,0.3990880166261235],[33.38367462158203,0.3991738452320561],[33.38367462158203,0.39934550244120715],[33.383567333221436,0.3996888168487658],[33.3835244178772,0.3997102739987639],[33.3835244178772,0.39919530238339007],[33.38326692581177,0.39919530238339007],[33.38326692581177,0.39947424534571496],[33.38273048400879,0.39947424534571496],[33.38273048400879,0.3997317311487052],[33.382408618927,0.3997317311487052]]],[[[33.38253736495972,0.3779097812232237],[33.38277339935303,0.3769442069278881],[33.38298797607422,0.3769442069278881],[33.38298797607422,0.37666526322261973],[33.38326692581177,0.37666526322261973],[33.38326692581177,0.37722315062421785],[33.3835244178772,0.37722315062421785],[33.3835244178772,0.37748063710520796],[33.383803367614746,0.37748063710520796],[33.383803367614746,0.37722315062421785],[33.384060859680176,0.37722315062421785],[33.384060859680176,0.37748063710520796],[33.3848762512207,0.37748063710520796],[33.3834171295166,0.37775958078432836],[33.38253736495972,0.3779097812232237]]],[[[33.382580280303955,0.36136626035819575],[33.38273048400879,0.3609371154412315],[33.38326692581177,0.3609371154412315],[33.38326692581177,0.36065817123432],[33.382837772369385,0.36065817123432],[33.38298797607422,0.36022902628394604],[33.38298797607422,0.3603792270188819],[33.3835244178772,0.3603792270188819],[33.3835244178772,0.36065817123432],[33.383803367614746,0.36065817123432],[33.383803367614746,0.3614735465842642],[33.38326692581177,0.3614735465842642],[33.38326692581177,0.36158083280906794],[33.382580280303955,0.36136626035819575]]],[[[33.382580280303955,0.3779526956338657],[33.3848762512207,0.3775450087242689],[33.3848762512207,0.37775958078432836],[33.38515520095825,0.37775958078432836],[33.38515520095825,0.37801706724943074],[33.38541269302368,0.37801706724943074],[33.38541269302368,0.3782960109113276],[33.38515520095825,0.3782960109113276],[33.38515520095825,0.3785749545642716],[33.38541269302368,0.3785749545642716],[33.38541269302368,0.3796478146841906],[33.38569164276123,0.3796478146841906],[33.38569164276123,0.37992675829359257],[33.38594913482666,0.37992675829359257],[33.38594913482666,0.3802057018939706],[33.386828899383545,0.3802057018939706],[33.38601350784302,0.3803988166889667],[33.382580280303955,0.3779526956338657]]],[[[33.38273048400879,0.3519250675443715],[33.3829665184021,0.35196798207898894],[33.38369607925415,0.35186069574209],[33.38395357131958,0.3518392384745681],[33.3839750289917,0.3517963239393822],[33.384082317352295,0.35171049486839934],[33.384096622467034,0.35171526315012325],[33.384103775024414,0.35171049486839934],[33.38427543640137,0.3517748666716898],[33.38438272476196,0.35201089661337903],[33.38468313217163,0.35188215300956927],[33.385112285614014,0.3517963239393822],[33.38512659072876,0.3518015257012117],[33.38515520095825,0.3517963239393822],[33.385348320007324,0.35188215300956927],[33.38526248931885,0.35213964021541244],[33.385326862335205,0.35218255474903515],[33.38539123535156,0.35231129834869535],[33.38541269302368,0.3527833581988915],[33.38515520095825,0.3527833581988915],[33.38515520095825,0.35306230264457383],[33.384597301483154,0.35306230264457383],[33.384597301483154,0.3535987342473561],[33.3848762512207,0.3535987342473561],[33.3848762512207,0.35387767866855313],[33.38541269302368,0.35387767866855313],[33.38541269302368,0.35426390939176144],[33.38528394699097,0.35430682391556445],[33.38474750518799,0.3543282811773878],[33.38449001312256,0.3544141102242122],[33.38421106338501,0.3543711957009066],[33.3839750289917,0.35419953760568035],[33.38395357131958,0.3541137085568664],[33.383588790893555,0.35379184961678334],[33.38348150253296,0.3533197898177747],[33.383462569293556,0.35327687528941],[33.38346004486084,0.35327687528941],[33.38315963745117,0.35259024280850326],[33.382816314697266,0.35213964021541244],[33.38273048400879,0.352096725681605],[33.38273048400879,0.3519250675443715]],[[33.38515520095825,0.3527833581988915],[33.38515520095825,0.352504413744839],[33.3848762512207,0.352504413744839],[33.3848762512207,0.3527833581988915],[33.38515520095825,0.3527833581988915]]],[[[33.38298797607422,0.4008260457212316],[33.383073806762695,0.4008260457212316],[33.38298797607422,0.4009977028958218],[33.38298797607422,0.4008260457212316]]],[[[33.3834171295166,0.3429988400916244],[33.38348150253296,0.34297738280397994],[33.38369607925415,0.34284863907707575],[33.38369607925415,0.3427628099248494],[33.383824825286865,0.342483865174799],[33.3839750289917,0.34246240788600346],[33.384339809417725,0.3425911516180946],[33.384339809417725,0.34274135263667915],[33.38446855545044,0.34284863907707575],[33.38451147079468,0.3429988400916244],[33.384597301483154,0.343020297379212],[33.384597301483154,0.34327778482665394],[33.384833335876465,0.34327778482665394],[33.3848762512207,0.3432992421136447],[33.3848762512207,0.34336361397427595],[33.3834171295166,0.3429988400916244]]],[[[33.3835244178772,0.3587484760501809],[33.383803367614746,0.3587484760501809],[33.383803367614746,0.3584909890285246],[33.383588790893555,0.3584909890285246],[33.38423252105713,0.3565812933922814],[33.384339809417725,0.3565812933922814],[33.384339809417725,0.35686023772346687],[33.38541269302368,0.35686023772346687],[33.38541269302368,0.35713918204616846],[33.38648557662964,0.3571177247908821],[33.38648557662964,0.35686023772346687],[33.38676452636719,0.35686023772346687],[33.38676452636719,0.3565812933922814],[33.387043476104736,0.3565812933922814],[33.387043476104736,0.35686023772346687],[33.387837409973145,0.35686023772346687],[33.387837409973145,0.3563238063098453],[33.38811635971069,0.3563238063098453],[33.38811635971069,0.356044861962431],[33.387837409973145,0.356044861962431],[33.387837409973145,0.3557659176065755],[33.387579917907715,0.3557659176065755],[33.387579917907715,0.3555084305013594],[33.38676452636719,0.3555084305013594],[33.38676452636719,0.3557659176065755],[33.38648557662964,0.3557659176065755],[33.38648557662964,0.3552294861293035],[33.38622808456421,0.3552294861293035],[33.38622808456421,0.35495054174880636],[33.38594913482666,0.35495054174880636],[33.38594913482666,0.35475742640352337],[33.38667869567871,0.3547788836643093],[33.38715076446533,0.35490762722798763],[33.38749408721924,0.35507928531008304],[33.38815927505493,0.3553153151677577],[33.38843822479248,0.3555728022783313],[33.38850259780884,0.35583028938175687],[33.38942527770996,0.3559375756727121],[33.38963985443115,0.3560877764779633],[33.39043378829956,0.35628089179542144],[33.39097023010254,0.3565812933922814],[33.39026212692261,0.3565812933922814],[33.39026212692261,0.3582120447469066],[33.38972568511963,0.3582120447469066],[33.38972568511963,0.3584909890285246],[33.3894681930542,0.3584909890285246],[33.3894681930542,0.35956385157095383],[33.38972568511963,0.35956385157095383],[33.38972568511963,0.35960676607002995],[33.38918924331665,0.3603792270188819],[33.38918924331665,0.36012174004319775],[33.387579917907715,0.36012174004319775],[33.387579917907715,0.35984279581134615],[33.387300968170166,0.35984279581134615],[33.387300968170166,0.35902742031547064],[33.387837409973145,0.35902742031547064],[33.387837409973145,0.35930636457224807],[33.38811635971069,0.35930636457224807],[33.38811635971069,0.3587484760501809],[33.387579917907715,0.3587484760501809],[33.387579917907715,0.3576756134122263],[33.387300968170166,0.3576756134122263],[33.387300968170166,0.35739666910578194],[33.387043476104736,0.35739666910578194],[33.387043476104736,0.3576756134122263],[33.38648557662964,0.3576756134122263],[33.38648557662964,0.35739666910578194],[33.38622808456421,0.35739666910578194],[33.38622808456421,0.3587484760501809],[33.38594913482666,0.3587484760501809],[33.38594913482666,0.3584909890285246],[33.38569164276123,0.3584909890285246],[33.38569164276123,0.35739666910578194],[33.38515520095825,0.35739666910578194],[33.38515520095825,0.3576756134122263],[33.38461875915527,0.3576756134122263],[33.38461875915527,0.35739666910578194],[33.384060859680176,0.35739666910578194],[33.384060859680176,0.3582120447469066],[33.384339809417725,0.3582120447469066],[33.384339809417725,0.3587484760501809],[33.38461875915527,0.3587484760501809],[33.38461875915527,0.35902742031547064],[33.38515520095825,0.35902742031547064],[33.38515520095825,0.35930636457224807],[33.38569164276123,0.35930636457224807],[33.38569164276123,0.35956385157095383],[33.38594913482666,0.35956385157095383],[33.38594913482666,0.35984279581134615],[33.38515520095825,0.35984279581134615],[33.38515520095825,0.35997153930402703],[33.383803367614746,0.3598213385623694],[33.383803367614746,0.35956385157095383],[33.3835244178772,0.35956385157095383],[33.3835244178772,0.3587484760501809]],[[33.387300968170166,0.35739666910578194],[33.387579917907715,0.35739666910578194],[33.387579917907715,0.3571177247908821],[33.387300968170166,0.3571177247908821],[33.387300968170166,0.35739666910578194]]],[[[33.383588790893555,0.41970831301551925],[33.383610248565674,0.41964394172602226],[33.38388919830322,0.4195581133392068],[33.38395357131958,0.4196010275327211],[33.38416814804077,0.41951519914542246],[33.38425397872925,0.41953665624234304],[33.384318351745605,0.41949374204844503],[33.384361267089844,0.41953665624234304],[33.384339809417725,0.41957957043598526],[33.38438272476196,0.41968685591908184],[33.384597301483154,0.4196010275327211],[33.38466167449951,0.41949374204844503],[33.38470458984375,0.41936499946537253],[33.38466167449951,0.41908605719480363],[33.38479042053223,0.41897877170345055],[33.38489770889282,0.4188285720131404],[33.3849835395813,0.4188929433093307],[33.385112285614014,0.4188285720131404],[33.38519811630249,0.4188500291119368],[33.385326862335205,0.4189144004079708],[33.38545560836792,0.4190646000966467],[33.38547706604004,0.4191504284888907],[33.385584354400635,0.41921479978246623],[33.38592767715454,0.4192362568801826],[33.38594913482666,0.4194293707571859],[33.386077880859375,0.419322085270565],[33.38676452636719,0.4191504284888907],[33.38691473007202,0.4191504284888907],[33.38740825653076,0.4194293707571859],[33.387579917907715,0.41947228495141076],[33.387837409973145,0.4194293707571859],[33.38815927505493,0.4195581133392068],[33.38839530944824,0.4195581133392068],[33.3890175819397,0.41975122720823776],[33.389039039611816,0.41983705559295004],[33.3893609046936,0.41985851268898955],[33.3894681930542,0.4199443410725081],[33.38951110839844,0.4198799697849438],[33.389596939086914,0.4198799697849438],[33.39024066925049,0.4199657981682492],[33.39017629623413,0.42018036912237733],[33.39015483856201,0.4206095110129411],[33.390090465545654,0.4205236826367127],[33.38987588882446,0.4206524252006858],[33.389811515808105,0.4206524252006858],[33.389832973480225,0.42058805391897636],[33.389811515808105,0.4205236826367127],[33.38974714279175,0.4205022255425064],[33.38976860046387,0.4204593113539232],[33.389832973480225,0.4204593113539232],[33.389854431152344,0.42033056878673847],[33.38994026184082,0.4203734829760464],[33.38994026184082,0.4204593113539232],[33.38996171951294,0.4204807684482432],[33.38998317718506,0.42039494007059375],[33.390090465545654,0.4204163971650985],[33.39011192321777,0.42033056878673847],[33.39000463485718,0.42035202588144216],[33.389811515808105,0.4201159978367599],[33.38976860046387,0.42009454074143093],[33.38974714279175,0.4200087123595466],[33.38970422744751,0.4199872552639192],[33.389554023742676,0.4199872552639192],[33.38953256607056,0.42003016945510296],[33.389575481414795,0.4200730836460451],[33.38944673538208,0.4201159978367599],[33.38944673538208,0.42018036912237733],[33.38953256607056,0.42018036912237733],[33.38961839675903,0.42003016945510296],[33.38966131210327,0.42009454074143093],[33.38970422744751,0.4200730836460451],[33.38974714279175,0.4201374549320178],[33.38966131210327,0.4201589120272189],[33.38966131210327,0.42022328331249525],[33.38963985443115,0.42018036912237733],[33.38951110839844,0.42024474040745474],[33.3894681930542,0.42022328331249525],[33.389339447021484,0.42033056878673847],[33.38948965072632,0.4204807684482432],[33.3894681930542,0.4205236826367127],[33.38938236236572,0.4204807684482432],[33.38940382003784,0.4205236826367127],[33.3894681930542,0.4205665968249406],[33.38951110839844,0.4205236826367127],[33.389575481414795,0.42058805391897636],[33.389575481414795,0.4206524252006858],[33.38948965072632,0.42067388229448],[33.389575481414795,0.42071679648188365],[33.389554023742676,0.4208455390426735],[33.38961839675903,0.4210171957871154],[33.38963985443115,0.4209528245083902],[33.38961839675903,0.4208669961359419],[33.38966131210327,0.42088845322913926],[33.38970422744751,0.4209528245083902],[33.38970422744751,0.4210171957871154],[33.38987588882446,0.4208240819493767],[33.38987588882446,0.4207382535755073],[33.3899188041687,0.4207382535755073],[33.390069007873535,0.4206524252006858],[33.390090465545654,0.42058805391897636],[33.39015483856201,0.42063096810684897],[33.39011192321777,0.42114593834294567],[33.390090465545654,0.42118885252776295],[33.39000463485718,0.42118885252776295],[33.39000463485718,0.4214463376316502],[33.390090465545654,0.4214463376316502],[33.390069007873535,0.42157508018038925],[33.39000463485718,0.4217038227270251],[33.3900260925293,0.42178965109023636],[33.3899188041687,0.42181110818090417],[33.389832973480225,0.42178965109023636],[33.38968276977539,0.42181110818090417],[33.38963985443115,0.4217681939995117],[33.38972568511963,0.4216179943628475],[33.38966131210327,0.4215965372716539],[33.389596939086914,0.4216394514539843],[33.389575481414795,0.4215965372716539],[33.38953256607056,0.4215965372716539],[33.389554023742676,0.4217038227270251],[33.38953256607056,0.42174673690875863],[33.389575481414795,0.4217681939995117],[33.389554023742676,0.4218325652715009],[33.38938236236572,0.4218754794525239],[33.389339447021484,0.42181110818090417],[33.38927507400513,0.42181110818090417],[33.38918924331665,0.4217252798179061],[33.38918924331665,0.4214463376316502],[33.38893175125122,0.4214463376316502],[33.38893175125122,0.4217252798179061],[33.389081954956055,0.4217252798179061],[33.389060497283936,0.4217681939995117],[33.388845920562744,0.4217681939995117],[33.38841676712036,0.4216394514539843],[33.38841676712036,0.4214677947232559],[33.38848114013672,0.4214463376316502],[33.38843822479248,0.4214034234482682],[33.3884596824646,0.4213605092646304],[33.388352394104004,0.4213605092646304],[33.388309478759766,0.4213175950807653],[33.38828802108765,0.42127468089667275],[33.388330936431885,0.42123176671232443],[33.38828802108765,0.4211244812504731],[33.38824510574341,0.42110302415791523],[33.38818073272705,0.4211244812504731],[33.38811635971069,0.421060109972629],[33.388094902038574,0.4210171957871154],[33.38813781738281,0.4209528245083902],[33.38811635971069,0.42090991032227976],[33.38798761367798,0.4208455390426735],[33.3879017829895,0.4208669961359419],[33.38775157928467,0.4208240819493767],[33.38770866394043,0.4209313674153776],[33.387558460235596,0.4209957386942733],[33.38753700256348,0.4211244812504731],[33.38747262954712,0.42114593834294567],[33.38738679885864,0.42114593834294567],[33.38727951049805,0.42123176671232443],[33.38721513748169,0.42133905217272627],[33.387300968170166,0.4213605092646304],[33.387343883514404,0.42127468089667275],[33.387451171875,0.42127468089667275],[33.387451171875,0.4212103096200792],[33.387558460235596,0.42118885252776295],[33.387558460235596,0.421253223804527],[33.38751554489136,0.42129613798874743],[33.387579917907715,0.4213175950807653],[33.387601375579834,0.4214034234482682],[33.38753700256348,0.4214892518147906],[33.38697910308838,0.4213819663564635],[33.38678598403931,0.4214248805399734],[33.38614225387573,0.4213605092646304],[33.386077880859375,0.4213175950807653],[33.386099338531494,0.421253223804527],[33.38616371154785,0.421253223804527],[33.38618516921997,0.42123176671232443],[33.38614225387573,0.4212103096200792],[33.38614225387573,0.42114593834294567],[33.38603496551514,0.4211244812504731],[33.386099338531494,0.421060109972629],[33.386077880859375,0.4210386528799148],[33.38594913482666,0.4209957386942733],[33.38590621948242,0.421060109972629],[33.385798931121826,0.42108156706530053],[33.385798931121826,0.42114593834294567],[33.385841846466064,0.42114593834294567],[33.385798931121826,0.4212103096200792],[33.38573455810547,0.4211673954353756],[33.38567018508911,0.4210386528799148],[33.38575601577759,0.42133905217272627],[33.38571310043335,0.4213819663564635],[33.38562726974487,0.42133905217272627],[33.385605812072754,0.42123176671232443],[33.38551998138428,0.4212103096200792],[33.3854341506958,0.421253223804527],[33.3854341506958,0.4214248805399734],[33.385090827941895,0.4214677947232559],[33.38515520095825,0.4214463376316502],[33.38515520095825,0.42118885252776295],[33.385112285614014,0.4211673954353756],[33.385047912597656,0.4209313674153776],[33.385090827941895,0.4208240819493767],[33.385069370269775,0.4206095110129411],[33.38494062423706,0.42009454074143093],[33.38479042053223,0.42009454074143093],[33.38470458984375,0.4202018262174505],[33.38472604751587,0.4203734829760464],[33.38468313217163,0.4204378542595464],[33.384296894073486,0.42067388229448],[33.38425397872925,0.4206524252006858],[33.38421106338501,0.4204807684482432],[33.38418960571289,0.42022328331249525],[33.38414669036865,0.4202018262174505],[33.38403940200806,0.42022328331249525],[33.383824825286865,0.42003016945510296],[33.383824825286865,0.41985851268898955],[33.38371753692627,0.41972977011191404],[33.383588790893555,0.41970831301551925]],[[33.38567018508911,0.4210386528799148],[33.38571310043335,0.4208669961359419],[33.385841846466064,0.42071679648188365],[33.38590621948242,0.42069533938821735],[33.386056423187256,0.42071679648188365],[33.386099338531494,0.4207597106690599],[33.38627099990845,0.4207382535755073],[33.386292457580566,0.42071679648188365],[33.38612079620361,0.4206095110129411],[33.386077880859375,0.42054513973084795],[33.3859920501709,0.42063096810684897],[33.38590621948242,0.42063096810684897],[33.38577747344971,0.42069533938821735],[33.38577747344971,0.4206095110129411],[33.3858847618103,0.4205022255425064],[33.38577747344971,0.4204378542595464],[33.38573455810547,0.4204378542595464],[33.38571310043335,0.42054513973084795],[33.38567018508911,0.42054513973084795],[33.38569164276123,0.42030911169200635],[33.38567018508911,0.42024474040745474],[33.38564872741699,0.4205665968249406],[33.385562896728516,0.4209528245083902],[33.38567018508911,0.4210386528799148]],[[33.38562726974487,0.4199443410725081],[33.38564872741699,0.42005162655060246],[33.38564872741699,0.41983705559295004],[33.38562726974487,0.4199443410725081]],[[33.38564872741699,0.41983705559295004],[33.38577747344971,0.41970831301551925],[33.385863304138184,0.41970831301551925],[33.3858847618103,0.4197941414007147],[33.38590621948242,0.41977268430449044],[33.38592767715454,0.41964394172602226],[33.38567018508911,0.41970831301551925],[33.38564872741699,0.41983705559295004]],[[33.38865280151367,0.4203734829760464],[33.38865280151367,0.42063096810684897],[33.38893175125122,0.42063096810684897],[33.38893175125122,0.4203734829760464],[33.38865280151367,0.4203734829760464]]],[[[33.3845329284668,0.3839177966385705],[33.38513374328613,0.383166794941161],[33.38667869567871,0.3838319678765032],[33.3859920501709,0.38469025545853697],[33.38547706604004,0.3852266851534836],[33.38489770889282,0.38449714076010366],[33.3845329284668,0.3839177966385705]]],[[[33.384597301483154,0.41114692689281185],[33.38466167449951,0.41106109841369687],[33.384833335876465,0.4109323556933049],[33.38491916656494,0.41091089857303587],[33.385047912597656,0.41073924160883735],[33.38541269302368,0.4106748702463108],[33.38541269302368,0.4108679843323415],[33.38515520095825,0.4108679843323415],[33.38515520095825,0.41114692689281185],[33.38541269302368,0.41114692689281185],[33.38541269302368,0.41127566960972217],[33.385090827941895,0.41134004096741705],[33.38476896286011,0.411361498086535],[33.384597301483154,0.41114692689281185]]],[[[33.384833335876465,0.386020601040002],[33.384854793548584,0.3859776866696478],[33.38491916656494,0.3859562294844068],[33.38502645492554,0.386020601040002],[33.385112285614014,0.3859776866696478],[33.385112285614014,0.38589185792829994],[33.38539123535156,0.3859347722990947],[33.38539123535156,0.3860849725951425],[33.38547706604004,0.3861708013345435],[33.38545560836792,0.38621371570391716],[33.385326862335205,0.3862780872575797],[33.38528394699097,0.38623517288853293],[33.38526248931885,0.3863853731792517],[33.38521957397461,0.3863853731792517],[33.38517665863037,0.3864497447316211],[33.38545560836792,0.3863639159950196],[33.38551998138428,0.3865141162834931],[33.3854341506958,0.38672868811953265],[33.385348320007324,0.3866857737527454],[33.38517665863037,0.3864712019156258],[33.385090827941895,0.3864712019156258],[33.385069370269775,0.3864282875475453],[33.385069370269775,0.38625663007307764],[33.3849835395813,0.38625663007307764],[33.384833335876465,0.3861064297800567],[33.384833335876465,0.38606351541015727],[33.3848762512207,0.38606351541015727],[33.384833335876465,0.386020601040002]]],[[[33.38541269302368,0.4108679843323415],[33.38569164276123,0.4108679843323415],[33.38569164276123,0.41063195600433744],[33.38592767715454,0.4106963273672193],[33.386077880859375,0.4106748702463108],[33.386292457580566,0.410567584640944],[33.3864426612854,0.41054612751970865],[33.38648557662964,0.410567584640944],[33.3864426612854,0.41065341312535963],[33.38665723800659,0.4106104988832584],[33.386828899383545,0.41071778448805674],[33.38721513748169,0.41071778448805674],[33.38738679885864,0.4108679843323415],[33.38702201843262,0.4108679843323415],[33.3870005607605,0.41082507009140556],[33.386828899383545,0.41078215585022804],[33.38674306869507,0.41091089857303587],[33.38637828826904,0.4109752699336582],[33.386292457580566,0.4109323556933049],[33.386056423187256,0.4110396412937689],[33.38597059249878,0.41114692689281185],[33.38541269302368,0.41114692689281185],[33.38541269302368,0.4108679843323415]]],[[[33.385605812072754,0.3858704007428315],[33.38573455810547,0.3857416576288557],[33.385798931121826,0.38559145732676825],[33.385798931121826,0.3855270857679045],[33.38569164276123,0.3855056285815124],[33.38601350784302,0.38537688546200854],[33.38612079620361,0.3851623135918629],[33.386056423187256,0.3851408564045613],[33.38603496551514,0.38501211327954366],[33.38597059249878,0.38501211327954366],[33.38575601577759,0.3851623135918629],[33.38571310043335,0.38511939921718863],[33.38573455810547,0.38507648484228696],[33.385863304138184,0.38492628452846134],[33.38603496551514,0.38488337015259333],[33.38612079620361,0.38490482734054865],[33.38616371154785,0.3849691989041162],[33.38612079620361,0.38505502765475796],[33.38614225387573,0.38511939921718863],[33.38627099990845,0.38507648484228696],[33.38642120361328,0.38492628452846134],[33.38639974594116,0.38488337015259333],[33.3864426612854,0.38484045577651216],[33.38663578033447,0.3847760842119783],[33.38663578033447,0.3847331698353571],[33.386549949645996,0.38469025545853697],[33.38642120361328,0.38471171264697546],[33.38642120361328,0.3846044267042146],[33.38652849197388,0.3846258838928662],[33.386592864990234,0.38458296951547766],[33.386592864990234,0.38454005513789014],[33.38650703430176,0.38458296951547766],[33.38648557662964,0.3845185979490111],[33.38661432266235,0.3844542263820614],[33.38665723800659,0.38449714076010366],[33.38667869567871,0.3843898548146143],[33.38672161102295,0.3843898548146143],[33.38672161102295,0.3845185979490111],[33.386807441711426,0.38447568357111095],[33.386807441711426,0.3844327691929692],[33.38676452636719,0.38441131200382017],[33.38678598403931,0.3843683976253658],[33.38674306869507,0.3843040260572792],[33.38687181472778,0.38421819729907725],[33.386850357055664,0.38434694043606044],[33.3868932723999,0.38441131200382017],[33.386850357055664,0.3844542263820614],[33.386850357055664,0.38454005513789014],[33.386807441711426,0.38458296951547766],[33.38678598403931,0.3846687982700274],[33.38687181472778,0.3846687982700274],[33.38695764541626,0.3847760842119783],[33.3870005607605,0.38479754140023203],[33.38693618774414,0.38458296951547766],[33.38697910308838,0.38456151232672653],[33.387043476104736,0.3846044267042146],[33.38717222213745,0.38456151232672653],[33.387300968170166,0.38471171264697546],[33.387300968170166,0.3847331698353571],[33.38721513748169,0.3846687982700274],[33.38721513748169,0.38469025545853697],[33.38723659515381,0.38484045577651216],[33.387300968170166,0.38490482734054865],[33.387300968170166,0.3849691989041162],[33.38723659515381,0.38499065609185834],[33.38712930679321,0.3849477417163172],[33.387107849121094,0.38507648484228696],[33.387064933776855,0.3851408564045613],[33.38648557662964,0.38541979983538965],[33.38648557662964,0.38544125702199494],[33.38639974594116,0.3855056285815124],[33.38620662689209,0.38557000014051823],[33.38590621948242,0.3857845720004036],[33.385820388793945,0.38567728607114304],[33.385841846466064,0.3858060291860852],[33.38577747344971,0.3858060291860852],[33.38569164276123,0.3858704007428315],[33.385605812072754,0.3858704007428315]]],[[[33.38571310043335,0.34767652764526247],[33.38575601577759,0.3475906985366066],[33.386077880859375,0.34744049759459017],[33.38650703430176,0.3472473820942099],[33.38672161102295,0.3472044675380346],[33.38674306869507,0.3471400957034092],[33.386850357055664,0.3471615529816745],[33.38691473007202,0.34711863842510127],[33.3868932723999,0.3469898947542305],[33.38697910308838,0.34694698019687564],[33.38702201843262,0.3467324074072451],[33.387064933776855,0.3467324074072451],[33.38719367980957,0.3466251210105895],[33.38721513748169,0.3466465782900343],[33.38753700256348,0.34643200549356834],[33.387579917907715,0.34645346277342526],[33.387601375579834,0.3463890909337124],[33.38773012161255,0.3463461763736291],[33.38768720626831,0.34587411620007913],[33.38762283325195,0.34580974435640144],[33.38753700256348,0.34580974435640144],[33.38751554489136,0.3457453725122974],[33.38768720626831,0.345444970567371],[33.387815952301025,0.3453376841561635],[33.38798761367798,0.3452303977437481],[33.38837385177612,0.3451016540472551],[33.38828802108765,0.3451874831784352],[33.38828802108765,0.345616628822782],[33.38839530944824,0.34619597541187375],[33.388352394104004,0.3465178346127544],[33.38888883590698,0.3464105482136546],[33.38873863220215,0.3459384880433021],[33.38871717453003,0.3456595433861338],[33.3899188041687,0.3458955734812008],[33.39011192321777,0.3459814026052186],[33.39017629623413,0.34606723172845477],[33.38974714279175,0.34606723172845477],[33.38970422744751,0.3461316035703845],[33.38966131210327,0.34611014628978864],[33.38951110839844,0.3464963773330254],[33.38966131210327,0.34694698019687564],[33.38972568511963,0.34701135203282263],[33.389790058135986,0.3472044675380346],[33.38976860046387,0.3472688393722194],[33.389596939086914,0.34741904031696436],[33.38989734649658,0.34765507036817667],[33.38998317718506,0.347633613091034],[33.390305042266846,0.34765507036817667],[33.390326499938965,0.34817004500484927],[33.39000463485718,0.34817004500484927],[33.39000463485718,0.3487064768881396],[33.390326499938965,0.3487064768881396],[33.3903694152832,0.3495218532921882],[33.39026212692261,0.3495218532921882],[33.39026212692261,0.35033722962546676],[33.3903694152832,0.35033722962546676],[33.39041233062744,0.35108823408018],[33.39236497879028,0.3515602939922644],[33.39367389678955,0.35188215300956927],[33.39375972747803,0.35211818294854424],[33.39298725128174,0.35248295647880923],[33.39277267456055,0.3525473282767706],[33.392579555511475,0.35256878554267246],[33.39240789413452,0.3526975291369894],[33.39223623275757,0.352761900933487],[33.39236497879028,0.352761900933487],[33.392536640167236,0.35267607187140015],[33.39219331741333,0.3531052171739333],[33.39242935180664,0.35304084537980884],[33.393394947052,0.35304084537980884],[33.39414596557617,0.35319104623205533],[33.39425325393677,0.35351290519299994],[33.39436054229736,0.3540493367697479],[33.3944034576416,0.3548861699674859],[33.39461803436279,0.3552938579082223],[33.39461803436279,0.35583028938175687],[33.39472532272339,0.35653837887905127],[33.39463949203491,0.3571606393014264],[33.39461803436279,0.3576541561581763],[33.394296169281006,0.3579545577101726],[33.39390993118286,0.35801892947003466],[33.39337348937988,0.3579331004567905],[33.3935022354126,0.3579331004567905],[33.3935022354126,0.3576756134122263],[33.39324474334717,0.3576756134122263],[33.39324474334717,0.35739666910578194],[33.39296579360962,0.35739666910578194],[33.39296579360962,0.35686023772346687],[33.39268684387207,0.35686023772346687],[33.39268684387207,0.3565812933922814],[33.39215040206909,0.3565812933922814],[33.39215040206909,0.35686023772346687],[33.39189291000366,0.35686023772346687],[33.39189291000366,0.3565812933922814],[33.391098976135254,0.3565812933922814],[33.39071273803711,0.3563881780811329],[33.39069128036499,0.3563238063098453],[33.390798568725586,0.3563238063098453],[33.390798568725586,0.356044861962431],[33.391077518463135,0.356044861962431],[33.391077518463135,0.3557659176065755],[33.390798568725586,0.3557659176065755],[33.390798568725586,0.3556157167960805],[33.3910346031189,0.3554440587239469],[33.391077518463135,0.3553582296866864],[33.391077518463135,0.3555084305013594],[33.391356468200684,0.3555084305013594],[33.391356468200684,0.3552294861293035],[33.391077518463135,0.3552294861293035],[33.391077518463135,0.35495054174880636],[33.391356468200684,0.35495054174880636],[33.391356468200684,0.3546930546208813],[33.39161396026611,0.3546930546208813],[33.39161396026611,0.35306230264457383],[33.391356468200684,0.35306230264457383],[33.391356468200684,0.3527833581988915],[33.391077518463135,0.3527833581988915],[33.391077518463135,0.352504413744839],[33.38972568511963,0.352504413744839],[33.38972568511963,0.3527833581988915],[33.3894681930542,0.3527833581988915],[33.3894681930542,0.3531481317030938],[33.38928427015025,0.3532707446424897],[33.38921070098877,0.3533627043459546],[33.38888883590698,0.3533412470819002],[33.38878154754639,0.35327687528941],[33.38873863220215,0.35319104623205533],[33.38873863220215,0.3531052171739333],[33.38893175125122,0.35306230264457383],[33.38888883590698,0.35293355905530177],[33.38895320892334,0.3525258710108403],[33.38895320892334,0.3524185846803789],[33.38893175125122,0.352397127414136],[33.38893175125122,0.35175340940398314],[33.389081954956055,0.35173195213620545],[33.38914632797241,0.3519465248116944],[33.38927507400513,0.3520538111475844],[33.38940382003784,0.352096725681605],[33.38927507400513,0.35201089661337903],[33.38914632797241,0.3518392384745681],[33.38912487030029,0.35173195213620545],[33.38921070098877,0.3515602939922644],[33.38927507400513,0.3514530076507043],[33.38921070098877,0.3514315503822587],[33.389103412628174,0.3510238622721289],[33.3890175819397,0.35100240500268853],[33.38899612426758,0.35087366138498055],[33.38914632797241,0.3507449177655104],[33.389339447021484,0.35070200322527967],[33.389596939086914,0.35070200322527967],[33.38976860046387,0.3506161741442497],[33.389811515808105,0.3504874305212269],[33.389811515808105,0.350380144167346],[33.389854431152344,0.35033722962546676],[33.389790058135986,0.35007974236998507],[33.38961839675903,0.35010119964154285],[33.38940382003784,0.3499939132832566],[33.38948965072632,0.349843712379581],[33.38949769735326,0.349843712379581],[33.38951110839844,0.34982225510742637],[33.3894681930542,0.3495218532921882],[33.389339447021484,0.3492214514673435],[33.389339447021484,0.349307280561149],[33.389103412628174,0.3493716523809667],[33.389060497283936,0.3493931096541587],[33.38912487030029,0.3494145669272797],[33.38863134384155,0.3496076823832368],[33.38863134384155,0.3494574814733937],[33.38852405548096,0.349307280561149],[33.38848114013672,0.349307280561149],[33.38837385177612,0.3494789387463726],[33.38837385177612,0.3496720542010081],[33.38822364807129,0.3496291396558746],[33.38811635971069,0.34982225510742637],[33.38813781738281,0.3499080841957465],[33.38811635971069,0.3499509987395868],[33.3880090713501,0.34992954146768795],[33.38775157928467,0.35007974236998507],[33.38768720626831,0.3499939132832566],[33.38768720626831,0.349843712379581],[33.38770866394043,0.349843712379581],[33.38762283325195,0.34975788329069246],[33.38768720626831,0.3496291396558746],[33.38721513748169,0.3494574814733937],[33.38717222213745,0.3495003960193088],[33.38719367980957,0.3495433105650392],[33.387086391448975,0.3499509987395868],[33.38723659515381,0.35016557145593197],[33.387343883514404,0.3501870287272908],[33.387579917907715,0.35016557145593197],[33.38764429092407,0.35033722962546676],[33.38652849197388,0.35005828509837045],[33.38642120361328,0.349843712379581],[33.38643172208454,0.349843712379581],[33.38603496551514,0.34896396418126585],[33.38571310043335,0.34767652764526247]],[[33.38940382003784,0.352096725681605],[33.38951110839844,0.35213964021541244],[33.389596939086914,0.3524185846803789],[33.38989734649658,0.3524185846803789],[33.3900260925293,0.35237567014786464],[33.39026212692261,0.35237567014786464],[33.390347957611084,0.35235421288152224],[33.39041233062744,0.35237567014786464],[33.39041233062744,0.35248295647880923],[33.39071273803711,0.3524185846803789],[33.39066982269287,0.35237567014786464],[33.39019775390625,0.35231129834869535],[33.39017629623413,0.3522683838156695],[33.39028358459473,0.35213964021541244],[33.390305042266846,0.35201089661337903],[33.390305042266846,0.35175340940398314],[33.39026212692261,0.35171049486839934],[33.390305042266846,0.3515602939922644],[33.39026212692261,0.3514315503822587],[33.39013338088989,0.3515602939922644],[33.38994026184082,0.35158175126044],[33.38989734649658,0.35162466579662066],[33.38996171951294,0.3518177812070036],[33.389854431152344,0.3519465248116944],[33.38968276977539,0.352096725681605],[33.38940382003784,0.352096725681605]],[[33.38627099990845,0.3478052713067683],[33.38637828826904,0.34782672858352726],[33.38650703430176,0.34786964313687463],[33.38648557662964,0.3477623567531367],[33.386313915252686,0.34774089947623565],[33.38627099990845,0.3478052713067683]],[[33.38841676712036,0.3483846177618375],[33.38841676712036,0.34853481868881886],[33.3884596824646,0.34859919051392296],[33.38867425918579,0.34857773323892616],[33.38886737823486,0.348448989587979],[33.38888883590698,0.3483846177618375],[33.38893175125122,0.3484275323126411],[33.3890175819397,0.34877084871209263],[33.38897466659546,0.3489425069071075],[33.38918924331665,0.3489210496329065],[33.389296531677246,0.3491356223727706],[33.389296531677246,0.34902833600345673],[33.38912487030029,0.34864210506376025],[33.389103412628174,0.348448989587979],[33.38893175125122,0.34812713045285193],[33.388845920562744,0.34774089947623565],[33.38893175125122,0.34767652764526247],[33.38897466659546,0.34744049759459017],[33.38888883590698,0.3473546684837885],[33.38852405548096,0.3473975830392959],[33.38850259780884,0.34767652764526247],[33.388566970825195,0.34774089947623565],[33.388588428497314,0.34806275862452196],[33.388545513153076,0.3483631604863433],[33.38841676712036,0.3483846177618375]],[[33.39296579360962,0.3533197898177747],[33.39296579360962,0.35387767866855313],[33.39324474334717,0.35387767866855313],[33.39324474334717,0.3535987342473561],[33.3935022354126,0.3535987342473561],[33.3935022354126,0.3533197898177747],[33.39296579360962,0.3533197898177747]]],[[[33.38573455810547,0.3833599096696503],[33.39212894439697,0.38069921747256785],[33.39539051055908,0.38110690423359017],[33.39539051055908,0.38155750536805044],[33.39566946029663,0.38155750536805044],[33.39566946029663,0.3812785618113992],[33.39592695236206,0.3812785618113992],[33.39592695236206,0.3811712758256647],[33.39622735977173,0.3812141902201205],[33.39614152908325,0.38232996440079603],[33.39562654495239,0.382179764038753],[33.3954119682312,0.382179764038753],[33.395283222198486,0.38213684964911465],[33.3944034576416,0.38207247806424505],[33.394339084625244,0.38209393525926316],[33.393566608428955,0.38209393525926316],[33.393094539642334,0.38211539245422443],[33.392300605773926,0.38207247806424505],[33.391785621643066,0.38215830684397645],[33.39146375656128,0.3822870500119109],[33.39043378829956,0.38297368020832323],[33.39024066925049,0.38318825213343644],[33.39011192321777,0.3832526237099074],[33.39013338088989,0.3832955380939609],[33.390069007873535,0.3833599096696503],[33.38925361633301,0.3839177966385705],[33.38893175125122,0.3840894541601614],[33.38828802108765,0.3845185979490111],[33.38573455810547,0.3833599096696503]],[[33.39378118515015,0.3812785618113992],[33.39378118515015,0.38155750536805044],[33.394317626953125,0.38155750536805044],[33.394317626953125,0.3812785618113992],[33.39378118515015,0.3812785618113992]]],[[[33.38594913482666,0.3609371154412315],[33.38622808456421,0.3609371154412315],[33.38622808456421,0.3601431972914497],[33.38648557662964,0.36018611178781157],[33.38648557662964,0.36065817123432],[33.38676452636719,0.36065817123432],[33.38676452636719,0.3609371154412315],[33.387043476104736,0.3609371154412315],[33.387043476104736,0.36200997769563514],[33.387300968170166,0.36200997769563514],[33.387300968170166,0.362546408775259],[33.387043476104736,0.362546408775259],[33.387043476104736,0.3627609811982211],[33.38648557662964,0.36258932326025217],[33.38648557662964,0.362546408775259],[33.38622808456421,0.3625034942900669],[33.38622808456421,0.36200997769563514],[33.38594913482666,0.36200997769563514],[33.38594913482666,0.3609371154412315]]],[[[33.386292457580566,0.3857416576288557],[33.38639974594116,0.3856343716990551],[33.388330936431885,0.38454005513789014],[33.39043378829956,0.3876942613145644],[33.390326499938965,0.3877586328569862],[33.39021921157837,0.3876942613145644],[33.39017629623413,0.3876513469526799],[33.39021921157837,0.3876084325905822],[33.39019775390625,0.38754406104700934],[33.38998317718506,0.3872865748678578],[33.38966131210327,0.387200746139726],[33.38953256607056,0.3870934602283711],[33.389081954956055,0.38698617431563775],[33.38897466659546,0.3869218027673327],[33.3889102935791,0.3869432599501579],[33.38878154754639,0.3869218027673327],[33.388545513153076,0.3868359740355203],[33.38850259780884,0.38677160248609255],[33.38826656341553,0.386750145302841],[33.387815952301025,0.38664285938575915],[33.38740825653076,0.38649265909957364],[33.387043476104736,0.38625663007307764],[33.387043476104736,0.3860849725951425],[33.38667869567871,0.38589185792829994],[33.3864426612854,0.38589185792829994],[33.386313915252686,0.38582748637172415],[33.386292457580566,0.3857416576288557]]],[[[33.38674306869507,0.3840250825899574],[33.38678598403931,0.3839392538289701],[33.3868932723999,0.3840036253997994],[33.38676452636719,0.3840250825899574],[33.38674306869507,0.3840250825899574]]],[[[33.38676452636719,0.38413236854002264],[33.386828899383545,0.3840679969701455],[33.38691473007202,0.3840894541601614],[33.38702201843262,0.3840250825899574],[33.387064933776855,0.38411091135012043],[33.3870005607605,0.38411091135012043],[33.38697910308838,0.38421819729907725],[33.38693618774414,0.38421819729907725],[33.38691473007202,0.384153825729868],[33.38678598403931,0.384153825729868],[33.38676452636719,0.38413236854002264]]],[[[33.3868932723999,0.3845185979490111],[33.38693618774414,0.38434694043606044],[33.38697910308838,0.38432548324669824],[33.387043476104736,0.38432548324669824],[33.387043476104736,0.3843683976253658],[33.38712930679321,0.3843898548146143],[33.38715076446533,0.3844327691929692],[33.38721513748169,0.3844327691929692],[33.38723659515381,0.38434694043606044],[33.38721513748169,0.38432548324669824],[33.38725805282593,0.38428256886781753],[33.38721513748169,0.3841967401094024],[33.38727951049805,0.3841752829196423],[33.38727951049805,0.384153825729868],[33.38738679885864,0.3841967401094024],[33.38740825653076,0.38423965448870945],[33.38747262954712,0.3843040260572792],[33.387579917907715,0.38428256886781753],[33.387837409973145,0.3843898548146143],[33.38775157928467,0.38441131200382017],[33.38766574859619,0.3845185979490111],[33.38747262954712,0.38441131200382017],[33.387579917907715,0.3845185979490111],[33.38753700256348,0.38458296951547766],[33.387558460235596,0.3846258838928662],[33.387558460235596,0.38471171264697546],[33.38762283325195,0.38479754140023203],[33.387579917907715,0.38484045577651216],[33.38747262954712,0.38479754140023203],[33.38751554489136,0.3847546270237103],[33.38749408721924,0.3846044267042146],[33.38727951049805,0.3846044267042146],[33.38715076446533,0.38447568357111095],[33.387043476104736,0.3845185979490111],[33.38702201843262,0.38447568357111095],[33.38695764541626,0.3845185979490111],[33.3868932723999,0.3845185979490111]]],[[[33.387043476104736,0.3785749545642716],[33.387579917907715,0.3785749545642716],[33.387579917907715,0.3782960109113276],[33.387837409973145,0.3782960109113276],[33.387837409973145,0.37775958078432836],[33.38811635971069,0.37775958078432836],[33.38811635971069,0.37748063710520796],[33.38837385177612,0.37748063710520796],[33.38837385177612,0.37722315062421785],[33.38895320892334,0.37722315062421785],[33.389039039611816,0.3774377226922354],[33.3894681930542,0.37722315062421785],[33.3894681930542,0.37748063710520796],[33.39013338088989,0.37748063710520796],[33.39015483856201,0.3778024951957093],[33.39026212692261,0.37874661219238703],[33.3894681930542,0.37898264142549465],[33.388094902038574,0.37990530109318854],[33.387300968170166,0.3800769586949002],[33.387300968170166,0.37939032826753305],[33.387043476104736,0.37939032826753305],[33.387043476104736,0.3785749545642716]]],[[[33.38717222213745,0.3939168414738816],[33.387343883514404,0.3930370976627273],[33.38740825653076,0.3931229263313014],[33.387579917907715,0.39318729783215645],[33.38766574859619,0.3931658406652616],[33.387815952301025,0.3934233266644185],[33.387815952301025,0.3935735268269127],[33.387837409973145,0.39359498399275594],[33.387837409973145,0.3934233266644185],[33.38768720626831,0.39314438349830994],[33.387601375579834,0.3931658406652616],[33.38742971420288,0.39310146916423605],[33.387300968170166,0.39292981182573783],[33.38723659515381,0.39230755394413563],[33.38738679885864,0.39217881092837104],[33.38719367980957,0.3918140390396019],[33.38725805282593,0.391620924503826],[33.387322425842285,0.3915565529909202],[33.38762283325195,0.39153509581983315],[33.387579917907715,0.39132052410602114],[33.38766574859619,0.39125615259079893],[33.387794494628906,0.39121323824704746],[33.38792324066162,0.39119178107507935],[33.38798761367798,0.39106303804216225],[33.38893175125122,0.39106303804216225],[33.38893175125122,0.39078409479742504],[33.38918924331665,0.39078409479742504],[33.38918924331665,0.39039786567404633],[33.389296531677246,0.3903334941517471],[33.38951110839844,0.39007600805766174],[33.38996171951294,0.39003309370788486],[33.38998317718506,0.39037640850000344],[33.39015483856201,0.3905266087171384],[33.39024066925049,0.3904407800219616],[33.39019775390625,0.3903549513259037],[33.39024066925049,0.39001163653291826],[33.3903694152832,0.3899472650076632],[33.390347957611084,0.38977560760460506],[33.39045524597168,0.3896897789017686],[33.390541076660156,0.3896897789017686],[33.390541076660156,0.3896468645500164],[33.39064836502075,0.38960395019805105],[33.390798568725586,0.38966832172593513],[33.3909273147583,0.38951812149346665],[33.39099168777466,0.38949666431716423],[33.39114189147949,0.38934646408165463],[33.39120626449585,0.3893250069049401],[33.391292095184326,0.3893679212583123],[33.39139938354492,0.38934646408165463],[33.39163541793823,0.38913189231197975],[33.39176416397095,0.3890889779573996],[33.39189291000366,0.3890889779573996],[33.3919358253479,0.3892177210205148],[33.39197874069214,0.3892606353744412],[33.392043113708496,0.3892177210205148],[33.39219331741333,0.3890031492475572],[33.39227914810181,0.3889173205368479],[33.392300605773926,0.38874566311282877],[33.39242935180664,0.3884238054333764],[33.39268684387207,0.3881663192809839],[33.39266538619995,0.3880804905617765],[33.392815589904785,0.38773717567625],[33.39287996292114,0.38735094641337753],[33.39285850524902,0.38722220332185486],[33.39298725128174,0.38711491741074155],[33.39326620101929,0.386750145302841],[33.393352031707764,0.38677160248609255],[33.39360952377319,0.3864282875475453],[33.393566608428955,0.3863853731792517],[33.393545150756836,0.386020601040002],[33.393330574035645,0.3857845720004036],[33.393588066101074,0.38541979983538965],[33.39371681213379,0.38535542827524694],[33.39386701583862,0.3853983426487275],[33.393802642822266,0.38582748637172415],[33.39399576187134,0.3866857737527454],[33.39418888092041,0.38726511768589944],[33.394553661346436,0.38773717567625],[33.394811153411865,0.3876942613145644],[33.394553661346436,0.38788737594038025],[33.39448928833008,0.388016119021799],[33.39436054229736,0.38814486210125665],[33.39418888092041,0.3880804905617765],[33.394103050231934,0.38818777646064007],[33.393802642822266,0.3882950623581536],[33.3929443359375,0.38872420593457946],[33.39290142059326,0.38878857746917106],[33.39303016662598,0.3890889779573996],[33.39311599731445,0.3891533494892059],[33.393051624298096,0.3892606353744412],[33.39292287826538,0.38934646408165463],[33.392837047576904,0.38934646408165463],[33.39270830154419,0.3892391781974993],[33.392579555511475,0.3890460636025921],[33.39251518249512,0.3890460636025921],[33.392493724823,0.3892606353744412],[33.39262247085571,0.38956103584585833],[33.392558097839355,0.3896468645500164],[33.392300605773926,0.3897326932532934],[33.39225769042969,0.38981852195570355],[33.39197874069214,0.3899901793578806],[33.39161396026611,0.390161836756576],[33.39161396026611,0.3896897789017686],[33.391077518463135,0.3896897789017686],[33.391077518463135,0.3902476654546092],[33.391356468200684,0.3902476654546092],[33.391356468200684,0.3903120369775479],[33.391313552856445,0.3903549513259037],[33.390820026397705,0.3905480658908118],[33.390820026397705,0.3902476654546092],[33.39026212692261,0.3902476654546092],[33.39026212692261,0.39078409479742504],[33.38953256607056,0.3913634384492184],[33.38942527770996,0.39142780996360216],[33.38918924331665,0.3916638388454885],[33.38848114013672,0.3919642392310152],[33.38852405548096,0.39295126899324373],[33.38837385177612,0.39295126899324373],[33.38837385177612,0.3937666413175691],[33.38811635971069,0.3937666413175691],[33.38811635971069,0.393981212968626],[33.388094902038574,0.3939597558037633],[33.38811635971069,0.39410995595659415],[33.38803052902222,0.39426015610672493],[33.388073444366455,0.3944747277450631],[33.387558460235596,0.39509698546493155],[33.38727951049805,0.39471075654083165],[33.38717222213745,0.3939168414738816]],[[33.388094902038574,0.3939597558037633],[33.38796615600586,0.3937022698211763],[33.38794469833374,0.3937022698211763],[33.388094902038574,0.3939597558037633]],[[33.38893175125122,0.39132052410602114],[33.38893175125122,0.3915994673329095],[33.38918924331665,0.3915994673329095],[33.38918924331665,0.39132052410602114],[33.38893175125122,0.39132052410602114]]],[[[33.38747262954712,0.3965131580329029],[33.38751554489136,0.3962556721294419],[33.38762283325195,0.39606255769659526],[33.387858867645264,0.39606255769659526],[33.38788032531738,0.39548321437109735],[33.38796615600586,0.39548321437109735],[33.38796615600586,0.39529009992025976],[33.38792324066162,0.39526864275876505],[33.38792324066162,0.395139899788731],[33.38811635971069,0.3951184426268668],[33.38811635971069,0.3953973857268238],[33.38837385177612,0.3953973857268238],[33.38837385177612,0.3951184426268668],[33.3884596824646,0.3951184426268668],[33.38843822479248,0.3959338147388678],[33.38815927505493,0.39672772961299074],[33.38813781738281,0.39674918677069115],[33.387815952301025,0.39664190098162067],[33.38764429092407,0.3967062724552335],[33.387579917907715,0.3968135582434513],[33.38749408721924,0.3968135582434513],[33.38747262954712,0.3965131580329029]]],[[[33.38764429092407,0.3903120369775479],[33.38811635971069,0.38977560760460506],[33.38811635971069,0.3902476654546092],[33.387837409973145,0.3902476654546092],[33.387837409973145,0.39050515154343657],[33.38811635971069,0.39050515154343657],[33.38811635971069,0.39078409479742504],[33.387837409973145,0.39078409479742504],[33.387837409973145,0.39106303804216225],[33.38796615600586,0.39106303804216225],[33.3879017829895,0.3911703239030544],[33.387794494628906,0.39121323824704746],[33.38764429092407,0.3903120369775479]]],[[[33.387837409973145,0.4110825555335538],[33.38788032531738,0.4108894414527242],[33.38792324066162,0.4108679843323415],[33.38803052902222,0.4108894414527242],[33.388051986694336,0.41084652721190196],[33.388051986694336,0.4108036129708523],[33.388094902038574,0.4107606987295753],[33.388094902038574,0.41065341312535963],[33.38826656341553,0.41063195600433744],[33.38837385177612,0.410567584640944],[33.38826656341553,0.4104173847910175],[33.38828802108765,0.4103530134259046],[33.388352394104004,0.4103530134259046],[33.38841676712036,0.41031009918221173],[33.38839530944824,0.41028864206026583],[33.388309478759766,0.41031009918221173],[33.388330936431885,0.4102242706941297],[33.38818073272705,0.4102457278162319],[33.388094902038574,0.41000969946986743],[33.38820219039917,0.40996678522432717],[33.38818073272705,0.40992387097855953],[33.38813781738281,0.4099453281014718],[33.38811635971069,0.4098809567325645],[33.38820219039917,0.40985949960946755],[33.38824510574341,0.4099453281014718],[33.38828802108765,0.40990241385559045],[33.38824510574341,0.4098809567325645],[33.388309478759766,0.40985949960946755],[33.388309478759766,0.40990241385559045],[33.38841676712036,0.40990241385559045],[33.38839530944824,0.4099453281014718],[33.38843822479248,0.40996678522432717],[33.38850259780884,0.4099453281014718],[33.388545513153076,0.41000969946986743],[33.38865280151367,0.4099882423471257],[33.38863134384155,0.4100955279602658],[33.38841676712036,0.41015989932745356],[33.38841676712036,0.4102671849382773],[33.38848114013672,0.4103315563040866],[33.388545513153076,0.4103315563040866],[33.38850259780884,0.41028864206026583],[33.388566970825195,0.4102457278162319],[33.38850259780884,0.4102242706941297],[33.38850259780884,0.4102028135719564],[33.388545513153076,0.4102028135719564],[33.388566970825195,0.41013844220510975],[33.38869571685791,0.4101169850827091],[33.38876008987427,0.41031009918221173],[33.38873863220215,0.4103530134259046],[33.388803005218506,0.4104173847910175],[33.38878154754639,0.41043884191262237],[33.389060497283936,0.410567584640944],[33.389039039611816,0.41063195600433744],[33.38897466659546,0.4106963273672193],[33.388803005218506,0.41078215585022804],[33.388566970825195,0.41084652721190196],[33.38865280151367,0.4106748702463108],[33.388545513153076,0.410524670398388],[33.38848114013672,0.4105032132770532],[33.388352394104004,0.4106104988832584],[33.38828802108765,0.4107606987295753],[33.38818073272705,0.41073924160883735],[33.38815927505493,0.4106963273672193],[33.38813781738281,0.4106963273672193],[33.38820219039917,0.41084652721190196],[33.38803052902222,0.4109323556933049],[33.3880090713501,0.4109967270537709],[33.388051986694336,0.41106109841369687],[33.387837409973145,0.4110825555335538]]],[[[33.38815927505493,0.37992675829359257],[33.38951110839844,0.37904701303340005],[33.390305042266846,0.37878952659889364],[33.39210748672485,0.37840329693275976],[33.39262247085571,0.37840329693275976],[33.39414596557617,0.37853204015669917],[33.39622735977173,0.37878952659889364],[33.396592140197754,0.37885389820824855],[33.3964204788208,0.37988384389271346],[33.39622735977173,0.3811498186283586],[33.39592695236206,0.3811283614310099],[33.39592695236206,0.3810210754433996],[33.39539051055908,0.3810210754433996],[33.39539051055908,0.3810425326410325],[33.39212894439697,0.38063484587695484],[33.39045524597168,0.3813429334021947],[33.388609886169434,0.3802057018939706],[33.38865280151367,0.3802057018939706],[33.38865280151367,0.37992675829359257],[33.38837385177612,0.37992675829359257],[33.38837385177612,0.3800555014948799],[33.38815927505493,0.37992675829359257]]],[[[33.38822364807129,0.39672772961299074],[33.388352394104004,0.3965131580329029],[33.38852405548096,0.3959552718986288],[33.388545513153076,0.39518281411230305],[33.388566970825195,0.3951184426268668],[33.38865280151367,0.3951184426268668],[33.38865280151367,0.3959338147388678],[33.38893175125122,0.3959338147388678],[33.38893175125122,0.3962127578114263],[33.38886737823486,0.3964487865577695],[33.38822364807129,0.39672772961299074]]],[[[33.38837385177612,0.3394798442766245],[33.3889102935791,0.3394798442766245],[33.3889102935791,0.3384069794435618],[33.38865280151367,0.3384069794435618],[33.38867425918579,0.33731265719157477],[33.388845920562744,0.33744140099231856],[33.38888883590698,0.33761305939066233],[33.38873863220215,0.33757014479137126],[33.388824462890625,0.3379778334770691],[33.388845920562744,0.33814949186593424],[33.388824462890625,0.33814949186593424],[33.38899612426758,0.3385357232297963],[33.389039039611816,0.3389219545782538],[33.38897466659546,0.3391365275429763],[33.38912487030029,0.3392223567275323],[33.38918924331665,0.3392223567275323],[33.38918924331665,0.3402952214701713],[33.3889102935791,0.3402952214701713],[33.3889102935791,0.34057416628374426],[33.38865280151367,0.34057416628374426],[33.38865280151367,0.3402952214701713],[33.38837385177612,0.3402952214701713],[33.38837385177612,0.3394798442766245]]],[[[33.38839530944824,0.3845185979490111],[33.389103412628174,0.3840894541601614],[33.389811515808105,0.3835959387763239],[33.3900260925293,0.3840679969701455],[33.39011192321777,0.3841967401094024],[33.39024066925049,0.38428256886781753],[33.39071273803711,0.3847546270237103],[33.390798568725586,0.3847331698353571],[33.3910346031189,0.3849477417163172],[33.391335010528564,0.38505502765475796],[33.39150667190552,0.38535542827524694],[33.39146375656128,0.38582748637172415],[33.39139938354492,0.38589185792829994],[33.39139938354492,0.38604205822510096],[33.39118480682373,0.38619225851925876],[33.39088439941406,0.38653557346732725],[33.39094877243042,0.38664285938575915],[33.39077711105347,0.3869218027673327],[33.390841484069824,0.3870720030459154],[33.3904767036438,0.3876728041336577],[33.38839530944824,0.3845185979490111]]],[[[33.38852405548096,0.39202861074079465],[33.38921070098877,0.3916852960162629],[33.38953256607056,0.3913634384492184],[33.390305042266846,0.39080555197041633],[33.390347957611084,0.39078409479742504],[33.390820026397705,0.39078409479742504],[33.390820026397705,0.3905909802379597],[33.39114189147949,0.3904407800219616],[33.39112043380737,0.3905266087171384],[33.39118480682373,0.3906338945848802],[33.39114189147949,0.39069826610489145],[33.39152812957764,0.39121323824704746],[33.39139938354492,0.39132052410602114],[33.390562534332275,0.39179258186918275],[33.3904767036438,0.3917496675281882],[33.390090465545654,0.3919642392310152],[33.39000463485718,0.39207152508038234],[33.389854431152344,0.3920929822500767],[33.389575481414795,0.3924148397890974],[33.38940382003784,0.39239338262021306],[33.389339447021484,0.39252212563266653],[33.38942527770996,0.39267232581138956],[33.38918924331665,0.39267232581138956],[33.38918924331665,0.39295126899324373],[33.38893175125122,0.39295126899324373],[33.38893175125122,0.39267232581138956],[33.38865280151367,0.39267232581138956],[33.38865280151367,0.39295126899324373],[33.388566970825195,0.39295126899324373],[33.38852405548096,0.39202861074079465]]],[[[33.38865280151367,0.40788544403999083],[33.38893175125122,0.40788544403999083],[33.38893175125122,0.407799615525974],[33.38899612426758,0.40782107265457057],[33.3890175819397,0.4077781583973348],[33.38895320892334,0.40764941562423473],[33.38895320892334,0.40752067284908833],[33.38897466659546,0.4074777585902467],[33.38893175125122,0.40745630146074063],[33.38893175125122,0.4073490158123576],[33.38918924331665,0.4073490158123576],[33.38918924331665,0.40694133033547075],[33.389339447021484,0.4070057017279254],[33.38974714279175,0.4070486159892823],[33.389854431152344,0.4070486159892823],[33.39000463485718,0.40696278746634107],[33.39000463485718,0.4070700731198684],[33.390541076660156,0.4070700731198684],[33.390541076660156,0.4068340446802381],[33.39075565338135,0.40685550181139263],[33.39088439941406,0.4069198732045436],[33.391335010528564,0.40694133033547075],[33.3913779258728,0.4070915302504119],[33.391356468200684,0.40760650136607524],[33.391077518463135,0.40760650136607524],[33.391077518463135,0.40842187223188375],[33.391292095184326,0.40842187223188375],[33.39127063751221,0.40870081487751975],[33.391077518463135,0.40870081487751975],[33.391077518463135,0.4097736711165396],[33.39116334915161,0.4097736711165396],[33.391056060791016,0.41084652721190196],[33.39101314544678,0.41084652721190196],[33.3909273147583,0.41071778448805674],[33.39086294174194,0.4106963273672193],[33.390841484069824,0.41063195600433744],[33.39073419570923,0.41063195600433744],[33.39073419570923,0.4104173847910175],[33.390798568725586,0.4103315563040866],[33.39071273803711,0.41028864206026583],[33.3904767036438,0.41031009918221173],[33.39041233062744,0.4102457278162319],[33.3903694152832,0.4100311565925381],[33.39045524597168,0.4099882423471257],[33.390562534332275,0.4100526137151803],[33.390562534332275,0.4101169850827091],[33.390605449676514,0.4100740708377515],[33.390820026397705,0.4100740708377515],[33.390820026397705,0.4100526137151803],[33.39075565338135,0.4100526137151803],[33.39071273803711,0.4099882423471257],[33.39066982269287,0.4099882423471257],[33.39062690734863,0.40992387097855953],[33.39071273803711,0.40992387097855953],[33.39071273803711,0.40990241385559045],[33.39062690734863,0.40983804248632794],[33.39062690734863,0.40975221399318684],[33.390541076660156,0.4097092997462539],[33.39045524597168,0.40981658536311727],[33.390326499938965,0.4097736711165396],[33.39028358459473,0.40981658536311727],[33.39039087295532,0.40985949960946755],[33.390305042266846,0.40996678522432717],[33.390347957611084,0.4100740708377515],[33.390326499938965,0.41013844220510975],[33.39043378829956,0.4104173847910175],[33.390326499938965,0.41046029903414194],[33.39041233062744,0.4104817561556189],[33.39045524597168,0.41054612751970865],[33.390562534332275,0.410567584640944],[33.39071273803711,0.41071778448805674],[33.39049816131592,0.41073924160883735],[33.39045524597168,0.41065341312535963],[33.390347957611084,0.4106963273672193],[33.39026212692261,0.4106963273672193],[33.38996171951294,0.410567584640944],[33.389554023742676,0.4104817561556189],[33.38944673538208,0.4104173847910175],[33.389575481414795,0.4102671849382773],[33.389554023742676,0.4102028135719564],[33.38972568511963,0.41015989932745356],[33.38976860046387,0.41015989932745356],[33.38972568511963,0.4100526137151803],[33.38966131210327,0.4100311565925381],[33.38966131210327,0.4099453281014718],[33.389575481414795,0.40996678522432717],[33.38953256607056,0.40992387097855953],[33.3894681930542,0.4100526137151803],[33.3894681930542,0.41015989932745356],[33.38940382003784,0.41015989932745356],[33.38938236236572,0.40985949960946755],[33.38951110839844,0.40990241385559045],[33.389575481414795,0.40985949960946755],[33.38974714279175,0.40992387097855953],[33.38970422744751,0.40983804248632794],[33.38974714279175,0.40981658536311727],[33.38972568511963,0.4097736711165396],[33.38963985443115,0.4097736711165396],[33.38961839675903,0.40966638549910783],[33.389554023742676,0.4096449283754424],[33.38951110839844,0.40955909988022654],[33.38970422744751,0.40934452863814386],[33.38966131210327,0.4093016143890509],[33.389575481414795,0.4093659857626335],[33.38966131210327,0.4091728716403793],[33.389575481414795,0.40919432876529527],[33.389575481414795,0.4091299573903484],[33.38948965072632,0.40908704314009015],[33.38948965072632,0.4088295576337799],[33.3893609046936,0.40876518625590563],[33.38925361633301,0.408593529245735],[33.38921070098877,0.408593529245735],[33.38916778564453,0.40855061499260614],[33.38895320892334,0.4085077007392641],[33.38871717453003,0.40816438670424304],[33.38865280151367,0.40788544403999083]],[[33.390562534332275,0.4101169850827091],[33.39049816131592,0.41015989932745356],[33.39051961898804,0.4101813564497263],[33.390541076660156,0.4101813564497263],[33.390562534332275,0.4101169850827091]],[[33.38972568511963,0.40816438670424304],[33.38972568511963,0.4089583003879653],[33.39026212692261,0.4089583003879653],[33.39026212692261,0.40816438670424304],[33.38972568511963,0.40816438670424304]],[[33.389790058135986,0.4100955279602658],[33.389832973480225,0.41015989932745356],[33.389790058135986,0.4101813564497263],[33.389854431152344,0.4101813564497263],[33.38998317718506,0.41015989932745356],[33.390047550201416,0.4102242706941297],[33.39017629623413,0.41013844220510975],[33.39011192321777,0.41013844220510975],[33.390069007873535,0.4101813564497263],[33.39000463485718,0.41013844220510975],[33.38996171951294,0.4100311565925381],[33.3899188041687,0.4099882423471257],[33.38994026184082,0.40979512823986397],[33.389854431152344,0.4096878426227022],[33.389854431152344,0.40981658536311727],[33.389811515808105,0.40985949960946755],[33.389832973480225,0.4100311565925381],[33.389790058135986,0.4100955279602658]]],[[[33.389103412628174,0.43144533586520595],[33.38914632797241,0.4308016239250776],[33.38918924331665,0.43054413913378653],[33.389339447021484,0.43050122500105203],[33.38944673538208,0.4303939396681784],[33.38944673538208,0.43037248260141325],[33.38940382003784,0.43035102553460547],[33.38925361633301,0.4304153967348725],[33.38921070098877,0.43032956846772663],[33.38927507400513,0.4300935407280946],[33.38923215866089,0.429986255389494],[33.389296531677246,0.42962148522694577],[33.3894681930542,0.4296000281580348],[33.3894681930542,0.42932108625649334],[33.3899188041687,0.42932108625649334],[33.3900260925293,0.4295141998817087],[33.38994026184082,0.42955711401999963],[33.389854431152344,0.4295141998817087],[33.38972568511963,0.42957857108905273],[33.38970422744751,0.4297073135020497],[33.389811515808105,0.4297716847077595],[33.38976860046387,0.42996479832160617],[33.389854431152344,0.42996479832160617],[33.38998317718506,0.4300935407280946],[33.39000463485718,0.4300720836605052],[33.3900260925293,0.430136454863117],[33.39011192321777,0.43005062659284476],[33.39011192321777,0.429986255389494],[33.39015483856201,0.429986255389494],[33.39021921157837,0.4300935407280946],[33.39024066925049,0.43022228313243716],[33.390305042266846,0.43020082606520305],[33.39026212692261,0.43011499779565554],[33.390326499938965,0.43000771245732494],[33.39024066925049,0.4299004271175164],[33.39026212692261,0.42985751298117236],[33.3903694152832,0.4299218841856032],[33.39049816131592,0.4296858564333803],[33.390541076660156,0.4296858564333803],[33.390541076660156,0.42985751298117236],[33.390820026397705,0.42985751298117236],[33.390820026397705,0.430136454863117],[33.391077518463135,0.430136454863117],[33.391077518463135,0.42985751298117236],[33.39161396026611,0.42985751298117236],[33.39161396026611,0.4304153967348725],[33.39242935180664,0.4304153967348725],[33.39242935180664,0.430136454863117],[33.39270830154419,0.430136454863117],[33.39270830154419,0.42985751298117236],[33.39215040206909,0.42985751298117236],[33.39215040206909,0.4296000281580348],[33.39189291000366,0.4296000281580348],[33.39189291000366,0.42906360141527955],[33.391077518463135,0.42906360141527955],[33.391077518463135,0.4289563160622265],[33.39114189147949,0.42893485899141126],[33.391077518463135,0.4288704877786813],[33.391077518463135,0.4288275736365392],[33.39118480682373,0.4288919448496529],[33.39127063751221,0.4288275736365392],[33.39127063751221,0.428784659494184],[33.391335010528564,0.428784659494184],[33.391292095184326,0.42867737413720874],[33.391313552856445,0.42863445999400085],[33.391356468200684,0.42863445999400085],[33.391356468200684,0.4286988312087203],[33.39146375656128,0.4288490307076387],[33.39152812957764,0.4288704877786813],[33.391549587249756,0.4288275736365392],[33.39144229888916,0.428784659494184],[33.391592502593994,0.4286988312087203],[33.39167833328247,0.42857008877872715],[33.39169979095459,0.42850571756292766],[33.39165687561035,0.4284628034187534],[33.39167833328247,0.4284198892743234],[33.39176416397095,0.42839843220204443],[33.39200019836426,0.4282482326942869],[33.39215040206909,0.42822677562151057],[33.39221477508545,0.4282696897669922],[33.39221477508545,0.4283340609847812],[33.392300605773926,0.42839843220204443],[33.39240789413452,0.4284198892743234],[33.392493724823,0.42850571756292766],[33.392558097839355,0.4284628034187534],[33.39264392852783,0.4284628034187534],[33.39266538619995,0.42867737413720874],[33.39275121688843,0.4286988312087203],[33.39287996292114,0.4284198892743234],[33.39296579360962,0.42839843220204443],[33.39313745498657,0.42857008877872715],[33.393073081970215,0.42867737413720874],[33.39296579360962,0.4286559170656403],[33.39285850524902,0.42872028828017505],[33.39298725128174,0.42874174535157294],[33.39300870895386,0.42880611656539713],[33.393051624298096,0.42880611656539713],[33.39315891265869,0.42863445999400085],[33.39324474334717,0.42861300292230453],[33.39322328567505,0.42874174535157294],[33.393309116363525,0.4288275736365392],[33.39341640472412,0.42880611656539713],[33.393545150756836,0.4286988312087203],[33.39365243911743,0.42863445999400085],[33.39371681213379,0.4286988312087203],[33.39386701583862,0.4286988312087203],[33.394081592559814,0.428784659494184],[33.39423179626465,0.42880611656539713],[33.39444637298584,0.42872028828017505],[33.39446783065796,0.42880611656539713],[33.394532203674316,0.4288275736365392],[33.394553661346436,0.42893485899141126],[33.394596576690674,0.4289563160622265],[33.39463949203491,0.4289134019205676],[33.394811153411865,0.4292352579770551],[33.39470386505127,0.4292352579770551],[33.394596576690674,0.42932108625649334],[33.394532203674316,0.42955711401999963],[33.3944034576416,0.42966439936463985],[33.39438199996948,0.4296429422958141],[33.394339084625244,0.42966439936463985],[33.39425325393677,0.42979314177621575],[33.39414596557617,0.42985751298117236],[33.394038677215576,0.42985751298117236],[33.394038677215576,0.43005062659284476],[33.39401721954346,0.430136454863117],[33.39378118515015,0.430136454863117],[33.39378118515015,0.42985751298117236],[33.3935022354126,0.42985751298117236],[33.3935022354126,0.430136454863117],[33.39296579360962,0.430136454863117],[33.39296579360962,0.43073725272806485],[33.39277267456055,0.43065142446454274],[33.392536640167236,0.4307587097937784],[33.39247226715088,0.43073725272806485],[33.39242935180664,0.4308016239250776],[33.39227914810181,0.4309089092521958],[33.39195728302002,0.4311020228372371],[33.391849994659424,0.43097328044775907],[33.39174270629883,0.4309518233826424],[33.39174270629883,0.4310376516427681],[33.39187145233154,0.4311663940311803],[33.39169979095459,0.4312736793531826],[33.39163541793823,0.4312736793531826],[33.391592502593994,0.43123076522455506],[33.391549587249756,0.4312951364173898],[33.39161396026611,0.43131659348154017],[33.39150667190552,0.43135950760967035],[33.39142084121704,0.43135950760967035],[33.39146375656128,0.43140242173755894],[33.390841484069824,0.43159553531009465],[33.3903694152832,0.43159553531009465],[33.390326499938965,0.4315097070562359],[33.39021921157837,0.4315740782467259],[33.39000463485718,0.4315526211832861],[33.39000463485718,0.4314882499926256],[33.39028358459473,0.4314882499926256],[33.39028358459473,0.43123076522455506],[33.38972568511963,0.43123076522455506],[33.38972568511963,0.4314882499926256],[33.3894681930542,0.4314882499926256],[33.3894681930542,0.4315526211832861],[33.389103412628174,0.43144533586520595]],[[33.391077518463135,0.4304153967348725],[33.391077518463135,0.4306728815305121],[33.391356468200684,0.4306728815305121],[33.391356468200684,0.4304153967348725],[33.391077518463135,0.4304153967348725]]],[[[33.38918924331665,0.3392223567275323],[33.389296531677246,0.33887903998474656],[33.3894681930542,0.3389004972815286],[33.3894681930542,0.3388146680941304],[33.389575481414795,0.33877175350014],[33.38972568511963,0.33877175350014],[33.38972568511963,0.3389434118749648],[33.39021921157837,0.3389434118749648],[33.39021921157837,0.339758789113759],[33.39000463485718,0.339758789113759],[33.39000463485718,0.3400377339428218],[33.38972568511963,0.3400377339428218],[33.38972568511963,0.339758789113759],[33.3894681930542,0.339758789113759],[33.3894681930542,0.3392223567275323],[33.38918924331665,0.3392223567275323]]],[[[33.389339447021484,0.34138954338476424],[33.3894681930542,0.34138954338476424],[33.3894681930542,0.34166848816661854],[33.38972568511963,0.34166848816661854],[33.38972568511963,0.3422049204166484],[33.3899188041687,0.3422049204166484],[33.38996171951294,0.3423980360193184],[33.39011192321777,0.3426984380601681],[33.390069007873535,0.343020297379212],[33.38953256607056,0.34319195567829297],[33.3894681930542,0.34274135263667915],[33.3894681930542,0.34246240788600346],[33.38942527770996,0.34246240788600346],[33.38942527770996,0.3424409505971511],[33.389339447021484,0.34138954338476424]]],[[[33.38942527770996,0.42850571756292766],[33.3894681930542,0.42799074781699176],[33.38953256607056,0.42794783366994693],[33.389790058135986,0.428033661963795],[33.389832973480225,0.428012204890436],[33.38987588882446,0.42771180585684476],[33.389832973480225,0.4276259775593729],[33.38976860046387,0.4276259775593729],[33.38972568511963,0.42777617707930915],[33.38961839675903,0.42784054830124774],[33.389596939086914,0.42784054830124774],[33.38948965072632,0.42769034878256207],[33.389596939086914,0.4270895506784598],[33.389575481414795,0.4269822652977666],[33.38963985443115,0.4267676945319181],[33.389596939086914,0.4267676945319181],[33.389596939086914,0.42670332330099825],[33.38963985443115,0.42620981051270235],[33.38970422744751,0.4258235830911161],[33.389854431152344,0.42578066893197786],[33.38989734649658,0.42565192645308514],[33.38994026184082,0.42569484061294816],[33.38996171951294,0.4258021260115612],[33.3900260925293,0.4258235830911161],[33.390090465545654,0.42575921185229504],[33.39019775390625,0.4259094114086963],[33.39026212692261,0.4258664972500128],[33.39024066925049,0.42578066893197786],[33.39011192321777,0.4257377547725838],[33.390090465545654,0.42565192645308514],[33.38998317718506,0.42569484061294816],[33.38996171951294,0.42563046937306126],[33.38974714279175,0.4254588127307244],[33.38976860046387,0.4251154994346251],[33.389811515808105,0.42505112818990654],[33.389790058135986,0.42496529986277665],[33.389811515808105,0.4249009286168075],[33.38976860046387,0.42483655737029835],[33.389832973480225,0.4247078148756742],[33.389832973480225,0.42457907237890424],[33.38989734649658,0.4245361582128311],[33.3899188041687,0.42457907237890424],[33.38996171951294,0.4245361582128311],[33.39000463485718,0.4245361582128311],[33.39011192321777,0.4247078148756742],[33.390347957611084,0.4248580144525107],[33.39041233062744,0.4249438427808485],[33.39071273803711,0.4251154994346251],[33.390798568725586,0.4252442419224707],[33.39088439941406,0.42526569900354616],[33.39122772216797,0.4254588127307244],[33.391807079315186,0.42575921185229504],[33.39197874069214,0.4258664972500128],[33.39221477508545,0.4261239821984759],[33.39223623275757,0.42618835343422745],[33.3929443359375,0.42681060868557097],[33.39352369308472,0.42738994973638],[33.393566608428955,0.4275186921861689],[33.39375972747803,0.42766889170822253],[33.39369535446167,0.4277547200052254],[33.393309116363525,0.42766889170822253],[33.39315891265869,0.42769034878256207],[33.39313745498657,0.4277547200052254],[33.393094539642334,0.42771180585684476],[33.39311599731445,0.4276259775593729],[33.39300870895386,0.4277332629310706],[33.39287996292114,0.4277332629310706],[33.392815589904785,0.42769034878256207],[33.39287996292114,0.4274972351113746],[33.392794132232666,0.42747577803648085],[33.39264392852783,0.4274972351113746],[33.392536640167236,0.4276259775593729],[33.392536640167236,0.42741140681150114],[33.392493724823,0.427368492661202],[33.39242935180664,0.427368492661202],[33.39242935180664,0.4268749799155813],[33.39215040206909,0.4268749799155813],[33.39215040206909,0.4266174949922572],[33.39161396026611,0.4266174949922572],[33.39161396026611,0.42605961096217015],[33.391356468200684,0.42605961096217015],[33.391356468200684,0.4258021260115612],[33.390820026397705,0.4258021260115612],[33.390820026397705,0.42605961096217015],[33.39069128036499,0.42614543927712134],[33.39062690734863,0.42614543927712134],[33.390605449676514,0.42610252511975943],[33.39049816131592,0.4261239821984759],[33.39045524597168,0.4262527246694674],[33.39049816131592,0.4263170959041531],[33.3904767036438,0.42642438129411175],[33.390541076660156,0.42651020960501285],[33.390541076660156,0.4265960379149334],[33.390605449676514,0.42670332330099825],[33.390605449676514,0.42683206576229793],[33.39064836502075,0.42685352283898226],[33.39062690734863,0.4269393511450801],[33.390541076660156,0.42696080822145177],[33.39064836502075,0.42706809360242914],[33.39069128036499,0.4269393511450801],[33.39073419570923,0.42696080822145177],[33.39069128036499,0.4271110077543909],[33.39097023010254,0.4270895506784598],[33.3910346031189,0.42715392190612533],[33.39026212692261,0.42715392190612533],[33.39026212692261,0.4274328638865512],[33.39000463485718,0.4274328638865512],[33.39000463485718,0.4282482326942869],[33.38972568511963,0.4282482326942869],[33.38972568511963,0.42850571756292766],[33.38942527770996,0.42850571756292766]]],[[[33.3894681930542,0.39252212563266653],[33.38963985443115,0.3925006684640664],[33.38989734649658,0.3922002680977954],[33.390047550201416,0.3921573537588756],[33.39013338088989,0.3920500679106169],[33.39045524597168,0.3918569533802838],[33.390605449676514,0.3918784105505324],[33.39144229888916,0.3914063527922025],[33.391592502593994,0.39125615259079893],[33.391592502593994,0.3911703239030544],[33.39127063751221,0.3907197232780959],[33.39122772216797,0.3904836943696637],[33.391356468200684,0.3904193228480324],[33.391356468200684,0.39050515154343657],[33.39161396026611,0.39050515154343657],[33.39161396026611,0.39026912262897895],[33.39202165603638,0.39007600805766174],[33.392322063446045,0.3899043506572326],[33.3923864364624,0.3897970647801827],[33.392601013183594,0.3897112360775594],[33.39270830154419,0.389582493021976],[33.39266538619995,0.38943229278798697],[33.39268684387207,0.3893893784349274],[33.39292287826538,0.38943229278798697],[33.39311599731445,0.38934646408165463],[33.39320182800293,0.3891533494892059],[33.393094539642334,0.3890031492475572],[33.39300870895386,0.388831491825286],[33.39303016662598,0.38876712029102123],[33.39378118515015,0.38840234825430286],[33.39378118515015,0.38887440618118774],[33.394038677215576,0.38887440618118774],[33.394038677215576,0.3891533494892059],[33.394317626953125,0.3891533494892059],[33.394317626953125,0.38887440618118774],[33.394575119018555,0.38887440618118774],[33.394575119018555,0.3886169200425229],[33.394317626953125,0.3886169200425229],[33.394317626953125,0.38833797671678383],[33.39393138885498,0.38833797671678383],[33.39412450790405,0.3882736051787674],[33.39423179626465,0.38818777646064007],[33.39436054229736,0.3882306908198103],[33.39442491531372,0.3882092336402536],[33.39461803436279,0.38793029030107107],[33.39487552642822,0.387780090037694],[33.39493989944458,0.3876513469526799],[33.3955192565918,0.3875869754094481],[33.395540714263916,0.3876513469526799],[33.39539051055908,0.3878444615794763],[33.39539051055908,0.38810194774166007],[33.39545488357544,0.38833797671678383],[33.395583629608154,0.38840234825430286],[33.39566946029663,0.3885096341490879],[33.39562654495239,0.3885525485066239],[33.39545488357544,0.38857400568531375],[33.39539051055908,0.388638377221028],[33.3954119682312,0.38887440618118774],[33.39536905288696,0.3891104351347252],[33.395540714263916,0.38956103584585833],[33.3954119682312,0.38966832172593513],[33.39536905288696,0.3899687221828003],[33.39545488357544,0.39007600805766174],[33.39566946029663,0.3902476654546092],[33.39571237564087,0.39037640850000344],[33.39590549468994,0.39039786567404633],[33.3958625793457,0.3907626376243769],[33.39547634124756,0.390827009143365],[33.39545488357544,0.39078409479742504],[33.39545488357544,0.39065535175825516],[33.3954119682312,0.39061243741144835],[33.395347595214844,0.3905909802379597],[33.39519739151001,0.3906338945848802],[33.395090103149414,0.39078409479742504],[33.39511156082153,0.3909772093524708],[33.394832611083984,0.3911488667309868],[33.394532203674316,0.3911059523866811],[33.39448928833008,0.39095575217989165],[33.394317626953125,0.390869923489106],[33.39425325393677,0.390869923489106],[33.394103050231934,0.39095575217989165],[33.393824100494385,0.39121323824704746],[33.39369535446167,0.3911488667309868],[33.393588066101074,0.3911703239030544],[33.393352031707764,0.3914492671349592],[33.393330574035645,0.39153509581983315],[33.39292287826538,0.3914492671349592],[33.392493724823,0.3916638388454885],[33.39066982269287,0.39273669731571204],[33.3904767036438,0.39295126899324373],[33.39051961898804,0.3926079543065555],[33.39049816131592,0.3924362969579249],[33.39043378829956,0.39230755394413563],[33.39028358459473,0.3922002680977954],[33.390047550201416,0.3922431824364878],[33.38994026184082,0.39232901111321894],[33.38968276977539,0.39267232581138956],[33.38953256607056,0.3927581544837153],[33.3894681930542,0.3925650399697247],[33.3894681930542,0.39252212563266653]]],[[[33.38974714279175,0.40035398847255976],[33.38998317718506,0.40001067409281177],[33.39026212692261,0.40001067409281177],[33.39026212692261,0.4002896170274539],[33.39000463485718,0.4002896170274539],[33.39000463485718,0.4005471028048504],[33.39026212692261,0.4005471028048504],[33.39026212692261,0.4008260457212316],[33.391077518463135,0.4008260457212316],[33.391077518463135,0.39947424534571496],[33.391356468200684,0.39947424534571496],[33.391356468200684,0.39919530238339007],[33.39161396026611,0.39919530238339007],[33.39161396026611,0.39891635941160075],[33.391356468200684,0.39891635941160075],[33.391356468200684,0.3987447021934969],[33.39315891265869,0.3991094737776848],[33.39315891265869,0.3991523880806511],[33.39290142059326,0.3995386167972299],[33.39285850524902,0.399924845495633],[33.39264392852783,0.40011795983804177],[33.39292287826538,0.4004612742132849],[33.392837047576904,0.4006758456905146],[33.39285850524902,0.40078313142701916],[33.39272975921631,0.40086896001523087],[33.39277267456055,0.40093333145577503],[33.392558097839355,0.4012551886509641],[33.392536640167236,0.4014483029620095],[33.39270830154419,0.4015770458335055],[33.392558097839355,0.40183453157038684],[33.39247226715088,0.4018989030033566],[33.39247226715088,0.40204910301160623],[33.39240789413452,0.40219930301709894],[33.39212894439697,0.4021778458736236],[33.392043113708496,0.4026499030170072],[33.3919358253479,0.4029717601445384],[33.3919358253479,0.4031648744149692],[33.391828536987305,0.40335798868080985],[33.39174270629883,0.40340090296147935],[33.391592502593994,0.403379445821173],[33.39150667190552,0.4035296458021378],[33.39026212692261,0.4035296458021378],[33.39026212692261,0.4027357315855937],[33.39000463485718,0.4027357315855937],[33.39000463485718,0.4021778458736236],[33.39026212692261,0.4021778458736236],[33.39026212692261,0.4019203601475425],[33.390541076660156,0.4019203601475425],[33.390541076660156,0.401641417268479],[33.39026212692261,0.401641417268479],[33.39026212692261,0.40136247437989425],[33.38994026184082,0.40136247437989425],[33.3900260925293,0.4010620743353712],[33.38987588882446,0.40052564565704074],[33.38974714279175,0.40035398847255976]]],[[[33.38998317718506,0.42408555945475257],[33.39021921157837,0.42425721612760015],[33.39045524597168,0.42406410237038017],[33.39062690734863,0.4237422460976745],[33.39066982269287,0.42339893272536244],[33.390798568725586,0.4233774756390858],[33.39088439941406,0.42331310437991476],[33.39090585708618,0.42322727603350074],[33.390841484069824,0.42316290477307916],[33.390841484069824,0.4230985335121318],[33.3909273147583,0.42301270516334455],[33.391077518463135,0.4231199905991616],[33.391077518463135,0.4233560185527523],[33.39118480682373,0.4233560185527523],[33.39122772216797,0.4234633039838229],[33.391356468200684,0.42357058941341563],[33.391356468200684,0.4236135035848463],[33.3914852142334,0.4236135035848463],[33.39150667190552,0.4236993319269544],[33.391571044921875,0.42378516026813884],[33.391592502593994,0.4238495315234019],[33.391785621643066,0.42412847362332684],[33.39189291000366,0.4241928448757193],[33.39189291000366,0.424428872796625],[33.39191436767578,0.4244503298799742],[33.391828536987305,0.4245361582128311],[33.391849994659424,0.4246219865447358],[33.39176416397095,0.42468635779302133],[33.39174270629883,0.42475072904078104],[33.391549587249756,0.4249009286168075],[33.39163541793823,0.4249438427808485],[33.39176416397095,0.4249009286168075],[33.39187145233154,0.4250082140264482],[33.391849994659424,0.42505112818990654],[33.3919358253479,0.4251154994346251],[33.391849994659424,0.42526569900354616],[33.39189291000366,0.42526569900354616],[33.39202165603638,0.4251369565160701],[33.39197874069214,0.42498675694464794],[33.392043113708496,0.42498675694464794],[33.39210748672485,0.42507258527152203],[33.39217185974121,0.42505112818990654],[33.39217185974121,0.4251584135974724],[33.39227914810181,0.4251584135974724],[33.392343521118164,0.4252227848412957],[33.39225769042969,0.42526569900354616],[33.39225769042969,0.42537298440812776],[33.39236497879028,0.42548026981123144],[33.392300605773926,0.42558755521284297],[33.39225769042969,0.42558755521284297],[33.39219331741333,0.42550172689166743],[33.39219331741333,0.42548026981123144],[33.39225769042969,0.42548026981123144],[33.39221477508545,0.425308613165555],[33.39217185974121,0.4252871560845932],[33.39197874069214,0.42537298440812776],[33.39200019836426,0.4254373556501747],[33.39187145233154,0.42565192645308514],[33.39101314544678,0.4252227848412957],[33.390305042266846,0.4247078148756742],[33.390090465545654,0.424428872796625],[33.3900260925293,0.4243001302952081],[33.38998317718506,0.42408555945475257]]],[[[33.39000463485718,0.43159553531009465],[33.39026212692261,0.4316384494366474],[33.390605449676514,0.43161699237339235],[33.39064836502075,0.43165990649984565],[33.39101314544678,0.43159553531009465],[33.3910346031189,0.43159553531009465],[33.3910346031189,0.43165990649984565],[33.39101314544678,0.43170282062602894],[33.391077518463135,0.43176719181487044],[33.39112043380737,0.4317242776890424],[33.39127063751221,0.43174573475198486],[33.391356468200684,0.4316813635629586],[33.39139938354492,0.43159553531009465],[33.39150667190552,0.4314882499926256],[33.39146375656128,0.4314882499926256],[33.391292095184326,0.43161699237339235],[33.39122772216797,0.43161699237339235],[33.39122772216797,0.4316384494366474],[33.39116334915161,0.4316384494366474],[33.39116334915161,0.43161699237339235],[33.39122772216797,0.4315311641197894],[33.39139938354492,0.4314882499926256],[33.391571044921875,0.43140242173755894],[33.39202165603638,0.4311020228372371],[33.39221477508545,0.43101619457783613],[33.39227914810181,0.4309089092521958],[33.3923864364624,0.4308659951215361],[33.392493724823,0.4308016239250776],[33.392536640167236,0.4308659951215361],[33.392579555511475,0.4307801668594635],[33.39268684387207,0.43073725272806485],[33.39277267456055,0.43071579566226603],[33.39296579360962,0.4308016239250776],[33.39296579360962,0.4309518233826424],[33.39270830154419,0.4309518233826424],[33.39270830154419,0.43123076522455506],[33.39378118515015,0.43123076522455506],[33.39378118515015,0.4306728815305121],[33.394038677215576,0.4306728815305121],[33.394038677215576,0.43062996739850234],[33.39427471160889,0.4307587097937784],[33.394532203674316,0.4308230809906206],[33.39386701583862,0.4316384494366474],[33.393824100494385,0.43159553531009465],[33.393802642822266,0.43161699237339235],[33.39378118515015,0.43174573475198486],[33.39373826980591,0.43174573475198486],[33.39373826980591,0.43159553531009465],[33.39365243911743,0.43161699237339235],[33.39367389678955,0.4316813635629586],[33.39363098144531,0.43174573475198486],[33.39369535446167,0.43183156300317194],[33.3935022354126,0.4319603053781407],[33.3935022354126,0.43176719181487044],[33.39242935180664,0.43176719181487044],[33.39242935180664,0.4328400448819423],[33.392300605773926,0.4327542166421523],[33.39221477508545,0.4327542166421523],[33.39219331741333,0.4326683884014102],[33.39212894439697,0.4327756737021957],[33.392064571380615,0.432689845461681],[33.39197874069214,0.432689845461681],[33.3919358253479,0.4327542166421523],[33.39197874069214,0.4327971307621681],[33.39197874069214,0.4329044160611346],[33.39191436767578,0.4329902442992335],[33.3919358253479,0.43322627194895347],[33.39187145233154,0.4332906431248773],[33.391828536987305,0.4333979284168521],[33.39161396026611,0.4333979284168521],[33.39161396026611,0.4328615019417441],[33.39189291000366,0.4328615019417441],[33.39189291000366,0.43230361836735653],[33.39161396026611,0.43230361836735653],[33.39161396026611,0.4320461336268977],[33.39000463485718,0.4320461336268977],[33.39000463485718,0.43159553531009465]]],[[[33.39015483856201,0.4048814455060352],[33.39019775390625,0.4048385312331817],[33.39019775390625,0.4044523027672824],[33.39026212692261,0.40425918852741916],[33.39026212692261,0.4049029026423767],[33.391077518463135,0.4049029026423767],[33.391077518463135,0.4043450170790379],[33.391313552856445,0.4043450170790379],[33.39114189147949,0.4046883312764038],[33.391313552856445,0.4048385312331817],[33.391313552856445,0.4049029026423767],[33.39099168777466,0.405460788167332],[33.39015483856201,0.40509601686689223],[33.39015483856201,0.4048814455060352]]],[[[33.39019775390625,0.37748063710520796],[33.390541076660156,0.37748063710520796],[33.390541076660156,0.37722315062421785],[33.391077518463135,0.37722315062421785],[33.391077518463135,0.37748063710520796],[33.391356468200684,0.37748063710520796],[33.391356468200684,0.37722315062421785],[33.39161396026611,0.37722315062421785],[33.39161396026611,0.3769442069278881],[33.39189291000366,0.3769442069278881],[33.39189291000366,0.37722315062421785],[33.39215040206909,0.37722315062421785],[33.39215040206909,0.37748063710520796],[33.39242935180664,0.37748063710520796],[33.39242935180664,0.37722315062421785],[33.39268684387207,0.37722315062421785],[33.39268684387207,0.37666526322261973],[33.39324474334717,0.37666526322261973],[33.39324474334717,0.37612883299510713],[33.39427471160889,0.37612883299510713],[33.39412450790405,0.37846766854497105],[33.39262247085571,0.3783603825243489],[33.39210748672485,0.3783603825243489],[33.390326499938965,0.3787251549890698],[33.39019775390625,0.37778103799004725],[33.39019775390625,0.37748063710520796]]],[[[33.39028358459473,0.3386644670143255],[33.391077518463135,0.3386644670143255],[33.391077518463135,0.3389434118749648],[33.391356468200684,0.3389434118749648],[33.391356468200684,0.3386644670143255],[33.39189291000366,0.3386644670143255],[33.39189291000366,0.3384069794435618],[33.39242935180664,0.3384069794435618],[33.39242935180664,0.33812803456750373],[33.39215040206909,0.33812803456750373],[33.39215040206909,0.33784908968343075],[33.39189291000366,0.33784908968343075],[33.39189291000366,0.3375916020910381],[33.39215040206909,0.3375916020910381],[33.39215040206909,0.33733411449182427],[33.39221477508545,0.33746285829228384],[33.39217185974121,0.33752723019188124],[33.39221477508545,0.3377203458880871],[33.39221477508545,0.33793491887938387],[33.39219331741333,0.3379778334770691],[33.39221477508545,0.33806366267188537],[33.3923864364624,0.3380207480745838],[33.392536640167236,0.3380422053732559],[33.39266538619995,0.33793491887938387],[33.39275121688843,0.33793491887938387],[33.39303016662598,0.3379778334770691],[33.393094539642334,0.33806366267188537],[33.393094539642334,0.33829969295371143],[33.39322328567505,0.33844989403917225],[33.39313745498657,0.33877175350014],[33.39300870895386,0.3389004972815286],[33.3929443359375,0.3389434118749648],[33.392837047576904,0.3389004972815286],[33.392536640167236,0.3389219545782538],[33.39240789413452,0.3389863264681878],[33.39247226715088,0.33887903998474656],[33.39245080947876,0.3387932107971494],[33.39236497879028,0.3387932107971494],[33.392322063446045,0.3388575826879219],[33.39210748672485,0.3388575826879219],[33.39200019836426,0.33887903998474656],[33.39191436767578,0.3390292410612119],[33.39191436767578,0.3391794421353609],[33.39165687561035,0.33930818591132095],[33.391592502593994,0.3393940150943564],[33.39161396026611,0.3394798442766245],[33.391549587249756,0.3396515026388869],[33.391313552856445,0.3396729599339636],[33.39116334915161,0.3397373318188812],[33.391056060791016,0.3397373318188812],[33.39097023010254,0.3396515026388869],[33.390841484069824,0.3397158745239466],[33.39039087295532,0.3396729599339636],[33.390305042266846,0.3396944172289693],[33.39045524597168,0.339758789113759],[33.39028358459473,0.339758789113759],[33.39028358459473,0.3386644670143255]]],[[[33.39028358459473,0.3422049204166484],[33.390541076660156,0.3422049204166484],[33.390541076660156,0.34246240788600346],[33.391077518463135,0.34246240788600346],[33.391077518463135,0.3422049204166484],[33.39215040206909,0.3422049204166484],[33.39215040206909,0.34246240788600346],[33.39242935180664,0.34246240788600346],[33.39242935180664,0.3422049204166484],[33.39268684387207,0.3422049204166484],[33.39268684387207,0.3419259756503692],[33.39242935180664,0.3419259756503692],[33.39242935180664,0.34156120171302007],[33.39245080947876,0.34156120171302007],[33.392493724823,0.3414110006759614],[33.39262247085571,0.3412607996365722],[33.39268684387207,0.34123934234503395],[33.39275121688843,0.3412607996365722],[33.39277267456055,0.34123934234503395],[33.392815589904785,0.34123934234503395],[33.39298725128174,0.34132517151087427],[33.393094539642334,0.34132517151087427],[33.39326620101929,0.34153974442216395],[33.39311599731445,0.34130371421949235],[33.39300870895386,0.3412822569280536],[33.39300870895386,0.34119642776181536],[33.39296579360962,0.3411749704701492],[33.39290142059326,0.3411320558866322],[33.39242935180664,0.34119642776181536],[33.39242935180664,0.34111059859482395],[33.39215040206909,0.34111059859482395],[33.39215040206909,0.34046687981795287],[33.39221477508545,0.3404454225246383],[33.392322063446045,0.34027376417648725],[33.392493724823,0.34035959335095356],[33.392579555511475,0.340316678763827],[33.39313745498657,0.3404883371111964],[33.39322328567505,0.3404025079379096],[33.39348077774048,0.34035959335095356],[33.39345932006836,0.34042396523129526],[33.393545150756836,0.34050979440441154],[33.39363098144531,0.340745824626552],[33.393845558166504,0.3407672819191703],[33.39418888092041,0.34108914130294465],[33.3945107460022,0.34145391525821367],[33.394038677215576,0.34153974442216395],[33.394532203674316,0.34147537254928295],[33.394575119018555,0.3415182871312368],[33.39491844177246,0.3415182871312368],[33.39511156082153,0.34158265900383356],[33.39564800262451,0.34156120171302007],[33.39571237564087,0.3416041162946186],[33.395798206329346,0.3416255735853184],[33.39594841003418,0.34158265900383356],[33.396055698394775,0.341647030876004],[33.39601278305054,0.34173286003820635],[33.39624881744385,0.34184014648988637],[33.39624881744385,0.3419259756503692],[33.39592695236206,0.3419259756503692],[33.39592695236206,0.3422049204166484],[33.39566946029663,0.3422049204166484],[33.39566946029663,0.34246240788600346],[33.39539051055908,0.34246240788600346],[33.39539051055908,0.3435567295535549],[33.3948540687561,0.3435567295535549],[33.3948540687561,0.34327778482665394],[33.394575119018555,0.34327778482665394],[33.394575119018555,0.34274135263667915],[33.394038677215576,0.34274135263667915],[33.394038677215576,0.343020297379212],[33.39268684387207,0.343020297379212],[33.39268684387207,0.34327778482665394],[33.39242935180664,0.34327778482665394],[33.39242935180664,0.3435567295535549],[33.39189291000366,0.3435567295535549],[33.39189291000366,0.343835674272313],[33.39161396026611,0.343835674272313],[33.39161396026611,0.3440931616977849],[33.39189291000366,0.3440931616977849],[33.39189291000366,0.34437210640086846],[33.39161396026611,0.34437210640086846],[33.39161396026611,0.34465105109578076],[33.391356468200684,0.34465105109578076],[33.391356468200684,0.3451874831784352],[33.39161396026611,0.3451874831784352],[33.39161396026611,0.345466427849459],[33.391356468200684,0.345466427849459],[33.391356468200684,0.3457239152308347],[33.390541076660156,0.3457239152308347],[33.390541076660156,0.3459814026052186],[33.390347957611084,0.3459384880433021],[33.39028358459473,0.3422049204166484]],[[33.393545150756836,0.34184014648988637],[33.39363098144531,0.3419045183603231],[33.39401721954346,0.34153974442216395],[33.393545150756836,0.34184014648988637]],[[33.39326620101929,0.34153974442216395],[33.39337348937988,0.3417114027477197],[33.393545150756836,0.34184014648988637],[33.39326620101929,0.34153974442216395]],[[33.390541076660156,0.343020297379212],[33.390541076660156,0.34327778482665394],[33.390798568725586,0.34327778482665394],[33.390798568725586,0.343020297379212],[33.390541076660156,0.343020297379212]]],[[[33.3903694152832,0.34765507036817667],[33.39045524597168,0.34765507036817667],[33.390605449676514,0.34774089947623565],[33.39066982269287,0.34789110041346305],[33.390798568725586,0.34801984407204145],[33.39122772216797,0.3481485877288861],[33.391549587249756,0.34827733138395445],[33.39161396026611,0.34812713045285193],[33.39161396026611,0.34817004500484927],[33.39189291000366,0.34817004500484927],[33.39189291000366,0.34789110041346305],[33.39268684387207,0.34789110041346305],[33.39268684387207,0.347633613091034],[33.39296579360962,0.347633613091034],[33.39296579360962,0.3470757238683291],[33.39324474334717,0.3470757238683291],[33.39324474334717,0.3468182365237027],[33.39296579360962,0.3468182365237027],[33.39296579360962,0.3465822064516004],[33.394832611083984,0.34701135203282263],[33.39436054229736,0.3473761257615706],[33.394038677215576,0.34765507036817667],[33.39388847351074,0.34789110041346305],[33.39378118515015,0.34789110041346305],[33.39378118515015,0.34808421590069827],[33.393566608428955,0.348448989587979],[33.39352369308472,0.3487279341628522],[33.39313745498657,0.34859919051392296],[33.392815589904785,0.34859919051392296],[33.39247226715088,0.34851336141367995],[33.392579555511475,0.3487279341628522],[33.39292287826538,0.3491999941937962],[33.39285850524902,0.34932873783446894],[33.39303016662598,0.3496935114735038],[33.39319705963173,0.349843712379581],[33.39320182800293,0.349843712379581],[33.39324474334717,0.34988662692373396],[33.39318037033081,0.3501441141845163],[33.39322328567505,0.3502943150833744],[33.393588066101074,0.3515602939922644],[33.39365243911743,0.3518177812070036],[33.392579555511475,0.3515602939922644],[33.39045524597168,0.35104531954154083],[33.39043378829956,0.35033722962546676],[33.391077518463135,0.35033722962546676],[33.391077518463135,0.35007974236998507],[33.390798568725586,0.35007974236998507],[33.390798568725586,0.3498007978352291],[33.391077518463135,0.3498007978352291],[33.391077518463135,0.3495218532921882],[33.39041233062744,0.3495218532921882],[33.39039087295532,0.3487064768881396],[33.390541076660156,0.3487064768881396],[33.390541076660156,0.34817004500484927],[33.3903694152832,0.34817004500484927],[33.3903694152832,0.34765507036817667]]],[[[33.3904767036438,0.39348769816294293],[33.390541076660156,0.39308001199711384],[33.39077711105347,0.39292981182573783],[33.391098976135254,0.39310146916423605],[33.39114189147949,0.3929941833280992],[33.39120626449585,0.393058554829949],[33.39116334915161,0.3932516693325283],[33.39124917984009,0.3932945836658206],[33.39163541793823,0.3930370976627273],[33.39161396026611,0.39295126899324373],[33.39165687561035,0.39295126899324373],[33.39163541793823,0.3928654403228933],[33.39167833328247,0.3927581544837153],[33.39187145233154,0.3925006684640664],[33.39200019836426,0.39252212563266653],[33.39215040206909,0.3926294114748856],[33.392343521118164,0.3922002680977954],[33.392558097839355,0.3919856964009938],[33.39270830154419,0.39213589658932335],[33.392794132232666,0.39207152508038234],[33.39290142059326,0.39211443941974267],[33.393073081970215,0.39252212563266653],[33.393051624298096,0.3925864971381685],[33.39311599731445,0.39267232581138956],[33.39322328567505,0.3925864971381685],[33.39326620101929,0.3926294114748856],[33.39318037033081,0.39277961165164754],[33.39337348937988,0.39292981182573783],[33.39352369308472,0.3928225259873841],[33.3935022354126,0.3927581544837153],[33.39326620101929,0.39269378297954916],[33.393287658691406,0.3926508686431589],[33.39345932006836,0.3926294114748856],[33.39341640472412,0.3925006684640664],[33.39352369308472,0.3924148397890974],[33.3935022354126,0.39232901111321894],[33.393566608428955,0.3922217252671629],[33.39352369308472,0.3922002680977954],[33.393566608428955,0.39211443941974267],[33.39360952377319,0.39211443941974267],[33.39365243911743,0.3919856964009938],[33.39360952377319,0.3919642392310152],[33.39367389678955,0.3918140390396019],[33.393802642822266,0.3918569533802838],[33.39436054229736,0.39202861074079465],[33.39470386505127,0.3922217252671629],[33.396055698394775,0.39254358280123824],[33.39672088623047,0.3927156100972952],[33.39672088623047,0.3927152401476519],[33.397300243377686,0.3928654403228933],[33.39719295501709,0.3932302121657898],[33.39702129364014,0.3932302121657898],[33.39702129364014,0.39348769816294293],[33.39710712432861,0.39348769816294293],[33.3969783782959,0.3938739271437868],[33.396785259246826,0.39383101281346455],[33.39672088623047,0.3938524699786541],[33.396570682525635,0.3939597558037633],[33.39661359786987,0.3940241272981666],[33.39648485183716,0.39410995595659415],[33.39644193649292,0.3941314131210589],[33.396313190460205,0.39404558446285876],[33.39646339416504,0.39404558446285876],[33.39646339416504,0.3937666413175691],[33.39620590209961,0.3937666413175691],[33.39620590209961,0.39348769816294293],[33.3948540687561,0.39348769816294293],[33.3948540687561,0.3937666413175691],[33.39513301849365,0.3937666413175691],[33.39513301849365,0.39404558446285876],[33.3948540687561,0.39404558446285876],[33.3948540687561,0.39430307043484447],[33.39493989944458,0.39430307043484447],[33.394832611083984,0.39451764207205997],[33.394575119018555,0.3944532705814794],[33.39442491531372,0.39473221370376166],[33.394339084625244,0.3950326139788274],[33.39436054229736,0.3952042712740109],[33.39448928833008,0.39516135695055254],[33.39470386505127,0.39522572843564774],[33.39472532272339,0.39541884288796325],[33.394596576690674,0.39563341449640177],[33.39418888092041,0.3955690430144614],[33.394081592559814,0.3959767290583329],[33.393824100494385,0.39657752950751046],[33.393802642822266,0.39672772961299074],[33.39363098144531,0.39666335813953424],[33.39348077774048,0.3969852155017577],[33.39363098144531,0.3971568727564829],[33.39363098144531,0.39728561569518206],[33.39348077774048,0.397607473033176],[33.39365243911743,0.397607473033176],[33.39399576187134,0.397693301654499],[33.39446783065796,0.397736215964855],[33.39466094970703,0.39777913027496936],[33.394596576690674,0.39792933035860756],[33.39438199996948,0.3981868162099147],[33.39416742324829,0.39840138774651734],[33.394081592559814,0.39859450212470904],[33.394081592559814,0.3987661593459535],[33.3939528465271,0.3990451023228303],[33.39393138885498,0.39925967383706507],[33.39300870895386,0.39902364517111266],[33.391356468200684,0.39870178788841315],[33.391356468200684,0.3978435017397146],[33.39161396026611,0.3978435017397146],[33.39161396026611,0.39756455872216634],[33.39189291000366,0.39756455872216634],[33.39189291000366,0.39674918677069115],[33.39161396026611,0.39674918677069115],[33.39161396026611,0.3964917008745772],[33.391356468200684,0.3964917008745772],[33.3913779258728,0.39582652893923864],[33.391292095184326,0.39563341449640177],[33.39124917984009,0.39563341449640177],[33.39118480682373,0.3953973857268238],[33.39112043380737,0.39533301424305023],[33.391077518463135,0.39509698546493155],[33.391077518463135,0.3945820135621574],[33.390820026397705,0.3945820135621574],[33.390820026397705,0.39473221370376166],[33.390541076660156,0.39466784221482953],[33.390541076660156,0.3945820135621574],[33.39051961898804,0.3945820135621574],[33.390541076660156,0.39453909923547315],[33.39086294174194,0.39453909923547315],[33.3909273147583,0.3943459847627224],[33.390798568725586,0.39408849879207253],[33.390541076660156,0.3938739271437868],[33.390562534332275,0.39359498399275594],[33.3904767036438,0.39348769816294293]],[[33.394038677215576,0.3978435017397146],[33.394038677215576,0.3981009875936934],[33.394317626953125,0.3981009875936934],[33.394317626953125,0.3978435017397146],[33.394038677215576,0.3978435017397146]]],[[[33.390820026397705,0.42769034878256207],[33.39161396026611,0.42769034878256207],[33.39161396026611,0.42796929074349066],[33.39200019836426,0.42796929074349066],[33.39202165603638,0.428033661963795],[33.39200019836426,0.4280765761103851],[33.392043113708496,0.42816240440279785],[33.39189291000366,0.4282696897669922],[33.391807079315186,0.4282696897669922],[33.39174270629883,0.42831260391224646],[33.39169979095459,0.4282696897669922],[33.391571044921875,0.42831260391224646],[33.391356468200684,0.42848426049086186],[33.391356468200684,0.42796929074349066],[33.390820026397705,0.42796929074349066],[33.390820026397705,0.42769034878256207]]],[[[33.390820026397705,0.43474972296559145],[33.39114189147949,0.43474972296559145],[33.391056060791016,0.434857008236861],[33.39112043380737,0.4350286646677546],[33.39112043380737,0.43526469225385256],[33.39088439941406,0.4357367474038938],[33.390820026397705,0.4358011185584303],[33.390820026397705,0.43474972296559145]]],[[[33.39120626449585,0.3470757238683291],[33.39189291000366,0.3470757238683291],[33.39189291000366,0.34789110041346305],[33.39161396026611,0.34789110041346305],[33.39161396026611,0.34806275862452196],[33.391571044921875,0.34782672858352726],[33.39120626449585,0.34722592481615777],[33.39120626449585,0.3470757238683291]]],[[[33.391356468200684,0.4344707812531112],[33.39152812957764,0.4344707812531112],[33.39146375656128,0.43455660947343233],[33.39144229888916,0.4346424376927729],[33.39142084121704,0.4346853518020879],[33.391356468200684,0.4346853518020879],[33.391356468200684,0.4344707812531112]]],[[[33.39189291000366,0.3587484760501809],[33.39242935180664,0.3587484760501809],[33.39242935180664,0.3584909890285246],[33.39268684387207,0.3584909890285246],[33.39268684387207,0.3582120447469066],[33.39324474334717,0.3582120447469066],[33.39324474334717,0.3579545577101726],[33.39390993118286,0.358083301229442],[33.394317626953125,0.3579974722167947],[33.39463949203491,0.3577185279201416],[33.39543342590332,0.35960676607002995],[33.39470386505127,0.3577185279201416],[33.39476823806763,0.35675295144325503],[33.39474678039551,0.35613069099331085],[33.39470386505127,0.35583028938175687],[33.39468240737915,0.35533677242723627],[33.3948540687561,0.3553153151677577],[33.3949613571167,0.3555084305013594],[33.39511156082153,0.35628089179542144],[33.395068645477295,0.3566885796745112],[33.39511156082153,0.3568173232115299],[33.39519739151001,0.3568816949793643],[33.39526176452637,0.3570962675355389],[33.395283222198486,0.35739666910578194],[33.39511156082153,0.35739666910578194],[33.39511156082153,0.3582120447469066],[33.39539051055908,0.3582120447469066],[33.39539051055908,0.3584909890285246],[33.395540714263916,0.3584909890285246],[33.39562654495239,0.35861973254026225],[33.39564800262451,0.35879139055309395],[33.39571237564087,0.3588986768094742],[33.395841121673584,0.35930636457224807],[33.39566946029663,0.35930636457224807],[33.39566946029663,0.35984279581134615],[33.39592695236206,0.35984279581134615],[33.39592695236206,0.3603792270188819],[33.39620590209961,0.3603792270188819],[33.39620590209961,0.36065817123432],[33.39646339416504,0.36065817123432],[33.39646339416504,0.3609371154412315],[33.39674234390259,0.3609371154412315],[33.39674234390259,0.36175249076613625],[33.39646339416504,0.36175249076613625],[33.39646339416504,0.3614735465842642],[33.396291732788086,0.3614735465842642],[33.396077156066895,0.3611302306563573],[33.396077156066895,0.3611087734104359],[33.396055698394775,0.3610658589184368],[33.39566946029663,0.3610229444262387],[33.39566946029663,0.3609371154412315],[33.39539051055908,0.3609371154412315],[33.39539051055908,0.36065817123432],[33.3948540687561,0.36065817123432],[33.3948540687561,0.3603792270188819],[33.394317626953125,0.3603792270188819],[33.394317626953125,0.36087274370191835],[33.394038677215576,0.3608298292088108],[33.394038677215576,0.36065817123432],[33.39268684387207,0.36065817123432],[33.39268684387207,0.36012174004319775],[33.39242935180664,0.36012174004319775],[33.39242935180664,0.35956385157095383],[33.39215040206909,0.35956385157095383],[33.39215040206909,0.35930636457224807],[33.39189291000366,0.35930636457224807],[33.39189291000366,0.3587484760501809]],[[33.3948540687561,0.3603792270188819],[33.39511156082153,0.3603792270188819],[33.39511156082153,0.36012174004319775],[33.3948540687561,0.36012174004319775],[33.3948540687561,0.3603792270188819]],[[33.39324474334717,0.3584909890285246],[33.39324474334717,0.35902742031547064],[33.3935022354126,0.35902742031547064],[33.3935022354126,0.35956385157095383],[33.39378118515015,0.35956385157095383],[33.39378118515015,0.35902742031547064],[33.394038677215576,0.35902742031547064],[33.394038677215576,0.3584909890285246],[33.39324474334717,0.3584909890285246]]],[[[33.39296579360962,0.3465392918923982],[33.3935022354126,0.3465392918923982],[33.3935022354126,0.3460028598860987],[33.394317626953125,0.3460028598860987],[33.394317626953125,0.34465105109578076],[33.394038677215576,0.34465105109578076],[33.394038677215576,0.3449085384992401],[33.39378118515015,0.3449085384992401],[33.39378118515015,0.34437210640086846],[33.39511156082153,0.34437210640086846],[33.39511156082153,0.3440931616977849],[33.39592695236206,0.3440931616977849],[33.39592695236206,0.3435567295535549],[33.39620590209961,0.3435567295535549],[33.39620590209961,0.34327778482665394],[33.39646339416504,0.34327778482665394],[33.39646339416504,0.3423336641521928],[33.39661359786987,0.3423980360193184],[33.396828174591064,0.34241949330827026],[33.39699983596802,0.34284863907707575],[33.39699983596802,0.3429988400916244],[33.3968710899353,0.3432992421136447],[33.39672088623047,0.3433421566874273],[33.39672088623047,0.3433326201154756],[33.39667797088623,0.3433421566874273],[33.396828174591064,0.3435567295535549],[33.39672088623047,0.3437713024148792],[33.39672088623047,0.34392150341491856],[33.396592140197754,0.3439429607004598],[33.39637756347656,0.3444150209698478],[33.39618444442749,0.34462959381185954],[33.396034240722656,0.3447368802310393],[33.39575529098511,0.34471542294730284],[33.395583629608154,0.34486562393247766],[33.39564800262451,0.3451016540472551],[33.39577674865723,0.3451874831784352],[33.39564800262451,0.34527331230886205],[33.395583629608154,0.3452303977437481],[33.395304679870605,0.3453376841561635],[33.39511156082153,0.345466427849459],[33.395283222198486,0.3456595433861338],[33.39521884918213,0.3459384880433021],[33.395326137542725,0.34619597541187375],[33.395047187805176,0.3463247190935306],[33.395047187805176,0.34647492005325375],[33.3949613571167,0.34688260836051654],[33.3948540687561,0.3469684374755815],[33.39472532272339,0.3469684374755815],[33.39296579360962,0.3465392918923982]]],[[[33.39341640472412,0.39149218147751697],[33.39363098144531,0.39125615259079893],[33.39369535446167,0.3912346954189445],[33.39378118515015,0.39132052410602114],[33.39386701583862,0.39132052410602114],[33.39416742324829,0.3910201236974302],[33.39427471160889,0.39095575217989165],[33.39442491531372,0.39104158086982466],[33.39442491531372,0.3911703239030544],[33.39487552642822,0.3912346954189445],[33.395090103149414,0.3911059523866811],[33.395068645477295,0.391084495214443],[33.39521884918213,0.3910201236974302],[33.39524030685425,0.3909772093524708],[33.39517593383789,0.39078409479742504],[33.39521884918213,0.3907197232780959],[33.395347595214844,0.3906768089316017],[33.395347595214844,0.390827009143365],[33.39539051055908,0.39095575217989165],[33.39560508728027,0.390869923489106],[33.39577674865723,0.3908913806618841],[33.3959698677063,0.390827009143365],[33.39601278305054,0.3903120369775479],[33.39588403701782,0.3902476654546092],[33.39577674865723,0.39029057980327764],[33.395798206329346,0.39011892240722545],[33.39573383331299,0.39007600805766174],[33.39569091796875,0.390161836756576],[33.39545488357544,0.3899472650076632],[33.39549779891968,0.3896897789017686],[33.39569091796875,0.38962540737405504],[33.39566946029663,0.38949666431716423],[33.395583629608154,0.3894537499644457],[33.39545488357544,0.3891104351347252],[33.3955192565918,0.38889586335903914],[33.39547634124756,0.3886598343995047],[33.39590549468994,0.388638377221028],[33.39562654495239,0.38831651953749713],[33.3955192565918,0.3882950623581536],[33.39547634124756,0.38788737594038025],[33.39564800262451,0.38762988977165946],[33.39590549468994,0.38745823232149235],[33.39616298675537,0.3873724035951227],[33.396334648132324,0.3873724035951227],[33.396570682525635,0.3874796895029675],[33.396570682525635,0.3875226038657189],[33.39669942855835,0.3875655182282429],[33.39745044708252,0.3875655182282429],[33.39754644193181,0.38758471675880274],[33.39764356613159,0.3875869754094481],[33.39777231216431,0.38762988977165946],[33.397836685180664,0.38773717567625],[33.39785814285278,0.3880375762018389],[33.397815227508545,0.3886169200425229],[33.397836685180664,0.389539578669698],[33.397815227508545,0.3908913806618841],[33.3974289894104,0.3924362969579249],[33.397321701049805,0.3928225259873841],[33.39672088623047,0.39267232581138956],[33.39672088623047,0.3926693807061567],[33.39513301849365,0.39226463960577007],[33.39470386505127,0.39217881092837104],[33.39438199996948,0.3919856964009938],[33.393845558166504,0.39183549620996416],[33.393566608428955,0.3916638388454885],[33.39343786239624,0.3915565529909202],[33.39341640472412,0.39149218147751697]]],[[[33.39378118515015,0.37421914111786236],[33.394038677215576,0.37421914111786236],[33.394038677215576,0.37396165454075003],[33.394317626953125,0.37396165454075003],[33.394317626953125,0.3737470823874105],[33.39461803436279,0.3738114540339552],[33.39442491531372,0.3750345152287906],[33.394317626953125,0.3750345152287906],[33.394317626953125,0.3747770286756378],[33.394038677215576,0.3747770286756378],[33.394038677215576,0.37449808490119096],[33.39378118515015,0.37449808490119096],[33.39378118515015,0.37421914111786236]]],[[[33.39399576187134,0.38589185792829994],[33.39401721954346,0.3857845720004036],[33.39418888092041,0.38526959952760365],[33.39468240737915,0.38541979983538965],[33.39474678039551,0.38535542827524694],[33.39472532272339,0.38526959952760365],[33.39476823806763,0.38520522796632406],[33.395068645477295,0.38520522796632406],[33.395283222198486,0.3851623135918629],[33.39539051055908,0.38520522796632406],[33.39547634124756,0.3851623135918629],[33.39573383331299,0.3851408564045613],[33.39588403701782,0.38520522796632406],[33.3958625793457,0.3853339710884143],[33.39599132537842,0.3854627142085434],[33.396077156066895,0.3857202004430036],[33.39616298675537,0.3857845720004036],[33.39646339416504,0.3857845720004036],[33.3965277671814,0.3858060291860852],[33.39673757553293,0.3862828555234912],[33.3968710899353,0.38649265909957364],[33.39691400527954,0.38664285938575915],[33.39672088623047,0.38679305966928723],[33.39672088623047,0.38678769537197794],[33.39648485183716,0.38696471713291203],[33.39588403701782,0.38732948923160393],[33.395347595214844,0.3875011466843574],[33.3949613571167,0.3875655182282429],[33.3948540687561,0.38754406104700934],[33.394789695739746,0.3872865748678578],[33.39468240737915,0.3872865748678578],[33.39461803436279,0.3870934602283711],[33.39421033859253,0.38690034558446484],[33.39416742324829,0.3865141162834931],[33.39399576187134,0.38640683036342693],[33.394060134887695,0.3861064297800567],[33.39399576187134,0.38589185792829994]]],[[[33.39416742324829,0.378489125748942],[33.394339084625244,0.37612883299510713],[33.394575119018555,0.37612883299510713],[33.394575119018555,0.3750345152287906],[33.39448928833008,0.3750345152287906],[33.39468240737915,0.3738114540339552],[33.39513301849365,0.3737899968184877],[33.396313190460205,0.3734466813639017],[33.39672088623047,0.3733923230821312],[33.39672088623047,0.3733823097146711],[33.397278785705566,0.3733179380649716],[33.3968710899353,0.3761932046241583],[33.39672088623047,0.3776308375489208],[33.39672088623047,0.3776027780276409],[33.396592140197754,0.3788109838020546],[33.39624881744385,0.3787251549890698],[33.39416742324829,0.378489125748942]]],[[[33.394317626953125,0.37340376693114763],[33.394575119018555,0.37340376693114763],[33.394575119018555,0.37314628033013264],[33.3948540687561,0.37314628033013264],[33.3948540687561,0.37286733650388726],[33.394575119018555,0.37286733650388726],[33.394575119018555,0.3717944755513827],[33.39539051055908,0.3717944755513827],[33.39539051055908,0.3723309060439419],[33.39566946029663,0.3723309060439419],[33.39566946029663,0.37286733650388726],[33.39620590209961,0.37286733650388726],[33.39620590209961,0.3725883926687885],[33.39646339416504,0.3725883926687885],[33.39646339416504,0.3723309060439419],[33.39699983596802,0.3723309060439419],[33.39699983596802,0.3720519621918754],[33.397278785705566,0.3720519621918754],[33.397278785705566,0.3714511600190207],[33.39751482009888,0.371494074461296],[33.397278785705566,0.3732535664147889],[33.396291732788086,0.37340376693114763],[33.39513301849365,0.37372562517178665],[33.39466094970703,0.3737470823874105],[33.394317626953125,0.3736827107403826],[33.394317626953125,0.37340376693114763]]],[[[33.394532203674316,0.3510667768108675],[33.394596576690674,0.3509165759244155],[33.39463949203491,0.3504874305212269],[33.39470386505127,0.35050888779186096],[33.39487552642822,0.3502943150833744],[33.394832611083984,0.3501870287272908],[33.39502573013306,0.35016557145593197],[33.39519739151001,0.35025140054109727],[33.39536905288696,0.35027285781224293],[33.395326137542725,0.3504659732505502],[33.39545488357544,0.350530345062424],[33.3955192565918,0.3504659732505502],[33.39547634124756,0.35027285781224293],[33.395540714263916,0.35022994326986634],[33.39566946029663,0.35022994326986634],[33.39566946029663,0.35033722962546676],[33.39592695236206,0.35033722962546676],[33.39592695236206,0.3506161741442497],[33.39620590209961,0.3506161741442497],[33.39620590209961,0.3514315503822587],[33.397278785705566,0.3514315503822587],[33.397278785705566,0.3511526058877763],[33.397557735443115,0.3511526058877763],[33.397557735443115,0.3514315503822587],[33.39835166931152,0.3514315503822587],[33.39835166931152,0.3518177812070036],[33.39764356613159,0.35175340940398314],[33.39618444442749,0.35196798207898894],[33.394832611083984,0.3519894393461982],[33.39468240737915,0.3515602939922644],[33.394532203674316,0.3510667768108675]]],[[[33.394832611083984,0.35211818294854424],[33.39646339416504,0.35201089661337903],[33.39646339416504,0.352504413744839],[33.39566946029663,0.352504413744839],[33.39566946029663,0.3522469265490855],[33.39511156082153,0.3522469265490855],[33.39511156082153,0.3527833581988915],[33.39539051055908,0.3527833581988915],[33.39539051055908,0.35306230264457383],[33.39592695236206,0.35306230264457383],[33.39592695236206,0.3533197898177747],[33.39646339416504,0.3533197898177747],[33.39646339416504,0.35306230264457383],[33.39699983596802,0.35306230264457383],[33.39699983596802,0.3535987342473561],[33.39674234390259,0.3535987342473561],[33.39674234390259,0.35387767866855313],[33.39699983596802,0.35387767866855313],[33.39699983596802,0.3552294861293035],[33.39674234390259,0.3552294861293035],[33.39674234390259,0.3552509433889952],[33.396722752115004,0.3552490775403205],[33.39672088623047,0.3552509433889952],[33.39672088623047,0.35524889984044605],[33.395841121673584,0.3551651143499299],[33.394832611083984,0.35211818294854424]]],[[[33.3948540687561,0.36364072807911896],[33.39539051055908,0.36364072807911896],[33.39539051055908,0.36336178395541197],[33.39566946029663,0.36336178395541197],[33.39566946029663,0.362825352924105],[33.39620590209961,0.362825352924105],[33.39620590209961,0.36310429706436764],[33.397064208984375,0.36310429706436764],[33.39740753173828,0.3640269583899993],[33.3948540687561,0.36374801427822945],[33.3948540687561,0.36364072807911896]]],[[[33.3948540687561,0.3638123859971074],[33.3974289894104,0.3640698728679581],[33.39760065078735,0.36443464592242947],[33.39768648147583,0.36499253409481014],[33.397557735443115,0.3660439386332399],[33.397557735443115,0.36555042223257317],[33.39620590209961,0.36555042223257317],[33.39620590209961,0.36527147816801175],[33.397278785705566,0.36527147816801175],[33.397278785705566,0.3647350472503206],[33.39674234390259,0.3647350472503206],[33.39673413949875,0.36445610316046384],[33.39592695236206,0.36445610316046384],[33.39592695236206,0.3647350472503206],[33.39566946029663,0.3647350472503206],[33.39566946029663,0.3641771590619811],[33.39539051055908,0.3641771590619811],[33.39539051055908,0.36445610316046384],[33.39511156082153,0.36445610316046384],[33.39511156082153,0.36391967219418575],[33.3948540687561,0.36391967219418575],[33.3948540687561,0.3638123859971074]]],[[[33.39511156082153,0.36555042223257317],[33.39539051055908,0.36555042223257317],[33.39539051055908,0.36499253409481014],[33.39566946029663,0.36499253409481014],[33.39566946029663,0.36527147816801175],[33.39592695236206,0.36527147816801175],[33.39592695236206,0.3658079090537001],[33.39620590209961,0.3658079090537001],[33.39620590209961,0.3663657971408014],[33.39566946029663,0.3663657971408014],[33.39566946029663,0.36608685310159217],[33.39539051055908,0.36608685310159217],[33.39539051055908,0.3658079090537001],[33.39511156082153,0.3658079090537001],[33.39511156082153,0.36555042223257317]]],[[[33.39513301849365,0.333235769290539],[33.39566946029663,0.333235769290539],[33.39566946029663,0.3340511470063774],[33.39620590209961,0.3340511470063774],[33.39620590209961,0.33269933654592876],[33.39674234390259,0.33269933654592876],[33.39674234390259,0.3335147143061903],[33.397536277770996,0.3335147143061903],[33.397536277770996,0.333235769290539],[33.3978796005249,0.333235769290539],[33.39818000793457,0.3334717996889083],[33.3984375,0.33377220200594593],[33.398566246032715,0.3339438604686791],[33.398587703704834,0.3341369762356976],[33.398566246032715,0.3341584335429246],[33.3984375,0.33426572007826394],[33.39820146560669,0.3345446650646977],[33.39790105819702,0.3343730066124522],[33.39772939682007,0.33407260431378916],[33.39766502380371,0.3340511470063774],[33.397557735443115,0.3341798908500806],[33.39749336242676,0.3341798908500806],[33.39745044708252,0.33411551892844216],[33.397278785705566,0.3340511470063774],[33.39717149734497,0.3339867750839005],[33.397042751312256,0.3340082323914402],[33.39693546295166,0.33420134815719393],[33.3969783782959,0.33428717738519254],[33.39693546295166,0.3343944639191392],[33.396849632263184,0.3344802931454467],[33.39672088623047,0.3345446650646977],[33.396549224853516,0.33456612237101524],[33.39614152908325,0.33467340890192077],[33.39599132537842,0.3346948662079541],[33.39588403701782,0.3346519515958306],[33.395841121673584,0.3347377808198928],[33.3958625793457,0.3349308965712794],[33.39571237564087,0.3349523538767585],[33.39569091796875,0.33490943926575767],[33.3955192565918,0.3348665246545579],[33.39545488357544,0.3348236100431876],[33.395326137542725,0.3348450673489083],[33.395304679870605,0.3348236100431876],[33.39539051055908,0.3339438604686791],[33.3954119682312,0.3338580312376962],[33.39547634124756,0.3338151166219063],[33.3955192565918,0.33370783008163585],[33.3954119682312,0.3334074277626371],[33.39519739151001,0.3333430558359538],[33.39513301849365,0.3333001412179186],[33.39513301849365,0.333235769290539]]],[[[33.395326137542725,0.349436024200358],[33.39547634124756,0.34935019510774623],[33.39566946029663,0.34932873783446894],[33.395583629608154,0.34915707964648846],[33.395583629608154,0.3488137632611341],[33.39549779891968,0.34851336141367995],[33.39564800262451,0.348448989587979],[33.395841121673584,0.34853481868881886],[33.39592695236206,0.34851336141367995],[33.39592695236206,0.3495218532921882],[33.39566946029663,0.3495218532921882],[33.39566946029663,0.3497793405629892],[33.395326137542725,0.3494789387463726],[33.395326137542725,0.349436024200358]]],[[[33.39566946029663,0.3610658589184368],[33.396077156066895,0.3611302306563573],[33.39624881744385,0.3614735465842642],[33.39620590209961,0.3614735465842642],[33.39620590209961,0.36175249076613625],[33.39592695236206,0.36175249076613625],[33.39592695236206,0.36200997769563514],[33.39566946029663,0.36200997769563514],[33.39566946029663,0.3610658589184368]]],[[[33.395841121673584,0.3552294861293035],[33.39674234390259,0.35533677242723627],[33.39674234390259,0.3555084305013594],[33.39646339416504,0.3555084305013594],[33.39646339416504,0.3557659176065755],[33.39620590209961,0.3557659176065755],[33.39620590209961,0.3558732038982839],[33.396098613739014,0.3558732038982839],[33.395841121673584,0.3552294861293035]]],[[[33.396098613739014,0.34784818586021515],[33.39614152908325,0.3477838140299667],[33.39614152908325,0.34765507036817667],[33.396570682525635,0.34733321120599214],[33.397085666656494,0.34701135203282263],[33.397321701049805,0.3469898947542305],[33.397536277770996,0.3470971811467507],[33.39777231216431,0.3470757238683291],[33.39777231216431,0.3469040656393503],[33.39790105819702,0.3467538646864199],[33.39818000793457,0.34683969380267854],[33.39820146560669,0.3465822064516004],[33.39826583862305,0.34643200549356834],[33.3984375,0.34647492005325375],[33.39848041534424,0.34647492005325375],[33.39863061904907,0.346238889972625],[33.39867353439331,0.3463247190935306],[33.39886665344238,0.3464105482136546],[33.39886665344238,0.3466251210105895],[33.398823738098145,0.34671095012801345],[33.39865207672119,0.3468182365237027],[33.39863061904907,0.34688260836051654],[33.39865207672119,0.3469898947542305],[33.39897394180298,0.34705426658987903],[33.399081230163574,0.34694698019687564],[33.39916706085205,0.3469898947542305],[33.39916706085205,0.34817004500484927],[33.39970350265503,0.34817004500484927],[33.39970350265503,0.348448989587979],[33.39998245239258,0.348448989587979],[33.39998245239258,0.3489854214553816],[33.40051889419556,0.3489854214553816],[33.40051889419556,0.34926436601435285],[33.40013265609741,0.34926436601435285],[33.39865207672119,0.3481485877288861],[33.39869499206543,0.3481485877288861],[33.39863061904907,0.34808421590069827],[33.3984375,0.34801984407204145],[33.39815855026245,0.3479554722429725],[33.3979868888855,0.34812713045285193],[33.39796543121338,0.3482558741082329],[33.39811563491821,0.34866356233860074],[33.39815855026245,0.3487064768881396],[33.398094177246094,0.3487064768881396],[33.398094177246094,0.3489854214553816],[33.397557735443115,0.3489854214553816],[33.397557735443115,0.3487064768881396],[33.397278785705566,0.3487064768881396],[33.397278785705566,0.34817004500484927],[33.39674234390259,0.34817004500484927],[33.39674234390259,0.348448989587979],[33.39646339416504,0.348448989587979],[33.39646339416504,0.34817004500484927],[33.39616298675537,0.34817004500484927],[33.396098613739014,0.34784818586021515]]],[[[33.396313190460205,0.3817720773285629],[33.39691400527954,0.37692274972009443],[33.397557735443115,0.37692274972009443],[33.397579193115234,0.37752355151795314],[33.398051261901855,0.37760938034284663],[33.39813709259033,0.3778024951957093],[33.39813709259033,0.3779526956338657],[33.39800834655762,0.37838183972858985],[33.39796543121338,0.37887535541123896],[33.39738607406616,0.3790684702359357],[33.39736461639404,0.3791972134500128],[33.397300243377686,0.3792615850563408],[33.397085666656494,0.37971218628715064],[33.397064208984375,0.37990530109318854],[33.3969783782959,0.38018424469426293],[33.39693546295166,0.38054901708207467],[33.3968710899353,0.38084941786046045],[33.39689254760742,0.38097816104799165],[33.396806716918945,0.38123564741727023],[33.39676380157471,0.3814716765823505],[33.39661359786987,0.3816004197605736],[33.39661359786987,0.3818149917200202],[33.396313190460205,0.3817720773285629]]],[[[33.39646339416504,0.3682540334852149],[33.39673161506621,0.3682540334852149],[33.39674234390259,0.36771760274613996],[33.39699983596802,0.36771760274613996],[33.39699983596802,0.36748157321072483],[33.39745044708252,0.36754594490282955],[33.39745044708252,0.36748157321072483],[33.39699983596802,0.3674386587490801],[33.39699983596802,0.36662328393850885],[33.397278785705566,0.36662328393850885],[33.397278785705566,0.3663657971408014],[33.39749336242676,0.3663657971408014],[33.3974289894104,0.3666447411713136],[33.39740753173828,0.36694514242523724],[33.3974289894104,0.36709534304841895],[33.39747190475464,0.3666876556367811],[33.397536277770996,0.3663657971408014],[33.397557735443115,0.3671597147432948],[33.397815227508545,0.3671597147432948],[33.397815227508545,0.36797508950492386],[33.398094177246094,0.36797508950492386],[33.398094177246094,0.36771760274613996],[33.39835166931152,0.36771760274613996],[33.39835166931152,0.36876900696437076],[33.398330211639404,0.368790464192017],[33.398094177246094,0.368790464192017],[33.398094177246094,0.36906940814678535],[33.398051261901855,0.3693268948665036],[33.39790105819702,0.3694556382235419],[33.39792251586914,0.3697774966080374],[33.39785814285278,0.3699062399585671],[33.3978796005249,0.37018518387829147],[33.39794397354126,0.3704426705656516],[33.39794397354126,0.37050704223631215],[33.397793769836426,0.3705284994597662],[33.39775085449219,0.37059287112981565],[33.3978796005249,0.3708932722505125],[33.397793769836426,0.3710434728070453],[33.397836685180664,0.3711293016953192],[33.397815227508545,0.3712151305827831],[33.39760065078735,0.3712365878045176],[33.39751482009888,0.37097910114026433],[33.3974289894104,0.3700135260825874],[33.39749336242676,0.3682540334852149],[33.39747190475464,0.36786780335631875],[33.39747190475464,0.36831840517174896],[33.39738607406616,0.3697774966080374],[33.39751482009888,0.37142970279781196],[33.397278785705566,0.371386788355224],[33.397278785705566,0.3704212133419844],[33.39699983596802,0.3704212133419844],[33.39699983596802,0.3696058388044321],[33.397278785705566,0.3696058388044321],[33.397278785705566,0.368790464192017],[33.39646339416504,0.368790464192017],[33.39646339416504,0.3682540334852149]]],[[[33.39672088623047,0.35196798207898894],[33.39764356613159,0.3518392384745681],[33.39835166931152,0.3519036102769917],[33.39835166931152,0.3520752684146231],[33.397579193115234,0.35213964021541244],[33.39762210845947,0.3522469265490855],[33.39699983596802,0.3522254692824447],[33.39699983596802,0.35196798207898894],[33.39672088623047,0.35196798207898894]]],[[[33.39699983596802,0.352504413744839],[33.397278785705566,0.352504413744839],[33.397278785705566,0.3522683838156695],[33.39762210845947,0.3522683838156695],[33.39762210845947,0.3522469265490855],[33.39764356613159,0.35218255474903515],[33.397793769836426,0.35213964021541244],[33.39835166931152,0.35211818294854424],[33.39835166931152,0.352504413744839],[33.397815227508545,0.352504413744839],[33.397815227508545,0.3527833581988915],[33.39699983596802,0.3527833581988915],[33.39699983596802,0.352504413744839]]],[[[33.397085666656494,0.36310429706436764],[33.397557735443115,0.36310429706436764],[33.397557735443115,0.36336178395541197],[33.397815227508545,0.36336178395541197],[33.397815227508545,0.36364072807911896],[33.398094177246094,0.36364072807911896],[33.398094177246094,0.3638123859971074],[33.39796543121338,0.36368364255892516],[33.397793769836426,0.3637694715179123],[33.39775085449219,0.36422007353922936],[33.397579193115234,0.36426298801627865],[33.397300243377686,0.36368364255892516],[33.397085666656494,0.36310429706436764]]],[[[33.397278785705566,0.3451874831784352],[33.397557735443115,0.3451874831784352],[33.397557735443115,0.3449085384992401],[33.397815227508545,0.3449085384992401],[33.397815227508545,0.34465105109578076],[33.398094177246094,0.34465105109578076],[33.398094177246094,0.34437210640086846],[33.39835166931152,0.34437210640086846],[33.39835166931152,0.3440931616977849],[33.398094177246094,0.34407170441259893],[33.398094177246094,0.343835674272313],[33.39792251586914,0.343835674272313],[33.39815855026245,0.34372838784300086],[33.39822292327881,0.34357818683990615],[33.398308753967285,0.3435567295535549],[33.39835166931152,0.343470900407695],[33.39835166931152,0.3435567295535549],[33.3988881111145,0.3435567295535549],[33.3988881111145,0.34327778482665394],[33.39916706085205,0.34327778482665394],[33.39916706085205,0.343020297379212],[33.39942455291748,0.343020297379212],[33.39940309524536,0.34312758381649644],[33.39942455291748,0.34327778482665394],[33.39948892593384,0.34327778482665394],[33.39948892593384,0.34336361397427595],[33.399574756622314,0.34349235769423103],[33.399574756622314,0.3435567295535549],[33.39916706085205,0.3435567295535549],[33.39916706085205,0.343835674272313],[33.3988881111145,0.343835674272313],[33.3988881111145,0.34437210640086846],[33.39863061904907,0.34437210640086846],[33.39863061904907,0.3453376841561635],[33.3984375,0.34540205600303864],[33.39822292327881,0.34542351328522614],[33.39770793914795,0.34529476959134797],[33.397278785705566,0.34529476959134797],[33.397278785705566,0.3451874831784352]]],[[[33.397557735443115,0.33242039150719904],[33.39835166931152,0.33242039150719904],[33.39835166931152,0.33269933654592876],[33.39893102645874,0.33269933654592876],[33.39890956878662,0.33280662309718423],[33.3989953994751,0.3328709950273776],[33.39886665344238,0.3330211961961993],[33.398780822753906,0.3330211961961993],[33.398566246032715,0.3329139096472744],[33.3984375,0.33278516578701556],[33.398330211639404,0.33274225116656453],[33.398287296295166,0.33282808040728185],[33.39824438095093,0.33282808040728185],[33.39820146560669,0.33276370847681846],[33.398094177246094,0.33274225116656453],[33.398094177246094,0.33269933654592876],[33.39775085449219,0.332592049993508],[33.39764356613159,0.33246330612905695],[33.397557735443115,0.33242039150719904]]],[[[33.39760065078735,0.36608685310159217],[33.39768648147583,0.36550750776166296],[33.39800834655762,0.36555042223257317],[33.3979868888855,0.3657864518188916],[33.398330211639404,0.36574353734910403],[33.39835166931152,0.3658508235231608],[33.39835166931152,0.36608685310159217],[33.39760065078735,0.36608685310159217]]],[[[33.39770793914795,0.3818149917200202],[33.39811563491821,0.3817077057409648],[33.39837312698364,0.3817077057409648],[33.3984375,0.3814502193857976],[33.39871644973755,0.3813643905990176],[33.398845195770264,0.3813643905990176],[33.39895248413086,0.3813000190083784],[33.39914560317993,0.3812785618113992],[33.39920997619629,0.381321476205315],[33.399295806884766,0.3811927330229139],[33.39938163757324,0.3809137894544534],[33.39923143386841,0.38080650346418565],[33.39923143386841,0.38050610268430773],[33.39914560317993,0.38050610268430773],[33.39918851852417,0.38033444509110836],[33.399295806884766,0.3802700734927811],[33.400089740753174,0.3802271590936215],[33.400561809539795,0.3802271590936215],[33.400840759277344,0.38037735948972795],[33.401055335998535,0.38059193147961423],[33.400840759277344,0.3812141902201205],[33.40064764022827,0.3815789625643333],[33.40071201324463,0.38168624854500877],[33.400840759277344,0.38168624854500877],[33.40088367462158,0.38175062013274896],[33.400840759277344,0.38185790611126436],[33.40073347091675,0.3818364489156778],[33.40071201324463,0.3819866492837036],[33.400819301605225,0.38207247806424505],[33.40092658996582,0.38202956367409513],[33.40109825134277,0.3820510208691985],[33.40111970901489,0.38209393525926316],[33.40118408203125,0.38241579317791263],[33.40120553970337,0.38290930862974903],[33.40118408203125,0.38301659459376936],[33.40092658996582,0.38331699528592367],[33.40075492858887,0.3834028240531637],[33.40062618255615,0.3834242812448565],[33.400540351867676,0.3827376510844971],[33.40051889419556,0.382179764038753],[33.40043306350708,0.3820510208691985],[33.4003472328186,0.38207247806424505],[33.400282859802246,0.3820510208691985],[33.398823738098145,0.38207247806424505],[33.3984375,0.3822012212335011],[33.39818000793457,0.38226559281739014],[33.39775085449219,0.3822870500119109],[33.39770793914795,0.38222267842817814],[33.39770793914795,0.3818149917200202]]],[[[33.39777231216431,0.3913634384492184],[33.39792251586914,0.39050515154343657],[33.39792251586914,0.38896023489232334],[33.3979868888855,0.3876728041336577],[33.39811563491821,0.3875655182282429],[33.39822292327881,0.3875655182282429],[33.3984375,0.38743677513997454],[33.39867353439331,0.3872436605039127],[33.39890956878662,0.387200746139726],[33.39893102645874,0.3870720030459154],[33.399038314819336,0.3870720030459154],[33.399081230163574,0.38698617431563775],[33.39968204498291,0.386750145302841],[33.399925693392944,0.3865618758165779],[33.400025367736816,0.3864497447316211],[33.400325775146484,0.3862780872575797],[33.40099096298218,0.38621371570391716],[33.401055335998535,0.38619225851925876],[33.401055335998535,0.38726511768589944],[33.401334285736084,0.38726511768589944],[33.401334285736084,0.3875226038657189],[33.401591777801514,0.3875226038657189],[33.401591777801514,0.38726511768589944],[33.40187072753906,0.38726511768589944],[33.40187072753906,0.38698617431563775],[33.401591777801514,0.38698617431563775],[33.401591777801514,0.3864497447316211],[33.401334285736084,0.3864497447316211],[33.401334285736084,0.3861708013345435],[33.40176343917847,0.38623517288853293],[33.402042388916016,0.38629954444201076],[33.4024715423584,0.3864712019156258],[33.40375900268555,0.386750145302841],[33.40375900268555,0.3872436605039127],[33.40401649475098,0.3872436605039127],[33.40401649475098,0.3878015472183307],[33.404295444488525,0.3878015472183307],[33.404295444488525,0.3875226038657189],[33.404552936553955,0.3875226038657189],[33.404552936553955,0.38698617431563775],[33.404831886291504,0.38698617431563775],[33.40463876724243,0.3885525485066239],[33.40451002120972,0.3886169200425229],[33.404338359832764,0.3885096341490879],[33.40425252914429,0.3885525485066239],[33.40388774871826,0.38889586335903914],[33.40367317199707,0.3890031492475572],[33.40360879898071,0.38913189231197975],[33.403480052948,0.3891533494892059],[33.403480052948,0.38887440618118774],[33.40320110321045,0.38887440618118774],[33.40320110321045,0.3891533494892059],[33.40294361114502,0.3891533494892059],[33.40294361114502,0.38943229278798697],[33.40266466140747,0.38943229278798697],[33.40266466140747,0.3896468645500164],[33.402299880981445,0.39001163653291826],[33.40212821960449,0.39037640850000344],[33.40197801589966,0.3904407800219616],[33.40187072753906,0.39056952306439996],[33.401784896850586,0.3905909802379597],[33.401334285736084,0.3904836943696637],[33.401334285736084,0.38943229278798697],[33.400776386260986,0.38943229278798697],[33.400776386260986,0.3896897789017686],[33.39970350265503,0.3896897789017686],[33.39970350265503,0.3902476654546092],[33.39998245239258,0.3902476654546092],[33.39998245239258,0.39078409479742504],[33.39970350265503,0.39078409479742504],[33.39970350265503,0.39106303804216225],[33.39916706085205,0.39106303804216225],[33.39916706085205,0.39149218147751697],[33.398544788360596,0.3914707243062594],[33.398566246032715,0.39129906693432304],[33.3984375,0.391341981277634],[33.39835166931152,0.3913634384492184],[33.39837312698364,0.3914492671349592],[33.398029804229736,0.3914492671349592],[33.39777231216431,0.3913634384492184]],[[33.400776386260986,0.38943229278798697],[33.400776386260986,0.3891533494892059],[33.40051889419556,0.3891533494892059],[33.40051889419556,0.38943229278798697],[33.400776386260986,0.38943229278798697]],[[33.401591777801514,0.3891533494892059],[33.401591777801514,0.38943229278798697],[33.40187072753906,0.38943229278798697],[33.40187072753906,0.3891533494892059],[33.401591777801514,0.3891533494892059]],[[33.40187072753906,0.3878015472183307],[33.40187072753906,0.3891533494892059],[33.40212821960449,0.3891533494892059],[33.40212821960449,0.3886169200425229],[33.40240716934204,0.3886169200425229],[33.40240716934204,0.38833797671678383],[33.40266466140747,0.38833797671678383],[33.40266466140747,0.3886169200425229],[33.40294361114502,0.3886169200425229],[33.40294361114502,0.38833797671678383],[33.40320110321045,0.38833797671678383],[33.40320110321045,0.3875226038657189],[33.40212821960449,0.3875226038657189],[33.40212821960449,0.3878015472183307],[33.40187072753906,0.3878015472183307]]],[[[33.39824438095093,0.33604667639365005],[33.39835166931152,0.3359393898777938],[33.39837312698364,0.3358750179677088],[33.39837312698364,0.335402957280877],[33.3984375,0.33514546962392444],[33.39841604232788,0.33490943926575767],[33.3984375,0.3348879819601933],[33.39852333068848,0.33505964040341496],[33.398566246032715,0.33499526848756034],[33.39848041534424,0.3346948662079541],[33.39852333068848,0.3345446650646977],[33.39863061904907,0.33441592122578356],[33.39863061904907,0.3346090369835082],[33.39916706085205,0.3346090369835082],[33.39916706085205,0.3348665246545579],[33.39923143386841,0.3348665246545579],[33.39910268783569,0.3368835111767936],[33.399081230163574,0.33701225498322174],[33.399038314819336,0.33703371228412493],[33.3988881111145,0.33703371228412493],[33.39860916137695,0.336904968477981],[33.398566246032715,0.33686205387556356],[33.39860916137695,0.33669039546396107],[33.398544788360596,0.33669039546396107],[33.39852333068848,0.33658310895521026],[33.3984375,0.3365187370493743],[33.398330211639404,0.336411450538705],[33.3984375,0.33630416402685626],[33.39848041534424,0.3361968775138564],[33.3984375,0.33615396290831256],[33.39824438095093,0.33604667639365005]]],[[[33.39835166931152,0.3391579848391757],[33.39837312698364,0.3389863264681878],[33.3984375,0.3389434118749648],[33.39871644973755,0.3387288389059506],[33.39901685714722,0.3387288389059506],[33.399059772491455,0.3388146680941304],[33.39923143386841,0.3388575826879219],[33.39974641799927,0.33864300971701766],[33.39993953704834,0.3386215524196814],[33.39998245239258,0.3386215524196814],[33.40021848678589,0.3388146680941304],[33.40039014816284,0.33883612539104035],[33.40051889419556,0.3388146680941304],[33.40051889419556,0.3389434118749648],[33.40023994445801,0.3389434118749648],[33.40023994445801,0.3392223567275323],[33.39970350265503,0.3392223567275323],[33.39970350265503,0.3394798442766245],[33.40023994445801,0.3394798442766245],[33.40023994445801,0.339758789113759],[33.40011119842567,0.3398303134293244],[33.400031805038196,0.339883241423253],[33.3998966217041,0.3400377339428218],[33.39970350265503,0.3400377339428218],[33.39970350265503,0.34025230688276054],[33.39966058731079,0.3402952214701713],[33.398802280426025,0.3402952214701713],[33.39875936508179,0.3400806485311847],[33.39860916137695,0.3398875328820168],[33.3984375,0.33954421616284947],[33.39837312698364,0.3394583869811356],[33.39835166931152,0.3391579848391757]]],[[[33.3984375,0.3609371154412315],[33.39916706085205,0.3609371154412315],[33.39916706085205,0.3603792270188819],[33.39970350265503,0.3603792270188819],[33.39970350265503,0.36012174004319775],[33.3994460105896,0.36012174004319775],[33.3994460105896,0.35956385157095383],[33.39916706085205,0.35956385157095383],[33.39916706085205,0.35902742031547064],[33.3994460105896,0.35902742031547064],[33.3994460105896,0.3587484760501809],[33.39916706085205,0.3587484760501809],[33.39916706085205,0.35840516001971423],[33.40111970901489,0.35859827528844335],[33.40111970901489,0.3590703348170763],[33.401033878326416,0.35997153930402703],[33.401055335998535,0.3607225429751253],[33.4010124206543,0.36155937556421236],[33.401033878326416,0.36173103352167857],[33.40026140213013,0.36158083280906794],[33.39998245239258,0.36158083280906794],[33.39998245239258,0.3614735465842642],[33.39970350265503,0.3614735465842642],[33.39970350265503,0.36155937556421236],[33.39912414550781,0.361495003829333],[33.39873790740967,0.36155937556421236],[33.3984375,0.3609371154412315]]],[[[33.39901685714722,0.3622030928879525],[33.39910268783569,0.3621387211576348],[33.39923143386841,0.36218163564456063],[33.39938163757324,0.36207434942686234],[33.39927434921265,0.36200997769563514],[33.39925289154053,0.36192414871993606],[33.39927434921265,0.36185977698765726],[33.39938163757324,0.36170957627716405],[33.399531841278076,0.3617739480105371],[33.39970350265503,0.36173103352167857],[33.39970350265503,0.36228892186100836],[33.40023994445801,0.36228892186100836],[33.40023994445801,0.36183831974344116],[33.400304317474365,0.3619026914758905],[33.400282859802246,0.36198852045178853],[33.40036869049072,0.36218163564456063],[33.4003472328186,0.3623103791041302],[33.40051889419556,0.36226746461781545],[33.40051889419556,0.362825352924105],[33.400776386260986,0.362825352924105],[33.400776386260986,0.36391967219418575],[33.39998245239258,0.36391967219418575],[33.39998245239258,0.3643488169697662],[33.39961767196655,0.36364072807911896],[33.40023994445801,0.36364072807911896],[33.40023994445801,0.36310429706436764],[33.39998245239258,0.36310429706436764],[33.39998245239258,0.362825352924105],[33.39970350265503,0.362825352924105],[33.39970350265503,0.362546408775259],[33.3994460105896,0.362546408775259],[33.3994460105896,0.36228892186100836],[33.39901685714722,0.36228892186100836],[33.39901685714722,0.3622030928879525]]],[[[33.39912414550781,0.33716245608854933],[33.399317264556885,0.3348665246545579],[33.39970350265503,0.3348665246545579],[33.39970350265503,0.33514546962392444],[33.39942455291748,0.33514546962392444],[33.39942455291748,0.3354244145853329],[33.39970350265503,0.3354244145853329],[33.39970350265503,0.33568190223493843],[33.39998245239258,0.33568190223493843],[33.39998245239258,0.335960847181056],[33.40051889419556,0.335960847181056],[33.40051889419556,0.33568190223493843],[33.401591777801514,0.33568190223493843],[33.401591777801514,0.33505964040341496],[33.40167760848999,0.33510255501376207],[33.40167760848999,0.3352098415388127],[33.40176343917847,0.33523129884366654],[33.401784896850586,0.33527421345324626],[33.40174198150635,0.33621833481655017],[33.401591777801514,0.33621833481655017],[33.401591777801514,0.336776224670146],[33.401055335998535,0.336776224670146],[33.401055335998535,0.33731265719157477],[33.400776386260986,0.33731265719157477],[33.400776386260986,0.33823532105924414],[33.400561809539795,0.33812803456750373],[33.40041160583496,0.3381065772690164],[33.40021848678589,0.33776326048672445],[33.40015411376953,0.33771498156304425],[33.40015411376953,0.3377203458880871],[33.39970350265503,0.33744140099231856],[33.39936017990112,0.3373555717920169],[33.39927434921265,0.3372482852905705],[33.39912414550781,0.33716245608854933]]],[[[33.39916706085205,0.3582120447469066],[33.39970350265503,0.3582120447469066],[33.39970350265503,0.356044861962431],[33.39998245239258,0.356044861962431],[33.39998245239258,0.35572300308952265],[33.4020209312439,0.35595903293075537],[33.401591777801514,0.3568173232115299],[33.4013557434082,0.3574181263604146],[33.40116262435913,0.3585339035326456],[33.40015411376953,0.35842546365564987],[33.40015411376953,0.3584266172719879],[33.39916706085205,0.3583193310100796],[33.39916706085205,0.3582120447469066]]],[[[33.39942455291748,0.3341798908500806],[33.39948892593384,0.33411551892844216],[33.39948892593384,0.3339867750839005],[33.3995073182242,0.33396838310595284],[33.39951038360596,0.3339438604686791],[33.399553298950195,0.3339224031610115],[33.39976787567139,0.3339653177763182],[33.400797843933105,0.3343515493056941],[33.400840759277344,0.33441592122578356],[33.40086221694946,0.3346519515958306],[33.40094804763794,0.3347592381257982],[33.401033878326416,0.3347592381257982],[33.40124845504761,0.3348665246545579],[33.400776386260986,0.3348665246545579],[33.400776386260986,0.3346090369835082],[33.40051889419556,0.3346090369835082],[33.40051889419556,0.33433009199892183],[33.39942455291748,0.33433009199892183],[33.39942455291748,0.3341798908500806]]],[[[33.39998245239258,0.3552294861293035],[33.40023994445801,0.3552294861293035],[33.40023994445801,0.3544141102242122],[33.400776386260986,0.3544141102242122],[33.400776386260986,0.3541351658191587],[33.401055335998535,0.3541351658191587],[33.401055335998535,0.35387767866855313],[33.40187072753906,0.35387767866855313],[33.40187072753906,0.3544141102242122],[33.40212821960449,0.3544141102242122],[33.40212821960449,0.3546930546208813],[33.40240716934204,0.3546930546208813],[33.402278423309326,0.35542260146469573],[33.40223550796509,0.3555084305013594],[33.40212821960449,0.3555084305013594],[33.40212821960449,0.3556586313136165],[33.40199947357178,0.3558732038982839],[33.40015411376953,0.35565726170111134],[33.40015411376953,0.3556586313136165],[33.39998245239258,0.3556371740548627],[33.39998245239258,0.3552294861293035]]],[[[33.40023994445801,0.34495145306580355],[33.40036869049072,0.344929995782536],[33.400540351867676,0.34501582491527927],[33.40066909790039,0.3449085384992401],[33.400776386260986,0.3449085384992401],[33.400776386260986,0.345466427849459],[33.40023994445801,0.345466427849459],[33.40023994445801,0.34495145306580355]]],[[[33.40047597885132,0.36724554366908535],[33.40069055557251,0.36720262920630375],[33.40210676193237,0.36720262920630375],[33.40223550796509,0.36722408643771587],[33.40251445770264,0.3671811719748206],[33.40320110321045,0.3671811719748206],[33.40320110321045,0.3674386587490801],[33.403480052948,0.3674386587490801],[33.403480052948,0.36771760274613996],[33.40375900268555,0.36771760274613996],[33.40375900268555,0.3674386587490801],[33.40401649475098,0.3674386587490801],[33.40401649475098,0.3671597147432948],[33.403801918029785,0.3671597147432948],[33.40399503707886,0.36694514242523724],[33.404080867767334,0.36666619840407577],[33.40414524078369,0.36662328393850885],[33.404552936553955,0.36662328393850885],[33.404552936553955,0.3671597147432948],[33.405089378356934,0.3671597147432948],[33.405089378356934,0.3674386587490801],[33.40536832809448,0.3674386587490801],[33.40536832809448,0.36771760274613996],[33.405539989471436,0.36771760274613996],[33.40543270111084,0.36782488889653564],[33.40541124343872,0.3679536322753023],[33.405282497406006,0.3680180039639964],[33.40515375137329,0.36803946119346165],[33.40517520904541,0.36793217504563813],[33.405089378356934,0.36788926058615345],[33.40489625930786,0.36793217504563813],[33.404831886291504,0.36799654673448856],[33.404810428619385,0.36808237565222157],[33.40472459793091,0.3681038328815305],[33.40472459793091,0.36816820456913035],[33.40476751327515,0.3682540334852149],[33.404831886291504,0.3682754907141117],[33.404831886291504,0.3685329774567947],[33.404552936553955,0.3685329774567947],[33.404552936553955,0.3682540334852149],[33.404295444488525,0.3682540334852149],[33.404295444488525,0.36906940814678535],[33.404552936553955,0.36906940814678535],[33.404552936553955,0.3693483520927998],[33.404831886291504,0.3693483520927998],[33.404810428619385,0.36964875325564606],[33.40466022491455,0.3699706116331214],[33.40466022491455,0.37009935498085156],[33.404788970947266,0.3702066411025271],[33.40472459793091,0.3709361866954879],[33.40485334396362,0.37097910114026433],[33.40489625930786,0.3710220155848276],[33.40545415878296,0.37108638725128174],[33.40569019317627,0.37108638725128174],[33.40635538101196,0.3712580450262095],[33.40641975402832,0.37134387391242285],[33.40659141540527,0.37134387391242285],[33.40661287307739,0.371386788355224],[33.406569957733154,0.3718588472121951],[33.406333923339844,0.3718159327717103],[33.406291007995605,0.3718373899919811],[33.40618371963501,0.3718373899919811],[33.40618371963501,0.3717944755513827],[33.40590476989746,0.3717944755513827],[33.40590476989746,0.3715155316823484],[33.40564727783203,0.3715155316823484],[33.40564727783203,0.3717944755513827],[33.40536832809448,0.3717944755513827],[33.40536832809448,0.3720519621918754],[33.404831886291504,0.3720519621918754],[33.404831886291504,0.3720948766312375],[33.40470314025879,0.3720948766312375],[33.404574394226074,0.3721592482898757],[33.404552936553955,0.37222361994804487],[33.404552936553955,0.3717944755513827],[33.404295444488525,0.3717944755513827],[33.404295444488525,0.3715155316823484],[33.403480052948,0.3715155316823484],[33.403480052948,0.3723309060439419],[33.40375900268555,0.3723309060439419],[33.40375900268555,0.3725883926687885],[33.40320110321045,0.3725883926687885],[33.40313673019409,0.37252402101329096],[33.40294361114502,0.3725025637946686],[33.40294361114502,0.3723309060439419],[33.40266466140747,0.3723309060439419],[33.40266466140747,0.3720519621918754],[33.40240716934204,0.3720519621918754],[33.40240716934204,0.3717944755513827],[33.40187072753906,0.3717944755513827],[33.40187072753906,0.3715155316823484],[33.40161323547363,0.3715155316823484],[33.40163469314575,0.37136533113384473],[33.40167760848999,0.37134387391242285],[33.40163469314575,0.3712365878045176],[33.40184926986694,0.37119367336100595],[33.40187072753906,0.3711293016953192],[33.40163469314575,0.37065724279938195],[33.401591777801514,0.37065724279938195],[33.401591777801514,0.3704212133419844],[33.40187072753906,0.3704212133419844],[33.40187072753906,0.3698847827336067],[33.40212821960449,0.3698847827336067],[33.40212821960449,0.3696058388044321],[33.40187072753906,0.3696058388044321],[33.40187072753906,0.3693483520927998],[33.401591777801514,0.3693483520927998],[33.401591777801514,0.368790464192017],[33.401312828063965,0.368790464192017],[33.401312828063965,0.3682540334852149],[33.401055335998535,0.3682540334852149],[33.401055335998535,0.36816820456913035],[33.40118408203125,0.36808237565222157],[33.401784896850586,0.36806091842287003],[33.40187072753906,0.36799654673448856],[33.401591777801514,0.3674601159799238],[33.4014630317688,0.36754594490282955],[33.4013557434082,0.3674601159799238],[33.40126991271973,0.3674386587490801],[33.40047597885132,0.36754594490282955],[33.40047597885132,0.36724554366908535]],[[33.40294361114502,0.36797508950492386],[33.40294361114502,0.3682540334852149],[33.40320110321045,0.3682540334852149],[33.40320110321045,0.36797508950492386],[33.40294361114502,0.36797508950492386]]],[[[33.40066909790039,0.3946463850517574],[33.40071201324463,0.39430307043484447],[33.400797843933105,0.39421724177839224],[33.40073347091675,0.3940241272981666],[33.400776386260986,0.39383101281346455],[33.400776386260986,0.39404558446285876],[33.401055335998535,0.39404558446285876],[33.401055335998535,0.3937666413175691],[33.400797843933105,0.3937666413175691],[33.400797843933105,0.3937237269867069],[33.40094804763794,0.3936808126556173],[33.40092658996582,0.3935520696609984],[33.401076793670654,0.3932302121657898],[33.401334285736084,0.3932302121657898],[33.401334285736084,0.39348769816294293],[33.401591777801514,0.39348769816294293],[33.401591777801514,0.3945820135621574],[33.401055335998535,0.3945820135621574],[33.401055335998535,0.39430307043484447],[33.400776386260986,0.39430307043484447],[33.400776386260986,0.3946463850517574],[33.40066909790039,0.3946463850517574]]],[[[33.40069055557251,0.36185977698765726],[33.400776386260986,0.3618812342317881],[33.400776386260986,0.36200997769563514],[33.40069055557251,0.36200997769563514],[33.40069055557251,0.36185977698765726]]],[[[33.400776386260986,0.3815360481717107],[33.40092658996582,0.38125710461436313],[33.40111970901489,0.3807206746709966],[33.40137720108032,0.38069921747256785],[33.40163469314575,0.38059193147961423],[33.40169906616211,0.3807850462659701],[33.40163469314575,0.3810854470361136],[33.40172052383423,0.3811927330229139],[33.40174198150635,0.38125710461436313],[33.40124845504761,0.3820081064789349],[33.40096950531006,0.3819437348931132],[33.40092658996582,0.38187936330679406],[33.40096950531006,0.3817077057409648],[33.4009051322937,0.381621876956757],[33.400797843933105,0.3816004197605736],[33.400776386260986,0.3815360481717107]]],[[[33.40099096298218,0.3498007978352291],[33.401591777801514,0.3498007978352291],[33.401591777801514,0.35007974236998507],[33.40187072753906,0.35007974236998507],[33.40187072753906,0.35033722962546676],[33.40212821960449,0.35033722962546676],[33.40212821960449,0.3506161741442497],[33.40240716934204,0.3506161741442497],[33.40240716934204,0.35089511865471934],[33.40212821960449,0.35089511865471934],[33.40212821960449,0.3511526058877763],[33.40240716934204,0.3511526058877763],[33.40240716934204,0.3514315503822587],[33.40294361114502,0.3514315503822587],[33.40294361114502,0.3516890376005364],[33.40313673019409,0.35171049486839934],[33.403072357177734,0.3518392384745681],[33.4029221534729,0.3520752684146231],[33.4029221534729,0.3522683838156695],[33.402085304260254,0.352096725681605],[33.401591777801514,0.352096725681605],[33.401591777801514,0.35196798207898894],[33.40187072753906,0.35196798207898894],[33.40187072753906,0.35171049486839934],[33.401591777801514,0.35171049486839934],[33.401591777801514,0.3511526058877763],[33.401312828063965,0.3511526058877763],[33.401312828063965,0.35083074684534665],[33.40167760848999,0.3511740631568898],[33.40199947357178,0.3515602939922644],[33.40260028839111,0.3519894393461982],[33.40270757675171,0.3519894393461982],[33.40262174606323,0.35173195213620545],[33.40242862701416,0.3515602939922644],[33.40223550796509,0.35141009311374205],[33.4020209312439,0.3510238622721289],[33.40144157409668,0.3503586868964419],[33.40124845504761,0.3499939132832566],[33.40099096298218,0.3498007978352291]]],[[[33.401055335998535,0.3615164610743449],[33.40111970901489,0.36061525674018924],[33.40111970901489,0.3599929965526343],[33.40139865875244,0.3599929965526343],[33.40167760848999,0.3602933980277925],[33.401784896850586,0.36055088499863075],[33.40174198150635,0.36087274370191835],[33.40189218521118,0.36104440167235907],[33.402063846588135,0.3611302306563573],[33.40214967727661,0.36108731616445766],[33.402299880981445,0.36091565819482696],[33.40242862701416,0.3609371154412315],[33.40260028839111,0.3610658589184368],[33.40266466140747,0.3610658589184368],[33.402793407440186,0.3607869147155043],[33.40275049209595,0.36065817123432],[33.40294361114502,0.36065817123432],[33.40294361114502,0.3609371154412315],[33.40375900268555,0.3609371154412315],[33.40375900268555,0.3607225429751253],[33.40384483337402,0.36091565819482696],[33.40399503707886,0.36091565819482696],[33.40425252914429,0.3608298292088108],[33.404381275177,0.3610658589184368],[33.40446710586548,0.3615164610743449],[33.404574394226074,0.36155937556421236],[33.40468168258667,0.361495003829333],[33.40476751327515,0.3612589741308483],[33.40487480163574,0.36119460239382306],[33.40498208999634,0.36119460239382306],[33.405046463012695,0.361495003829333],[33.405025005340576,0.3619026914758905],[33.40511083602905,0.3620958066704958],[33.404295444488525,0.36200997769563514],[33.404295444488525,0.36175249076613625],[33.40240716934204,0.36175249076613625],[33.40240716934204,0.36185977698765726],[33.40212821960449,0.36181686249918243],[33.40212821960449,0.36175249076613625],[33.40109825134277,0.36173103352167857],[33.401055335998535,0.3615164610743449]]],[[[33.401076793670654,0.35979988131336427],[33.40122699737549,0.3590703348170763],[33.40118408203125,0.3585768180365534],[33.403480052948,0.3589630485626998],[33.403480052948,0.35902742031547064],[33.40320110321045,0.35902742031547064],[33.40320110321045,0.35956385157095383],[33.40266466140747,0.35956385157095383],[33.40266466140747,0.35984279581134615],[33.40240716934204,0.35984279581134615],[33.40240716934204,0.35995008205537715],[33.40109825134277,0.35995008205537715],[33.401076793670654,0.35979988131336427]]],[[[33.40109825134277,0.372760050414513],[33.40118408203125,0.3725883926687885],[33.401591777801514,0.3725883926687885],[33.401591777801514,0.37286733650388726],[33.401784896850586,0.37286733650388726],[33.40176343917847,0.37312482311304507],[33.40161323547363,0.37314628033013264],[33.40161323547363,0.37340376693114763],[33.40169906616211,0.3735110530126633],[33.401591777801514,0.3736827107403826],[33.40142011642456,0.3736827107403826],[33.401291370391846,0.37361833909287157],[33.40120553970337,0.3732535664147889],[33.40124845504761,0.37314628033013264],[33.40116262435913,0.37297462259195413],[33.40109825134277,0.37295316537444023],[33.40109825134277,0.372760050414513]]],[[[33.40109825134277,0.3861708013345435],[33.40124845504761,0.3861493441497572],[33.401334285736084,0.3861708013345435],[33.40109825134277,0.3861708013345435]]],[[[33.40122699737549,0.3585339035326456],[33.40142011642456,0.3574395836150188],[33.40163469314575,0.3568387804675268],[33.402085304260254,0.35595903293075537],[33.40212821960449,0.355980490188756],[33.40212821960449,0.356044861962431],[33.40251445770264,0.356044861962431],[33.403480052948,0.35621652002338067],[33.403480052948,0.3565812933922814],[33.40320110321045,0.3565812933922814],[33.40320110321045,0.3576756134122263],[33.40294361114502,0.3576756134122263],[33.40294361114502,0.3579331004567905],[33.40266466140747,0.3579331004567905],[33.40266466140747,0.3584909890285246],[33.403480052948,0.3584909890285246],[33.403480052948,0.3589415913116767],[33.40122699737549,0.3585339035326456]]],[[[33.401312828063965,0.3522469265490855],[33.401591777801514,0.3522469265490855],[33.401591777801514,0.35213964021541244],[33.402085304260254,0.35213964021541244],[33.40275049209595,0.35231129834869535],[33.4029221534729,0.352332755615123],[33.40287923812866,0.3527833581988915],[33.40266466140747,0.3527833581988915],[33.40266466140747,0.35306230264457383],[33.402578830718994,0.35306230264457383],[33.40249300003052,0.35280481546422493],[33.40219259262085,0.3527404436680399],[33.40212821960449,0.3527833581988915],[33.40212821960449,0.352504413744839],[33.401312828063965,0.352504413744839],[33.401312828063965,0.3522469265490855]]],[[[33.4013557434082,0.34184014648988637],[33.40176343917847,0.341647030876004],[33.40193510055542,0.3416041162946186],[33.402042388916016,0.34147537254928295],[33.40223550796509,0.34143245796711597],[33.40245008468628,0.34153974442216395],[33.402578830718994,0.3419259756503692],[33.4024715423584,0.3419259756503692],[33.40238571166992,0.3418616037800746],[33.402042388916016,0.34203326209988916],[33.40189218521118,0.34194743294037266],[33.40161323547363,0.34203326209988916],[33.401570320129395,0.3421190912586667],[33.401570320129395,0.3423980360193184],[33.40150594711304,0.34224783499534794],[33.40144157409668,0.3419688902303193],[33.40137720108032,0.3419045183603231],[33.4013557434082,0.34184014648988637]]],[[[33.401527404785156,0.34628180453316304],[33.40172052383423,0.3462174326922707],[33.40176343917847,0.34615306085092357],[33.40167760848999,0.34606723172845477],[33.401591777801514,0.3456380861044863],[33.40167760848999,0.3454878851315044],[33.40165615081787,0.3450801967643429],[33.40193510055542,0.34514456861295173],[33.40189218521118,0.34501582491527927],[33.40189218521118,0.3449085384992401],[33.40240716934204,0.3449085384992401],[33.40240716934204,0.34437210640086846],[33.40187072753906,0.34437210640086846],[33.40187072753906,0.34465105109578076],[33.401806354522705,0.34465105109578076],[33.40169906616211,0.3443291918316902],[33.40163469314575,0.34424336269276523],[33.40167760848999,0.34417899083807413],[33.40165615081787,0.34402878984208485],[33.40176343917847,0.34402878984208485],[33.40187072753906,0.3437927597007331],[33.40176343917847,0.3436854732709236],[33.401784896850586,0.34364255869866156],[33.40176343917847,0.3435567295535549],[33.40187072753906,0.3435567295535549],[33.40187072753906,0.343020297379212],[33.401784896850586,0.343020297379212],[33.40176343917847,0.34271989534845204],[33.40163469314575,0.34235512144127256],[33.40165615081787,0.3421190912586667],[33.40189218521118,0.34205471938966525],[33.40197801589966,0.3424409505971511],[33.402278423309326,0.3432992421136447],[33.40249300003052,0.3447368802310393],[33.402535915374756,0.3452518550263335],[33.40275049209595,0.3463890909337124],[33.402793407440186,0.3472902966502005],[33.403029441833496,0.34821295955663345],[33.40313673019409,0.34851336141367995],[33.40311527252197,0.3489854214553816],[33.40290069580078,0.349972456011443],[33.4029221534729,0.35033722962546676],[33.403072357177734,0.35089511865471934],[33.40294361114502,0.35089511865471934],[33.40294361114502,0.3506161741442497],[33.40240716934204,0.3506161741442497],[33.40240716934204,0.35033722962546676],[33.40212821960449,0.35033722962546676],[33.40212821960449,0.3498007978352291],[33.40187072753906,0.3498007978352291],[33.40187072753906,0.3495218532921882],[33.40212821960449,0.3495218532921882],[33.40212821960449,0.34926436601435285],[33.40187072753906,0.34926436601435285],[33.40187072753906,0.3489854214553816],[33.401591777801514,0.3489854214553816],[33.401591777801514,0.348448989587979],[33.40187072753906,0.348448989587979],[33.40187072753906,0.34789110041346305],[33.40212821960449,0.34789110041346305],[33.40212821960449,0.3473546684837885],[33.401591777801514,0.3473546684837885],[33.401591777801514,0.3468182365237027],[33.401548862457275,0.3468182365237027],[33.401527404785156,0.34656074917204194],[33.401570320129395,0.3465392918923982],[33.401527404785156,0.34628180453316304]]],[[[33.401591777801514,0.39267232581138956],[33.40165615081787,0.39228609677496706],[33.40184926986694,0.39211443941974267],[33.4019136428833,0.3916423816746999],[33.402278423309326,0.39153509581983315],[33.40240716934204,0.39138489562073175],[33.40266466140747,0.39061243741144835],[33.402793407440186,0.39046223719583395],[33.402793407440186,0.39037640850000344],[33.40311527252197,0.3903334941517471],[33.40317964553833,0.390204751105685],[33.40326547622681,0.390161836756576],[33.403308391571045,0.39029057980327764],[33.40390920639038,0.3899472650076632],[33.40399503707886,0.38962540737405504],[33.404273986816406,0.38951812149346665],[33.404574394226074,0.389582493021976],[33.40468168258667,0.3893679212583123],[33.405067920684814,0.38949666431716423],[33.40500354766846,0.38992580783248343],[33.40511083602905,0.3900545508827946],[33.40500354766846,0.3911274095588766],[33.404295444488525,0.3909772093524708],[33.404295444488525,0.39078409479742504],[33.40401649475098,0.39078409479742504],[33.40401649475098,0.39050515154343657],[33.40375900268555,0.39050515154343657],[33.40375900268555,0.39078409479742504],[33.403480052948,0.39078409479742504],[33.403480052948,0.390848466316271],[33.403050899505615,0.3916852960162629],[33.40300798416138,0.39189986772073837],[33.403029441833496,0.39200715357091553],[33.40309381484985,0.39211443941974267],[33.40313673019409,0.39207152508038234],[33.40315818786621,0.3919213248908875],[33.40322256088257,0.3918569533802838],[33.40339422225952,0.3919213248908875],[33.40365171432495,0.3917711246987068],[33.403587341308594,0.39194278206097977],[33.40360879898071,0.3919856964009938],[33.40367317199707,0.39202861074079465],[33.40375900268555,0.3919213248908875],[33.40375900268555,0.3924148397890974],[33.40386629104614,0.3924148397890974],[33.403780460357666,0.39269378297954916],[33.40367317199707,0.39273669731571204],[33.40360879898071,0.3928654403228933],[33.40363025665283,0.39292981182573783],[33.40375900268555,0.392972726160707],[33.403780460357666,0.3929941833280992],[33.40373754501343,0.39308001199711384],[33.40375900268555,0.39314438349830994],[33.40360879898071,0.3932302121657898],[33.40363025665283,0.39335895516536823],[33.404059410095215,0.3931658406652616],[33.40399503707886,0.39335895516536823],[33.404037952423096,0.3934447838306454],[33.40410232543945,0.3934662409968297],[33.40414524078369,0.3934233266644185],[33.40420961380005,0.3932516693325283],[33.404531478881836,0.3931229263313014],[33.404531478881836,0.3929941833280992],[33.40444564819336,0.3928868974905555],[33.40444564819336,0.39284398315516],[33.40451002120972,0.3928868974905555],[33.40476751327515,0.39292981182573783],[33.40485334396362,0.3929083546581609],[33.404810428619385,0.3933804123317657],[33.40472459793091,0.3936378983243003],[33.40476751327515,0.3940241272981666],[33.40466022491455,0.3944532705814794],[33.40470314025879,0.39451764207205997],[33.40470314025879,0.3946463850517574],[33.40463876724243,0.3953544714043602],[33.40459585189819,0.39537592856562753],[33.40435981750488,0.39574070029853203],[33.40423107147217,0.3957836146189919],[33.404080867767334,0.39574070029853203],[33.40369462966919,0.395869443259258],[33.40343713760376,0.395869443259258],[33.403029441833496,0.39584798609926963],[33.4029221534729,0.3958050717791508],[33.40272903442383,0.3958050717791508],[33.40275049209595,0.3956763288174301],[33.40294361114502,0.3956763288174301],[33.40294361114502,0.3953973857268238],[33.40322256088257,0.3953973857268238],[33.40322256088257,0.3951184426268668],[33.40275049209595,0.3951184426268668],[33.40268611907959,0.3945820135621574],[33.403480052948,0.3945820135621574],[33.403480052948,0.39430307043484447],[33.40322256088257,0.39430307043484447],[33.40322256088257,0.39404558446285876],[33.40240716934204,0.39404558446285876],[33.40240716934204,0.39348769816294293],[33.40266466140747,0.39348769816294293],[33.40266466140747,0.3932302121657898],[33.40294361114502,0.3932302121657898],[33.40294361114502,0.39295126899324373],[33.40187072753906,0.39295126899324373],[33.40187072753906,0.39267232581138956],[33.401591777801514,0.39267232581138956]],[[33.40266466140747,0.3918784105505324],[33.40266466140747,0.39213589658932335],[33.40294361114502,0.39213589658932335],[33.40294361114502,0.3918784105505324],[33.40266466140747,0.3918784105505324]],[[33.40294361114502,0.39213589658932335],[33.40294361114502,0.3924148397890974],[33.40322256088257,0.3924148397890974],[33.40322256088257,0.39213589658932335],[33.40294361114502,0.39213589658932335]]],[[[33.4019136428833,0.3347806954316326],[33.40214967727661,0.3347592381257982],[33.40245008468628,0.3348665246545579],[33.40262174606323,0.3348665246545579],[33.40272903442383,0.3347592381257982],[33.403029441833496,0.3347806954316326],[33.40309381484985,0.33458757967730435],[33.40343713760376,0.3345446650646977],[33.403544425964355,0.3344588358389444],[33.40365171432495,0.3343086346920643],[33.404037952423096,0.3343515493056941],[33.404295444488525,0.33426572007826394],[33.40440273284912,0.3341369762356976],[33.40444564819336,0.3340082323914402],[33.40446710586548,0.3338580312376962],[33.40442419052124,0.33370783008163585],[33.40459585189819,0.3334503423802033],[33.40463876724243,0.3333001412179186],[33.40474605560303,0.3332572265997129],[33.404831886291504,0.3331499400533602],[33.405089378356934,0.33254913537221853],[33.405089378356934,0.33269933654592876],[33.40590476989746,0.33269933654592876],[33.40590476989746,0.33242039150719904],[33.40644121170044,0.33242039150719904],[33.40644121170044,0.33297828157677145],[33.40618371963501,0.33297828157677145],[33.40618371963501,0.3335147143061903],[33.40644121170044,0.3335147143061903],[33.40644121170044,0.33379365931395455],[33.40618371963501,0.33379365931395455],[33.40618371963501,0.3340511470063774],[33.40644121170044,0.3340511470063774],[33.40644121170044,0.33433009199892183],[33.40672016143799,0.33433009199892183],[33.40672016143799,0.3340511470063774],[33.40697765350342,0.3340511470063774],[33.40697765350342,0.33379365931395455],[33.40772867202759,0.33379365931395455],[33.40764284133911,0.3339009458532729],[33.40742826461792,0.3338580312376962],[33.407278060913086,0.3339438604686791],[33.40721368789673,0.3341369762356976],[33.40723514556885,0.33428717738519254],[33.40699911117554,0.3343515493056941],[33.4069561958313,0.3344373785323995],[33.40699911117554,0.33452320775833755],[33.40693473815918,0.3346090369835082],[33.40689182281494,0.3346090369835082],[33.406784534454346,0.3345446650646977],[33.40672016143799,0.33452320775833755],[33.406312465667725,0.3348665246545579],[33.40609788894653,0.3346948662079541],[33.40592622756958,0.33471632351394476],[33.40586185455322,0.3346304942896978],[33.40564727783203,0.33452320775833755],[33.40562582015991,0.33433009199892183],[33.405089378356934,0.33433009199892183],[33.405089378356934,0.33471632351394476],[33.40463876724243,0.33508109770862404],[33.40446710586548,0.33505964040341496],[33.404295444488525,0.3351240123188717],[33.40412378311157,0.33531712806265546],[33.40401649475098,0.33527421345324626],[33.40388774871826,0.33527421345324626],[33.403480052948,0.33544587188971775],[33.40324401855469,0.3356389876271493],[33.40317964553833,0.33566044493106517],[33.40294361114502,0.3355102438026165],[33.402814865112305,0.33548878649835956],[33.40272903442383,0.3355102438026165],[33.40266466140747,0.33561753032317654],[33.40264320373535,0.33557461571508895],[33.40270757675171,0.33544587188971775],[33.40270757675171,0.3353385853672819],[33.402535915374756,0.3352527561484919],[33.40245008468628,0.33510255501376207],[33.40221405029297,0.3349308965712794],[33.4019136428833,0.3347806954316326]]],[[[33.40212821960449,0.3420761766793703],[33.40238571166992,0.34194743294037266],[33.40240716934204,0.34274135263667915],[33.40260028839111,0.34274135263667915],[33.40266466140747,0.34278426721299127],[33.40266466140747,0.343020297379212],[33.40294361114502,0.343020297379212],[33.40309381484985,0.34342798583446665],[33.403522968292236,0.34364255869866156],[33.40420961380005,0.3435996441262148],[33.40435981750488,0.3444150209698478],[33.40425252914429,0.34462959381185954],[33.405089378356934,0.34465105109578076],[33.405282497406006,0.34445793553864235],[33.405582904815674,0.3452518550263335],[33.40586185455322,0.3465178346127544],[33.40663433074951,0.3462174326922707],[33.407020568847656,0.34694698019687564],[33.40712785720825,0.3477623567531367],[33.407320976257324,0.34812713045285193],[33.407557010650635,0.3488352205355909],[33.407771587371826,0.3489425069071075],[33.407771587371826,0.34926436601435285],[33.40798616409302,0.3493931096541587],[33.40817928314209,0.34935019510774623],[33.4084153175354,0.3495218532921882],[33.40914487838745,0.3497793405629892],[33.4091624346648,0.349843712379581],[33.40916633605957,0.349843712379581],[33.40920925140381,0.3500153705550133],[33.40914487838745,0.35089511865471934],[33.4088659286499,0.35089511865471934],[33.4088659286499,0.35033722962546676],[33.40860843658447,0.35033722962546676],[33.40860843658447,0.3506161741442497],[33.408071994781494,0.3506161741442497],[33.408071994781494,0.35089511865471934],[33.407793045043945,0.35089511865471934],[33.407793045043945,0.3506161741442497],[33.4075140953064,0.3506161741442497],[33.4075140953064,0.35089511865471934],[33.40725660324097,0.35089511865471934],[33.40725660324097,0.3506161741442497],[33.40697765350342,0.3506161741442497],[33.40697765350342,0.35033722962546676],[33.40672016143799,0.35033722962546676],[33.40672016143799,0.3506161741442497],[33.40667724609375,0.3506161741442497],[33.40644121170044,0.35033722962546676],[33.406076431274414,0.349843712379581],[33.406080557751054,0.349843712379581],[33.406033515930176,0.3497793405629892],[33.40590476989746,0.34982225510742637],[33.40590476989746,0.3498007978352291],[33.40560436248779,0.3498007978352291],[33.40543270111084,0.3496720542010081],[33.405089378356934,0.34971496874595687],[33.4049391746521,0.34992954146768795],[33.4049391746521,0.350208485998607],[33.405025005340576,0.35100240500268853],[33.405303955078125,0.3511955204259323],[33.4054970741272,0.3515602939922644],[33.40562582015991,0.3517963239393822],[33.40562582015991,0.35196798207898894],[33.405797481536865,0.35196798207898894],[33.40590476989746,0.352096725681605],[33.40590476989746,0.3522469265490855],[33.406033515930176,0.3522469265490855],[33.40644121170044,0.35267607187140015],[33.40697765350342,0.35291210179023835],[33.40697765350342,0.35306230264457383],[33.40725660324097,0.35306230264457383],[33.40725660324097,0.3533197898177747],[33.40749263763428,0.3533197898177747],[33.40787887573242,0.3535558197202704],[33.408329486846924,0.3535987342473561],[33.408329486846924,0.35387767866855313],[33.40860843658447,0.35387767866855313],[33.40860843658447,0.3541351658191587],[33.4088659286499,0.3541351658191587],[33.4088659286499,0.3544141102242122],[33.40959548950195,0.3544141102242122],[33.409574031829834,0.3546286828377845],[33.40895175933838,0.3545213965316094],[33.40809345245361,0.3545643110542329],[33.40764284133911,0.3544999392702266],[33.407278060913086,0.35471451188182357],[33.40736389160156,0.35490762722798763],[33.40809345245361,0.35527240064861587],[33.40884447097778,0.35520802886955494],[33.40914487838745,0.3554869732422645],[33.40959548950195,0.3556586313136165],[33.409831523895264,0.35634526356699325],[33.410024642944336,0.35634526356699325],[33.410539627075195,0.3569460667467439],[33.41084003448486,0.35750395537849045],[33.411033153533936,0.3576326989040979],[33.411033153533936,0.3576756134122263],[33.411076068878174,0.3576756134122263],[33.411290645599365,0.3578258141890984],[33.411290645599365,0.361173145148058],[33.41084003448486,0.36115168790223606],[33.410818576812744,0.3611302306563573],[33.4099817276001,0.35902742031547064],[33.41021776199341,0.35902742031547064],[33.41021776199341,0.35930636457224807],[33.411033153533936,0.35930636457224807],[33.411033153533936,0.3584909890285246],[33.41075420379639,0.3584909890285246],[33.41075420379639,0.3582120447469066],[33.41049671173096,0.3582120447469066],[33.41049671173096,0.3576756134122263],[33.41021776199341,0.3576756134122263],[33.41021776199341,0.35739666910578194],[33.40996026992798,0.35739666910578194],[33.40996026992798,0.3571177247908821],[33.40940237045288,0.3571177247908821],[33.40940237045288,0.35739666910578194],[33.40918779373169,0.35739666910578194],[33.40725660324097,0.35518657160977796],[33.40725660324097,0.35495054174880636],[33.407063484191895,0.35495054174880636],[33.40672016143799,0.3545213965316094],[33.40672016143799,0.3544141102242122],[33.40663433074951,0.3544141102242122],[33.40644121170044,0.35426390939176144],[33.40644121170044,0.3541351658191587],[33.406269550323486,0.3541351658191587],[33.40496729162885,0.35327687528941],[33.40496063232422,0.35327687528941],[33.404381275177,0.3528906445251465],[33.40350151062012,0.35259024280850326],[33.40298652648926,0.3522683838156695],[33.40315818786621,0.3516890376005364],[33.403480052948,0.3516890376005364],[33.403480052948,0.3514315503822587],[33.40375900268555,0.3514315503822587],[33.40375900268555,0.3511526058877763],[33.403480052948,0.3511526058877763],[33.403480052948,0.35089511865471934],[33.40315818786621,0.35089511865471934],[33.40298652648926,0.35022994326986634],[33.40300798416138,0.34958622511054216],[33.40322256088257,0.34864210506376025],[33.403050899505615,0.3475048694271834],[33.40275049209595,0.3451874831784352],[33.40320110321045,0.3451874831784352],[33.40320110321045,0.34465105109578076],[33.40270757675171,0.34465105109578076],[33.40251445770264,0.34319195567829297],[33.40219259262085,0.3425911516180946],[33.40212821960449,0.3420761766793703]],[[33.40644121170044,0.3535987342473561],[33.40644121170044,0.35387767866855313],[33.40697765350342,0.35387767866855313],[33.40697765350342,0.3533197898177747],[33.40672016143799,0.3533197898177747],[33.40672016143799,0.3535987342473561],[33.40644121170044,0.3535987342473561]]],[[[33.402557373046875,0.33851426593221845],[33.402578830718994,0.33814949186593424],[33.40270757675171,0.33784908968343075],[33.40320110321045,0.33784908968343075],[33.40320110321045,0.33812803456750373],[33.40373754501343,0.33812803456750373],[33.40373754501343,0.3375916020910381],[33.40320110321045,0.3375916020910381],[33.40320110321045,0.33731265719157477],[33.40294361114502,0.33731265719157477],[33.40294361114502,0.33703371228412493],[33.402771949768066,0.33703371228412493],[33.402814865112305,0.3367333100671459],[33.403329849243164,0.336411450538705],[33.40341567993164,0.3362397921192013],[33.403480052948,0.33621833481655017],[33.403522968292236,0.33615396290831256],[33.403522968292236,0.33608959099964864],[33.40365171432495,0.33608959099964864],[33.40363025665283,0.335960847181056],[33.40350151062012,0.3359179325744748],[33.40343713760376,0.3358321033607581],[33.403329849243164,0.3357891887536226],[33.403329849243164,0.33566044493106517],[33.403544425964355,0.3355317011068166],[33.4039306640625,0.3353600426718515],[33.40399503707886,0.3353600426718515],[33.40401649475098,0.3354244145853329],[33.40410232543945,0.33544587188971775],[33.40418815612793,0.335402957280877],[33.404338359832764,0.3352098415388127],[33.404531478881836,0.33514546962392444],[33.405282497406006,0.33585356066426186],[33.406291007995605,0.33703371228412493],[33.40620517730713,0.33716245608854933],[33.4058403968811,0.33752723019188124],[33.405561447143555,0.33776326048672445],[33.405282497406006,0.3379778334770691],[33.40466022491455,0.33834260754979084],[33.40442419052124,0.33855718052734574],[33.40416669845581,0.3386644670143255],[33.403587341308594,0.33911507024672005],[33.40350151062012,0.3391365275429763],[33.403480052948,0.339200899431475],[33.40343713760376,0.3392438140235612],[33.40339422225952,0.3391794421353609],[33.4033727645874,0.339200899431475],[33.40320110321045,0.33911507024672005],[33.403050899505615,0.3390077837647283],[33.40290069580078,0.3389648691715763],[33.40290069580078,0.3389434118749648],[33.40294361114502,0.3389434118749648],[33.40294361114502,0.3386644670143255],[33.40275049209595,0.3386644670143255],[33.40275049209595,0.33864300971701766],[33.402557373046875,0.33851426593221845]]],[[[33.40260028839111,0.3964487865577695],[33.40268611907959,0.39584798609926963],[33.40285778045654,0.39584798609926963],[33.40294361114502,0.3958909004191895],[33.403544425964355,0.39591235757904997],[33.404080867767334,0.395869443259258],[33.40416669845581,0.39591235757904997],[33.404295444488525,0.39582652893923864],[33.404531478881836,0.3958050717791508],[33.404552936553955,0.39582652893923864],[33.4044885635376,0.3968135582434513],[33.404295444488525,0.39679210108592144],[33.404295444488525,0.39674918677069115],[33.40345859527588,0.39674918677069115],[33.40341567993164,0.39666335813953424],[33.403308391571045,0.3966204438236218],[33.40298652648926,0.39664190098162067],[33.40287923812866,0.3966204438236218],[33.40287923812866,0.3965131580329029],[33.402814865112305,0.3964487865577695],[33.40270757675171,0.3964273293993017],[33.40260028839111,0.3964487865577695]]],[[[33.40262174606323,0.3803559022904466],[33.40275049209595,0.380141330294677],[33.402771949768066,0.3800769586949002],[33.402836322784424,0.3800555014948799],[33.403801918029785,0.3795405286781772],[33.4039306640625,0.37956198587949075],[33.40395212173462,0.37962635748310447],[33.404059410095215,0.37966927188524835],[33.40414524078369,0.37962635748310447],[33.40442419052124,0.3796907290862208],[33.40446710586548,0.3797551006888682],[33.40461730957031,0.37973364348803784],[33.405582904815674,0.3799696726942301],[33.40564727783203,0.37992675829359257],[33.4058403968811,0.37962635748310447],[33.40588331222534,0.37962635748310447],[33.40592622756958,0.37966927188524835],[33.40590476989746,0.380141330294677],[33.4053897857666,0.3801627874944984],[33.40517520904541,0.3802271590936215],[33.404831886291504,0.38018424469426293],[33.40463876724243,0.3802271590936215],[33.4044885635376,0.38018424469426293],[33.404059410095215,0.3801627874944984],[33.40399503707886,0.3801198730947988],[33.4039306640625,0.3799911298944778],[33.40343713760376,0.37990530109318854],[33.40317964553833,0.3799911298944778],[33.40290069580078,0.3802700734927811],[33.40262174606323,0.3803559022904466]]],[[[33.402836322784424,0.356044861962431],[33.40294361114502,0.356044861962431],[33.40294361114502,0.35495054174880636],[33.403480052948,0.35495054174880636],[33.403480052948,0.3552294861293035],[33.40375900268555,0.3552294861293035],[33.40375900268555,0.3555084305013594],[33.40401649475098,0.3555084305013594],[33.40401649475098,0.3557659176065755],[33.40375900268555,0.3557659176065755],[33.40375900268555,0.356044861962431],[33.403480052948,0.356044861962431],[33.403480052948,0.35615214825089936],[33.402836322784424,0.356044861962431]]],[[[33.4029221534729,0.3527833581988915],[33.40296506881714,0.35235421288152224],[33.40343713760376,0.3526331573400654],[33.40420961380005,0.3528906445251465],[33.40485334396362,0.35327687528941],[33.40484163978979,0.35327687528941],[33.40536832809448,0.3535987342473561],[33.404295444488525,0.3535987342473561],[33.404295444488525,0.3533197898177747],[33.40401649475098,0.3533197898177747],[33.40401649475098,0.35306230264457383],[33.40320110321045,0.35306230264457383],[33.40320110321045,0.3527833581988915],[33.4029221534729,0.3527833581988915]]],[[[33.403029441833496,0.343020297379212],[33.40371608734131,0.343020297379212],[33.40375900268555,0.3430632119542736],[33.40375900268555,0.34327778482665394],[33.40401649475098,0.34327778482665394],[33.40423107147217,0.3434065285477743],[33.404295444488525,0.34349235769423103],[33.404295444488525,0.3435567295535549],[33.40435981750488,0.3435567295535549],[33.404552936553955,0.34374984512895423],[33.404552936553955,0.343835674272313],[33.40463876724243,0.343835674272313],[33.404831886291504,0.3439858752713576],[33.404831886291504,0.3440931616977849],[33.40491771697998,0.3440931616977849],[33.40496063232422,0.3441360762680148],[33.40517520904541,0.3444364782542664],[33.405025005340576,0.344565221959769],[33.40444564819336,0.34454376467563463],[33.40442419052124,0.34450085010723797],[33.40444564819336,0.34439356368540075],[33.404273986816406,0.3435352722671752],[33.40418815612793,0.3435138149807244],[33.403544425964355,0.3435567295535549],[33.40315818786621,0.3433421566874273],[33.403029441833496,0.343020297379212]]],[[[33.403565883636475,0.33935110050293815],[33.40371608734131,0.3391365275429763],[33.40416669845581,0.33877175350014],[33.40459585189819,0.33864300971701766],[33.404831886291504,0.3384069794435618],[33.405046463012695,0.33827823565559356],[33.405282497406006,0.33814949186593424],[33.405776023864746,0.3378061750851771],[33.40644121170044,0.33716245608854933],[33.40723514556885,0.33851426593221845],[33.40809345245361,0.34027376417648725],[33.40888738632202,0.3412178850534531],[33.408565521240234,0.3415182871312368],[33.40839385986328,0.3416255735853184],[33.40837240219116,0.34173286003820635],[33.40813636779785,0.3418186891996555],[33.408071994781494,0.34194743294037266],[33.407814502716064,0.34203326209988916],[33.40787887573242,0.34203326209988916],[33.40775012969971,0.3421405485482296],[33.40766429901123,0.34224783499534794],[33.40742826461792,0.3424409505971511],[33.40721368789673,0.34254823704092985],[33.407299518585205,0.34226929228464087],[33.40738534927368,0.3420761766793703],[33.407278060913086,0.34194743294037266],[33.40719223022461,0.34203326209988916],[33.40710639953613,0.3419688902303193],[33.407020568847656,0.34203326209988916],[33.407020568847656,0.3419259756503692],[33.40712785720825,0.34158265900383356],[33.40710639953613,0.3414968298402954],[33.40699911117554,0.34134662880221356],[33.40689182281494,0.3413680860935102],[33.40672016143799,0.34147537254928295],[33.40661287307739,0.34147537254928295],[33.406569957733154,0.3416255735853184],[33.40646266937256,0.3416255735853184],[33.40644121170044,0.34156120171302007],[33.40637683868408,0.34158265900383356],[33.406291007995605,0.3417114027477197],[33.40622663497925,0.34173286003820635],[33.406076431274414,0.3416041162946186],[33.40611934661865,0.34158265900383356],[33.40609788894653,0.34145391525821367],[33.40592622756958,0.34130371421949235],[33.405818939208984,0.3412607996365722],[33.40564727783203,0.34102476942705096],[33.405582904815674,0.34104622671905815],[33.405539989471436,0.3410033121349869],[33.40571165084839,0.3408316537967835],[33.405539989471436,0.34050979440441154],[33.40543270111084,0.34046687981795287],[33.40536832809448,0.3403381360574116],[33.40526103973389,0.34050979440441154],[33.405046463012695,0.3403810506444529],[33.4049391746521,0.3404025079379096],[33.4049391746521,0.34042396523129526],[33.40463876724243,0.34035959335095356],[33.404381275177,0.3402308495889912],[33.40420961380005,0.3401021058253093],[33.40412378311157,0.3399733620598937],[33.403801918029785,0.33982316099810816],[33.403801918029785,0.3396515026388869],[33.403565883636475,0.33935110050293815]]],[[[33.40410232543945,0.402027645867733],[33.40412378311157,0.4017701601369197],[33.40416669845581,0.4016843315581866],[33.40414524078369,0.40159850297854405],[33.40420961380005,0.4008260457212316],[33.404338359832764,0.39956007394762594],[33.404316902160645,0.39943133104443973],[33.404381275177,0.39919530238339007],[33.40435981750488,0.3991094737776848],[33.404552936553955,0.3964917008745772],[33.404831886291504,0.3964917008745772],[33.404831886291504,0.3962127578114263],[33.404574394226074,0.3962127578114263],[33.40466022491455,0.3955905001751603],[33.40470314025879,0.39537592856562753],[33.404831886291504,0.39529009992025976],[33.40500354766846,0.3952471855972419],[33.405325412750244,0.39522572843564774],[33.405776023864746,0.39526864275876505],[33.406033515930176,0.39533301424305023],[33.40644121170044,0.3953544714043602],[33.40693473815918,0.3955905001751603],[33.40738534927368,0.3956763288174301],[33.40747117996216,0.39574070029853203],[33.40738534927368,0.39582652893923864],[33.407557010650635,0.3958050717791508],[33.40809345245361,0.3960196433775849],[33.40815782546997,0.3960411005371185],[33.40820074081421,0.3961269291747129],[33.4088659286499,0.3964273293993017],[33.409316539764404,0.39666335813953424],[33.40935945510864,0.3967062724552335],[33.40959548950195,0.3968135582434513],[33.40940237045288,0.3971568727564829],[33.409316539764404,0.3972641585388601],[33.409273624420166,0.3972641585388601],[33.4084153175354,0.39859450212470904],[33.40790033340454,0.39934550244120715],[33.40792179107666,0.39934550244120715],[33.40768575668335,0.399667359698725],[33.407578468322754,0.3999033883462033],[33.40744972229004,0.40003213124197146],[33.40738534927368,0.40018233128449765],[33.407020568847656,0.400654388543046],[33.4068489074707,0.4006758456905146],[33.40648412704468,0.40050418850918845],[33.4063982963562,0.4005900171002992],[33.40622663497925,0.4009547886025189],[33.40618371963501,0.40119081721293526],[33.40611934661865,0.40123373150501607],[33.406054973602295,0.40140538867105136],[33.40592622756958,0.40187744585908547],[33.40513229370117,0.40181307442595937],[33.40496063232422,0.4018559887147717],[33.40491771697998,0.40204910301160623],[33.40487480163574,0.40207056015540843],[33.40412378311157,0.402092017299168],[33.40410232543945,0.402027645867733]],[[33.405089378356934,0.3953973857268238],[33.405089378356934,0.3956763288174301],[33.40536832809448,0.3956763288174301],[33.40536832809448,0.3953973857268238],[33.405089378356934,0.3953973857268238]],[[33.405089378356934,0.3959338147388678],[33.405089378356934,0.3964917008745772],[33.40697765350342,0.3964917008745772],[33.40697765350342,0.3962127578114263],[33.40672016143799,0.3962127578114263],[33.40672016143799,0.3959338147388678],[33.40644121170044,0.3959338147388678],[33.40644121170044,0.3956763288174301],[33.40590476989746,0.3956763288174301],[33.40590476989746,0.3953973857268238],[33.40564727783203,0.3953973857268238],[33.40564727783203,0.3956763288174301],[33.40536832809448,0.3956763288174301],[33.40536832809448,0.3959338147388678],[33.405089378356934,0.3959338147388678]],[[33.40672016143799,0.3956763288174301],[33.40672016143799,0.3959338147388678],[33.40697765350342,0.3959338147388678],[33.40697765350342,0.3956763288174301],[33.40672016143799,0.3956763288174301]]],[[[33.404381275177,0.3623103791041302],[33.40440273284912,0.3621172639140866],[33.405089378356934,0.3622030928879525],[33.405282497406006,0.3622460073745799],[33.4054970741272,0.36216017840114034],[33.40543270111084,0.36207434942686234],[33.405518531799316,0.3617739480105371],[33.40573310852051,0.36175249076613625],[33.40596914291382,0.36192414871993606],[33.4058403968811,0.3616237472986512],[33.40586185455322,0.3614735465842642],[33.40611934661865,0.3614735465842642],[33.406076431274414,0.36145208933915285],[33.40616226196289,0.3613877176035061],[33.4065055847168,0.3615164610743449],[33.406548500061035,0.36145208933915285],[33.406784534454346,0.3614091748487738],[33.40691328048706,0.36145208933915285],[33.40699911117554,0.36143063209399884],[33.407020568847656,0.3613877176035061],[33.40699911117554,0.3613018886219379],[33.406805992126465,0.3612375168852253],[33.40663433074951,0.36108731616445766],[33.40687036514282,0.36108731616445766],[33.40689182281494,0.3611087734104359],[33.40714931488037,0.3608942009484082],[33.40721368789673,0.3609585726875508],[33.40710639953613,0.3609585726875508],[33.40721368789673,0.36104440167235907],[33.40725660324097,0.3613018886219379],[33.40721368789673,0.3613018886219379],[33.40721368789673,0.3612804313764144],[33.407084941864014,0.3613877176035061],[33.40714931488037,0.36158083280906794],[33.40734243392944,0.3616881190326069],[33.40723514556885,0.3618812342317881],[33.40738534927368,0.36207434942686234],[33.40734243392944,0.3629326391329215],[33.40723514556885,0.3629540963745228],[33.40714931488037,0.3628897246495484],[33.40710639953613,0.3629540963745228],[33.407042026519775,0.362825352924105],[33.40536832809448,0.362825352924105],[33.40536832809448,0.36291118189126337],[33.40534687042236,0.36286826740779077],[33.40526103973389,0.3629755536160957],[33.405025005340576,0.36291118189126337],[33.40491771697998,0.3626322377450464],[33.40485334396362,0.36267515222965585],[33.40476751327515,0.362825352924105],[33.40463876724243,0.3627824384402203],[33.404552936553955,0.3626966094718682],[33.40459585189819,0.3625249515326914],[33.404574394226074,0.3624391225618808],[33.40468168258667,0.362567866017784],[33.40459585189819,0.3623962080761629],[33.404381275177,0.3623103791041302]]],[[[33.404552936553955,0.3565812933922814],[33.404831886291504,0.3565812933922814],[33.404831886291504,0.3564525498519657],[33.40562582015991,0.3565812933922814],[33.40562582015991,0.3571177247908821],[33.40590476989746,0.3571177247908821],[33.40590476989746,0.3576756134122263],[33.40536832809448,0.3576756134122263],[33.40536832809448,0.3579331004567905],[33.405089378356934,0.3579331004567905],[33.405089378356934,0.3576756134122263],[33.404831886291504,0.3576756134122263],[33.404831886291504,0.35739666910578194],[33.404552936553955,0.35739666910578194],[33.404552936553955,0.3565812933922814]]],[[[33.40468168258667,0.39518281411230305],[33.40470314025879,0.39498969965450215],[33.40476751327515,0.3947536708666348],[33.40472459793091,0.3946463850517574],[33.40474605560303,0.39453909923547315],[33.404831886291504,0.39449618490860416],[33.404810428619385,0.39443181341782463],[33.40474605560303,0.3944532705814794],[33.40474605560303,0.39441035625414145],[33.40476751327515,0.3943459847627224],[33.404788970947266,0.3941528702854953],[33.40487480163574,0.3939597558037633],[33.404810428619385,0.393938298638858],[33.404810428619385,0.3936378983243003],[33.40487480163574,0.39335895516536823],[33.40496063232422,0.39213589658932335],[33.405089378356934,0.39213589658932335],[33.405089378356934,0.39267232581138956],[33.40618371963501,0.39267232581138956],[33.40618371963501,0.3924148397890974],[33.40697765350342,0.3924148397890974],[33.40697765350342,0.39213589658932335],[33.40564727783203,0.39213589658932335],[33.40564727783203,0.3915994673329095],[33.405089378356934,0.3915994673329095],[33.405089378356934,0.3918784105505324],[33.40498208999634,0.3918784105505324],[33.405067920684814,0.39138489562073175],[33.40534687042236,0.39119178107507935],[33.405325412750244,0.3911703239030544],[33.40515375137329,0.39119178107507935],[33.40513229370117,0.3909772093524708],[33.40517520904541,0.3907197232780959],[33.40526103973389,0.39050515154343657],[33.4053897857666,0.3907197232780959],[33.40541124343872,0.39099866652497894],[33.405561447143555,0.3910201236974302],[33.40566873550415,0.3911059523866811],[33.405797481536865,0.3911059523866811],[33.40575456619263,0.3911703239030544],[33.406033515930176,0.39132052410602114],[33.40618371963501,0.39119178107507935],[33.40620517730713,0.39121323824704746],[33.406269550323486,0.3913634384492184],[33.40620517730713,0.3915565529909202],[33.406291007995605,0.3916423816746999],[33.406569957733154,0.3917711246987068],[33.40672016143799,0.39189986772073837],[33.406784534454346,0.3919213248908875],[33.40693473815918,0.3918140390396019],[33.40699911117554,0.3916638388454885],[33.4069561958313,0.39149218147751697],[33.407084941864014,0.391341981277634],[33.40721368789673,0.39104158086982466],[33.40721368789673,0.390869923489106],[33.40717077255249,0.390827009143365],[33.407278060913086,0.39046223719583395],[33.407299518585205,0.39014037958193626],[33.40723514556885,0.39007600805766174],[33.40725660324097,0.39001163653291826],[33.40719223022461,0.3899472650076632],[33.4069561958313,0.38988289348192495],[33.406784534454346,0.38977560760460506],[33.406548500061035,0.3897112360775594],[33.40665578842163,0.38919626384344497],[33.40674161911011,0.38917480666634674],[33.406805992126465,0.3890460636025921],[33.407020568847656,0.3890460636025921],[33.40721368789673,0.3891533494892059],[33.407278060913086,0.3891533494892059],[33.407320976257324,0.3891104351347252],[33.40734243392944,0.38902460642509595],[33.40742826461792,0.38902460642509595],[33.40766429901123,0.3890889779573996],[33.40768575668335,0.38917480666634674],[33.40790033340454,0.3893250069049401],[33.40800762176514,0.3893250069049401],[33.408071994781494,0.3892606353744412],[33.40815782546997,0.3893250069049401],[33.40860843658447,0.3894108356114856],[33.40869426727295,0.38949666431716423],[33.40869426727295,0.38960395019805105],[33.40858697891235,0.38986143630657466],[33.40869426727295,0.3899472650076632],[33.408780097961426,0.39011892240722545],[33.4088659286499,0.3902262082801684],[33.409059047698975,0.39026912262897895],[33.40925216674805,0.3903549513259037],[33.40938091278076,0.3905480658908118],[33.40948820114136,0.39078409479742504],[33.409831523895264,0.39104158086982466],[33.409831523895264,0.3911059523866811],[33.40996026992798,0.39121323824704746],[33.410046100616455,0.3914063527922025],[33.41017484664917,0.391620924503826],[33.41015338897705,0.3916423816746999],[33.41000318527222,0.39200715357091553],[33.41017484664917,0.39213589658932335],[33.410282135009766,0.3920500679106169],[33.41062545776367,0.39254358280123824],[33.41062545776367,0.3926079543065555],[33.410561084747314,0.39273669731571204],[33.410582542419434,0.3928225259873841],[33.410518169403076,0.39292981182573783],[33.41073274612427,0.39314438349830994],[33.41062545776367,0.3933374979988997],[33.41047525405884,0.3934662409968297],[33.41041088104248,0.3934447838306454],[33.410325050354004,0.3935520696609984],[33.41021776199341,0.39361644115854233],[33.41011047363281,0.3936378983243003],[33.40991735458374,0.3935735268269127],[33.40963840484619,0.3936808126556173],[33.40961694717407,0.3937451841521664],[33.409574031829834,0.3937666413175691],[33.40944528579712,0.3936808126556173],[33.40912342071533,0.393938298638858],[33.40809345245361,0.39443181341782463],[33.408029079437256,0.39443181341782463],[33.408050537109375,0.3943459847627224],[33.40800762176514,0.39421724177839224],[33.4079647064209,0.39421724177839224],[33.40794324874878,0.39430307043484447],[33.40787887573242,0.39432452759881187],[33.407793045043945,0.394238698942587],[33.40766429901123,0.3943459847627224],[33.40768575668335,0.3945820135621574],[33.40725660324097,0.3945820135621574],[33.40725660324097,0.39430307043484447],[33.407535552978516,0.39430307043484447],[33.407535552978516,0.39348769816294293],[33.40672016143799,0.39348769816294293],[33.40672016143799,0.3937666413175691],[33.40697765350342,0.3937666413175691],[33.40697765350342,0.39404558446285876],[33.40644121170044,0.39404558446285876],[33.40644121170044,0.3945820135621574],[33.40618371963501,0.3945820135621574],[33.40618371963501,0.39486095668013377],[33.40644121170044,0.39486095668013377],[33.40644121170044,0.3951184426268668],[33.40672016143799,0.3951184426268668],[33.40672016143799,0.3953973857268238],[33.40689182281494,0.3953973857268238],[33.4068489074707,0.3954617572101],[33.406784534454346,0.3954617572101],[33.4063982963562,0.39531155708169763],[33.40573310852051,0.3952471855972419],[33.40569019317627,0.39522572843564774],[33.40564727783203,0.3950755283029679],[33.40560436248779,0.39505407114093316],[33.40560436248779,0.395139899788731],[33.405561447143555,0.39518281411230305],[33.40545415878296,0.3952042712740109],[33.4049391746521,0.39516135695055254],[33.4049391746521,0.39505407114093316],[33.40489625930786,0.3950326139788274],[33.40487480163574,0.39522572843564774],[33.40472459793091,0.3952042712740109],[33.40468168258667,0.39518281411230305]],[[33.407793045043945,0.3902476654546092],[33.407793045043945,0.39078409479742504],[33.408071994781494,0.39078409479742504],[33.408071994781494,0.39106303804216225],[33.408329486846924,0.39106303804216225],[33.408329486846924,0.3899687221828003],[33.408071994781494,0.3899687221828003],[33.408071994781494,0.3902476654546092],[33.407793045043945,0.3902476654546092]]],[[[33.40470314025879,0.33514546962392444],[33.405089378356934,0.3348236100431876],[33.405089378356934,0.3348665246545579],[33.4053897857666,0.3348665246545579],[33.405539989471436,0.3350167257928973],[33.405582904815674,0.3351240123188717],[33.40569019317627,0.33508109770862404],[33.40569019317627,0.3350167257928973],[33.40586185455322,0.3349523538767585],[33.40590476989746,0.3348236100431876],[33.406054973602295,0.3347592381257982],[33.40624809265137,0.33497381118219494],[33.406312465667725,0.33499526848756034],[33.40674161911011,0.3346090369835082],[33.40691328048706,0.3347377808198928],[33.40712785720825,0.33456612237101524],[33.407084941864014,0.3344373785323995],[33.407063484191895,0.3344373785323995],[33.407278060913086,0.3343944639191392],[33.407320976257324,0.33428717738519254],[33.407299518585205,0.3341584335429246],[33.40736389160156,0.33409406162112987],[33.40734243392944,0.3340082323914402],[33.40749263763428,0.3339653177763182],[33.40764284133911,0.3340296896989372],[33.40764284133911,0.33409406162112987],[33.40749263763428,0.3341584335429246],[33.407535552978516,0.33420134815719393],[33.407578468322754,0.3341584335429246],[33.40775012969971,0.3341369762356976],[33.407771587371826,0.3340296896989372],[33.40775012969971,0.3338794885455201],[33.40798616409302,0.33383657392981547],[33.40809345245361,0.3339867750839005],[33.40817928314209,0.3340296896989372],[33.40822219848633,0.3340082323914402],[33.40824365615845,0.33409406162112987],[33.40835094451904,0.33420134815719393],[33.40847969055176,0.3342442627712785],[33.40871572494507,0.33420134815719393],[33.40875864028931,0.3341369762356976],[33.408801555633545,0.33422280546426464],[33.40890884399414,0.3342442627712785],[33.4089732170105,0.33411551892844216],[33.409016132354736,0.33411551892844216],[33.409080505371094,0.3340511470063774],[33.40916633605957,0.3341584335429246],[33.40923070907593,0.3341798908500806],[33.40935945510864,0.3339653177763182],[33.40946674346924,0.3340082323914402],[33.40946674346924,0.3339438604686791],[33.40959548950195,0.33409406162112987],[33.409059047698975,0.33467340890192077],[33.408823013305664,0.33490943926575767],[33.40835094451904,0.33518838423388786],[33.408265113830566,0.33518838423388786],[33.40811491012573,0.33505964040341496],[33.40792179107666,0.33516692692892036],[33.40798616409302,0.3354244145853329],[33.407793045043945,0.3354244145853329],[33.407793045043945,0.33566044493106517],[33.40766429901123,0.33576773144997674],[33.40747117996216,0.3360252190905726],[33.407042026519775,0.3365187370493743],[33.40641975402832,0.3370766268857892],[33.405776023864746,0.3362612494217956],[33.40470314025879,0.33514546962392444]]],[[[33.404831886291504,0.3563023490526689],[33.405089378356934,0.3563023490526689],[33.405089378356934,0.356044861962431],[33.40536832809448,0.356044861962431],[33.40536832809448,0.3563023490526689],[33.40562582015991,0.3563023490526689],[33.40562582015991,0.356044861962431],[33.40590476989746,0.356044861962431],[33.40590476989746,0.3565812933922814],[33.404831886291504,0.3563881780811329],[33.404831886291504,0.3563023490526689]]],[[[33.405089378356934,0.3682540334852149],[33.405303955078125,0.3681038328815305],[33.4053897857666,0.3682111190272934],[33.40547561645508,0.36816820456913035],[33.4054970741272,0.3680180039639964],[33.405539989471436,0.36812529011078254],[33.40564727783203,0.3681896617982261],[33.40564727783203,0.3682540334852149],[33.405089378356934,0.3682540334852149]]],[[[33.40526103973389,0.3601431972914497],[33.40569019317627,0.3600573682981576],[33.40590476989746,0.3600144538011847],[33.40590476989746,0.36012174004319775],[33.40618371963501,0.36012174004319775],[33.40618371963501,0.3603792270188819],[33.40672016143799,0.3603792270188819],[33.40672016143799,0.35984279581134615],[33.40697765350342,0.35984279581134615],[33.40697765350342,0.35960676607002995],[33.40725660324097,0.3596496805688929],[33.40723514556885,0.36012174004319775],[33.40714931488037,0.3600788255465517],[33.40697765350342,0.3602075690359072],[33.40676307678223,0.3604221415141211],[33.40661287307739,0.36040068426652283],[33.406784534454346,0.36057234224585955],[33.40663433074951,0.3607225429751253],[33.406548500061035,0.36065817123432],[33.40616226196289,0.36065817123432],[33.40599060058594,0.36057234224585955],[33.40571165084839,0.36063671398729014],[33.4053897857666,0.36065817123432],[33.405325412750244,0.36061525674018924],[33.405282497406006,0.3605079705039884],[33.405282497406006,0.36027194077989577],[33.40526103973389,0.3601431972914497]]],[[[33.40564727783203,0.3316050136565565],[33.40596914291382,0.33130461127356625],[33.40635538101196,0.3307038064803294],[33.40674161911011,0.3302746601771531],[33.40710639953613,0.32958802605357107],[33.40738534927368,0.3289443065197162],[33.40794324874878,0.3284507881822947],[33.408265113830566,0.32795726982053],[33.40847969055176,0.3277426966121624],[33.40867280960083,0.3275281233992047],[33.40912342071533,0.32666983050143017],[33.40925216674805,0.3261763120520129],[33.40940237045288,0.3261763120520129],[33.40940237045288,0.3259188241557638],[33.409295082092285,0.3259188241557638],[33.40933799743652,0.3253823910174134],[33.409552574157715,0.3251463604274818],[33.409810066223145,0.3248030431959563],[33.410067558288574,0.32433098198355026],[33.41021776199341,0.32394475006611856],[33.41021776199341,0.3240091220533827],[33.41049671173096,0.3240091220533827],[33.41049671173096,0.3237516341018818],[33.410303592681885,0.3237516341018818],[33.41047525405884,0.32317228618710203],[33.410518169403076,0.32265731023511535],[33.41084003448486,0.32239982224935204],[33.411548137664795,0.32214233425706595],[33.41212749481201,0.3217775595902026],[33.41264247894287,0.3216273582529823],[33.41264247894287,0.32184193159118024],[33.41238498687744,0.32184193159118024],[33.41238498687744,0.32212087692407465],[33.41264247894287,0.32212087692407465],[33.41264247894287,0.32265731023511535],[33.41317892074585,0.32265731023511535],[33.41317892074585,0.3237516341018818],[33.41238498687744,0.3237516341018818],[33.41238498687744,0.3242880673267905],[33.41317892074585,0.3242880673267905],[33.41317892074585,0.3248245005232633],[33.41238498687744,0.3248245005232633],[33.41238498687744,0.3251034457741895],[33.411569595336914,0.3251034457741895],[33.411569595336914,0.325639878927376],[33.411827087402344,0.325639878927376],[33.411827087402344,0.32645525726553615],[33.41210603713989,0.32645525726553615],[33.41210603713989,0.3278070685751544],[33.41049671173096,0.3278070685751544],[33.41049671173096,0.3280860137433308],[33.40993881225586,0.3280860137433308],[33.40993881225586,0.32836495890374806],[33.40940237045288,0.32836495890374806],[33.40940237045288,0.3280860137433308],[33.40914487838745,0.3280860137433308],[33.40914487838745,0.32862244673721364],[33.4088659286499,0.32862244673721364],[33.4088659286499,0.32890139188265266],[33.408071994781494,0.32890139188265266],[33.408071994781494,0.3291803370202899],[33.4075140953064,0.3291803370202899],[33.4075140953064,0.32943782483272344],[33.40725660324097,0.32943782483272344],[33.40725660324097,0.33081109305321377],[33.40697765350342,0.33081109305321377],[33.40697765350342,0.33106858082342683],[33.40672016143799,0.33106858082342683],[33.40672016143799,0.33134752590027006],[33.40644121170044,0.33134752590027006],[33.40644121170044,0.3316050136565565],[33.40564727783203,0.3316050136565565]],[[33.41210603713989,0.3229362555456703],[33.41210603713989,0.32319374351787644],[33.41238498687744,0.32319374351787644],[33.41238498687744,0.32347268881369473],[33.41292142868042,0.32347268881369473],[33.41292142868042,0.3229362555456703],[33.41210603713989,0.3229362555456703]]],[[[33.40599060058594,0.3800984158948779],[33.40614080429077,0.3783603825243489],[33.407793045043945,0.37812435327428773],[33.407793045043945,0.3782960109113276],[33.407535552978516,0.3782960109113276],[33.407535552978516,0.3785749545642716],[33.408329486846924,0.3785749545642716],[33.408329486846924,0.37831746811572486],[33.4084153175354,0.3782960109113276],[33.40843677520752,0.3781458104790971],[33.408565521240234,0.3780599816595327],[33.40875864028931,0.37812435327428773],[33.408780097961426,0.37831746811572486],[33.408801555633545,0.3783389253200653],[33.4088659286499,0.3782745537069019],[33.40895175933838,0.3782960109113276],[33.409037590026855,0.37838183972858985],[33.409059047698975,0.37861786897163086],[33.409016132354736,0.3786393261752039],[33.40893030166626,0.3785105829528419],[33.4088659286499,0.37846766854497105],[33.408801555633545,0.37885389820824855],[33.40860843658447,0.37885389820824855],[33.40817928314209,0.37878952659889364],[33.40817928314209,0.37902555583082176],[33.40824365615845,0.37913284184321583],[33.40820074081421,0.37930449946028943],[33.40858697891235,0.37949761427540807],[33.40860843658447,0.37966927188524835],[33.408522605895996,0.37994821549392555],[33.4084153175354,0.3800340442947885],[33.40835094451904,0.38018424469426293],[33.40837240219116,0.3803129878917275],[33.40850114822388,0.3804417310872452],[33.40860843658447,0.3806563030755541],[33.40888738632202,0.38074213186936845],[33.409059047698975,0.3809137894544534],[33.409016132354736,0.3813000190083784],[33.40867280960083,0.381321476205315],[33.40858697891235,0.3813000190083784],[33.408544063568115,0.38080650346418565],[33.40850114822388,0.38074213186936845],[33.4084153175354,0.3807635890676977],[33.408329486846924,0.38084941786046045],[33.40817928314209,0.3807850462659701],[33.40800762176514,0.38084941786046045],[33.406569957733154,0.3800769586949002],[33.40624809265137,0.3802271590936215],[33.40599060058594,0.3800984158948779]]],[[[33.40609788894653,0.34175431732863615],[33.40624809265137,0.3418186891996555],[33.40641975402832,0.3417114027477197],[33.4065055847168,0.34173286003820635],[33.40659141540527,0.3417114027477197],[33.40669870376587,0.34156120171302007],[33.40691328048706,0.34145391525821367],[33.4069561958313,0.34147537254928295],[33.407042026519775,0.34158265900383356],[33.40693473815918,0.3419259756503692],[33.40693473815918,0.3420761766793703],[33.40699911117554,0.3421190912586667],[33.40712785720825,0.3420976339690327],[33.40723514556885,0.3421620058377499],[33.40710639953613,0.34254823704092985],[33.40712785720825,0.3426555234834865],[33.406805992126465,0.342483865174799],[33.40667724609375,0.34235512144127256],[33.4063982963562,0.3421620058377499],[33.406291007995605,0.3419688902303193],[33.40609788894653,0.34175431732863615]]],[[[33.40614080429077,0.37831746811572486],[33.40635538101196,0.37580697484276016],[33.407042026519775,0.3757211460001315],[33.40717077255249,0.37574260321088104],[33.40742826461792,0.3756567743676129],[33.40843677520752,0.3755065738898793],[33.40875864028931,0.3760859185754839],[33.40869426727295,0.37636486229928323],[33.40890884399414,0.37636486229928323],[33.40893030166626,0.3764077767175422],[33.40884447097778,0.37703003575848015],[33.40912342071533,0.3769871213432907],[33.40916633605957,0.37707295017345643],[33.40918779373169,0.37741626548566387],[33.40912342071533,0.37756646593049936],[33.40890884399414,0.37750209431160897],[33.408823013305664,0.37752355151795314],[33.40862989425659,0.37769520916685906],[33.408823013305664,0.37778103799004725],[33.408780097961426,0.3778668668123828],[33.408565521240234,0.3778239524013145],[33.408522605895996,0.3778668668123828],[33.40847969055176,0.3779741528391014],[33.408071994781494,0.37801706724943074],[33.408071994781494,0.37748063710520796],[33.407793045043945,0.37748063710520796],[33.407793045043945,0.37775958078432836],[33.407535552978516,0.37775958078432836],[33.407535552978516,0.37801706724943074],[33.407793045043945,0.37801706724943074],[33.407793045043945,0.3780814388645126],[33.40614080429077,0.37831746811572486]]],[[[33.40637683868408,0.37567823157851876],[33.40646266937256,0.3747770286756378],[33.40644121170044,0.3747341142493781],[33.40669870376587,0.3712151305827831],[33.40764284133911,0.37119367336100595],[33.40669870376587,0.3711507589172811],[33.406805992126465,0.3701637266540274],[33.407793045043945,0.3701637266540274],[33.407793045043945,0.3697131249320762],[33.407814502716064,0.36975603938277857],[33.40798616409302,0.3697989538332678],[33.408071994781494,0.3696272960300604],[33.4084153175354,0.36969166770664685],[33.40845823287964,0.3693483520927998],[33.40914487838745,0.3693483520927998],[33.40914487838745,0.3696058388044321],[33.40940237045288,0.3696058388044321],[33.40940237045288,0.36902649369277185],[33.40946674346924,0.36902649369277185],[33.40940237045288,0.36887629310210457],[33.40940237045288,0.3685329774567947],[33.409273624420166,0.36771760274613996],[33.40968132019043,0.36771760274613996],[33.40968132019043,0.36797508950492386],[33.41038942337036,0.36797508950492386],[33.4104323387146,0.36855443468500937],[33.41034650802612,0.36887629310210457],[33.41034650802612,0.3691337798273935],[33.410303592681885,0.3696272960300604],[33.41015338897705,0.3698847827336067],[33.410067558288574,0.3699920688578686],[33.410046100616455,0.37024955555084205],[33.40989589691162,0.37024955555084205],[33.40946674346924,0.3703782988945221],[33.40914487838745,0.37039975611826037],[33.40815782546997,0.3707001572455084],[33.408329486846924,0.3706787000224949],[33.40916633605957,0.3704212133419844],[33.409574031829834,0.37039975611826037],[33.40989589691162,0.37027101277490715],[33.410046100616455,0.37027101277490715],[33.409810066223145,0.3742620555466374],[33.40974569320679,0.3743907988317261],[33.409574031829834,0.3746482853962192],[33.409552574157715,0.3748199431016843],[33.40946674346924,0.37488431474037043],[33.409423828125,0.3750345152287906],[33.40933799743652,0.3750988868658851],[33.40923070907593,0.37533491619788606],[33.409059047698975,0.3753992878327779],[33.40893030166626,0.3753992878327779],[33.40858697891235,0.3753563734095735],[33.408544063568115,0.3753778306212041],[33.40824365615845,0.3752705445625253],[33.40815782546997,0.3752705445625253],[33.40809345245361,0.37531345898614177],[33.40787887573242,0.3755280311011546],[33.40717077255249,0.3756567743676129],[33.40646266937256,0.37569968878935356],[33.40637683868408,0.37567823157851876]],[[33.40817928314209,0.37106493002919194],[33.40766429901123,0.37119367336100595],[33.40813636779785,0.3711078444733431],[33.40817928314209,0.37106493002919194]],[[33.40815782546997,0.3707001572455084],[33.40813636779785,0.3707001572455084],[33.40817928314209,0.37085035780532394],[33.40817928314209,0.37106493002919194],[33.40820074081421,0.37106493002919194],[33.40820074081421,0.3708289005826373],[33.40815782546997,0.3707001572455084]],[[33.40940237045288,0.3698847827336067],[33.40940237045288,0.3701637266540274],[33.40968132019043,0.3701637266540274],[33.40968132019043,0.3698847827336067],[33.40940237045288,0.3698847827336067]]],[[[33.40644121170044,0.3584909890285246],[33.40672016143799,0.3584909890285246],[33.40672016143799,0.3582120447469066],[33.40697765350342,0.3582120447469066],[33.40697765350342,0.3578258141890984],[33.40714931488037,0.3584909890285246],[33.40697765350342,0.3584909890285246],[33.40697765350342,0.3587484760501809],[33.40644121170044,0.3587484760501809],[33.40644121170044,0.3584909890285246]]],[[[33.40648412704468,0.33714099878794457],[33.40697765350342,0.3366689381623189],[33.40712785720825,0.3367547673686744],[33.40710639953613,0.33681913927294715],[33.40719223022461,0.3368405965742767],[33.40734243392944,0.33703371228412493],[33.40742826461792,0.33722682799012205],[33.40734243392944,0.33731265719157477],[33.40714931488037,0.33733411449182427],[33.40710639953613,0.3374843155921923],[33.4069561958313,0.3375916020910381],[33.40710639953613,0.33784908968343075],[33.40699911117554,0.3379134615804702],[33.40648412704468,0.33714099878794457]]],[[[33.40663433074951,0.3565812933922814],[33.40697765350342,0.3565812933922814],[33.40697765350342,0.356044861962431],[33.4075140953064,0.356044861962431],[33.4075140953064,0.355551345019407],[33.40910196304321,0.35739666910578194],[33.4088659286499,0.35739666910578194],[33.4088659286499,0.3579331004567905],[33.40940237045288,0.3579331004567905],[33.40940237045288,0.3587484760501809],[33.40968132019043,0.3587484760501809],[33.40968132019043,0.35902742031547064],[33.40989589691162,0.35902742031547064],[33.41023921966553,0.3598642530602518],[33.410818576812744,0.3611302306563573],[33.407299518585205,0.36115168790223606],[33.40725660324097,0.36065817123432],[33.407299518585205,0.35930636457224807],[33.4075140953064,0.35930636457224807],[33.4075140953064,0.35902742031547064],[33.407793045043945,0.35902742031547064],[33.407793045043945,0.35930636457224807],[33.4088659286499,0.35930636457224807],[33.4088659286499,0.3584909890285246],[33.408329486846924,0.3584909890285246],[33.408329486846924,0.3579331004567905],[33.40725660324097,0.3579331004567905],[33.40725660324097,0.3584909890285246],[33.40721368789673,0.3584909890285246],[33.40699911117554,0.3576756134122263],[33.40725660324097,0.3576756134122263],[33.40725660324097,0.35739666910578194],[33.4075140953064,0.35739666910578194],[33.4075140953064,0.3571177247908821],[33.40697765350342,0.3571177247908821],[33.40697765350342,0.35686023772346687],[33.40672016143799,0.35686023772346687],[33.40663433074951,0.3565812933922814]]],[[[33.40697765350342,0.36788926058615345],[33.407084941864014,0.3667949417995402],[33.40719223022461,0.3664087116075905],[33.40721368789673,0.36608685310159217],[33.40725660324097,0.36608685310159217],[33.40725660324097,0.3649067051474617],[33.407320976257324,0.36467067553803645],[33.40766429901123,0.3646921327755166],[33.40820074081421,0.36464921830051367],[33.408565521240234,0.3646921327755166],[33.40860843658447,0.3646921327755166],[33.40860843658447,0.3647350472503206],[33.40869426727295,0.3647350472503206],[33.4088659286499,0.3648423334364139],[33.4088659286499,0.36499253409481014],[33.40914487838745,0.36499253409481014],[33.40914487838745,0.36555042223257317],[33.40940237045288,0.36555042223257317],[33.40940237045288,0.36608685310159217],[33.40914487838745,0.36608685310159217],[33.40914487838745,0.3663443399073145],[33.4088659286499,0.3663657971408014],[33.4088659286499,0.3674386587490801],[33.40914487838745,0.3674386587490801],[33.40914487838745,0.36771760274613996],[33.40925216674805,0.36771760274613996],[33.40935945510864,0.3685329774567947],[33.4088659286499,0.3685329774567947],[33.4088659286499,0.3682540334852149],[33.408329486846924,0.3682540334852149],[33.408329486846924,0.36797508950492386],[33.40860843658447,0.36797508950492386],[33.40860843658447,0.3671597147432948],[33.408071994781494,0.3671597147432948],[33.408071994781494,0.3674386587490801],[33.40725660324097,0.3674386587490801],[33.40725660324097,0.3682540334852149],[33.40697765350342,0.3682540334852149],[33.40697765350342,0.36788926058615345]],[[33.407793045043945,0.36499253409481014],[33.407793045043945,0.36555042223257317],[33.40860843658447,0.36555042223257317],[33.40860843658447,0.36527147816801175],[33.408329486846924,0.36527147816801175],[33.408329486846924,0.36499253409481014],[33.407793045043945,0.36499253409481014]]],[[[33.40699911117554,0.39554758585369143],[33.407020568847656,0.39548321437109735],[33.40710639953613,0.39544030004906006],[33.40710639953613,0.3953973857268238],[33.40725660324097,0.3953973857268238],[33.40725660324097,0.3951184426268668],[33.407793045043945,0.3951184426268668],[33.407793045043945,0.3945820135621574],[33.40772867202759,0.3945820135621574],[33.407814502716064,0.3944747277450631],[33.407835960388184,0.39449618490860416],[33.4078574180603,0.3945820135621574],[33.40792179107666,0.39460347072541424],[33.40815782546997,0.3946463850517574],[33.40835094451904,0.39462492788861425],[33.40843677520752,0.394689299377859],[33.40862989425659,0.3946463850517574],[33.40890884399414,0.3948180423548848],[33.40899467468262,0.3947536708666348],[33.4089732170105,0.39471075654083165],[33.40899467468262,0.39462492788861425],[33.40888738632202,0.39460347072541424],[33.40884447097778,0.3945605563988437],[33.40875864028931,0.39462492788861425],[33.408565521240234,0.3945820135621574],[33.40890884399414,0.39449618490860416],[33.4089732170105,0.39451764207205997],[33.409037590026855,0.39462492788861425],[33.409080505371094,0.39460347072541424],[33.40925216674805,0.39453909923547315],[33.40923070907593,0.39451764207205997],[33.40914487838745,0.39451764207205997],[33.40925216674805,0.39436744192657613],[33.40940237045288,0.39436744192657613],[33.40968132019043,0.39408849879207253],[33.40993881225586,0.3941314131210589],[33.41000318527222,0.39406704162749406],[33.40996026992798,0.393981212968626],[33.410046100616455,0.3939168414738816],[33.41038942337036,0.39378809848292917],[33.41062545776367,0.3938095556482324],[33.41073274612427,0.3938524699786541],[33.410775661468506,0.3938095556482324],[33.41073274612427,0.3937237269867069],[33.41090440750122,0.3934447838306454],[33.41116189956665,0.3935735268269127],[33.41116189956665,0.3937022698211763],[33.41118335723877,0.3937237269867069],[33.411269187927246,0.39361644115854233],[33.41135501861572,0.39359498399275594],[33.411526679992676,0.393659355489973],[33.41163396835327,0.39378809848292917],[33.4114408493042,0.3941528702854953],[33.41118335723877,0.39443181341782463],[33.41114044189453,0.39460347072541424],[33.41096878051758,0.39486095668013377],[33.41090440750122,0.39488241384266587],[33.41075420379639,0.39518281411230305],[33.410561084747314,0.3953973857268238],[33.410561084747314,0.39548321437109735],[33.4104323387146,0.39561195733581656],[33.41041088104248,0.39574070029853203],[33.41015338897705,0.3960840148560294],[33.410024642944336,0.3962127578114263],[33.410024642944336,0.39629858644724436],[33.409810066223145,0.39657752950751046],[33.40965986251831,0.39672772961299074],[33.409423828125,0.39666335813953424],[33.40918779373169,0.3965131580329029],[33.408823013305664,0.39634150076481944],[33.408565521240234,0.39614838633397653],[33.408522605895996,0.3961698434931833],[33.407299518585205,0.39561195733581656],[33.40699911117554,0.39554758585369143]],[[33.408329486846924,0.39486095668013377],[33.408329486846924,0.3953973857268238],[33.4088659286499,0.3953973857268238],[33.4088659286499,0.3951184426268668],[33.40914487838745,0.3951184426268668],[33.40914487838745,0.39486095668013377],[33.408329486846924,0.39486095668013377]]],[[[33.40710639953613,0.3366045662570656],[33.40772867202759,0.33581064605721167],[33.40790033340454,0.33568190223493843],[33.408329486846924,0.33568190223493843],[33.408329486846924,0.3354244145853329],[33.40809345245361,0.3354244145853329],[33.408050537109375,0.3353385853672819],[33.408071994781494,0.33518838423388786],[33.40813636779785,0.33516692692892036],[33.40824365615845,0.33527421345324626],[33.40837240219116,0.33527421345324626],[33.40888738632202,0.33497381118219494],[33.40912342071533,0.3347592381257982],[33.40935945510864,0.3344588358389444],[33.40961694717407,0.33420134815719393],[33.40968132019043,0.33407260431378916],[33.409574031829834,0.3339224031610115],[33.40946674346924,0.3338580312376962],[33.409316539764404,0.3339009458532729],[33.40920925140381,0.3340082323914402],[33.409059047698975,0.3339653177763182],[33.4088659286499,0.33409406162112987],[33.40875864028931,0.3340511470063774],[33.40860843658447,0.33411551892844216],[33.4084153175354,0.3341369762356976],[33.408329486846924,0.3340511470063774],[33.408286571502686,0.3339438604686791],[33.40815782546997,0.3339224031610115],[33.408029079437256,0.33375074469788046],[33.407793045043945,0.33377220200594593],[33.407793045043945,0.3335147143061903],[33.408071994781494,0.3335147143061903],[33.408071994781494,0.33297828157677145],[33.408286571502686,0.33297828157677145],[33.408329486846924,0.3332786839088442],[33.40843677520752,0.3334288850714415],[33.40860843658447,0.33355762892327334],[33.40871572494507,0.3336649154652065],[33.40884447097778,0.3336863727734425],[33.4089732170105,0.3336863727734425],[33.409059047698975,0.33364345815689944],[33.40920925140381,0.3335147143061903],[33.40925216674805,0.3334288850714415],[33.40933799743652,0.33355762892327334],[33.40944528579712,0.33360054354018587],[33.40963840484619,0.3336220008485782],[33.409767150878906,0.33357908623176513],[33.410024642944336,0.3334717996889083],[33.410582542419434,0.33332159852697885],[33.41109752655029,0.33310702543450077],[33.411290645599365,0.33297828157677145],[33.411290645599365,0.3340511470063774],[33.411827087402344,0.3340511470063774],[33.411827087402344,0.33433009199892183],[33.41238498687744,0.33433009199892183],[33.41238498687744,0.33420134815719393],[33.4124493598938,0.33426572007826394],[33.412535190582275,0.3344802931454467],[33.412320613861084,0.3348665246545579],[33.411290645599365,0.3348665246545579],[33.411290645599365,0.3346090369835082],[33.411569595336914,0.3346090369835082],[33.411569595336914,0.33433009199892183],[33.41075420379639,0.33433009199892183],[33.41075420379639,0.3348665246545579],[33.41049671173096,0.3348665246545579],[33.41049671173096,0.33514546962392444],[33.41021776199341,0.33514546962392444],[33.41021776199341,0.3354244145853329],[33.40993881225586,0.3354244145853329],[33.40993881225586,0.33568190223493843],[33.41021776199341,0.33568190223493843],[33.41021776199341,0.335960847181056],[33.40993881225586,0.335960847181056],[33.40993881225586,0.33621833481655017],[33.41021776199341,0.33621833481655017],[33.41021776199341,0.33703371228412493],[33.41075420379639,0.33703371228412493],[33.41075420379639,0.3375916020910381],[33.41049671173096,0.3375916020910381],[33.41049671173096,0.33731265719157477],[33.40968132019043,0.33731265719157477],[33.40968132019043,0.33784908968343075],[33.40914487838745,0.33784908968343075],[33.40914487838745,0.3386644670143255],[33.40965986251831,0.3386644670143255],[33.409295082092285,0.3392438140235612],[33.409423828125,0.3394154723900016],[33.409423828125,0.33956567345813937],[33.40933799743652,0.339758789113759],[33.40940237045288,0.3398446182927728],[33.40923070907593,0.3402952214701713],[33.409295082092285,0.34035959335095356],[33.40946674346924,0.34042396523129526],[33.40946674346924,0.3404883371111964],[33.40944528579712,0.34050979440441154],[33.40923070907593,0.34050979440441154],[33.40914487838745,0.3403810506444529],[33.40916633605957,0.3402308495889912],[33.409080505371094,0.3400806485311847],[33.40914487838745,0.3399733620598937],[33.40912342071533,0.3396944172289693],[33.409080505371094,0.3396300453437675],[33.40895175933838,0.3396085880486197],[33.408823013305664,0.3394583869811356],[33.408780097961426,0.3392867286154484],[33.40888738632202,0.3392223567275323],[33.40860843658447,0.3389648691715763],[33.40847969055176,0.3390077837647283],[33.40858697891235,0.339200899431475],[33.40862989425659,0.3391794421353609],[33.40871572494507,0.3392223567275323],[33.40824365615845,0.3392438140235612],[33.40813636779785,0.33930818591132095],[33.407793045043945,0.3393940150943564],[33.40824365615845,0.3390506983576671],[33.4079647064209,0.33911507024672005],[33.40775012969971,0.3393725577986828],[33.40738534927368,0.33855718052734574],[33.40738534927368,0.3385357232297963],[33.4078574180603,0.338471351336878],[33.4079647064209,0.33834260754979084],[33.408071994781494,0.33827823565559356],[33.40824365615845,0.3382138637609984],[33.40847969055176,0.33819240646269577],[33.408544063568115,0.33812803456750373],[33.40837240219116,0.3380422053732559],[33.40839385986328,0.33793491887938387],[33.408265113830566,0.33793491887938387],[33.40824365615845,0.3379134615804702],[33.408286571502686,0.337677431289265],[33.408265113830566,0.33741994369232486],[33.408308029174805,0.3372697425909337],[33.408286571502686,0.3372053706896452],[33.40809345245361,0.3369907976822617],[33.40800762176514,0.33694788308022794],[33.407771587371826,0.33694788308022794],[33.40766429901123,0.3370766268857892],[33.40749263763428,0.33711954148726875],[33.4074068069458,0.33696934038125903],[33.40710639953613,0.3366045662570656]]],[[[33.40721368789673,0.34256969432954065],[33.4074068069458,0.342483865174799],[33.40768575668335,0.34226929228464087],[33.407814502716064,0.34224783499534794],[33.408071994781494,0.34203326209988916],[33.40815782546997,0.3418616037800746],[33.408308029174805,0.3419045183603231],[33.40869426727295,0.34145391525821367],[33.409016132354736,0.3412822569280536],[33.40843677520752,0.34061708086971976],[33.40843677520752,0.34055270899068546],[33.40993881225586,0.34063853816265066],[33.41017484664917,0.34063853816265066],[33.41047525405884,0.34068145274834194],[33.411290645599365,0.3411749704701492],[33.41146230697632,0.3414110006759614],[33.411805629730225,0.3416255735853184],[33.411762714385986,0.3418616037800746],[33.41221332550049,0.3421620058377499],[33.41240644454956,0.34241949330827026],[33.41238498687744,0.34250532246356613],[33.412535190582275,0.3425911516180946],[33.412792682647705,0.34261260890659173],[33.41287851333618,0.3426555234834865],[33.413028717041016,0.3427628099248494],[33.41298580169678,0.34284863907707575],[33.41320037841797,0.3429344682285205],[33.413286209106445,0.343020297379212],[33.41395139694214,0.3432992421136447],[33.414058685302734,0.34338507126103934],[33.414058685302734,0.34344944312110215],[33.41416597366333,0.34349235769423103],[33.414466381073,0.3435138149807244],[33.41448783874512,0.3435567295535549],[33.41465950012207,0.3436640159848139],[33.41468095779419,0.34372838784300086],[33.41495990753174,0.3437927597007331],[33.41483116149902,0.3442219054079345],[33.414573669433594,0.3446939656635095],[33.41371536254883,0.3473546684837885],[33.41369390487671,0.3473761257615706],[33.413522243499756,0.34733321120599214],[33.4134578704834,0.34741904031696436],[33.413050174713135,0.34741904031696436],[33.41287851333618,0.3473117539280963],[33.412814140319824,0.3472044675380346],[33.41270685195923,0.3471400957034092],[33.412556648254395,0.3472044675380346],[33.412299156188965,0.3471400957034092],[33.41193437576294,0.3469684374755815],[33.41187000274658,0.34703280931138636],[33.41174125671387,0.3469684374755815],[33.41174125671387,0.34677532196556626],[33.41161251068115,0.34666803556940806],[33.41150522232056,0.3464963773330254],[33.4113335609436,0.3463461763736291],[33.411054611206055,0.34602431716693616],[33.4109902381897,0.3460028598860987],[33.41090440750122,0.34587411620007913],[33.41075420379639,0.3457882870750808],[33.41049671173096,0.345466427849459],[33.41034650802612,0.345444970567371],[33.410325050354004,0.3453805987207801],[33.41026067733765,0.3453805987207801],[33.40993881225586,0.3453376841561635],[33.40989589691162,0.34527331230886205],[33.409423828125,0.3451016540472551],[33.40925216674805,0.34495145306580355],[33.40914487838745,0.3449085384992401],[33.40914487838745,0.34465105109578076],[33.4088659286499,0.34465105109578076],[33.4088659286499,0.34437210640086846],[33.40860843658447,0.34437210640086846],[33.40860843658447,0.3440931616977849],[33.40835094451904,0.3440931616977849],[33.408329486846924,0.343835674272313],[33.40817928314209,0.343835674272313],[33.40811491012573,0.3436854732709236],[33.407814502716064,0.34338507126103934],[33.40775012969971,0.34323487025257293],[33.407557010650635,0.34312758381649644],[33.40744972229004,0.3429559255162786],[33.40736389160156,0.3429344682285205],[33.40723514556885,0.34274135263667915],[33.40721368789673,0.34256969432954065]]],[[[33.407278060913086,0.3645848465876327],[33.40744972229004,0.36233183634722366],[33.40744972229004,0.3617954052548953],[33.40738534927368,0.36136626035819575],[33.40815782546997,0.3612589741308483],[33.410067558288574,0.3612160596395455],[33.41015338897705,0.36115168790223606],[33.4108829498291,0.361173145148058],[33.4108829498291,0.36183831974344116],[33.41041088104248,0.36181686249918243],[33.41038942337036,0.36183831974344116],[33.41038942337036,0.36200997769563514],[33.40968132019043,0.36200997769563514],[33.40968132019043,0.36173103352167857],[33.40914487838745,0.36173103352167857],[33.40914487838745,0.36200997769563514],[33.4088659286499,0.36200997769563514],[33.4088659286499,0.362546408775259],[33.40914487838745,0.362546408775259],[33.40914487838745,0.36310429706436764],[33.40940237045288,0.36310429706436764],[33.40940237045288,0.36364072807911896],[33.40968132019043,0.36364072807911896],[33.40968132019043,0.36391967219418575],[33.40940237045288,0.36391967219418575],[33.40940237045288,0.3641771590619811],[33.40860843658447,0.3641771590619811],[33.40860843658447,0.36464921830051367],[33.40820074081421,0.3646063038253118],[33.40772867202759,0.36462776106293404],[33.407278060913086,0.3645848465876327]]],[[[33.4074068069458,0.3848189985883863],[33.407535552978516,0.3848189985883863],[33.407535552978516,0.38507648484228696],[33.408329486846924,0.38507648484228696],[33.408329486846924,0.38535542827524694],[33.40860843658447,0.38535542827524694],[33.40850114822388,0.38559145732676825],[33.40839385986328,0.385612914512933],[33.408071994781494,0.3854627142085434],[33.40798616409302,0.385312513901539],[33.40790033340454,0.38524814234057203],[33.407557010650635,0.38524814234057203],[33.4074068069458,0.38501211327954366],[33.4074068069458,0.3848189985883863]]],[[[33.407835960388184,0.33954421616284947],[33.40787887573242,0.3394583869811356],[33.40824365615845,0.3393940150943564],[33.40822219848633,0.33935110050293815],[33.408265113830566,0.33932964320715087],[33.40869426727295,0.33930818591132095],[33.40871572494507,0.3394798442766245],[33.408780097961426,0.33958713075340086],[33.4089732170105,0.33978024640859417],[33.409037590026855,0.3397158745239466],[33.409059047698975,0.3399519047655133],[33.40899467468262,0.3399733620598937],[33.40895175933838,0.3401235631193771],[33.40899467468262,0.3401235631193771],[33.409080505371094,0.34025230688276054],[33.409037590026855,0.34035959335095356],[33.40910196304321,0.34050979440441154],[33.40893030166626,0.34046687981795287],[33.40847969055176,0.34042396523129526],[33.40835094451904,0.3404454225246383],[33.40817928314209,0.34027376417648725],[33.407835960388184,0.33954421616284947]]],[[[33.40822219848633,0.38149313377886074],[33.408265113830566,0.38125710461436313],[33.40867280960083,0.38142876218917365],[33.409037590026855,0.38138584779579787],[33.40910196304321,0.3813000190083784],[33.40938091278076,0.37876806939566166],[33.40925216674805,0.37713732179554427],[33.40925216674805,0.37711586458821955],[33.40944528579712,0.3776308375489208],[33.409831523895264,0.3781672676838781],[33.410046100616455,0.3786393261752039],[33.410303592681885,0.37889681261420094],[33.41041088104248,0.37908992743842873],[33.41064691543579,0.3792615850563408],[33.41075420379639,0.37949761427540807],[33.41094732284546,0.3797765578896417],[33.411076068878174,0.37986238669220995],[33.41135501861572,0.37994821549392555],[33.41184854507446,0.3804202738881344],[33.41195583343506,0.3809567038501882],[33.41208457946777,0.3812785618113992],[33.41208457946777,0.38138584779579787],[33.412041664123535,0.3816004197605736],[33.41197729110718,0.38175062013274896],[33.411762714385986,0.3819437348931132],[33.411290645599365,0.38215830684397645],[33.41109752655029,0.38213684964911465],[33.41075420379639,0.38224413562279835],[33.410282135009766,0.3822870500119109],[33.409552574157715,0.38215830684397645],[33.409037590026855,0.3820081064789349],[33.408801555633545,0.38190082050228114],[33.40850114822388,0.3816004197605736],[33.40822219848633,0.38149313377886074]],[[33.40985298156738,0.37908992743842873],[33.40985298156738,0.37930449946028943],[33.4099817276001,0.3795405286781772],[33.41019630432129,0.37960490028194727],[33.410325050354004,0.3794761570739382],[33.41034650802612,0.3792615850563408],[33.41013193130493,0.37904701303340005],[33.40993881225586,0.37896118422274583],[33.40985298156738,0.37908992743842873]]],[[[33.40837240219116,0.34057416628374426],[33.40890884399414,0.3411749704701492],[33.40871572494507,0.34096039755073093],[33.40837240219116,0.34057416628374426]]],[[[33.4084153175354,0.38591331511373994],[33.40860843658447,0.38544125702199494],[33.40860843658447,0.3856343716990551],[33.40996026992798,0.3856343716990551],[33.40996026992798,0.38589185792829994],[33.41021776199341,0.38589185792829994],[33.41021776199341,0.3856343716990551],[33.41049671173096,0.3856343716990551],[33.41049671173096,0.38589185792829994],[33.411569595336914,0.38589185792829994],[33.411569595336914,0.3856343716990551],[33.41210603713989,0.3856343716990551],[33.41210603713989,0.3862780872575797],[33.41159105300903,0.3862780872575797],[33.41090440750122,0.3863853731792517],[33.41000318527222,0.3863639159950196],[33.40940237045288,0.38623517288853293],[33.40940237045288,0.3861708013345435],[33.40918779373169,0.3861708013345435],[33.4084153175354,0.38591331511373994]]],[[[33.40858697891235,0.37559240273462535],[33.40860843658447,0.3755065738898793],[33.408801555633545,0.37548511667857554],[33.40912342071533,0.3755494883123589],[33.40965986251831,0.37589280368455036],[33.41017484664917,0.3759786325254879],[33.4104323387146,0.37589280368455036],[33.41062545776367,0.3757640604215595],[33.41122627258301,0.37578551763218115],[33.41135501861572,0.37563531715667864],[33.411548137664795,0.37563531715667864],[33.41171979904175,0.37567823157851876],[33.41249227523804,0.3756567743676129],[33.41294288635254,0.37584988926376184],[33.413050174713135,0.3757640604215595],[33.41324329376221,0.37488431474037043],[33.413307666778564,0.3743907988317261],[33.41350078582764,0.3740689406154729],[33.413565158843994,0.3740689406154729],[33.41358661651611,0.3740903978302441],[33.41358661651611,0.3743264271894162],[33.41365098953247,0.3745624565422361],[33.41392993927002,0.3745624565422361],[33.41412305831909,0.37471265703617007],[33.41416597366333,0.3746482853962192],[33.41438055038452,0.3746911998229052],[33.414509296417236,0.37436934161767965],[33.414552211761475,0.37434788440357636],[33.414788246154785,0.3746482853962192],[33.4149169921875,0.3746911998229052],[33.41500282287598,0.3746697426095835],[33.415067195892334,0.37449808490119096],[33.41508865356445,0.37421914111786236],[33.41534614562988,0.37421914111786236],[33.41534614562988,0.3744551704735528],[33.41515302658081,0.37458391375581357],[33.41515302658081,0.37471265703617007],[33.41508865356445,0.3747770286756378],[33.41523885726929,0.3750345152287906],[33.415067195892334,0.3750345152287906],[33.415067195892334,0.37559240273462535],[33.41534614562988,0.37559240273462535],[33.41534614562988,0.37584988926376184],[33.41560363769531,0.37584988926376184],[33.41560363769531,0.3769442069278881],[33.41534614562988,0.3769442069278881],[33.41534614562988,0.3772016934171205],[33.415067195892334,0.3772016934171205],[33.415067195892334,0.37775958078432836],[33.41609716415405,0.37775958078432836],[33.41583967208862,0.3783603825243489],[33.41568946838379,0.37859641176797254],[33.41562509536743,0.37859641176797254],[33.41549634933472,0.37840329693275976],[33.415303230285645,0.3782530965023909],[33.415260314941406,0.3781458104790971],[33.41523885726929,0.37801706724943074],[33.4149169921875,0.37784540960687707],[33.414530754089355,0.37769520916685906],[33.41371536254883,0.3776522947549523],[33.41371536254883,0.3772016934171205],[33.41292142868042,0.3772016934171205],[33.41292142868042,0.3769442069278881],[33.41264247894287,0.3769442069278881],[33.41264247894287,0.3764077767175422],[33.411569595336914,0.3764077767175422],[33.411569595336914,0.37666526322261973],[33.41139793395996,0.37666526322261973],[33.4113335609436,0.37660089159706445],[33.41118335723877,0.37660089159706445],[33.411011695861816,0.37664380601415814],[33.410561084747314,0.3764936055534065],[33.41047525405884,0.37642923392658645],[33.41034650802612,0.37642923392658645],[33.40968132019043,0.3761932046241583],[33.40959548950195,0.3761932046241583],[33.40946674346924,0.37625757625271206],[33.40925216674805,0.3764721483445186],[33.40923070907593,0.37660089159706445],[33.409295082092285,0.37692274972009443],[33.40925216674805,0.3770944073808664],[33.40910196304321,0.37660089159706445],[33.40875864028931,0.37584988926376184],[33.40858697891235,0.37559240273462535]],[[33.4134578704834,0.3750345152287906],[33.4134578704834,0.37531345898614177],[33.41371536254883,0.37531345898614177],[33.41371536254883,0.37559240273462535],[33.41397285461426,0.37559240273462535],[33.414058685302734,0.3756567743676129],[33.414037227630615,0.37589280368455036],[33.41414451599121,0.3761932046241583],[33.41438055038452,0.37630049067149685],[33.41459512710571,0.3762361190432557],[33.41474533081055,0.37600008973559795],[33.41472387313843,0.3758284320532823],[33.41485261917114,0.3755280311011546],[33.414809703826904,0.37533491619788606],[33.414530754089355,0.3750345152287906],[33.4143590927124,0.375055972441217],[33.41433763504028,0.3752490873506247],[33.414273262023926,0.37520617292666714],[33.414273262023926,0.3747770286756378],[33.41371536254883,0.3747770286756378],[33.41371536254883,0.3750345152287906],[33.4134578704834,0.3750345152287906]]],[[[33.40895175933838,0.375420745044309],[33.409059047698975,0.375420745044309],[33.40923070907593,0.37533491619788606],[33.40925216674805,0.37533491619788606],[33.40933799743652,0.3750988868658851],[33.409423828125,0.375055972441217],[33.409423828125,0.3750345152287906],[33.40946674346924,0.37497014359119873],[33.40959548950195,0.3748199431016843],[33.40974569320679,0.3743907988317261],[33.409831523895264,0.3743264271894162],[33.409767150878906,0.37494868637857337],[33.40972423553467,0.37501305801630735],[33.409767150878906,0.37501305801630735],[33.40970277786255,0.37578551763218115],[33.40923070907593,0.3755280311011546],[33.40895175933838,0.375420745044309]]],[[[33.40950965881348,0.3499509987395868],[33.409831523895264,0.3499939132832566],[33.41011047363281,0.35005828509837045],[33.41021776199341,0.350122656913058],[33.41036796569824,0.35016557145593197],[33.410582542419434,0.3501870287272908],[33.41075420379639,0.35025140054109727],[33.41075420379639,0.35033722962546676],[33.41049671173096,0.35033722962546676],[33.41049671173096,0.3506161741442497],[33.40950965881348,0.3506161741442497],[33.40950965881348,0.3499509987395868]]],[[[33.40963840484619,0.33883612539104035],[33.40970277786255,0.3386644670143255],[33.41021776199341,0.3386644670143255],[33.41021776199341,0.3389434118749648],[33.41075420379639,0.3389434118749648],[33.41075420379639,0.3392223567275323],[33.411290645599365,0.3392223567275323],[33.411290645599365,0.3389434118749648],[33.411569595336914,0.3389434118749648],[33.411569595336914,0.3386644670143255],[33.411827087402344,0.3386644670143255],[33.411827087402344,0.33812803456750373],[33.41210603713989,0.33812803456750373],[33.41210603713989,0.3380851199704864],[33.41247081756592,0.3382567783574473],[33.412556648254395,0.33842843674138123],[33.41264247894287,0.33851426593221845],[33.41287851333618,0.33855718052734574],[33.412771224975586,0.3387932107971494],[33.41274976730347,0.3389434118749648],[33.412771224975586,0.3390292410612119],[33.4128999710083,0.3391365275429763],[33.413050174713135,0.33911507024672005],[33.41343641281128,0.33883612539104035],[33.41369390487671,0.3388575826879219],[33.41399431228638,0.3386644670143255],[33.41433763504028,0.33875029620307373],[33.414788246154785,0.3387073816087991],[33.41498136520386,0.33864300971701766],[33.41545343399048,0.33864300971701766],[33.41560363769531,0.33855718052734574],[33.41573238372803,0.3384069794435618],[33.41614007949829,0.3384069794435618],[33.41614007949829,0.33812803456750373],[33.41641902923584,0.33812803456750373],[33.41641902923584,0.33784908968343075],[33.41669797897339,0.33784908968343075],[33.41669797897339,0.33703371228412493],[33.41695547103882,0.33703371228412493],[33.41695547103882,0.3378061750851771],[33.41689109802246,0.3379992907758549],[33.41691255569458,0.3380422053732559],[33.41689109802246,0.33814949186593424],[33.41736316680908,0.3387073816087991],[33.417277336120605,0.3388146680941304],[33.417298793792725,0.3389434118749648],[33.41695547103882,0.3389434118749648],[33.41695547103882,0.3392223567275323],[33.41723442077637,0.3392223567275323],[33.41723442077637,0.3394798442766245],[33.417041301727295,0.3394583869811356],[33.41669797897339,0.3392867286154484],[33.41669797897339,0.3389434118749648],[33.41560363769531,0.3389434118749648],[33.41560363769531,0.3392223567275323],[33.415067195892334,0.3392223567275323],[33.415067195892334,0.33935110050293815],[33.41493844985962,0.33930818591132095],[33.41465950012207,0.3394369296855899],[33.41392993927002,0.3394583869811356],[33.41384410858154,0.3394154723900016],[33.41367244720459,0.3394154723900016],[33.41362953186035,0.3394583869811356],[33.41315746307373,0.3394369296855899],[33.41298580169678,0.3397158745239466],[33.4130072593689,0.339758789113759],[33.41294288635254,0.3398660755874232],[33.4130072593689,0.3401021058253093],[33.41294288635254,0.34059562357677464],[33.41287851333618,0.34061708086971976],[33.412792682647705,0.34042396523129526],[33.41272830963135,0.34042396523129526],[33.41266393661499,0.34055270899068546],[33.41249227523804,0.34059562357677464],[33.41225624084473,0.34046687981795287],[33.41208457946777,0.34025230688276054],[33.41210603713989,0.3401235631193771],[33.412063121795654,0.34005919123703165],[33.41174125671387,0.3400377339428218],[33.41165542602539,0.3396515026388869],[33.41159105300903,0.33958713075340086],[33.41167688369751,0.3393940150943564],[33.41163396835327,0.33930818591132095],[33.41135501861572,0.339265271319519],[33.41118335723877,0.3395013015720849],[33.40993881225586,0.339265271319519],[33.40991735458374,0.3391794421353609],[33.40985298156738,0.33911507024672005],[33.409767150878906,0.3391365275429763],[33.40968132019043,0.3390506983576671],[33.40968132019043,0.3389648691715763],[33.40963840484619,0.33883612539104035]],[[33.411569595336914,0.3389434118749648],[33.411569595336914,0.3392223567275323],[33.411827087402344,0.3392223567275323],[33.411827087402344,0.3389434118749648],[33.411569595336914,0.3389434118749648]]],[[[33.409788608551025,0.3758284320532823],[33.409831523895264,0.3750345152287906],[33.41013193130493,0.375055972441217],[33.41015338897705,0.3751847157146244],[33.410282135009766,0.3751847157146244],[33.41075420379639,0.3750774296535724],[33.4108829498291,0.37516325850252485],[33.410818576812744,0.37520617292666714],[33.410775661468506,0.37531345898614177],[33.41084003448486,0.37533491619788606],[33.41086149215698,0.3754422022557833],[33.41090440750122,0.3755065738898793],[33.41090440750122,0.37567823157851876],[33.41060400009155,0.37567823157851876],[33.41038942337036,0.3758284320532823],[33.41015338897705,0.37589280368455036],[33.409788608551025,0.3758284320532823]]],[[[33.409810066223145,0.3749916008037957],[33.41011047363281,0.37003498330723517],[33.410582542419434,0.37018518387829147],[33.410775661468506,0.3702280983267059],[33.411548137664795,0.3702280983267059],[33.41214895248413,0.37027101277490715],[33.41320037841797,0.3705499566831776],[33.41315746307373,0.3708932722505125],[33.41309309005737,0.3710220155848276],[33.4130072593689,0.3710434728070453],[33.41298580169678,0.3711078444733431],[33.4130072593689,0.3712151305827831],[33.413071632385254,0.3713224166909441],[33.41311454772949,0.3715155316823484],[33.41292142868042,0.3715155316823484],[33.41292142868042,0.3717730183309982],[33.41210603713989,0.3717944755513827],[33.41210603713989,0.3715155316823484],[33.41184854507446,0.3715155316823484],[33.41184854507446,0.37097910114026433],[33.411569595336914,0.37097910114026433],[33.411569595336914,0.3712365878045176],[33.411290645599365,0.3712365878045176],[33.411290645599365,0.3715155316823484],[33.411569595336914,0.3715155316823484],[33.411569595336914,0.37286733650388726],[33.41236352920532,0.37286733650388726],[33.4123420715332,0.37297462259195413],[33.412320613861084,0.37303899424415476],[33.412320613861084,0.37396165454075003],[33.41210603713989,0.37396165454075003],[33.41210603713989,0.37421914111786236],[33.412299156188965,0.37421914111786236],[33.412277698516846,0.3746697426095835],[33.41223478317261,0.37471265703617007],[33.412277698516846,0.3754636594672007],[33.41221332550049,0.3755065738898793],[33.41223478317261,0.3755494883123589],[33.411762714385986,0.3756138599456733],[33.411548137664795,0.3755494883123589],[33.411290645599365,0.3755494883123589],[33.41116189956665,0.37569968878935356],[33.4109902381897,0.37569968878935356],[33.41092586517334,0.3756567743676129],[33.41096878051758,0.37559240273462535],[33.4108829498291,0.375420745044309],[33.4108829498291,0.37531345898614177],[33.410818576812744,0.37529200177436906],[33.41086149215698,0.37522763013868143],[33.41090440750122,0.37522763013868143],[33.41092586517334,0.37516325850252485],[33.410818576812744,0.3750345152287906],[33.41023921966553,0.37514180129035424],[33.41019630432129,0.37514180129035424],[33.41015338897705,0.3750345152287906],[33.409810066223145,0.3749916008037957]]],[[[33.41015338897705,0.3699920688578686],[33.41026067733765,0.3698204110584129],[33.41038942337036,0.3694556382235419],[33.41038942337036,0.36891920755685703],[33.41049671173096,0.3685973491412966],[33.41045379638672,0.3682540334852149],[33.41045379638672,0.36797508950492386],[33.411569595336914,0.36797508950492386],[33.411569595336914,0.36771760274613996],[33.41238498687744,0.36771760274613996],[33.41238498687744,0.36797508950492386],[33.41264247894287,0.36797508950492386],[33.41264247894287,0.36771760274613996],[33.41292142868042,0.36771760274613996],[33.41283559799194,0.3682111190272934],[33.41270685195923,0.3686402635973707],[33.41272830963135,0.36876900696437076],[33.41264247894287,0.36883337864716736],[33.41262102127075,0.3689621220113821],[33.41236352920532,0.3691337798273935],[33.41238498687744,0.3691981515075753],[33.41247081756592,0.3693698093190534],[33.41247081756592,0.3694556382235419],[33.41242790222168,0.36954146712722036],[33.41247081756592,0.3697989538332678],[33.41238498687744,0.37027101277490715],[33.412063121795654,0.3702066411025271],[33.41075420379639,0.3701637266540274],[33.410561084747314,0.3701422694296781],[33.41047525405884,0.37007789775636013],[33.41015338897705,0.3699920688578686]],[[33.41049671173096,0.368790464192017],[33.41049671173096,0.3693483520927998],[33.41075420379639,0.3693483520927998],[33.41075420379639,0.3696058388044321],[33.41184854507446,0.3696058388044321],[33.41184854507446,0.36906940814678535],[33.411290645599365,0.36906940814678535],[33.411290645599365,0.368790464192017],[33.41049671173096,0.368790464192017]]],[[[33.41049671173096,0.3506161741442497],[33.41075420379639,0.3506161741442497],[33.41075420379639,0.35033722962546676],[33.411290645599365,0.35033722962546676],[33.411290645599365,0.35089511865471934],[33.411569595336914,0.35089511865471934],[33.411569595336914,0.3514315503822587],[33.411033153533936,0.3514315503822587],[33.411033153533936,0.35089511865471934],[33.41049671173096,0.35089511865471934],[33.41049671173096,0.3506161741442497]]],[[[33.411290645599365,0.3833384524778154],[33.41141939163208,0.3833384524778154],[33.41148376464844,0.3832955380939609],[33.41167688369751,0.38297368020832323],[33.41191291809082,0.3828878514367773],[33.412063121795654,0.3827376510844971],[33.41210603713989,0.3827376510844971],[33.41210603713989,0.383445738436464],[33.411290645599365,0.383445738436464],[33.411290645599365,0.3833384524778154]]],[[[33.41187000274658,0.3417114027477197],[33.412041664123535,0.3418616037800746],[33.41236352920532,0.3419688902303193],[33.41247081756592,0.3419903475202233],[33.41247081756592,0.3420976339690327],[33.41242790222168,0.34229074957386274],[33.412277698516846,0.3420976339690327],[33.41187000274658,0.3418186891996555],[33.41187000274658,0.3417114027477197]]],[[[33.41225624084473,0.37557094552352055],[33.412277698516846,0.3754636594672007],[33.412299156188965,0.375420745044309],[33.412277698516846,0.37475557146254346],[33.412320613861084,0.3746053709693342],[33.4123420715332,0.37421914111786236],[33.41264247894287,0.37421914111786236],[33.41264247894287,0.37396165454075003],[33.4123420715332,0.37396165454075003],[33.41236352920532,0.37312482311304507],[33.41240644454956,0.37286733650388726],[33.41264247894287,0.37286733650388726],[33.41264247894287,0.37314628033013264],[33.41292142868042,0.37314628033013264],[33.4128999710083,0.3733179380649716],[33.41294288635254,0.3734681385802219],[33.41309309005737,0.37329648084829614],[33.41320037841797,0.3734681385802219],[33.41347932815552,0.3733393952816044],[33.413543701171875,0.37327502363157805],[33.413543701171875,0.3732106519810827],[33.41341495513916,0.37314628033013264],[33.41399431228638,0.37314628033013264],[33.41399431228638,0.37286733650388726],[33.414273262023926,0.37286733650388726],[33.414273262023926,0.3725883926687885],[33.41408014297485,0.3725883926687885],[33.41412305831909,0.37245964935731024],[33.41399431228638,0.3723523632629906],[33.41399431228638,0.3720519621918754],[33.4134578704834,0.3720519621918754],[33.4134578704834,0.3717944755513827],[33.4133505821228,0.3717944755513827],[33.4134578704834,0.3717301038900871],[33.41373682022095,0.3718159327717103],[33.414037227630615,0.3718159327717103],[33.41408014297485,0.3718373899919811],[33.4143590927124,0.3718159327717103],[33.414552211761475,0.3720305049721304],[33.414552211761475,0.3720519621918754],[33.414530754089355,0.372202162728712],[33.41433763504028,0.3726098498871835],[33.414316177368164,0.37297462259195413],[33.41420888900757,0.3733393952816044],[33.41386556625366,0.3732535664147889],[33.413822650909424,0.37327502363157805],[33.41373682022095,0.3735110530126633],[33.41362953186035,0.37372562517178665],[33.41343641281128,0.3737685396029775],[33.41339349746704,0.3738114540339552],[33.41341495513916,0.37404748340063065],[33.413286209106445,0.3742405983322641],[33.41309309005737,0.3742405983322641],[33.413028717041016,0.3742620555466374],[33.41298580169678,0.37449808490119096],[33.41264247894287,0.37449808490119096],[33.41264247894287,0.3749057719531663],[33.41259956359863,0.37494868637857337],[33.412535190582275,0.37522763013868143],[33.41249227523804,0.3755280311011546],[33.41225624084473,0.37557094552352055]]],[[[33.4124493598938,0.3424409505971511],[33.41266393661499,0.3425911516180946],[33.41247081756592,0.34254823704092985],[33.4124493598938,0.3425267797522764],[33.4124493598938,0.3424409505971511]]],[[[33.41247081756592,0.3423336641521928],[33.412513732910156,0.34201180481008464],[33.41262102127075,0.3419688902303193],[33.412814140319824,0.34201180481008464],[33.41285705566406,0.34205471938966525],[33.41287851333618,0.34201180481008464],[33.41320037841797,0.3419688902303193],[33.41360807418823,0.34201180481008464],[33.41438055038452,0.3419903475202233],[33.41517448425293,0.3420761766793703],[33.41633319854736,0.3421405485482296],[33.4168267250061,0.3422263777060266],[33.41736316680908,0.3422263777060266],[33.417792320251465,0.34229074957386274],[33.41811418533325,0.34224783499534794],[33.41865062713623,0.34226929228464087],[33.419058322906494,0.3423336641521928],[33.41918706893921,0.3423980360193184],[33.419551849365234,0.342483865174799],[33.41968059539795,0.3425911516180946],[33.420259952545166,0.34280572450106206],[33.420538902282715,0.343020297379212],[33.42064619064331,0.34314904110381406],[33.42116117477417,0.34349235769423103],[33.42116117477417,0.3436211014124666],[33.421053886413574,0.34381421698655856],[33.421010971069336,0.343835674272313],[33.42094659805298,0.3440502471273561],[33.42088222503662,0.3441146189829425],[33.4208607673645,0.34417899083807413],[33.42071056365967,0.34437210640086846],[33.42062473297119,0.34435064911632196],[33.420560359954834,0.34512311133012474],[33.42049598693848,0.34520894046112005],[33.42045307159424,0.3451874831784352],[33.420259952545166,0.3449943676321823],[33.42034578323364,0.3449085384992401],[33.42032432556152,0.3448227093655305],[33.42013120651245,0.34475833751473317],[33.42008829116821,0.3446939656635095],[33.4199595451355,0.34465105109578076],[33.41989517211914,0.34467250837968777],[33.41987371444702,0.3448227093655305],[33.41922998428345,0.344565221959769],[33.41918706893921,0.3445223073914718],[33.41916561126709,0.34426481997758174],[33.41858625411987,0.3439858752713576],[33.41841459274292,0.3441146189829425],[33.41835021972656,0.3442219054079345],[33.41845750808716,0.34437210640086846],[33.41841459274292,0.34454376467563463],[33.418307304382324,0.3445223073914718],[33.41824293136597,0.344565221959769],[33.41772794723511,0.34460813652786726],[33.41689109802246,0.34460813652786726],[33.4168267250061,0.344565221959769],[33.41734170913696,0.3444150209698478],[33.41734170913696,0.34420044812301853],[33.41714859008789,0.3441575335530729],[33.417019844055176,0.34424336269276523],[33.4169340133667,0.34445793553864235],[33.41674089431763,0.3443291918316902],[33.41669797897339,0.3441360762680148],[33.416783809661865,0.3441360762680148],[33.41674089431763,0.3440502471273561],[33.41669797897339,0.34407170441259893],[33.41669797897339,0.3422049204166484],[33.41560363769531,0.3422049204166484],[33.41560363769531,0.34246240788600346],[33.41614007949829,0.34246240788600346],[33.41614007949829,0.34274135263667915],[33.41641902923584,0.34274135263667915],[33.41641902923584,0.343020297379212],[33.41614007949829,0.343020297379212],[33.41614007949829,0.34327778482665394],[33.41641902923584,0.34327778482665394],[33.41641902923584,0.3435567295535549],[33.41614007949829,0.3435567295535549],[33.41614007949829,0.343835674272313],[33.41641902923584,0.343835674272313],[33.41641902923584,0.3440931616977849],[33.41620445251465,0.34417899083807413],[33.41611862182617,0.3443077345470442],[33.41622591018677,0.34450085010723797],[33.41620445251465,0.344565221959769],[33.416032791137695,0.34458667924384656],[33.415281772613525,0.3447797947983844],[33.4149169921875,0.3447368802310393],[33.41485261917114,0.34471542294730284],[33.4149169921875,0.3442219054079345],[33.41511011123657,0.3436640159848139],[33.41511011123657,0.3435138149807244],[33.41498136520386,0.34327778482665394],[33.414766788482666,0.34319195567829297],[33.41461658477783,0.34321341296544006],[33.414466381073,0.34327778482665394],[33.4143590927124,0.34338507126103934],[33.41423034667969,0.34336361397427595],[33.413286209106445,0.34278426721299127],[33.412814140319824,0.3425267797522764],[33.41270685195923,0.34250532246356613],[33.41247081756592,0.3423336641521928]]],[[[33.41249227523804,0.3875226038657189],[33.41399431228638,0.3875226038657189],[33.41399431228638,0.3878015472183307],[33.414809703826904,0.3878015472183307],[33.414809703826904,0.3879732046615487],[33.41249227523804,0.3875226038657189]]],[[[33.41264247894287,0.3253823910174134],[33.41317892074585,0.3253823910174134],[33.41317892074585,0.3261763120520129],[33.41264247894287,0.3261763120520129],[33.41264247894287,0.3253823910174134]]],[[[33.41264247894287,0.352504413744839],[33.41292142868042,0.352504413744839],[33.41292142868042,0.35196798207898894],[33.4134578704834,0.35196798207898894],[33.4134578704834,0.352504413744839],[33.41371536254883,0.352504413744839],[33.41371536254883,0.3527833581988915],[33.41399431228638,0.3527833581988915],[33.41399431228638,0.3535987342473561],[33.414273262023926,0.3535987342473561],[33.414273262023926,0.3541351658191587],[33.41371536254883,0.3541351658191587],[33.41371536254883,0.3544141102242122],[33.4134578704834,0.3544141102242122],[33.4134578704834,0.3541351658191587],[33.41317892074585,0.3541351658191587],[33.41317892074585,0.3544141102242122],[33.41292142868042,0.3544141102242122],[33.41292142868042,0.3541351658191587],[33.41264247894287,0.3541351658191587],[33.41264247894287,0.352504413744839]]],[[[33.41272830963135,0.3215629862506404],[33.413286209106445,0.321305498237237],[33.41371536254883,0.3209836382113451],[33.41371536254883,0.32102655288205995],[33.41399431228638,0.32102655288205995],[33.41399431228638,0.321305498237237],[33.41371536254883,0.321305498237237],[33.41371536254883,0.3215629862506404],[33.41272830963135,0.3215629862506404]]],[[[33.41292142868042,0.32645525726553615],[33.41317892074585,0.32645525726553615],[33.41317892074585,0.32673420247130025],[33.4134578704834,0.32673420247130025],[33.4134578704834,0.3272706355375874],[33.41292142868042,0.3272706355375874],[33.41292142868042,0.32645525726553615]]],[[[33.41292142868042,0.3674386587490801],[33.41296434402466,0.3674386587490801],[33.41292142868042,0.36769614551589314],[33.41292142868042,0.3674386587490801]]],[[[33.413028717041016,0.3427628099248494],[33.41324329376221,0.34284863907707575],[33.41373682022095,0.34317049839107483],[33.41339349746704,0.343020297379212],[33.41324329376221,0.3428915536529047],[33.413071632385254,0.34287009636501864],[33.413028717041016,0.3427628099248494]]],[[[33.41362953186035,0.37024955555084205],[33.41365098953247,0.3702280983267059],[33.41365098953247,0.37007789775636013],[33.41369390487671,0.3700135260825874],[33.41388702392578,0.37005644053181186],[33.41399431228638,0.3701422694296781],[33.41408014297485,0.3701637266540274],[33.414273262023926,0.37005644053181186],[33.414294719696045,0.36994915440833154],[33.41418743133545,0.3699062399585671],[33.41418743133545,0.3697345821574487],[33.414273262023926,0.3696272960300604],[33.41433763504028,0.36964875325564606],[33.41442346572876,0.3695629243530192],[33.41442346572876,0.36943418099750147],[33.41448783874512,0.3693912665452501],[33.414573669433594,0.3694985526754948],[33.41442346572876,0.3697774966080374],[33.4143590927124,0.37007789775636013],[33.41438055038452,0.3702280983267059],[33.41433763504028,0.3703782988945221],[33.414294719696045,0.3703782988945221],[33.414273262023926,0.3704212133419844],[33.414294719696045,0.3705499566831776],[33.41373682022095,0.37050704223631215],[33.41362953186035,0.37024955555084205]]],[[[33.41373682022095,0.3473761257615706],[33.414466381073,0.3452303977437481],[33.41461658477783,0.34471542294730284],[33.41487407684326,0.3448227093655305],[33.415281772613525,0.34486562393247766],[33.41618299484253,0.34465105109578076],[33.41639757156372,0.3446939656635095],[33.41912269592285,0.34462959381185954],[33.42021703720093,0.3450801967643429],[33.420560359954834,0.345444970567371],[33.42088222503662,0.34602431716693616],[33.42146158218384,0.34677532196556626],[33.42171907424927,0.3473975830392959],[33.421761989593506,0.34767652764526247],[33.421761989593506,0.34789110041346305],[33.421568870544434,0.34857773323892616],[33.42139720916748,0.3486206477888629],[33.42137575149536,0.34866356233860074],[33.42139720916748,0.3487279341628522],[33.42146158218384,0.34877084871209263],[33.42139720916748,0.3488137632611341],[33.42139720916748,0.34885667780999086],[33.42148303985596,0.34889959235864865],[33.42139720916748,0.3490068787294405],[33.4214186668396,0.34911416509901017],[33.42133283615112,0.349307280561149],[33.42139720916748,0.34935019510774623],[33.42124700546265,0.3501870287272908],[33.42135429382324,0.3505732596034363],[33.42107534408569,0.3511740631568898],[33.42047452926636,0.35089511865471934],[33.420281410217285,0.3507878323055138],[33.420045375823975,0.35040160143822163],[33.419551849365234,0.3500153705550133],[33.41938018798828,0.349843712379581],[33.41940879821843,0.349843712379581],[33.41933727264404,0.34975788329069246],[33.41869354248047,0.3491999941937962],[33.418543338775635,0.34902833600345673],[33.4185004234314,0.34885667780999086],[33.4183931350708,0.3487493914374795],[33.41835021972656,0.34851336141367995],[33.41822147369385,0.3483631604863433],[33.41798543930054,0.3481915022807698],[33.41789960861206,0.34804130134831723],[33.41787815093994,0.34791255769000884],[33.4173846244812,0.34771944219929196],[33.417320251464844,0.3475906985366066],[33.416504859924316,0.3473117539280963],[33.416290283203125,0.3473761257615706],[33.41562509536743,0.34741904031696436],[33.415517807006836,0.34746195487217335],[33.41545343399048,0.34761215581383453],[33.415260314941406,0.3475906985366066],[33.41472387313843,0.347633613091034],[33.41442346572876,0.3475906985366066],[33.41425180435181,0.3475477839819945],[33.41418743133545,0.3475048694271834],[33.41373682022095,0.3473761257615706]],[[33.41534614562988,0.3449085384992401],[33.41534614562988,0.3451874831784352],[33.41560363769531,0.3451874831784352],[33.41560363769531,0.3449085384992401],[33.41534614562988,0.3449085384992401]]],[[[33.41397285461426,0.3755280311011546],[33.414015769958496,0.3755280311011546],[33.414015769958496,0.37557094552352055],[33.41397285461426,0.37557094552352055],[33.41397285461426,0.3755280311011546]]],[[[33.414037227630615,0.3570533530247104],[33.414273262023926,0.35696752400242815],[33.414273262023926,0.35739666910578194],[33.41534614562988,0.35739666910578194],[33.41523885726929,0.3576541561581763],[33.414809703826904,0.3577185279201416],[33.414530754089355,0.3575254126328815],[33.414316177368164,0.35754686988721573],[33.41418743133545,0.35748249812405675],[33.414058685302734,0.3571606393014264],[33.414037227630615,0.3570533530247104]]],[[[33.41408014297485,0.34338507126103934],[33.4143590927124,0.34349235769423103],[33.414509296417236,0.34336361397427595],[33.41461658477783,0.3432992421136447],[33.414766788482666,0.3432992421136447],[33.41493844985962,0.3433421566874273],[33.415024280548096,0.3435352722671752],[33.415024280548096,0.34364255869866156],[33.41498136520386,0.34381421698655856],[33.41495990753174,0.3437927597007331],[33.41487407684326,0.34370693055699064],[33.41472387313843,0.3436854732709236],[33.41465950012207,0.3436211014124666],[33.414509296417236,0.3435567295535549],[33.414466381073,0.3435138149807244],[33.41418743133545,0.34349235769423103],[33.41408014297485,0.34338507126103934]]],[[[33.414273262023926,0.3650569058047779],[33.414466381073,0.3650569058047779],[33.414466381073,0.36520710645957877],[33.41463804244995,0.36582936628845175],[33.414788246154785,0.3660010241647029],[33.414766788482666,0.36606539586743736],[33.414530754089355,0.36608685310159217],[33.414509296417236,0.36612976756971705],[33.414273262023926,0.36610831033569013],[33.414273262023926,0.3650569058047779]]],[[[33.414530754089355,0.3229362555456703],[33.415067195892334,0.3229362555456703],[33.415067195892334,0.3237516341018818],[33.414530754089355,0.3237516341018818],[33.414530754089355,0.3229362555456703]]],[[[33.414530754089355,0.35686023772346687],[33.41459512710571,0.3567958659554762],[33.41461658477783,0.356731494187045],[33.41489553451538,0.3565812933922814],[33.41560363769531,0.3565812933922814],[33.41560363769531,0.35686023772346687],[33.41534614562988,0.35686023772346687],[33.41534614562988,0.3571177247908821],[33.414809703826904,0.3571177247908821],[33.414809703826904,0.35686023772346687],[33.414530754089355,0.35686023772346687]]],[[[33.414552211761475,0.3647350472503206],[33.414809703826904,0.3647350472503206],[33.414809703826904,0.36499253409481014],[33.415067195892334,0.36499253409481014],[33.415067195892334,0.3647350472503206],[33.41534614562988,0.3647350472503206],[33.41534614562988,0.36391967219418575],[33.415067195892334,0.36391967219418575],[33.415067195892334,0.36364072807911896],[33.414809703826904,0.36364072807911896],[33.414809703826904,0.36136626035819575],[33.415560722351074,0.3614735465842642],[33.41534614562988,0.3614735465842642],[33.41534614562988,0.362546408775259],[33.41560363769531,0.362546408775259],[33.41560363769531,0.36310429706436764],[33.41588258743286,0.36310429706436764],[33.41588258743286,0.362825352924105],[33.41641902923584,0.362825352924105],[33.41641902923584,0.36336178395541197],[33.41616153717041,0.36336178395541197],[33.41616153717041,0.3641771590619811],[33.41669797897339,0.3641771590619811],[33.41669797897339,0.36445610316046384],[33.41695547103882,0.36445610316046384],[33.41695547103882,0.36499253409481014],[33.41669797897339,0.36499253409481014],[33.41669797897339,0.36527147816801175],[33.41641902923584,0.36527147816801175],[33.41641902923584,0.3654645932905538],[33.41594696044922,0.36555042223257317],[33.41534614562988,0.36555042223257317],[33.41534614562988,0.36567916564405323],[33.41500282287598,0.3658079090537001],[33.414809703826904,0.3658079090537001],[33.414809703826904,0.3658508235231608],[33.41470241546631,0.3657220801141534],[33.414573669433594,0.36507836304133434],[33.414552211761475,0.3647350472503206]]],[[[33.415067195892334,0.3840036253997994],[33.41560363769531,0.3840036253997994],[33.41560363769531,0.38372468192267206],[33.41616153717041,0.38372468192267206],[33.41616153717041,0.3834671956280431],[33.416311740875244,0.3833813668614283],[33.4164834022522,0.38314533774884296],[33.41689109802246,0.38290930862974903],[33.4174919128418,0.38290930862974903],[33.4174919128418,0.38284493705069167],[33.41772794723511,0.38284493705069167],[33.41774940490723,0.3829522230155078],[33.418071269989014,0.3829951374010676],[33.41813564300537,0.3829522230155078],[33.41809272766113,0.3834028240531637],[33.418028354644775,0.3833599096696503],[33.418028354644775,0.38318825213343644],[33.4174919128418,0.38318825213343644],[33.4174919128418,0.383445738436464],[33.41723442077637,0.383445738436464],[33.41723442077637,0.38441131200382017],[33.41719150543213,0.3845185979490111],[33.417019844055176,0.38449714076010366],[33.41684818267822,0.38454005513789014],[33.41674089431763,0.38449714076010366],[33.41659069061279,0.3839821682095703],[33.4163761138916,0.3840250825899574],[33.41635465621948,0.384153825729868],[33.41618299484253,0.38411091135012043],[33.41620445251465,0.38432548324669824],[33.41616153717041,0.38432548324669824],[33.41616153717041,0.384261111678299],[33.415067195892334,0.384261111678299],[33.415067195892334,0.3840036253997994]]],[[[33.415260314941406,0.3682111190272934],[33.415324687957764,0.36799654673448856],[33.41549634933472,0.3681038328815305],[33.41616153717041,0.36836131962915886],[33.41616153717041,0.3685329774567947],[33.41588258743286,0.3685329774567947],[33.41588258743286,0.36906940814678535],[33.41669797897339,0.36906940814678535],[33.41669797897339,0.3693483520927998],[33.41723442077637,0.3693483520927998],[33.41723442077637,0.3696058388044321],[33.41616153717041,0.3696058388044321],[33.41616153717041,0.3693483520927998],[33.41560363769531,0.3693483520927998],[33.41560363769531,0.36906940814678535],[33.41534614562988,0.36906940814678535],[33.41534614562988,0.3693268948665036],[33.415303230285645,0.3691981515075753],[33.415324687957764,0.36891920755685703],[33.415281772613525,0.3686831780532458],[33.415367603302,0.36861880636935496],[33.415367603302,0.3684900630001948],[33.415260314941406,0.3682111190272934]]],[[[33.41534614562988,0.3302532028615133],[33.41560363769531,0.3302532028615133],[33.41560363769531,0.32999571507016867],[33.41588258743286,0.32999571507016867],[33.41588258743286,0.3302532028615133],[33.41614007949829,0.3302532028615133],[33.41614007949829,0.32971676995535404],[33.417770862579346,0.32971676995535404],[33.417770862579346,0.3305321479612786],[33.4174919128418,0.3305321479612786],[33.4174919128418,0.330789635738725],[33.41723442077637,0.330789635738725],[33.41723442077637,0.33106858082342683],[33.41695547103882,0.33106858082342683],[33.41695547103882,0.33188395871827936],[33.41723442077637,0.33188395871827936],[33.41723442077637,0.33216290377215785],[33.41641902923584,0.33216290377215785],[33.41641902923584,0.33188395871827936],[33.41614007949829,0.33188395871827936],[33.41614007949829,0.3316050136565565],[33.41560363769531,0.3316050136565565],[33.41560363769531,0.3305321479612786],[33.41534614562988,0.3305321479612786],[33.41534614562988,0.3302532028615133]]],[[[33.41534614562988,0.3511526058877763],[33.41560363769531,0.3511526058877763],[33.41560363769531,0.3511096913494214],[33.415775299072266,0.3512384349638893],[33.416011333465576,0.3515602939922644],[33.416268825531006,0.3519250675443715],[33.41669797897339,0.352761900933487],[33.41669797897339,0.35306230264457383],[33.41641902923584,0.35306230264457383],[33.41641902923584,0.3527833581988915],[33.41616153717041,0.3527833581988915],[33.41616153717041,0.352504413744839],[33.41560363769531,0.352504413744839],[33.41560363769531,0.3514315503822587],[33.41534614562988,0.3514315503822587],[33.41534614562988,0.3511526058877763]]],[[[33.41560363769531,0.3242880673267905],[33.41588258743286,0.3242880673267905],[33.41588258743286,0.3248245005232633],[33.41614007949829,0.3248245005232633],[33.41614007949829,0.3259188241557638],[33.41588258743286,0.3259188241557638],[33.41588258743286,0.3251034457741895],[33.41560363769531,0.3251034457741895],[33.41560363769531,0.3242880673267905]]],[[[33.41560363769531,0.356044861962431],[33.41588258743286,0.356044861962431],[33.41588258743286,0.3556586313136165],[33.4159255027771,0.3555084305013594],[33.41616153717041,0.3555084305013594],[33.41616153717041,0.3553582296866864],[33.416290283203125,0.3553153151677577],[33.41620445251465,0.3552294861293035],[33.41641902923584,0.3552294861293035],[33.41641902923584,0.35443556748579397],[33.416526317596436,0.3544570247473189],[33.41663360595703,0.3545428537929638],[33.4169340133667,0.3546286828377845],[33.417062759399414,0.3546286828377845],[33.41710567474365,0.35471451188182357],[33.4174919128418,0.3546930546208813],[33.41770648956299,0.3548861699674859],[33.417770862579346,0.35486471270695574],[33.417770862579346,0.35471451188182357],[33.4178352355957,0.3545213965316094],[33.418071269989014,0.35430682391556445],[33.41820001602173,0.3543282811773878],[33.4183931350708,0.3541351658191587],[33.41865062713623,0.35377039235370944],[33.418757915496826,0.3536845633009307],[33.419015407562256,0.35377039235370944],[33.41912269592285,0.35387767866855313],[33.41912269592285,0.35495054174880636],[33.41938018798828,0.35495054174880636],[33.41938018798828,0.3546930546208813],[33.41965913772583,0.3546930546208813],[33.41965913772583,0.35484325544638295],[33.41957330703735,0.3549290844884183],[33.41959476470947,0.35501491352965786],[33.41987371444702,0.3552294861293035],[33.41965913772583,0.3552294861293035],[33.41965913772583,0.3555084305013594],[33.42019557952881,0.3555084305013594],[33.42019557952881,0.3557659176065755],[33.420796394348145,0.3557659176065755],[33.42171907424927,0.3563238063098453],[33.42259883880615,0.356731494187045],[33.42283487319946,0.3567958659554762],[33.42324256896973,0.3570748102801531],[33.42365026473999,0.3572893828318371],[33.423800468444824,0.3574395836150188],[33.42390775680542,0.35748249812405675],[33.42416524887085,0.35737521185109244],[33.424508571624756,0.3574181263604146],[33.42465877532959,0.3573537545963461],[33.42485189437866,0.3574181263604146],[33.42513084411621,0.3576326989040979],[33.425452709198,0.3576326989040979],[33.42558145523071,0.3577185279201416],[33.42573165893555,0.3577185279201416],[33.42586040496826,0.35773998517403527],[33.426010608673096,0.3578687286963316],[33.42616081237793,0.3578901859498558],[33.42618227005005,0.3578472714427363],[33.42667579650879,0.35801892947003466],[33.42684745788574,0.35797601496352627],[33.42695474624634,0.3581262157354672],[33.427040576934814,0.358083301229442],[33.42712640762329,0.3581262157354672],[33.427276611328125,0.3580403867232178],[33.4273624420166,0.35819058749412136],[33.42742681503296,0.35814767298839456],[33.4274697303772,0.35819058749412136],[33.42740535736084,0.3582764165049639],[33.42744827270508,0.3583193310100796],[33.42759847640991,0.3583193310100796],[33.42768430709839,0.35840516001971423],[33.42759847640991,0.3584695317764073],[33.42759847640991,0.35861973254026225],[33.427534103393555,0.35868410429544895],[33.4274697303772,0.358877219558309],[33.42738389968872,0.35898450581368024],[33.42738389968872,0.35913470656909396],[33.42731952667236,0.3592634500717651],[33.427491188049316,0.3593707363226031],[33.42731952667236,0.35973550956603617],[33.42766284942627,0.35909179206778674],[33.42811346054077,0.3580618439763441],[33.42832803726196,0.35825495925232076],[33.42862844467163,0.3583837027673695],[33.42869281768799,0.3583837027673695],[33.428778648376465,0.3584480745242189],[33.42886447906494,0.3587484760501809],[33.42907905578613,0.358877219558309],[33.42914342880249,0.35879139055309395],[33.42922925949097,0.35876993330167295],[33.42931509017944,0.35883430505580804],[33.42916488647461,0.3591561638196623],[33.42890739440918,0.3594780225721905],[33.42907905578613,0.35956385157095383],[33.429250717163086,0.35945656532236114],[33.42942237854004,0.35952093707166455],[33.42940092086792,0.35975696681521185],[33.42970132827759,0.35990716755790686],[33.42972278594971,0.35997153930402703],[33.42995882034302,0.3601431972914497],[33.430044651031494,0.36027194077989577],[33.43006610870361,0.3603792270188819],[33.42989444732666,0.3603792270188819],[33.42989444732666,0.36065817123432],[33.43017339706421,0.36065817123432],[33.43017339706421,0.36091565819482696],[33.43021631240845,0.36091565819482696],[33.43021631240845,0.36104440167235907],[33.43010902404785,0.3612589741308483],[33.430280685424805,0.36134480311281436],[33.43043088912964,0.36153791831929993],[33.43043088912964,0.36173103352167857],[33.43017339706421,0.36173103352167857],[33.43017339706421,0.36228892186100836],[33.43043088912964,0.36228892186100836],[33.43043088912964,0.362546408775259],[33.43062400817871,0.362546408775259],[33.43070983886719,0.3626966094718682],[33.43068838119507,0.3627609811982211],[33.43043088912964,0.362825352924105],[33.43043088912964,0.3628468101659763],[33.43015193939209,0.36291118189126337],[33.430044651031494,0.3628468101659763],[33.42985153198242,0.3629540963745228],[33.42995882034302,0.36310429706436764],[33.43015193939209,0.3632115832698588],[33.43010902404785,0.363404698436554],[33.43021631240845,0.3635334418787153],[33.430495262145996,0.3636192708391377],[33.43058109283447,0.36357635635903307],[33.43062400817871,0.3635978135991138],[33.43070983886719,0.3635119846384782],[33.43070983886719,0.3640269583899993],[33.430516719818115,0.3638982149548866],[33.43021631240845,0.36391967219418575],[33.430044651031494,0.3637265570385182],[33.43006610870361,0.36357635635903307],[33.4299373626709,0.36368364255892516],[33.42991590499878,0.3636192708391377],[33.429808616638184,0.3636192708391377],[33.429765701293945,0.3635334418787153],[33.42970132827759,0.3635978135991138],[33.429744243621826,0.3637694715179123],[33.42972278594971,0.3638767577155164],[33.42987298965454,0.3643917314462044],[33.4288215637207,0.3643488169697662],[33.428800106048584,0.36394112943345647],[33.42873573303223,0.36374801427822945],[33.42864990234375,0.3637265570385182],[33.42811346054077,0.3637050997987359],[33.428006172180176,0.3635978135991138],[33.42787742614746,0.3633188694740852],[33.42768430709839,0.3630399253404448],[33.42766284942627,0.3629326391329215],[33.42770576477051,0.3628468101659763],[33.42783451080322,0.3627824384402203],[33.42787742614746,0.3630399253404448],[33.428006172180176,0.36306138258180454],[33.42815637588501,0.3629540963745228],[33.42817783355713,0.3628897246495484],[33.428049087524414,0.3626322377450464],[33.42807054519653,0.362567866017784],[33.42817783355713,0.36258932326025217],[33.428263664245605,0.3624391225618808],[33.428263664245605,0.3622245501313017],[33.42822074890137,0.36207434942686234],[33.42822074890137,0.36198852045178853],[33.428306579589844,0.3619026914758905],[33.42834949493408,0.3618812342317881],[33.42843532562256,0.361945605963939],[33.428499698638916,0.361945605963939],[33.42864990234375,0.3620958066704958],[33.42867136001587,0.36218163564456063],[33.428800106048584,0.36226746461781545],[33.42884302139282,0.36226746461781545],[33.42890739440918,0.3622030928879525],[33.429014682769775,0.3622245501313017],[33.42918634414673,0.36198852045178853],[33.42907905578613,0.36200997769563514],[33.42858552932739,0.36192414871993606],[33.42843532562256,0.3616666617880071],[33.428306579589844,0.3616452045433647],[33.428263664245605,0.36173103352167857],[33.428242206573486,0.36192414871993606],[33.42819929122925,0.36192414871993606],[33.42807054519653,0.3616452045433647],[33.4279203414917,0.36155937556421236],[33.42759847640991,0.361495003829333],[33.427491188049316,0.3614091748487738],[33.4273624420166,0.36145208933915285],[33.427276611328125,0.3614091748487738],[33.42712640762329,0.3614735465842642],[33.42693328857422,0.3614735465842642],[33.42693328857422,0.36153791831929993],[33.42658996582031,0.3616237472986512],[33.42637538909912,0.3616022900538951],[33.42661142349243,0.361173145148058],[33.42663288116455,0.36104440167235907],[33.426353931427,0.3616022900538951],[33.426311016082764,0.3616452045433647],[33.42620372772217,0.3616666617880071],[33.42622518539429,0.36173103352167857],[33.42607498168945,0.36181686249918243],[33.42607498168945,0.3620314349394391],[33.42616081237793,0.3621172639140866],[33.42618227005005,0.36235329359024604],[33.426268100738525,0.3625249515326914],[33.42674016952515,0.36426298801627865],[33.42674016952515,0.36445610316046384],[33.4264612197876,0.36445610316046384],[33.42639684677124,0.3641771590619811],[33.42637538909912,0.3641771590619811],[33.42620372772217,0.3637265570385182],[33.42588186264038,0.3633832411960043],[33.42586040496826,0.3634261556770326],[33.42586040496826,0.36336178395541197],[33.42558145523071,0.36336178395541197],[33.42558145523071,0.36310429706436764],[33.42515230178833,0.36310429706436764],[33.424808979034424,0.362546408775259],[33.42558145523071,0.362546408775259],[33.42558145523071,0.3614735465842642],[33.42532396316528,0.3614735465842642],[33.42532396316528,0.36119460239382306],[33.424508571624756,0.36119460239382306],[33.424508571624756,0.3614735465842642],[33.42397212982178,0.3614735465842642],[33.42397212982178,0.36065817123432],[33.42422962188721,0.36065817123432],[33.42422962188721,0.3603792270188819],[33.42397212982178,0.3603792270188819],[33.42397212982178,0.36012174004319775],[33.42369318008423,0.36012174004319775],[33.42369318008423,0.3603792270188819],[33.4234356880188,0.3603792270188819],[33.4234356880188,0.36012174004319775],[33.42315673828125,0.36012174004319775],[33.42315673828125,0.3603792270188819],[33.42289924621582,0.3603792270188819],[33.42289924621582,0.35984279581134615],[33.42262029647827,0.35984279581134615],[33.42262029647827,0.3600788255465517],[33.42240571975708,0.35971405231683207],[33.42189073562622,0.3596496805688929],[33.421547412872314,0.3594136508226029],[33.421547412872314,0.35930636457224807],[33.42135429382324,0.35930636457224807],[33.421268463134766,0.3592419928214383],[33.421268463134766,0.35902742031547064],[33.421010971069336,0.35902742031547064],[33.421010971069336,0.3587484760501809],[33.42073202133179,0.3587484760501809],[33.42073202133179,0.3584909890285246],[33.42013120651245,0.3584909890285246],[33.41991662979126,0.3582120447469066],[33.41938018798828,0.35801892947003466],[33.41938018798828,0.3579331004567905],[33.419251441955566,0.3579331004567905],[33.41869354248047,0.3574395836150188],[33.41858625411987,0.3574395836150188],[33.41858625411987,0.3571177247908821],[33.417770862579346,0.3571177247908821],[33.417770862579346,0.3565812933922814],[33.41723442077637,0.3565812933922814],[33.41723442077637,0.3571177247908821],[33.41669797897339,0.3571177247908821],[33.41669797897339,0.35739666910578194],[33.41616153717041,0.35739666910578194],[33.41616153717041,0.3575897843957563],[33.416032791137695,0.35756832714152154],[33.415796756744385,0.3576541561581763],[33.41573238372803,0.3576112416499484],[33.415775299072266,0.357461040869552],[33.41573238372803,0.35739666910578194],[33.41566801071167,0.35739666910578194],[33.41568946838379,0.3572893828318371],[33.41562509536743,0.3572464683219039],[33.41560363769531,0.3568816949793643],[33.41588258743286,0.35686023772346687],[33.41588258743286,0.3565812933922814],[33.41560363769531,0.3565812933922814],[33.41560363769531,0.356044861962431]],[[33.42731952667236,0.35973550956603617],[33.42719078063965,0.3599929965526343],[33.42712640762329,0.36016465453965907],[33.427276611328125,0.3599286248066562],[33.42731952667236,0.35973550956603617]],[[33.421547412872314,0.3571177247908821],[33.421547412872314,0.35739666910578194],[33.421804904937744,0.35739666910578194],[33.421804904937744,0.3571177247908821],[33.421547412872314,0.3571177247908821]],[[33.421547412872314,0.3576756134122263],[33.421547412872314,0.3582120447469066],[33.42208385467529,0.3582120447469066],[33.42208385467529,0.35739666910578194],[33.421804904937744,0.35739666910578194],[33.421804904937744,0.3576756134122263],[33.421547412872314,0.3576756134122263]]],[[[33.41560363769531,0.35984279581134615],[33.41588258743286,0.35984279581134615],[33.41588258743286,0.35962822331948985],[33.416075706481934,0.35952093707166455],[33.41611862182617,0.3594136508226029],[33.416268825531006,0.35930636457224807],[33.416569232940674,0.3591990783206569],[33.417534828186035,0.35943510807250334],[33.418028354644775,0.35962822331948985],[33.418028354644775,0.35984279581134615],[33.417770862579346,0.35984279581134615],[33.417770862579346,0.3603577697711984],[33.4174919128418,0.36040068426652283],[33.41714859008789,0.3602933980277925],[33.41695547103882,0.3602933980277925],[33.41695547103882,0.36012174004319775],[33.41669797897339,0.36012174004319775],[33.41669797897339,0.36044359876166254],[33.416547775268555,0.3605079705039884],[33.41611862182617,0.3609371154412315],[33.416011333465576,0.3609371154412315],[33.41588258743286,0.36080837196217885],[33.41588258743286,0.3603792270188819],[33.41560363769531,0.3603792270188819],[33.41560363769531,0.35984279581134615]],[[33.41616153717041,0.35956385157095383],[33.41616153717041,0.35984279581134615],[33.41641902923584,0.35984279581134615],[33.41641902923584,0.35956385157095383],[33.41616153717041,0.35956385157095383]]],[[[33.41611862182617,0.3609371154412315],[33.41659069061279,0.3605079705039884],[33.41669797897339,0.36046505600916134],[33.41669797897339,0.36065817123432],[33.41723442077637,0.36065817123432],[33.41723442077637,0.3603792270188819],[33.41695547103882,0.3603792270188819],[33.41695547103882,0.36031485527564655],[33.41714859008789,0.36031485527564655],[33.4174919128418,0.36040068426652283],[33.4174919128418,0.3609371154412315],[33.418307304382324,0.3609371154412315],[33.418307304382324,0.36119460239382306],[33.418028354644775,0.36119460239382306],[33.418028354644775,0.3614735465842642],[33.41723442077637,0.3614735465842642],[33.41723442077637,0.3616666617880071],[33.41695547103882,0.3616237472986512],[33.41695547103882,0.36119460239382306],[33.41616153717041,0.36119460239382306],[33.41616153717041,0.3609371154412315],[33.41611862182617,0.3609371154412315]]],[[[33.41641902923584,0.31971765534470364],[33.41684818267822,0.3196532833303394],[33.41747045516968,0.31948162462346374],[33.41835021972656,0.31905247784369806],[33.41862916946411,0.3191812218795036],[33.41912269592285,0.3193314232525779],[33.41912269592285,0.3193957952689317],[33.420002460479736,0.31941725260763576],[33.42073202133179,0.31928850857477187],[33.42073202133179,0.31967474066850343],[33.421547412872314,0.31967474066850343],[33.421547412872314,0.3193957952689317],[33.421568870544434,0.3193957952689317],[33.421804904937744,0.31969619800661064],[33.421804904937744,0.32102655288205995],[33.42234134674072,0.32102655288205995],[33.42234134674072,0.3204901194853136],[33.422770500183105,0.3204901194853136],[33.42317819595337,0.3208334368624719],[33.42347860336304,0.32102655288205995],[33.4234356880188,0.32102655288205995],[33.4234356880188,0.321305498237237],[33.42315673828125,0.321305498237237],[33.42315673828125,0.32184193159118024],[33.42289924621582,0.32184193159118024],[33.42289924621582,0.32212087692407465],[33.42315673828125,0.32212087692407465],[33.42315673828125,0.32237836491690075],[33.4234356880188,0.32237836491690075],[33.4234356880188,0.32212087692407465],[33.42397212982178,0.32212087692407465],[33.42397212982178,0.32265731023511535],[33.42369318008423,0.32265731023511535],[33.42369318008423,0.32319374351787644],[33.424787521362305,0.32319374351787644],[33.424787521362305,0.32265731023511535],[33.425045013427734,0.32265731023511535],[33.425045013427734,0.32347268881369473],[33.424787521362305,0.32347268881369473],[33.424787521362305,0.3240091220533827],[33.424508571624756,0.3240091220533827],[33.424508571624756,0.3248245005232633],[33.42532396316528,0.3248245005232633],[33.42532396316528,0.3245670125925102],[33.42558145523071,0.3245670125925102],[33.42558145523071,0.3248245005232633],[33.42586040496826,0.3248245005232633],[33.42586040496826,0.3251034457741895],[33.42639684677124,0.3251034457741895],[33.42639684677124,0.3253823910174134],[33.42611789703369,0.3253823910174134],[33.42611789703369,0.3261763120520129],[33.42586040496826,0.3261763120520129],[33.42586040496826,0.32673420247130025],[33.42611789703369,0.32673420247130025],[33.42611789703369,0.3275495807206994],[33.42639684677124,0.3275495807206994],[33.42639684677124,0.3272706355375874],[33.42693328857422,0.3272706355375874],[33.42693328857422,0.3278070685751544],[33.42721223831177,0.3278070685751544],[33.42721223831177,0.32836495890374806],[33.428285121917725,0.32836495890374806],[33.428285121917725,0.3280860137433308],[33.42832803726196,0.3280860137433308],[33.428542613983154,0.3284293308627326],[33.428542613983154,0.3291803370202899],[33.428006172180176,0.3291803370202899],[33.428006172180176,0.32971676995535404],[33.428542613983154,0.32971676995535404],[33.428542613983154,0.32997425775391775],[33.4288215637207,0.32997425775391775],[33.4288215637207,0.3302532028615133],[33.42935800552368,0.3302532028615133],[33.429744243621826,0.3310042088814953],[33.428049087524414,0.3312831539601575],[33.42663288116455,0.33145481246620534],[33.42422962188721,0.33169084290715034],[33.42422962188721,0.3316050136565565],[33.424787521362305,0.3316050136565565],[33.424787521362305,0.33106858082342683],[33.425045013427734,0.33106858082342683],[33.425045013427734,0.3302532028615133],[33.424787521362305,0.3302532028615133],[33.424787521362305,0.32971676995535404],[33.42532396316528,0.32971676995535404],[33.42532396316528,0.3291803370202899],[33.42611789703369,0.3291803370202899],[33.42611789703369,0.32890139188265266],[33.42586040496826,0.32890139188265266],[33.42586040496826,0.32862244673721364],[33.42558145523071,0.32862244673721364],[33.42558145523071,0.32836495890374806],[33.42532396316528,0.32836495890374806],[33.42532396316528,0.3280860137433308],[33.424787521362305,0.3280860137433308],[33.424787521362305,0.3275495807206994],[33.424508571624756,0.3275495807206994],[33.424508571624756,0.3272706355375874],[33.42422962188721,0.3272706355375874],[33.42422962188721,0.32699169034670206],[33.42397212982178,0.32699169034670206],[33.42395067214966,0.3264123426178003],[33.42407941818237,0.32628359867351264],[33.42416524887085,0.3260261107800062],[33.42416524887085,0.32594028148069754],[33.424015045166016,0.3258544521806641],[33.423757553100586,0.3258973668307732],[33.4234356880188,0.32587590950573997],[33.4234356880188,0.3253823910174134],[33.42397212982178,0.3253823910174134],[33.42397212982178,0.3248245005232633],[33.42369318008423,0.3248245005232633],[33.42369318008423,0.3240091220533827],[33.42315673828125,0.3240091220533827],[33.42315673828125,0.3242880673267905],[33.42289924621582,0.3242880673267905],[33.42289924621582,0.3240091220533827],[33.42257738113403,0.3240091220533827],[33.42234134674072,0.32377309143141986],[33.42234134674072,0.32347268881369473],[33.4218692779541,0.32347268881369473],[33.421804904937744,0.3234512314835314],[33.421804904937744,0.3229362555456703],[33.42262029647827,0.3229362555456703],[33.42262029647827,0.32237836491690075],[33.42234134674072,0.32237836491690075],[33.42234134674072,0.32212087692407465],[33.421268463134766,0.32212087692407465],[33.421268463134766,0.32237836491690075],[33.421547412872314,0.32237836491690075],[33.421547412872314,0.3229362555456703],[33.421010971069336,0.3229362555456703],[33.421010971069336,0.32265731023511535],[33.42060327529907,0.32265731023511535],[33.42045307159424,0.32259293823928203],[33.42032432556152,0.32257148090725707],[33.41991662979126,0.32257148090725707],[33.41991662979126,0.32212087692407465],[33.42045307159424,0.32212087692407465],[33.42045307159424,0.3215629862506404],[33.42073202133179,0.3215629862506404],[33.42073202133179,0.3207476075192659],[33.42019557952881,0.3207476075192659],[33.42019557952881,0.321305498237237],[33.41991662979126,0.321305498237237],[33.41991662979126,0.3215629862506404],[33.41965913772583,0.3215629862506404],[33.41965913772583,0.3207476075192659],[33.41938018798828,0.3207476075192659],[33.41938018798828,0.3204901194853136],[33.418028354644775,0.3204901194853136],[33.418028354644775,0.3207476075192659],[33.417770862579346,0.3207476075192659],[33.417770862579346,0.3199536860605008],[33.41641902923584,0.3199536860605008],[33.41641902923584,0.31971765534470364]],[[33.424508571624756,0.3272706355375874],[33.424787521362305,0.3272706355375874],[33.424787521362305,0.32699169034670206],[33.424508571624756,0.32699169034670206],[33.424508571624756,0.3272706355375874]]],[[[33.41641902923584,0.325639878927376],[33.4174919128418,0.325639878927376],[33.4174919128418,0.3253823910174134],[33.41772794723511,0.3253823910174134],[33.4178352355957,0.3257042509038399],[33.41796398162842,0.3258329948555314],[33.41811418533325,0.3259188241557638],[33.417770862579346,0.3259188241557638],[33.417770862579346,0.3261763120520129],[33.41641902923584,0.3261763120520129],[33.41641902923584,0.325639878927376]]],[[[33.41641902923584,0.3340511470063774],[33.41669797897339,0.3340511470063774],[33.41669797897339,0.3339867750839005],[33.4168267250061,0.3339867750839005],[33.41684818267822,0.3339653177763182],[33.416783809661865,0.3339224031610115],[33.416783809661865,0.3339009458532729],[33.41689109802246,0.33379365931395455],[33.41695547103882,0.33379365931395455],[33.41708421707153,0.33370783008163585],[33.41717004776001,0.3336863727734425],[33.417534828186035,0.33377220200594593],[33.41785669326782,0.3337292873897866],[33.41796398162842,0.33379365931395455],[33.41820001602173,0.33379365931395455],[33.41824293136597,0.33375074469788046],[33.41822147369385,0.33370783008163585],[33.417813777923584,0.33360054354018587],[33.417792320251465,0.33355762892327334],[33.41785669326782,0.3335147143061903],[33.41820001602173,0.3335147143061903],[33.41869354248047,0.3336649154652065],[33.4188437461853,0.3336220008485782],[33.4188437461853,0.33433009199892183],[33.41858625411987,0.33433009199892183],[33.41858625411987,0.3346090369835082],[33.41873645782471,0.3346090369835082],[33.41873645782471,0.3346304942896978],[33.418757915496826,0.33467340890192077],[33.418285846710205,0.33546732919405997],[33.41787815093994,0.3357462741462882],[33.41785669326782,0.33581064605721167],[33.41792106628418,0.33615396290831256],[33.41798543930054,0.3361968775138564],[33.41811418533325,0.33621833481655017],[33.418285846710205,0.3366045662570656],[33.41841459274292,0.336711852765589],[33.4183931350708,0.33681913927294715],[33.4183931350708,0.336904968477981],[33.41858625411987,0.3370551695849855],[33.41796398162842,0.3373984863922601],[33.4179425239563,0.33731265719157477],[33.41789960861206,0.33731265719157477],[33.41774940490723,0.3372053706896452],[33.4174919128418,0.33711954148726875],[33.4174919128418,0.33703371228412493],[33.41695547103882,0.33703371228412493],[33.41695547103882,0.336776224670146],[33.41723442077637,0.336776224670146],[33.41723442077637,0.335960847181056],[33.41695547103882,0.335960847181056],[33.41695547103882,0.33568190223493843],[33.41641902923584,0.33568190223493843],[33.41641902923584,0.3340511470063774]]],[[[33.41659069061279,0.387780090037694],[33.41665506362915,0.3871792889575687],[33.4178352355957,0.38659994501855977],[33.4179425239563,0.38584894355730626],[33.41811418533325,0.3857202004430036],[33.41817855834961,0.3857202004430036],[33.418264389038086,0.3861708013345435],[33.41835021972656,0.38623517288853293],[33.418822288513184,0.38589185792829994],[33.4188437461853,0.3858060291860852],[33.41871500015259,0.38537688546200854],[33.41873645782471,0.3853339710884143],[33.418822288513184,0.3853339710884143],[33.41892957687378,0.3854627142085434],[33.41914415359497,0.3854627142085434],[33.41935873031616,0.38567728607114304],[33.41948747634888,0.3856343716990551],[33.419551849365234,0.3856558288851204],[33.41970205307007,0.3856343716990551],[33.420002460479736,0.3855270857679045],[33.42023849487305,0.38537688546200854],[33.42049598693848,0.38526959952760365],[33.42062473297119,0.3851408564045613],[33.42066764831543,0.38503357046718634],[33.421547412872314,0.38458296951547766],[33.42159032821655,0.38449714076010366],[33.421504497528076,0.38423965448870945],[33.421525955200195,0.3841752829196423],[33.42236280441284,0.3837890534951356],[33.4224271774292,0.3838105106858478],[33.422513008117676,0.3840250825899574],[33.42259883880615,0.3840679969701455],[33.42515230178833,0.38318825213343644],[33.42581748962402,0.38331699528592367],[33.42588186264038,0.3832526237099074],[33.42586040496826,0.38318825213343644],[33.425452709198,0.3825874507296163],[33.42547416687012,0.3825445363419959],[33.42568874359131,0.38241579317791263],[33.425774574279785,0.38230850720637477],[33.42588186264038,0.38224413562279835],[33.426053524017334,0.38235142159516045],[33.42616081237793,0.38232996440079603],[33.42648267745972,0.382179764038753],[33.426547050476074,0.38232996440079603],[33.42671871185303,0.3825230791481147],[33.426783084869385,0.3825445363419959],[33.427748680114746,0.38209393525926316],[33.428285121917725,0.38209393525926316],[33.428285121917725,0.3818364489156778],[33.42856407165527,0.3818149917200202],[33.42856407165527,0.3817077057409648],[33.42884302139282,0.38155750536805044],[33.42907905578613,0.3813643905990176],[33.42935800552368,0.38123564741727023],[33.42959403991699,0.38106398983859435],[33.430044651031494,0.3818149917200202],[33.42989444732666,0.3818149917200202],[33.42989444732666,0.38209393525926316],[33.42963695526123,0.38209393525926316],[33.42963695526123,0.382372878789468],[33.43017339706421,0.382372878789468],[33.43017339706421,0.38202956367409513],[33.43047380447388,0.3825445363419959],[33.430795669555664,0.38323116651781675],[33.42841386795044,0.38454005513789014],[33.428285121917725,0.38454005513789014],[33.428285121917725,0.3846044267042146],[33.421010971069336,0.3886169200425229],[33.42073202133179,0.3886169200425229],[33.42073202133179,0.38876712029102123],[33.41957330703735,0.3893893784349274],[33.4188437461853,0.3888529490032653],[33.4188437461853,0.3886169200425229],[33.41858625411987,0.3886169200425229],[33.41858625411987,0.388638377221028],[33.41721296310425,0.38762988977165946],[33.41659069061279,0.387780090037694]],[[33.42397212982178,0.3848189985883863],[33.42397212982178,0.38507648484228696],[33.42422962188721,0.38507648484228696],[33.42422962188721,0.3848189985883863],[33.42397212982178,0.3848189985883863]]],[[[33.41723442077637,0.333235769290539],[33.4174919128418,0.333235769290539],[33.4174919128418,0.33297828157677145],[33.417770862579346,0.33297828157677145],[33.417770862579346,0.33242039150719904],[33.418028354644775,0.33242039150719904],[33.418028354644775,0.3334074277626371],[33.41723442077637,0.3332786839088442],[33.41723442077637,0.333235769290539]]],[[[33.41723442077637,0.37428351276095384],[33.41766357421875,0.37421914111786236],[33.418028354644775,0.37449808490119096],[33.41820001602173,0.3745624565422361],[33.418285846710205,0.37449808490119096],[33.418285846710205,0.3744122560457157],[33.41817855834961,0.3742620555466374],[33.418264389038086,0.37428351276095384],[33.41835021972656,0.3744766276874003],[33.41832876205444,0.37458391375581357],[33.41813564300537,0.3746053709693342],[33.41813564300537,0.3747341142493781],[33.418028354644775,0.3747770286756378],[33.41723442077637,0.3747770286756378],[33.41723442077637,0.37428351276095384]]],[[[33.41759920120239,0.3701637266540274],[33.417770862579346,0.3701637266540274],[33.417770862579346,0.3699276971834706],[33.417813777923584,0.36994915440833154],[33.41789960861206,0.37012081220528614],[33.41796398162842,0.37012081220528614],[33.418028354644775,0.3702280983267059],[33.418028354644775,0.37097910114026433],[33.41841459274292,0.37097910114026433],[33.41845750808716,0.37106493002919194],[33.418564796447754,0.37108638725128174],[33.41860771179199,0.37117221613917195],[33.41869354248047,0.3711293016953192],[33.418757915496826,0.3712151305827831],[33.4188437461853,0.3712580450262095],[33.4188437461853,0.3715155316823484],[33.41907978057861,0.3715155316823484],[33.41920852661133,0.37166573222830834],[33.41920852661133,0.3717301038900871],[33.41938018798828,0.3718803044323806],[33.41938018798828,0.3720519621918754],[33.41912269592285,0.3720519621918754],[33.41912269592285,0.3723309060439419],[33.41847896575928,0.3723309060439419],[33.4183931350708,0.3720305049721304],[33.41789960861206,0.37168718944894863],[33.41789960861206,0.3712580450262095],[33.41796398162842,0.37127950224784456],[33.41796398162842,0.371386788355224],[33.418006896972656,0.371386788355224],[33.418071269989014,0.3712580450262095],[33.41792106628418,0.3710434728070453],[33.4179425239563,0.3709147294730286],[33.418006896972656,0.3707859861371503],[33.41798543930054,0.37059287112981565],[33.41770648956299,0.3705284994597662],[33.41768503189087,0.37050704223631215],[33.41759920120239,0.3701637266540274]]],[[[33.4178352355957,0.36499253409481014],[33.41798543930054,0.36445610316046384],[33.4188437461853,0.36445610316046384],[33.4188437461853,0.3647350472503206],[33.418028354644775,0.3647350472503206],[33.418028354644775,0.36499253409481014],[33.4178352355957,0.36499253409481014]]],[[[33.41811418533325,0.3834028240531637],[33.41817855834961,0.38284493705069167],[33.41822147369385,0.3828663942437629],[33.418307304382324,0.3829522230155078],[33.4183931350708,0.383166794941161],[33.41837167739868,0.3832740809019697],[33.418307304382324,0.3833813668614283],[33.41817855834961,0.383445738436464],[33.41811418533325,0.3834028240531637]]],[[[33.41813564300537,0.38284493705069167],[33.41815710067749,0.38284493705069167],[33.41813564300537,0.3829522230155078],[33.41813564300537,0.38284493705069167]]],[[[33.418307304382324,0.32184193159118024],[33.41912269592285,0.32184193159118024],[33.41912269592285,0.32265731023511535],[33.418307304382324,0.32265731023511535],[33.418307304382324,0.32184193159118024]]],[[[33.418307304382324,0.3750988868658851],[33.41843605041504,0.37492722916589116],[33.41847896575928,0.37497014359119873],[33.418564796447754,0.37494868637857337],[33.418543338775635,0.3745195421149248],[33.41843605041504,0.37421914111786236],[33.41858625411987,0.37421914111786236],[33.41858625411987,0.3740903978302441],[33.418822288513184,0.3742405983322641],[33.41897249221802,0.3742405983322641],[33.419058322906494,0.3741762266888742],[33.41912269592285,0.37398311175580545],[33.41910123825073,0.37389728289529955],[33.41899394989014,0.3738114540339552],[33.4189510345459,0.3737470823874105],[33.41892957687378,0.37370416795610595],[33.41897249221802,0.3736397963087654],[33.41933727264404,0.37361833909287157],[33.419315814971924,0.37389728289529955],[33.4194016456604,0.37398311175580545],[33.419508934020996,0.3740045689707898],[33.41963768005371,0.3739187401105113],[33.419787883758545,0.3738758256800452],[33.41983079910278,0.37389728289529955],[33.419809341430664,0.3740903978302441],[33.41961622238159,0.37421914111786236],[33.41957330703735,0.3744122560457157],[33.41959476470947,0.37458391375581357],[33.419551849365234,0.3748199431016843],[33.41959476470947,0.3749057719531663],[33.41983079910278,0.37492722916589116],[33.41987371444702,0.3750345152287906],[33.41965913772583,0.3750345152287906],[33.41965913772583,0.37559240273462535],[33.41991662979126,0.37559240273462535],[33.41991662979126,0.3762361190432557],[33.419766426086426,0.37630049067149685],[33.41948747634888,0.37627903346214],[33.41922998428345,0.37630049067149685],[33.41912269592285,0.3760430041556333],[33.41916561126709,0.3758713464741845],[33.41912269592285,0.3757640604215595],[33.41912269592285,0.37531345898614177],[33.419036865234375,0.37531345898614177],[33.41899394989014,0.37520617292666714],[33.41886520385742,0.375055972441217],[33.41873645782471,0.3750345152287906],[33.41858625411987,0.3750988868658851],[33.41843605041504,0.3750345152287906],[33.41841459274292,0.37516325850252485],[33.41845750808716,0.37522763013868143],[33.41869354248047,0.3752705445625253],[33.41871500015259,0.37531345898614177],[33.418307304382324,0.37531345898614177],[33.418307304382324,0.3750988868658851]]],[[[33.41858625411987,0.368790464192017],[33.41938018798828,0.368790464192017],[33.41938018798828,0.3685329774567947],[33.41991662979126,0.3685329774567947],[33.41991662979126,0.368447148543396],[33.42047452926636,0.368447148543396],[33.42047452926636,0.368790464192017],[33.42019557952881,0.368790464192017],[33.42019557952881,0.3693483520927998],[33.41965913772583,0.3693483520927998],[33.41965913772583,0.3697345821574487],[33.41959476470947,0.36975603938277857],[33.41942310333252,0.3697345821574487],[33.4194016456604,0.36969166770664685],[33.41912269592285,0.36964875325564606],[33.41912269592285,0.3696058388044321],[33.41938018798828,0.3696058388044321],[33.41938018798828,0.3693483520927998],[33.41858625411987,0.3693483520927998],[33.41858625411987,0.368790464192017]]],[[[33.41912269592285,0.3785749545642716],[33.420023918151855,0.3785749545642716],[33.420023918151855,0.37861786897163086],[33.42008829116821,0.3785749545642716],[33.42015266418457,0.3785749545642716],[33.42019557952881,0.37878952659889364],[33.42013120651245,0.3788324410051729],[33.4199595451355,0.3788109838020546],[33.41991662979126,0.3787251549890698],[33.4198522567749,0.37866078337874853],[33.41968059539795,0.37874661219238703],[33.41963768005371,0.3788324410051729],[33.41965913772583,0.3789182698171061],[33.419551849365234,0.37921867065216475],[33.41942310333252,0.3793688710658074],[33.41938018798828,0.3795190714768353],[33.41938018798828,0.3791972134500128],[33.41942310333252,0.37913284184321583],[33.41938018798828,0.3788324410051729],[33.41912269592285,0.37874661219238703],[33.41912269592285,0.3785749545642716]]],[[[33.41938018798828,0.33297828157677145],[33.42019557952881,0.33297828157677145],[33.42019557952881,0.33242039150719904],[33.421268463134766,0.33242039150719904],[33.421268463134766,0.33321431198130824],[33.42113971710205,0.3336220008485782],[33.42107534408569,0.33355762892327334],[33.42073202133179,0.3334074277626371],[33.42019557952881,0.3334503423802033],[33.42017412185669,0.3334074277626371],[33.41991662979126,0.3334288850714415],[33.41991662979126,0.333235769290539],[33.41938018798828,0.333235769290539],[33.41938018798828,0.33297828157677145]]],[[[33.41938018798828,0.3725883926687885],[33.41965913772583,0.3725883926687885],[33.41965913772583,0.3723309060439419],[33.42013120651245,0.3723309060439419],[33.42019557952881,0.372373820481954],[33.42019557952881,0.37286733650388726],[33.42064619064331,0.37286733650388726],[33.42073202133179,0.37303899424415476],[33.42073202133179,0.37314628033013264],[33.4208607673645,0.3731677375471776],[33.42090368270874,0.37314628033013264],[33.421032428741455,0.3731891947641657],[33.421053886413574,0.37329648084829614],[33.42111825942993,0.3733393952816044],[33.42116117477417,0.37340376693114763],[33.42118263244629,0.37340376693114763],[33.42124700546265,0.3735110530126633],[33.421289920806885,0.3735110530126633],[33.4214186668396,0.37372562517178665],[33.421568870544434,0.37385436846473397],[33.42159032821655,0.37396165454075003],[33.421547412872314,0.37396165454075003],[33.421547412872314,0.37421914111786236],[33.421268463134766,0.37421914111786236],[33.421268463134766,0.37449808490119096],[33.421010971069336,0.37449808490119096],[33.421010971069336,0.3747770286756378],[33.42047452926636,0.3747770286756378],[33.42047452926636,0.3750345152287906],[33.4199595451355,0.3750345152287906],[33.41989517211914,0.37479848588868947],[33.41963768005371,0.3748199431016843],[33.41970205307007,0.37458391375581357],[33.41968059539795,0.3743907988317261],[33.41983079910278,0.37436934161767965],[33.41991662979126,0.3744337132596627],[33.420023918151855,0.3744337132596627],[33.420066833496094,0.3744122560457157],[33.420066833496094,0.37428351276095384],[33.420002460479736,0.3741762266888742],[33.41993808746338,0.3741547694742877],[33.4199595451355,0.3740689406154729],[33.420045375823975,0.37402602618574576],[33.42010974884033,0.37396165454075003],[33.42019557952881,0.37404748340063065],[33.420281410217285,0.37404748340063065],[33.42032432556152,0.3738114540339552],[33.42038869857788,0.3737899968184877],[33.42043161392212,0.3737685396029775],[33.42049598693848,0.37389728289529955],[33.42060327529907,0.3739187401105113],[33.42064619064331,0.3738758256800452],[33.42060327529907,0.3737470823874105],[33.42062473297119,0.37370416795610595],[33.42071056365967,0.37372562517178665],[33.420753479003906,0.37366125352460244],[33.42068910598755,0.3734252241475531],[33.42049598693848,0.3732106519810827],[33.42043161392212,0.3732535664147889],[33.42041015625,0.3733393952816044],[33.420517444610596,0.3734466813639017],[33.42049598693848,0.3735110530126633],[33.42043161392212,0.37353251022879874],[33.42034578323364,0.3734466813639017],[33.42017412185669,0.3734252241475531],[33.42010974884033,0.37329648084829614],[33.420023918151855,0.3732535664147889],[33.41998100280762,0.3733608524981662],[33.420023918151855,0.3734466813639017],[33.420002460479736,0.37361833909287157],[33.41983079910278,0.37361833909287157],[33.41965913772583,0.37372562517178665],[33.41959476470947,0.37372562517178665],[33.41946601867676,0.37353251022879874],[33.41942310333252,0.3733393952816044],[33.419551849365234,0.3732535664147889],[33.41957330703735,0.3731677375471776],[33.41965913772583,0.3730604514614697],[33.419787883758545,0.3731677375471776],[33.41989517211914,0.37314628033013264],[33.41991662979126,0.3729960798094112],[33.4198522567749,0.3729317081568695],[33.41989517211914,0.37282442206829103],[33.41989517211914,0.3727385931964733],[33.41970205307007,0.37271713597840517],[33.41963768005371,0.37280296485040765],[33.419530391693115,0.37282442206829103],[33.41948747634888,0.3728887937216001],[33.41946601867676,0.3730819086786994],[33.41938018798828,0.37314628033013264],[33.41938018798828,0.3725883926687885]]],[[[33.41965913772583,0.3701637266540274],[33.42019557952881,0.3701637266540274],[33.42019557952881,0.3704212133419844],[33.42047452926636,0.3704212133419844],[33.42047452926636,0.3701637266540274],[33.42165470123291,0.3701637266540274],[33.42191219329834,0.37024955555084205],[33.4219765663147,0.3702280983267059],[33.422019481658936,0.3701637266540274],[33.422513008117676,0.3701637266540274],[33.42257738113403,0.37027101277490715],[33.42240571975708,0.3706787000224949],[33.42238426208496,0.3707859861371503],[33.4224271774292,0.3709361866954879],[33.422513008117676,0.3710220155848276],[33.422534465789795,0.3711293016953192],[33.42262029647827,0.37117221613917195],[33.42262029647827,0.3717730183309982],[33.42289924621582,0.3717730183309982],[33.42289924621582,0.3720519621918754],[33.42315673828125,0.3720519621918754],[33.42315673828125,0.3723309060439419],[33.42369318008423,0.3723309060439419],[33.42369318008423,0.37286733650388726],[33.42315673828125,0.37286733650388726],[33.42315673828125,0.37314628033013264],[33.42307090759277,0.3730175370268114],[33.42289924621582,0.37286733650388726],[33.42257738113403,0.37267422154206997],[33.422534465789795,0.3726098498871835],[33.42219114303589,0.37239527770086056],[33.42195510864258,0.3720305049721304],[33.421804904937744,0.37196613331254014],[33.421804904937744,0.3717730183309982],[33.42148303985596,0.3717730183309982],[33.421268463134766,0.371644275007597],[33.421268463134766,0.3715155316823484],[33.421010971069336,0.3715155316823484],[33.421010971069336,0.3712365878045176],[33.42073202133179,0.3712365878045176],[33.42073202133179,0.37097910114026433],[33.420538902282715,0.37097910114026433],[33.42062473297119,0.37085035780532394],[33.420538902282715,0.3707001572455084],[33.42047452926636,0.3706787000224949],[33.420066833496094,0.3707001572455084],[33.41998100280762,0.37059287112981565],[33.41991662979126,0.37057141390651793],[33.41991662979126,0.3704212133419844],[33.41965913772583,0.3704212133419844],[33.41965913772583,0.3701637266540274]]],[[[33.41983079910278,0.3797980150903726],[33.42008829116821,0.3791113846408507],[33.42019557952881,0.3791113846408507],[33.42019557952881,0.37887535541123896],[33.420281410217285,0.3788324410051729],[33.42071056365967,0.3788324410051729],[33.420774936676025,0.37889681261420094],[33.420774936676025,0.37902555583082176],[33.42064619064331,0.3792615850563408],[33.42062473297119,0.3793259566621714],[33.42068910598755,0.37939032826753305],[33.420774936676025,0.37943324267085643],[33.42064619064331,0.37949761427540807],[33.42060327529907,0.37956198587949075],[33.42062473297119,0.3796478146841906],[33.41991662979126,0.3796478146841906],[33.41991662979126,0.3797765578896417],[33.41983079910278,0.3797980150903726]]],[[[33.41989517211914,0.3520752684146231],[33.420302867889404,0.35158175126044],[33.42036724090576,0.3515602939922644],[33.42092514038086,0.3513457213079221],[33.4208607673645,0.3515602939922644],[33.42073202133179,0.3519465248116944],[33.420517444610596,0.3522469265490855],[33.42047452926636,0.3522469265490855],[33.42047452926636,0.35231129834869535],[33.42034578323364,0.3524185846803789],[33.420066833496094,0.35261170007430565],[33.420045375823975,0.352504413744839],[33.42019557952881,0.352504413744839],[33.42019557952881,0.3522469265490855],[33.41993808746338,0.3522469265490855],[33.41989517211914,0.3520752684146231]]],[[[33.42047452926636,0.34278426721299127],[33.42092514038086,0.3420761766793703],[33.421010971069336,0.34203326209988916],[33.42111825942993,0.34188306107023436],[33.42109680175781,0.34175431732863615],[33.42118263244629,0.34173286003820635],[33.42118263244629,0.3416255735853184],[33.42137575149536,0.34145391525821367],[33.42163324356079,0.3415182871312368],[33.421783447265625,0.34147537254928295],[33.4219765663147,0.3411749704701492],[33.422791957855225,0.3412822569280536],[33.4228777885437,0.3412178850534531],[33.42292070388794,0.341647030876004],[33.423264026641846,0.3426769807718557],[33.4234356880188,0.3435138149807244],[33.423564434051514,0.3448870812158873],[33.42384338378906,0.34527331230886205],[33.42367172241211,0.34514456861295173],[33.42334985733032,0.3450801967643429],[33.42322111129761,0.34495145306580355],[33.42315673828125,0.34495145306580355],[33.42315673828125,0.3449085384992401],[33.423006534576416,0.3449085384992401],[33.422770500183105,0.34475833751473317],[33.42262029647827,0.34462959381185954],[33.42262029647827,0.34437210640086846],[33.422298431396484,0.34437210640086846],[33.42208385467529,0.34420044812301853],[33.42208385467529,0.3440931616977849],[33.421998023986816,0.3440931616977849],[33.42144012451172,0.3435138149807244],[33.42047452926636,0.34278426721299127]]],[[[33.42073202133179,0.32862244673721364],[33.421268463134766,0.32862244673721364],[33.421268463134766,0.32890139188265266],[33.421547412872314,0.32890139188265266],[33.421547412872314,0.3291803370202899],[33.42073202133179,0.3291803370202899],[33.42073202133179,0.32862244673721364]]],[[[33.42073202133179,0.3786822405822363],[33.420796394348145,0.37870369778568147],[33.42083930969238,0.3786822405822363],[33.420796394348145,0.37874661219238703],[33.42073202133179,0.37876806939566166],[33.42073202133179,0.3786822405822363]]],[[[33.420817852020264,0.35196798207898894],[33.4208607673645,0.35186069574209],[33.42090368270874,0.35171049486839934],[33.42098951339722,0.3515602939922644],[33.42116117477417,0.3514744649191215],[33.4214186668396,0.3515602939922644],[33.422040939331055,0.3518177812070036],[33.42212677001953,0.3517963239393822],[33.42234134674072,0.35164612306463994],[33.42234134674072,0.3516890376005364],[33.42262029647827,0.3516890376005364],[33.42262029647827,0.35196798207898894],[33.4234356880188,0.35196798207898894],[33.4234356880188,0.3518177812070036],[33.42369318008423,0.35188215300956927],[33.42369318008423,0.352504413744839],[33.4234356880188,0.352504413744839],[33.4234356880188,0.3526546146057541],[33.4228777885437,0.35256878554267246],[33.422749042510986,0.3527833581988915],[33.42262029647827,0.35327687528941],[33.42261085510222,0.35327687528941],[33.42259883880615,0.3533197898177747],[33.42236280441284,0.3533197898177747],[33.4223592281342,0.35327687528941],[33.42234134674072,0.35327687528941],[33.42234134674072,0.35306230264457383],[33.42208385467529,0.35306230264457383],[33.42208385467529,0.35321250349647926],[33.42191219329834,0.35321250349647926],[33.4218692779541,0.3531052171739333],[33.42174053192139,0.35308375990926777],[33.42169761657715,0.35312667443854195],[33.42120409011841,0.35291210179023835],[33.42139720916748,0.352161097482238],[33.42135429382324,0.35211818294854424],[33.421268463134766,0.352096725681605],[33.421268463134766,0.35196798207898894],[33.420817852020264,0.35196798207898894]]],[[[33.42116117477417,0.3512384349638893],[33.42144012451172,0.3505732596034363],[33.42133283615112,0.35016557145593197],[33.42137575149536,0.349843712379581],[33.42139060680525,0.349843712379581],[33.42148303985596,0.34932873783446894],[33.421525955200195,0.34928582328775803],[33.42165470123291,0.349307280561149],[33.42174053192139,0.34926436601435285],[33.4218692779541,0.3487064768881396],[33.4218692779541,0.3486206477888629],[33.42169761657715,0.34853481868881886],[33.42167615890503,0.3484919041384842],[33.42184782028198,0.34791255769000884],[33.42182636260986,0.34746195487217335],[33.4218692779541,0.34741904031696436],[33.421998023986816,0.3474834121496997],[33.42208385467529,0.347633613091034],[33.422040939331055,0.34767652764526247],[33.422062397003174,0.3477623567531367],[33.42216968536377,0.3477838140299667],[33.42221260070801,0.34789110041346305],[33.422298431396484,0.34789110041346305],[33.42236280441284,0.34791255769000884],[33.42244863510132,0.34782672858352726],[33.42259883880615,0.34782672858352726],[33.422749042510986,0.3479340149665262],[33.422813415527344,0.34812713045285193],[33.42307090759277,0.34817004500484927],[33.42319965362549,0.34855627596390093],[33.42317819595337,0.3487064768881396],[33.42315673828125,0.3487064768881396],[33.42313528060913,0.34926436601435285],[33.42289924621582,0.34926436601435285],[33.42289924621582,0.35007974236998507],[33.42262029647827,0.35007974236998507],[33.42262029647827,0.35033722962546676],[33.42234134674072,0.35033722962546676],[33.42234134674072,0.35151737945579953],[33.42221260070801,0.3515602939922644],[33.4219765663147,0.35162466579662066],[33.42193365097046,0.35162466579662066],[33.42189073562622,0.3515602939922644],[33.42174053192139,0.3514315503822587],[33.421568870544434,0.351388635845197],[33.421525955200195,0.35141009311374205],[33.42116117477417,0.3512384349638893]]],[[[33.421289920806885,0.37638631950842694],[33.42135429382324,0.3763219478808111],[33.42171907424927,0.3763219478808111],[33.42208385467529,0.3761717474145314],[33.421998023986816,0.37638631950842694],[33.421804904937744,0.37638631950842694],[33.421804904937744,0.37666526322261973],[33.421547412872314,0.37666526322261973],[33.421547412872314,0.37638631950842694],[33.421289920806885,0.37638631950842694]]],[[[33.421804904937744,0.37563531715667864],[33.42182636260986,0.37421914111786236],[33.42189073562622,0.37436934161767965],[33.42193365097046,0.37436934161767965],[33.42216968536377,0.37458391375581357],[33.42212677001953,0.3746911998229052],[33.42216968536377,0.37484140031463653],[33.422255516052246,0.37501305801630735],[33.422255516052246,0.37516325850252485],[33.42221260070801,0.37516325850252485],[33.42223405838013,0.37533491619788606],[33.42219114303589,0.375420745044309],[33.42191219329834,0.3756138599456733],[33.421804904937744,0.37563531715667864]]],[[[33.42208385467529,0.3761717474145314],[33.42216968536377,0.37600008973559795],[33.42234134674072,0.3759786325254879],[33.42240571975708,0.37600008973559795],[33.4224271774292,0.37612883299510713],[33.422513008117676,0.3761717474145314],[33.42259883880615,0.3761502902048335],[33.42262029647827,0.3761073757853097],[33.422555923461914,0.37595717531533523],[33.42266321182251,0.37595717531533523],[33.42259883880615,0.37569968878935356],[33.422513008117676,0.37557094552352055],[33.422513008117676,0.3754422022557833],[33.4223198890686,0.37529200177436906],[33.42234134674072,0.37501305801630735],[33.422255516052246,0.3748199431016843],[33.42223405838013,0.3746697426095835],[33.42223405838013,0.3746482853962192],[33.42234134674072,0.3746482853962192],[33.42266321182251,0.3750988868658851],[33.422791957855225,0.3753992878327779],[33.42289924621582,0.3755494883123589],[33.42315673828125,0.3760430041556333],[33.423264026641846,0.3763434050900685],[33.42334985733032,0.37638631950842694],[33.42270612716675,0.37638631950842694],[33.42266321182251,0.3763434050900685],[33.42257738113403,0.3763219478808111],[33.42247009277344,0.37645069113557383],[33.42234134674072,0.3764721483445186],[33.42240571975708,0.37638631950842694],[33.42234134674072,0.376064461365587],[33.422298431396484,0.37602154694565115],[33.42223405838013,0.37602154694565115],[33.42221260070801,0.376064461365587],[33.422255516052246,0.3761502902048335],[33.42223405838013,0.3762146618337283],[33.42219114303589,0.3761502902048335],[33.42212677001953,0.3761502902048335],[33.42208385467529,0.3761717474145314]]],[[[33.42208385467529,0.3818149917200202],[33.42236280441284,0.3818149917200202],[33.42236280441284,0.3815789625643333],[33.42259883880615,0.3815789625643333],[33.42309236526489,0.3813643905990176],[33.42315673828125,0.3812785618113992],[33.42315673828125,0.3810210754433996],[33.42322111129761,0.38097816104799165],[33.42337131500244,0.38097816104799165],[33.4234356880188,0.3810210754433996],[33.42382192611694,0.38106398983859435],[33.424057960510254,0.3810210754433996],[33.42693328857422,0.3810210754433996],[33.42693328857422,0.3807206746709966],[33.42714786529541,0.38063484587695484],[33.4274697303772,0.3804417310872452],[33.4274697303772,0.3806777602740823],[33.42712640762329,0.3809137894544534],[33.42712640762329,0.3811712758256647],[33.4269118309021,0.38125710461436313],[33.42684745788574,0.3813643905990176],[33.42663288116455,0.38123564741727023],[33.426547050476074,0.3810854470361136],[33.42637538909912,0.38110690423359017],[33.426032066345215,0.3812785618113992],[33.426032066345215,0.3813429334021947],[33.42611789703369,0.3815360481717107],[33.426053524017334,0.3815789625643333],[33.42568874359131,0.3811283614310099],[33.42560291290283,0.38110690423359017],[33.42540979385376,0.3811712758256647],[33.424744606018066,0.3814716765823505],[33.42461585998535,0.38149313377886074],[33.42418670654297,0.3818149917200202],[33.42412233352661,0.38179353452431997],[33.4239935874939,0.3815360481717107],[33.42358589172363,0.3815360481717107],[33.42358589172363,0.38123564741727023],[33.423500061035156,0.3811712758256647],[33.42337131500244,0.3811927330229139],[33.42317819595337,0.381321476205315],[33.42313528060913,0.38138584779579787],[33.42334985733032,0.3818364489156778],[33.423500061035156,0.38187936330679406],[33.423521518707275,0.3819222776977256],[33.423500061035156,0.38209393525926316],[33.4234356880188,0.38209393525926316],[33.4234356880188,0.382372878789468],[33.42315673828125,0.382372878789468],[33.42315673828125,0.38209393525926316],[33.42262029647827,0.38209393525926316],[33.42262029647827,0.382372878789468],[33.42236280441284,0.382372878789468],[33.42236280441284,0.38209393525926316],[33.42208385467529,0.38209393525926316],[33.42208385467529,0.3818149917200202]]],[[[33.42221260070801,0.37657943438844654],[33.42234134674072,0.3764721483445186],[33.422255516052246,0.37657943438844654],[33.42221260070801,0.37657943438844654]]],[[[33.42247009277344,0.37074307169145015],[33.42268466949463,0.3702280983267059],[33.42262029647827,0.3701422694296781],[33.42262029647827,0.3696058388044321],[33.42315673828125,0.3696058388044321],[33.42315673828125,0.3693483520927998],[33.42369318008423,0.3693483520927998],[33.42369318008423,0.3696058388044321],[33.424787521362305,0.3696058388044321],[33.424787521362305,0.36906940814678535],[33.425045013427734,0.36906940814678535],[33.425045013427734,0.3671597147432948],[33.42558145523071,0.3671597147432948],[33.42558145523071,0.3674386587490801],[33.425753116607666,0.3674386587490801],[33.42538833618164,0.36861880636935496],[33.42562437057495,0.3687046352811052],[33.42583894729614,0.36872609250892197],[33.42598915100098,0.368790464192017],[33.42586040496826,0.368790464192017],[33.42586040496826,0.36906940814678535],[33.42564582824707,0.36909086537370683],[33.425559997558594,0.3691337798273935],[33.425559997558594,0.36926252318727393],[33.42568874359131,0.3693698093190534],[33.42573165893555,0.3694556382235419],[33.425774574279785,0.3696702104811749],[33.425753116607666,0.3698847827336067],[33.42558145523071,0.3698847827336067],[33.42558145523071,0.3707001572455084],[33.424787521362305,0.3707001572455084],[33.424787521362305,0.3704212133419844],[33.424508571624756,0.3704212133419844],[33.424508571624756,0.3698847827336067],[33.42397212982178,0.3698847827336067],[33.42397212982178,0.3701637266540274],[33.42369318008423,0.3701637266540274],[33.42369318008423,0.3704212133419844],[33.4234356880188,0.3704212133419844],[33.4234356880188,0.3707001572455084],[33.42369318008423,0.3707001572455084],[33.42369318008423,0.37097910114026433],[33.42262029647827,0.37097910114026433],[33.42262029647827,0.37108638725128174],[33.42259883880615,0.37095764391790453],[33.42249155044556,0.3708932722505125],[33.42247009277344,0.37074307169145015]],[[33.42558145523071,0.3698847827336067],[33.42558145523071,0.3696058388044321],[33.42532396316528,0.3696058388044321],[33.42532396316528,0.3698847827336067],[33.42558145523071,0.3698847827336067]]],[[[33.423006534576416,0.3736827107403826],[33.42315673828125,0.3736827107403826],[33.42315673828125,0.37340376693114763],[33.4234356880188,0.37340376693114763],[33.4234356880188,0.37314628033013264],[33.424787521362305,0.37314628033013264],[33.424787521362305,0.3736827107403826],[33.42369318008423,0.3736827107403826],[33.42369318008423,0.373940197325652],[33.42365026473999,0.373940197325652],[33.42339277267456,0.3738114540339552],[33.423049449920654,0.37372562517178665],[33.423006534576416,0.3736827107403826]]],[[[33.42334985733032,0.37638631950842694],[33.4234356880188,0.3763434050900685],[33.4234356880188,0.37638631950842694],[33.42334985733032,0.37638631950842694]]],[[[33.4234356880188,0.3658079090537001],[33.42397212982178,0.3658079090537001],[33.42397212982178,0.36662328393850885],[33.4234356880188,0.36662328393850885],[33.4234356880188,0.3658079090537001]]],[[[33.423564434051514,0.3516890376005364],[33.42369318008423,0.3516890376005364],[33.42369318008423,0.35173195213620545],[33.423564434051514,0.3516890376005364]]],[[[33.42397212982178,0.36310429706436764],[33.424057960510254,0.36310429706436764],[33.42435836791992,0.3632759549925453],[33.4243369102478,0.36329741223335077],[33.42435836791992,0.363340326714777],[33.424551486968994,0.36364072807911896],[33.424508571624756,0.36364072807911896],[33.424508571624756,0.36391967219418575],[33.42397212982178,0.36391967219418575],[33.42397212982178,0.36310429706436764]]],[[[33.42422962188721,0.3506590886848642],[33.425023555755615,0.3503157723544348],[33.42513084411621,0.3503157723544348],[33.42538833618164,0.3504659732505502],[33.42558145523071,0.35089511865471934],[33.425774574279785,0.3515602939922644],[33.42620372772217,0.35312667443854195],[33.42547416687012,0.3526546146057541],[33.425045013427734,0.35231129834869535],[33.425045013427734,0.3522469265490855],[33.42558145523071,0.3522469265490855],[33.42558145523071,0.35196798207898894],[33.42532396316528,0.35196798207898894],[33.42532396316528,0.3516890376005364],[33.424787521362305,0.3516890376005364],[33.424787521362305,0.35196798207898894],[33.424508571624756,0.35196798207898894],[33.424508571624756,0.3516890376005364],[33.42422962188721,0.3516890376005364],[33.42422962188721,0.35151737945579953],[33.4243369102478,0.3514530076507043],[33.424315452575684,0.35130280677044823],[33.42440128326416,0.35100240500268853],[33.424272537231445,0.35083074684534665],[33.42422962188721,0.3506590886848642]]],[[[33.42422962188721,0.3540707940321681],[33.424251079559326,0.3538133068797862],[33.42440128326416,0.35364164877424287],[33.424530029296875,0.35306230264457383],[33.42465877532959,0.3527833581988915],[33.425045013427734,0.3527833581988915],[33.425045013427734,0.3525258710108403],[33.42513084411621,0.3525473282767706],[33.426032066345215,0.35323396076084634],[33.42609643936157,0.35329833255362075],[33.42618227005005,0.3533197898177747],[33.426311016082764,0.35351290519299994],[33.42639684677124,0.35396350771955554],[33.42639684677124,0.3541351658191587],[33.42686891555786,0.3546715973598964],[33.42757701873779,0.3552294861293035],[33.42957258224487,0.3566456651617784],[33.42972278594971,0.35686023772346687],[33.42963695526123,0.35686023772346687],[33.42963695526123,0.3569246094909886],[33.42946529388428,0.35686023772346687],[33.429036140441895,0.35651692162235804],[33.42890739440918,0.3563667208240844],[33.42867136001587,0.35619506276593427],[33.42811346054077,0.35595903293075537],[33.427748680114746,0.3558732038982839],[33.427748680114746,0.3557659176065755],[33.4274697303772,0.3557659176065755],[33.4274697303772,0.3552294861293035],[33.42667579650879,0.3552294861293035],[33.42656850814819,0.3551007425701158],[33.42618227005005,0.3548217981857391],[33.42581748962402,0.35465014009885465],[33.42564582824707,0.35460722557665747],[33.425259590148926,0.35430682391556445],[33.42487335205078,0.3541137085568664],[33.424744606018066,0.3540707940321681],[33.42422962188721,0.3540707940321681]]],[[[33.42448711395264,0.3529979308501652],[33.424508571624756,0.3527833581988915],[33.42459440231323,0.3527833581988915],[33.42448711395264,0.3529979308501652]]],[[[33.424508571624756,0.36445610316046384],[33.424787521362305,0.36445610316046384],[33.424787521362305,0.3641771590619811],[33.425002098083496,0.3641771590619811],[33.425045013427734,0.36422007353922936],[33.425045013427734,0.36499253409481014],[33.424787521362305,0.36499253409481014],[33.424787521362305,0.3647350472503206],[33.424508571624756,0.3647350472503206],[33.424508571624756,0.36445610316046384]]],[[[33.42558145523071,0.3747770286756378],[33.42693328857422,0.3747770286756378],[33.42693328857422,0.3736827107403826],[33.42667579650879,0.3736827107403826],[33.42667579650879,0.37340376693114763],[33.42639684677124,0.37340376693114763],[33.42639684677124,0.37314628033013264],[33.4274697303772,0.37314628033013264],[33.4274697303772,0.37340376693114763],[33.42796325683594,0.37340376693114763],[33.42794179916382,0.37355396744490577],[33.42815637588501,0.37396165454075003],[33.42856407165527,0.37413331225967283],[33.42888593673706,0.3744337132596627],[33.429036140441895,0.37484140031463653],[33.429057598114014,0.37522763013868143],[33.428778648376465,0.37531345898614177],[33.428542613983154,0.37531345898614177],[33.428542613983154,0.3750345152287906],[33.428006172180176,0.3750345152287906],[33.428006172180176,0.37666526322261973],[33.427748680114746,0.37666526322261973],[33.427748680114746,0.37672963484770605],[33.42759847640991,0.3767510920559687],[33.42757701873779,0.3767940064723234],[33.42757701873779,0.37690129251228655],[33.427534103393555,0.3769656641356107],[33.427512645721436,0.37707295017345643],[33.42740535736084,0.3771587790027837],[33.42738389968872,0.37722315062421785],[33.42742681503296,0.37741626548566387],[33.4274697303772,0.37748063710520796],[33.4274697303772,0.37775958078432836],[33.42721223831177,0.37775958078432836],[33.42721223831177,0.37801706724943074],[33.42639684677124,0.37801706724943074],[33.42639684677124,0.3782960109113276],[33.42611789703369,0.3782960109113276],[33.42611789703369,0.3785749545642716],[33.42558145523071,0.3785749545642716],[33.42558145523071,0.37842475413688703],[33.42573165893555,0.3783603825243489],[33.426010608673096,0.3781028960694215],[33.42613935470581,0.37803852445449593],[33.426268100738525,0.3779097812232237],[33.426311016082764,0.37778103799004725],[33.426268100738525,0.3776522947549523],[33.42613935470581,0.37752355151795314],[33.426010608673096,0.37750209431160897],[33.42586040496826,0.37752355151795314],[33.42586040496826,0.3769871213432907],[33.42607498168945,0.3769656641356107],[33.42616081237793,0.376836920888465],[33.42616081237793,0.3766223488056397],[33.426053524017334,0.37636486229928323],[33.426032066345215,0.376064461365587],[33.42607498168945,0.37580697484276016],[33.426032066345215,0.3757211460001315],[33.42586040496826,0.3757211460001315],[33.42592477798462,0.37516325850252485],[33.42581748962402,0.37494868637857337],[33.42558145523071,0.3748199431016843],[33.42558145523071,0.3747770286756378]]],[[[33.42611789703369,0.3707001572455084],[33.42639684677124,0.3707001572455084],[33.42639684677124,0.3701637266540274],[33.42667579650879,0.3701637266540274],[33.42667579650879,0.3699706116331214],[33.4279203414917,0.3699920688578686],[33.42796325683594,0.36994915440833154],[33.428049087524414,0.3699920688578686],[33.42807054519653,0.37009935498085156],[33.428027629852295,0.3704212133419844],[33.42798471450806,0.3704212133419844],[33.428027629852295,0.37063578557625476],[33.428049087524414,0.37108638725128174],[33.42815637588501,0.3715584461243111],[33.428027629852295,0.37213779107038647],[33.428027629852295,0.37239527770086056],[33.428006172180176,0.3723309060439419],[33.4274697303772,0.3723309060439419],[33.4274697303772,0.3720519621918754],[33.42721223831177,0.3720519621918754],[33.42721223831177,0.3712365878045176],[33.42639684677124,0.3712365878045176],[33.42639684677124,0.37097910114026433],[33.42611789703369,0.37097910114026433],[33.42611789703369,0.3707001572455084]]],[[[33.427748680114746,0.3802700734927811],[33.42817783355713,0.3802057018939706],[33.42841386795044,0.38001258709465446],[33.42845678329468,0.37992675829359257],[33.428521156311035,0.37966927188524835],[33.428499698638916,0.3794761570739382],[33.42843532562256,0.37939032826753305],[33.42856407165527,0.37939032826753305],[33.428542613983154,0.37876806939566166],[33.428993225097656,0.37876806939566166],[33.42922925949097,0.3786393261752039],[33.42935800552368,0.3786822405822363],[33.42935800552368,0.37939032826753305],[33.43017339706421,0.37939032826753305],[33.43017339706421,0.37904701303340005],[33.43043088912964,0.37898264142549465],[33.43092441558838,0.37889681261420094],[33.43146085739136,0.379175756247804],[33.43143939971924,0.37973364348803784],[33.43158960342407,0.3802271590936215],[33.43086004257202,0.38033444509110836],[33.4308385848999,0.3807635890676977],[33.43131065368652,0.3810425326410325],[33.43167543411255,0.38142876218917365],[33.43206167221069,0.38142876218917365],[33.43244791030884,0.38110690423359017],[33.43313455581665,0.38080650346418565],[33.43360662460327,0.38046318828632764],[33.43446493148804,0.3804202738881344],[33.434765338897705,0.3808708750585055],[33.43485116958618,0.38093524665235634],[33.434743881225586,0.38093524665235634],[33.43472242355347,0.38106398983859435],[33.4308385848999,0.3832097093256408],[33.430538177490234,0.382608907923327],[33.43017339706421,0.3819651920884297],[33.43017339706421,0.3818149917200202],[33.43008756637573,0.3818149917200202],[33.42961549758911,0.3810425326410325],[33.430237770080566,0.38059193147961423],[33.430280685424805,0.38050610268430773],[33.430237770080566,0.3804417310872452],[33.430044651031494,0.3802700734927811],[33.42967987060547,0.3803559022904466],[33.429272174835205,0.3805704742808729],[33.42907905578613,0.3802915306922756],[33.42897176742554,0.3802915306922756],[33.4288215637207,0.38046318828632764],[33.42884302139282,0.38054901708207467],[33.4289288520813,0.38061338867831296],[33.4289288520813,0.3806777602740823],[33.42873573303223,0.3807850462659701],[33.42822074890137,0.3814716765823505],[33.42817783355713,0.38149313377886074],[33.42813491821289,0.3814502193857976],[33.42798471450806,0.38074213186936845],[33.428006172180176,0.38074213186936845],[33.428006172180176,0.38046318828632764],[33.427748680114746,0.38046318828632764],[33.427748680114746,0.3802700734927811]]],[[[33.42931509017944,0.36589373799245095],[33.42935800552368,0.3656362511737683],[33.429765701293945,0.3654645932905538],[33.429787158966064,0.36482087619930326],[33.429808616638184,0.3647779617249114],[33.42991590499878,0.3647565044876444],[33.42995882034302,0.3646921327755166],[33.42995882034302,0.36456338934989674],[33.42991590499878,0.3644775603984698],[33.42995882034302,0.3643488169697662],[33.4298300743103,0.3638767577155164],[33.42985153198242,0.3637694715179123],[33.42995882034302,0.3637694715179123],[33.43017339706421,0.36400550115094177],[33.43047380447388,0.36398404391182737],[33.43070983886719,0.36411278734573216],[33.43070983886719,0.3641771590619811],[33.43043088912964,0.3641771590619811],[33.43043088912964,0.3647350472503206],[33.43017339706421,0.3647350472503206],[33.43017339706421,0.36499253409481014],[33.42989444732666,0.36499253409481014],[33.42989444732666,0.3658079090537001],[33.42963695526123,0.3658079090537001],[33.42963695526123,0.36589373799245095],[33.42931509017944,0.36589373799245095]]],[[[33.4293794631958,0.3785105829528419],[33.429551124572754,0.37831746811572486],[33.42965841293335,0.3780814388645126],[33.42970132827759,0.37775958078432836],[33.42989444732666,0.37775958078432836],[33.42989444732666,0.37748063710520796],[33.43017339706421,0.37748063710520796],[33.43017339706421,0.3769442069278881],[33.42995882034302,0.3769442069278881],[33.430044651031494,0.3768583780964434],[33.430044651031494,0.37666526322261973],[33.430988788604736,0.37666526322261973],[33.430988788604736,0.37638631950842694],[33.431246280670166,0.37638631950842694],[33.431246280670166,0.37584988926376184],[33.430988788604736,0.37584988926376184],[33.430988788604736,0.37559240273462535],[33.431246280670166,0.37559240273462535],[33.431246280670166,0.3753778306212041],[33.431396484375,0.37497014359119873],[33.43133211135864,0.3749057719531663],[33.431053161621094,0.3748199431016843],[33.430988788604736,0.3748199431016843],[33.430988788604736,0.3747770286756378],[33.43070983886719,0.3747770286756378],[33.43070983886719,0.37421914111786236],[33.430516719818115,0.37421914111786236],[33.43040943145752,0.3740689406154729],[33.43055963516235,0.3740689406154729],[33.43066692352295,0.37398311175580545],[33.430795669555664,0.3740689406154729],[33.43090295791626,0.37404748340063065],[33.43092441558838,0.3739187401105113],[33.4308385848999,0.3737685396029775],[33.430752754211426,0.3736827107403826],[33.43086004257202,0.37366125352460244],[33.43090295791626,0.37359688187693507],[33.43111753463745,0.37359688187693507],[33.43113899230957,0.3737899968184877],[33.431289196014404,0.3738329112493659],[33.43137502670288,0.37396165454075003],[33.43148231506348,0.37402602618574576],[33.43148231506348,0.3740689406154729],[33.43141794204712,0.37413331225967283],[33.43141794204712,0.37421914111786236],[33.43146085739136,0.3743907988317261],[33.431546688079834,0.3744551704735528],[33.43186855316162,0.3744551704735528],[33.43208312988281,0.37454099932860174],[33.43210458755493,0.37458391375581357],[33.432018756866455,0.3747341142493781],[33.432018756866455,0.3748628575275319],[33.432040214538574,0.3749057719531663],[33.431997299194336,0.37501305801630735],[33.4319543838501,0.37514180129035424],[33.432018756866455,0.37522763013868143],[33.43210458755493,0.3750988868658851],[33.43221187591553,0.37548511667857554],[33.4324049949646,0.3755280311011546],[33.432490825653076,0.3755065738898793],[33.43261957168579,0.3749057719531663],[33.43272686004639,0.3748628575275319],[33.432769775390625,0.37488431474037043],[33.4328556060791,0.3751847157146244],[33.432769775390625,0.3754422022557833],[33.4328556060791,0.3755065738898793],[33.433027267456055,0.37548511667857554],[33.43307018280029,0.3755280311011546],[33.43311309814453,0.3763434050900685],[33.43319892883301,0.3769871213432907],[33.43313455581665,0.37711586458821955],[33.433027267456055,0.37748063710520796],[33.432984352111816,0.37750209431160897],[33.43294143676758,0.37760938034284663],[33.43289852142334,0.37773812357856684],[33.43294143676758,0.37778103799004725],[33.43291997909546,0.3778668668123828],[33.432984352111816,0.3779312384285731],[33.43317747116089,0.3779312384285731],[33.433241844177246,0.3778668668123828],[33.43322038650513,0.37773812357856684],[33.433241844177246,0.37769520916685906],[33.433520793914795,0.37752355151795314],[33.43360662460327,0.37756646593049936],[33.43358516693115,0.3779526956338657],[33.43334913253784,0.3781028960694215],[33.43332767486572,0.3783603825243489],[33.433263301849365,0.3783603825243489],[33.43309164047241,0.3782530965023909],[33.433005809783936,0.3782530965023909],[33.432555198669434,0.3788324410051729],[33.43231916427612,0.3792615850563408],[33.43197584152222,0.3795190714768353],[33.43163251876831,0.37958344308074743],[33.43148231506348,0.37949761427540807],[33.43148231506348,0.3791542990455383],[33.43092441558838,0.37887535541123896],[33.43043088912964,0.37898264142549465],[33.43017339706421,0.37885389820824855],[33.43017339706421,0.3785749545642716],[33.42959403991699,0.3785749545642716],[33.4293794631958,0.3785105829528419]],[[33.43259811401367,0.37559240273462535],[33.43259811401367,0.37584988926376184],[33.43287706375122,0.37584988926376184],[33.43287706375122,0.37559240273462535],[33.43259811401367,0.37559240273462535]]],[[[33.429787158966064,0.37192321887256696],[33.42985153198242,0.37168718944894863],[33.42985153198242,0.3715155316823484],[33.42995882034302,0.37136533113384473],[33.430023193359375,0.3712365878045176],[33.43017339706421,0.3712365878045176],[33.43017339706421,0.3701637266540274],[33.43013048171997,0.3701637266540274],[33.43008756637573,0.37003498330723517],[33.43015193939209,0.3699276971834706],[33.43017339706421,0.36975603938277857],[33.43015193939209,0.36964875325564606],[33.43008756637573,0.36954146712722036],[33.430001735687256,0.3694985526754948],[33.42989444732666,0.3694985526754948],[33.42991590499878,0.36906940814678535],[33.43017339706421,0.36906940814678535],[33.43017339706421,0.36797508950492386],[33.43043088912964,0.36797508950492386],[33.43043088912964,0.36771760274613996],[33.43070983886719,0.36771760274613996],[33.43070983886719,0.3674386587490801],[33.430988788604736,0.3674386587490801],[33.430988788604736,0.36662328393850885],[33.431246280670166,0.36662328393850885],[33.431246280670166,0.36649454054058594],[33.43131065368652,0.36643016884090684],[33.43143939971924,0.3664516260741948],[33.431525230407715,0.3663443399073145],[33.431525230407715,0.3655933367032844],[33.43158960342407,0.3655933367032844],[33.43169689178467,0.36555042223257317],[33.43206167221069,0.36555042223257317],[33.43206167221069,0.3653358498759758],[33.43223333358765,0.3653143926400446],[33.43234062194824,0.36522856369577994],[33.43236207962036,0.36507836304133434],[33.43231916427612,0.36499253409481014],[33.43266248703003,0.36499253409481014],[33.432555198669434,0.36514273475069103],[33.432512283325195,0.3655718794679501],[33.43236207962036,0.36567916564405323],[33.43238353729248,0.36593665246149953],[33.43206167221069,0.36602248139899984],[33.431997299194336,0.3661726820376572],[33.431761264801025,0.366194139271542],[33.43171834945679,0.36625851097289797],[33.43167543411255,0.36694514242523724],[33.43163251876831,0.36696659965727463],[33.431396484375,0.3669236851931572],[33.43133211135864,0.3669880568892694],[33.431246280670166,0.36730991536286695],[33.431267738342285,0.367395744287208],[33.43158960342407,0.36748157321072483],[33.43171834945679,0.36748157321072483],[33.431739807128906,0.3675244876721848],[33.43165397644043,0.36771760274613996],[33.431525230407715,0.36773905997632994],[33.43146085739136,0.36771760274613996],[33.43143939971924,0.3675888593639485],[33.431396484375,0.36756740213341743],[33.43122482299805,0.36756740213341743],[33.43116044998169,0.3676103165944511],[33.43109607696533,0.36816820456913035],[33.43088150024414,0.3682325762562755],[33.43092441558838,0.36924106596076456],[33.4303879737854,0.36943418099750147],[33.43034505844116,0.3694985526754948],[33.430774211883545,0.37033538444683245],[33.431396484375,0.37050704223631215],[33.43141794204712,0.37057141390651793],[33.43107461929321,0.37076452891432155],[33.431053161621094,0.37085035780532394],[33.43113899230957,0.3709361866954879],[33.43113899230957,0.3710005583625673],[33.4309458732605,0.3710220155848276],[33.43090295791626,0.37108638725128174],[33.4308385848999,0.3718588472121951],[33.43086004257202,0.3720519621918754],[33.43070983886719,0.3720519621918754],[33.43070983886719,0.3723309060439419],[33.42989444732666,0.3723309060439419],[33.42989444732666,0.3720519621918754],[33.429808616638184,0.3720519621918754],[33.429787158966064,0.37192321887256696]]],[[[33.43070983886719,0.37286733650388726],[33.430988788604736,0.37286733650388726],[33.430988788604736,0.3725883926687885],[33.431246280670166,0.3725883926687885],[33.431246280670166,0.37248110657601785],[33.431997299194336,0.372373820481954],[33.432018756866455,0.3726098498871835],[33.43189001083374,0.3726313071055358],[33.4318470954895,0.37271713597840517],[33.43186855316162,0.37303899424415476],[33.432018756866455,0.37340376693114763],[33.431782722473145,0.37340376693114763],[33.431782722473145,0.3736397963087654],[33.43165397644043,0.3735110530126633],[33.43163251876831,0.37329648084829614],[33.43156814575195,0.37323210919797134],[33.43086004257202,0.37314628033013264],[33.43070983886719,0.3731891947641657],[33.43070983886719,0.37286733650388726]]],[[[33.43219041824341,0.3604865132566033],[33.43266248703003,0.36115168790223606],[33.433263301849365,0.36173103352167857],[33.43257665634155,0.36173103352167857],[33.43242645263672,0.361495003829333],[33.43234062194824,0.3612804313764144],[33.432276248931885,0.36091565819482696],[33.432276248931885,0.36070108572825177],[33.43219041824341,0.3604865132566033]]],[[[33.43236207962036,0.37430496997521345],[33.43242645263672,0.37421914111786236],[33.43281269073486,0.3738329112493659],[33.43281269073486,0.3737470823874105],[33.43272686004639,0.37366125352460244],[33.43272686004639,0.37361833909287157],[33.4334135055542,0.3734895957964568],[33.4334135055542,0.3736397963087654],[33.433241844177246,0.37366125352460244],[33.432791233062744,0.3740903978302441],[33.43270540237427,0.3740903978302441],[33.43281269073486,0.3744122560457157],[33.43238353729248,0.37436934161767965],[33.43236207962036,0.37430496997521345]]],[[[33.432748317718506,0.37162281778685724],[33.4333062171936,0.3666447411713136],[33.43334913253784,0.36660182670566144],[33.433542251586914,0.3665589122397819],[33.43358516693115,0.36651599777368915],[33.433799743652344,0.3649067051474617],[33.434271812438965,0.3647565044876444],[33.4343147277832,0.3647779617249114],[33.4344220161438,0.3651212775142767],[33.434486389160156,0.36518564922333496],[33.43457221984863,0.3651212775142767],[33.43465805053711,0.3651641919870343],[33.43480825424194,0.3650139913315087],[33.43485116958618,0.36514273475069103],[33.43489408493042,0.3651641919870343],[33.43493700027466,0.3651212775142767],[33.43508720397949,0.36525002093191006],[33.4353232383728,0.36518564922333496],[33.43540906906128,0.3655718794679501],[33.43540906906128,0.36597956693033495],[33.43536615371704,0.36574353734910403],[33.43534469604492,0.36570062287913174],[33.4349799156189,0.36576499458404044],[33.435022830963135,0.36593665246149953],[33.435022830963135,0.36720262920630375],[33.434786796569824,0.36831840517174896],[33.435022830963135,0.3691123226005857],[33.435001373291016,0.36947709544955387],[33.435044288635254,0.36964875325564606],[33.43510866165161,0.3708074433599222],[33.43506574630737,0.3709361866954879],[33.43510866165161,0.3710005583625673],[33.43508720397949,0.37162281778685724],[33.43517303466797,0.3717301038900871],[33.43540906906128,0.37168718944894863],[33.43540906906128,0.3718803044323806],[33.4353232383728,0.3719017616525093],[33.435237407684326,0.37194467609256776],[33.43519449234009,0.37200904775231436],[33.43517303466797,0.3721163338508404],[33.435280323028564,0.3721592482898757],[33.43534469604492,0.3720948766312375],[33.43540906906128,0.3720734194115778],[33.43540906906128,0.3722879916057451],[33.43519449234009,0.3723309060439419],[33.43489408493042,0.3723309060439419],[33.43482971191406,0.37239527770086056],[33.434786796569824,0.37282442206829103],[33.434786796569824,0.373940197325652],[33.434743881225586,0.37396165454075003],[33.434743881225586,0.3740689406154729],[33.434786796569824,0.3740689406154729],[33.43485116958618,0.3741762266888742],[33.435001373291016,0.3741547694742877],[33.435022830963135,0.3742620555466374],[33.43495845794678,0.37436934161767965],[33.43364953994751,0.3742405983322641],[33.43358516693115,0.3741976839033896],[33.43345642089844,0.3736827107403826],[33.43367099761963,0.3736827107403826],[33.43367099761963,0.37396165454075003],[33.43420743942261,0.37396165454075003],[33.43420743942261,0.3736827107403826],[33.434486389160156,0.3736827107403826],[33.434486389160156,0.37329648084829614],[33.434550762176514,0.3732106519810827],[33.434507846832275,0.37286733650388726],[33.43446493148804,0.37280296485040765],[33.4328556060791,0.37286733650388726],[33.432791233062744,0.37282442206829103],[33.432748317718506,0.37162281778685724]],[[33.4334135055542,0.3685329774567947],[33.4334135055542,0.368790464192017],[33.43394994735718,0.368790464192017],[33.43394994735718,0.3685329774567947],[33.43420743942261,0.3685329774567947],[33.43420743942261,0.36797508950492386],[33.43367099761963,0.36797508950492386],[33.43367099761963,0.3685329774567947],[33.4334135055542,0.3685329774567947]]],[[[33.4328556060791,0.3641771590619811],[33.43313455581665,0.3641771590619811],[33.43313455581665,0.3638123859971074],[33.433542251586914,0.3637694715179123],[33.43371391296387,0.3635548991188813],[33.43367099761963,0.362825352924105],[33.43360662460327,0.362825352924105],[33.433520793914795,0.3624820370473856],[33.4334135055542,0.3622460073745799],[33.4334135055542,0.36200997769563514],[33.433542251586914,0.36200997769563514],[33.43367099761963,0.3621387211576348],[33.43418598175049,0.36280389568219107],[33.43435764312744,0.36310429706436764],[33.434014320373535,0.3632115832698588],[33.43414306640625,0.3638338432366339],[33.43418598175049,0.3638767577155164],[33.43405723571777,0.3638553004761036],[33.43392848968506,0.3638982149548866],[33.43384265899658,0.3638982149548866],[33.43356370925903,0.3641771590619811],[33.43360662460327,0.36426298801627865],[33.43345642089844,0.36424153077780375],[33.4334135055542,0.364305902493129],[33.433027267456055,0.3644775603984698],[33.433005809783936,0.3643488169697662],[33.4329628944397,0.364327359731476],[33.4328556060791,0.3643488169697662],[33.4328556060791,0.3641771590619811]]],[[[33.4328556060791,0.36499253409481014],[33.43287706375122,0.3648423334364139],[33.43294143676758,0.3650354485681646],[33.4328556060791,0.36499253409481014]]],[[[33.43343496322632,0.3786822405822363],[33.433499336242676,0.37866078337874853],[33.43364953994751,0.3788109838020546],[33.43369245529175,0.37878952659889364],[33.43410015106201,0.37885389820824855],[33.43416452407837,0.3788109838020546],[33.43420743942261,0.3785749545642716],[33.43412160873413,0.3783603825243489],[33.43422889709473,0.378188724888588],[33.434271812438965,0.3781672676838781],[33.43440055847168,0.37831746811572486],[33.43461513519287,0.3782745537069019],[33.43465805053711,0.3782101820932411],[33.434486389160156,0.3778239524013145],[33.434250354766846,0.37769520916685906],[33.43418598175049,0.37771666637273427],[33.43412160873413,0.37784540960687707],[33.43392848968506,0.3778239524013145],[33.43388557434082,0.37778103799004725],[33.4338641166687,0.3776308375489208],[33.43405723571777,0.3775879231367014],[33.43420743942261,0.37748063710520796],[33.434250354766846,0.3773089794520672],[33.434035778045654,0.37690129251228655],[33.43382120132446,0.37677254926416026],[33.433799743652344,0.37664380601415814],[33.4338641166687,0.37660089159706445],[33.434035778045654,0.3766223488056397],[33.4343147277832,0.37642923392658645],[33.43435764312744,0.3761932046241583],[33.434271812438965,0.3760859185754839],[33.4338641166687,0.37602154694565115],[33.43384265899658,0.37574260321088104],[33.43388557434082,0.3757211460001315],[33.43420743942261,0.37574260321088104],[33.434293270111084,0.3756138599456733],[33.434271812438965,0.3753778306212041],[33.434507846832275,0.37531345898614177],[33.43470096588135,0.37533491619788606],[33.43480825424194,0.3752490873506247],[33.4348726272583,0.37533491619788606],[33.4348726272583,0.3753992878327779],[33.43440055847168,0.3755280311011546],[33.43433618545532,0.37559240273462535],[33.4344220161438,0.3760430041556333],[33.43446493148804,0.3760859185754839],[33.43461513519287,0.3761073757853097],[33.43467950820923,0.376064461365587],[33.43485116958618,0.37574260321088104],[33.43515157699585,0.37578551763218115],[33.43558073043823,0.37563531715667864],[33.43562364578247,0.37559240273462535],[33.43562364578247,0.3752490873506247],[33.43564510345459,0.3751847157146244],[33.43592405319214,0.37520617292666714],[33.435988426208496,0.37533491619788606],[33.436009883880615,0.37533491619788606],[33.43609571456909,0.37844621134095746],[33.436031341552734,0.3786393261752039],[33.436031341552734,0.37949761427540807],[33.43609571456909,0.37988384389271346],[33.435988426208496,0.3795405286781772],[33.436009883880615,0.37934741386402493],[33.43596696853638,0.37930449946028943],[33.4358811378479,0.3792830422583364],[33.435773849487305,0.3791542990455383],[33.435537815093994,0.37902555583082176],[33.4354305267334,0.37902555583082176],[33.435301780700684,0.37913284184321583],[33.435258865356445,0.3791113846408507],[33.435280323028564,0.3790040986281866],[33.435044288635254,0.37902555583082176],[33.435001373291016,0.37889681261420094],[33.435022830963135,0.37878952659889364],[33.43493700027466,0.37876806939566166],[33.43491554260254,0.37866078337874853],[33.43485116958618,0.3786393261752039],[33.434743881225586,0.37874661219238703],[33.43461513519287,0.3786822405822363],[33.43457221984863,0.3788109838020546],[33.434765338897705,0.37896118422274583],[33.43493700027466,0.37902555583082176],[33.43465805053711,0.37904701303340005],[33.43463659286499,0.37921867065216475],[33.43433618545532,0.3792401278542883],[33.4343147277832,0.37930449946028943],[33.4343147277832,0.3793688710658074],[33.43437910079956,0.37941178546923027],[33.43485116958618,0.3795190714768353],[33.4348726272583,0.37966927188524835],[33.43493700027466,0.37971218628715064],[33.43558073043823,0.37941178546923027],[33.43560218811035,0.3794761570739382],[33.435516357421875,0.37960490028194727],[33.43540906906128,0.37958344308074743],[33.43536615371704,0.37971218628715064],[33.43467950820923,0.3800984158948779],[33.433735370635986,0.3800555014948799],[33.43360662460327,0.38001258709465446],[33.43358516693115,0.37990530109318854],[33.433499336242676,0.3797980150903726],[33.43347787857056,0.3796907290862208],[33.433542251586914,0.37962635748310447],[33.43412160873413,0.37956198587949075],[33.434250354766846,0.37941178546923027],[33.434250354766846,0.37934741386402493],[33.43422889709473,0.37930449946028943],[33.43407869338989,0.37921867065216475],[33.43392848968506,0.37930449946028943],[33.43388557434082,0.37930449946028943],[33.43384265899658,0.379175756247804],[33.433756828308105,0.37904701303340005],[33.43360662460327,0.3789397270199544],[33.433542251586914,0.3788324410051729],[33.43343496322632,0.37878952659889364],[33.43343496322632,0.3786822405822363]]],[[[33.434293270111084,0.37516325850252485],[33.4344220161438,0.37514180129035424],[33.434486389160156,0.3750774296535724],[33.43446493148804,0.37501305801630735],[33.434486389160156,0.37501305801630735],[33.434550762176514,0.37516325850252485],[33.434293270111084,0.37516325850252485]]],[[[33.4343147277832,0.3749916008037957],[33.43435764312744,0.37497014359119873],[33.43446493148804,0.37501305801630735],[33.4343147277832,0.3749916008037957]]],[[[33.4348726272583,0.3809567038501882],[33.43491554260254,0.3809567038501882],[33.43491554260254,0.38099961824572404],[33.4348726272583,0.38099961824572404],[33.4348726272583,0.3809567038501882]]],[[[33.43513011932373,0.3741118550449869],[33.43534469604492,0.3740689406154729],[33.43538761138916,0.3741547694742877],[33.43517303466797,0.37421914111786236],[33.43513011932373,0.3741118550449869]]]]}}]}
