{"type":"FeatureCollection","features":[{"type":"Feature","properties":{"projectId":"VCS934","name":"The Mai Ndombe REDD+ Project","sourceRegistry":"Verra VCS","externalId":"VCS934","projectType":"avoided_deforestation","country":"DR Congo","vintageYears":[2011,2012,2013,2014,2015,2016,2017,2018,2019,2020,2021,2022],"sourceUrl":"https://zenodo.org/records/11459391","license":"CC BY 4.0 (Karnik et al. dataset); CarbonPlan Terms of Use also apply to the PMTiles derivative","retrievedAt":"2026-10-05","illustrative":false},"geometry":{"type":"MultiPolygon","coordinates":[[[[17.690927982330322,-1.7859760815713344],[17.70569086074829,-1.8017182942521686],[17.712535858154297,-1.8197551853295266],[17.724895477294922,-1.8377918960084116],[17.72713762326649,-1.8436682642699083],[17.727127075195312,-1.8436682642699083],[17.727792263031006,-1.8453839885731895],[17.72843599319458,-1.8470997112211336],[17.728442176011598,-1.8470997112211336],[17.731740474700928,-1.8558069780860222],[17.750988006591797,-1.8807918770457235],[17.75390625,-1.8839444527088887],[17.76740312576294,-1.8984633838379352],[17.766952514648438,-1.9023450863095803],[17.766823768615723,-1.904940031710396],[17.767531871795654,-1.9083928042399094],[17.769527435302734,-1.9102800310159438],[17.77409791946411,-1.9150409802564923],[17.776479721069336,-1.9181291564769651],[17.779955863952637,-1.920531067461667],[17.782530784606934,-1.9229973118344503],[17.7854061126709,-1.9242840466143178],[17.786972522735596,-1.9271791963182494],[17.787530422210693,-1.9297741040921181],[17.786951065063477,-1.9320687713040172],[17.786929607391357,-1.9332268264771102],[17.786800861358643,-1.937558803633891],[17.78808832168579,-1.9408828379998937],[17.791521549224854,-1.9444856549644385],[17.7943754196167,-1.9468017475238213],[17.798967361450195,-1.9465229587730448],[17.80184268951416,-1.9453649126994463],[17.80658483505249,-1.9436278420985502],[17.82703399658203,-1.9617061557518127],[17.841625213623047,-1.9668958610231755],[17.841796875,-1.967045976224881],[17.841796929736585,-1.9670460240235976],[17.84351348876953,-1.9685471274988515],[17.84351348876953,-1.9685450090050238],[17.852675914764404,-1.9765460964690362],[17.854392528533936,-1.9793982664405547],[17.85780429840088,-1.9789693690137682],[17.867846488952637,-1.9904852263467916],[17.88297414779663,-2.0057537994807006],[17.888385330774945,-2.019349571947913],[17.888381481170654,-2.019349571947913],[17.889068126678467,-2.021065118766984],[17.88973331451416,-2.022780663773375],[17.889748678099863,-2.022780663773375],[17.89050579071045,-2.0246892054610868],[17.898058891296387,-2.039056806548217],[17.899410724639893,-2.054303478738575],[17.912113666534424,-2.066054682383566],[17.912113666534424,-2.0609296243023607],[17.92142629623413,-2.062666570523092],[17.9296875,-2.0720374698470323],[17.93140411376953,-2.0739888400844535],[17.93140411376953,-2.0739807980125313],[17.93243408203125,-2.0751467949118307],[17.933785915374756,-2.0890207431530854],[17.93140411376953,-2.1020203357218294],[17.93140411376953,-2.1020153965325363],[17.930996417999268,-2.1042454912065693],[17.9296875,-2.1063040373058186],[17.928035259246826,-2.108898659243124],[17.921319007873535,-2.1194700906177673],[17.9172420501709,-2.143807695166828],[17.917113304138184,-2.159653733916997],[17.917070388793945,-2.1748992255063087],[17.913894653320312,-2.1875715211432123],[17.915053367614746,-2.1910022426888816],[17.915139198303223,-2.195247749719556],[17.91172742843628,-2.196727241761664],[17.90818691253662,-2.1981852904563794],[17.90822982788086,-2.1984425930193936],[17.908241227364442,-2.1984425930193936],[17.909345626831055,-2.2036744021727657],[17.90696382522583,-2.2078555479131694],[17.901320457458496,-2.2146311232032474],[17.89102077484131,-2.2382810681831273],[17.89102077484131,-2.2537187233473617],[17.889668941497803,-2.2618877497129546],[17.890849113464355,-2.261801985895289],[17.89175033569336,-2.2618448678047542],[17.892630100250244,-2.2619520725728677],[17.89350986480713,-2.2621236001854044],[17.894368171691895,-2.2623808915661527],[17.89520502090454,-2.2627025057279013],[17.89602041244507,-2.2630670016916383],[17.896792888641357,-2.2635172612850454],[17.897179126739502,-2.2637745524184965],[17.898037433624268,-2.2633671747694564],[17.898874282836914,-2.263045560755131],[17.89973258972168,-2.26280971043262],[17.900612354278564,-2.262638182901256],[17.90151357650757,-2.2625309781838467],[17.902393341064453,-2.2624880962946605],[17.903294563293457,-2.2625309781838467],[17.904174327850342,-2.262638182901256],[17.905054092407227,-2.26280971043262],[17.905912399291992,-2.263045560755131],[17.90674924850464,-2.2633671747694564],[17.907564640045166,-2.2637531114924343],[17.908337116241455,-2.264203370872721],[17.908787727355957,-2.264503543715179],[17.908380031585693,-2.2622093639840557],[17.90769338607788,-2.2629812379437197],[17.906126976013184,-2.2629812379437197],[17.906126976013184,-2.2624666553495842],[17.907564640045166,-2.261737663028711],[17.907135486602783,-2.2609014655036646],[17.906298637390137,-2.260472646073154],[17.90593385696411,-2.2617591039845593],[17.905590534210205,-2.26193063161989],[17.905075550079346,-2.26193063161989],[17.905054092407227,-2.2614160486530324],[17.9042387008667,-2.261201639029636],[17.90325164794922,-2.259550683868568],[17.902629375457764,-2.2591218640390736],[17.902050018310547,-2.2582856650074064],[17.900569438934326,-2.2586287210786224],[17.899582386016846,-2.2566990296245706],[17.901298999786377,-2.2570849681203526],[17.901020050048828,-2.2559485933673358],[17.901320457458496,-2.2546406892507065],[17.901620864868164,-2.254876540899616],[17.902565002441406,-2.256034357530609],[17.90370225906372,-2.255369685132891],[17.9056978225708,-2.2586072800765606],[17.906363010406494,-2.2585215160650733],[17.906835079193115,-2.2591004230442735],[17.907392978668213,-2.2590361000579833],[17.908165454864502,-2.2593362739696516],[17.908337116241455,-2.257856844804479],[17.90919542312622,-2.2582856650074064],[17.9101824760437,-2.2546406892507065],[17.912306785583496,-2.253890251931736],[17.91144847869873,-2.2554768903788727],[17.912564277648926,-2.2564631782711615],[17.913079261779785,-2.2569992040190243],[17.914130687713623,-2.2579426088551884],[17.91344404220581,-2.2588216900830957],[17.912564277648926,-2.2580498139114553],[17.912049293518066,-2.257470906513646],[17.911276817321777,-2.2588216900830957],[17.912049293518066,-2.259143305033561],[17.912585735321045,-2.2590146590619185],[17.914645671844482,-2.259529242880106],[17.915654182434082,-2.257985490878653],[17.91649103164673,-2.257771080748711],[17.91616916656494,-2.2591218640390736],[17.917370796203613,-2.259550683868568],[17.916598320007324,-2.262102159234942],[17.916877269744873,-2.263259970105949],[17.91574001312256,-2.2647608346735097],[17.915332317352295,-2.2664117839019724],[17.91398048400879,-2.266626192754572],[17.91372299194336,-2.268384344147762],[17.91243553161621,-2.2687059569763335],[17.912843227386475,-2.269627913355123],[17.913143634796143,-2.2704641058413984],[17.913358211517334,-2.2713431794719128],[17.913529872894287,-2.272222252567488],[17.913615703582764,-2.2731227659153603],[17.913637161254883,-2.2740232787014207],[17.913572788238525,-2.2749237909254703],[17.91346549987793,-2.275802861839935],[17.91325092315674,-2.2766819322184233],[17.91299343109131,-2.2775395613392106],[17.91267156600952,-2.2783757492404106],[17.912306785583496,-2.2791261738665582],[17.9162335395813,-2.2791261738665582],[17.916061878204346,-2.281120157400821],[17.91520357131958,-2.2806913439707586],[17.91520357131958,-2.2812059200714856],[17.91417360305786,-2.2812059200714856],[17.91419506072998,-2.2832856632691545],[17.912628650665283,-2.2832856632691545],[17.912650108337402,-2.2843362540496344],[17.912113666534424,-2.2843362540496344],[17.91099786758423,-2.2845506602369596],[17.910332679748535,-2.2846793039339985],[17.911083698272705,-2.2853654034568507],[17.910912036895752,-2.2863302303561284],[17.91078329087938,-2.286265908583019],[17.910804748535156,-2.286265908583019],[17.910053730010986,-2.285901418480961],[17.90848731994629,-2.2854940470808884],[17.90868043899536,-2.2845506602369596],[17.90893793106079,-2.283392866445226],[17.90943145751953,-2.2825995627530205],[17.90870189666748,-2.2831355788092367],[17.90795087814331,-2.283628713404397],[17.907156944274902,-2.284036085333611],[17.906341552734375,-2.2843791352896687],[17.905826568603516,-2.2845506602369596],[17.904624938964844,-2.284872269457935],[17.90372371673584,-2.2850223537364087],[17.902843952178955,-2.285086675565225],[17.90194272994995,-2.285086675565225],[17.901062965393066,-2.2850223537364087],[17.90018320083618,-2.284872269457935],[17.89896011352539,-2.2845506602369596],[17.89846658706665,-2.2843791352896687],[17.897629737854004,-2.284036085333611],[17.896835803985596,-2.283628713404397],[17.89621353149414,-2.2832213413596776],[17.896170616149902,-2.283542950878271],[17.89625644683838,-2.2841004072066085],[17.89599895477295,-2.2845506602369596],[17.895677089691162,-2.285086675565225],[17.89576292037964,-2.2856441312943616],[17.895655632019043,-2.286265908583019],[17.895667749252894,-2.286265908583019],[17.89548397064209,-2.287466581205578],[17.895183563232422,-2.287680986925281],[17.894926071166992,-2.2880240360101425],[17.903058528900146,-2.287144972565912],[17.90350914001465,-2.305798154155866],[17.91370153427124,-2.3064413629642644],[17.926082611083984,-2.300631032852465],[17.9296875,-2.2991730865238935],[17.933378219604492,-2.2977151387057972],[17.945737838745117,-2.3014028861877875],[17.952282428741455,-2.3006739136042995],[17.963225841522217,-2.297029045099805],[17.970521450042725,-2.28973928020325],[17.976980209350586,-2.2845506602369596],[17.977817058563232,-2.28388600095208],[17.986249923706055,-2.2812916827370486],[17.986443042755127,-2.2810987167323447],[17.986485958099365,-2.281227360738356],[18.005497455596924,-2.2758886248272887],[18.014960289001465,-2.274452094116313],[18.017578125,-2.2746021794814197],[18.02807092666626,-2.2752025207856406],[18.030903339385986,-2.2790189703724906],[18.030881881713867,-2.2770464246571294],[18.03128957748413,-2.27683201735141],[18.030860424041748,-2.275995828554315],[18.030195236206055,-2.2757385395960767],[18.030860424041748,-2.2754812505919375],[18.030860424041748,-2.2749666724459274],[18.034508228302002,-2.2749666724459274],[18.034744262695312,-2.274302008735603],[18.03502321243286,-2.2749666724459274],[18.03504467010498,-2.2770464246571294],[18.037126064300537,-2.2770464246571294],[18.037147521972656,-2.2791261738665582],[18.039250373840332,-2.2791261738665582],[18.03927183151245,-2.2812059200714856],[18.041353225708008,-2.2812059200714856],[18.041374683380127,-2.2832856632691545],[18.035173416137695,-2.2832856632691545],[18.036718368530273,-2.2845506602369596],[18.03884267807007,-2.286265908583019],[18.038848809342717,-2.286265908583019],[18.039700984954834,-2.2869520073475087],[18.05206060409546,-2.2906397825828293],[18.068089485168457,-2.2906612231087706],[18.082637786865234,-2.2936200126101483],[18.093538284301758,-2.298787159305192],[18.09645652770996,-2.300052142576831],[18.10546875,-2.300052142576831],[18.10718536376953,-2.300073582961616],[18.10718536376953,-2.3000547895379158],[18.119373321533203,-2.300073582961616],[18.151044845581055,-2.3056695123592874],[18.170335292816162,-2.3140312049181375],[18.1923508644104,-2.3293179665249255],[18.193359375,-2.330540042703987],[18.1968355178833,-2.334677941886099],[18.19838047027588,-2.334099065530964],[18.198959827423096,-2.3369291254443425],[18.197951316833496,-2.3360286524540186],[18.203251361846924,-2.3423319512503014],[18.203551769256592,-2.3420317948073546],[18.203723430633545,-2.342674987106335],[18.203465938568115,-2.342589228150217],[18.207478523254395,-2.347370281935099],[18.217756748199463,-2.3614775111092854],[18.217499256134033,-2.3593335645169162],[18.218014240264893,-2.3593335645169162],[18.21803569793701,-2.3603840987603775],[18.217778205871582,-2.361498950558527],[18.223743438720703,-2.369667356608872],[18.228412358588784,-2.370653565105883],[18.228399753570557,-2.370653565105883],[18.23354959487915,-2.3717469693571616],[18.23653221130371,-2.3723687086440464],[18.238999843597412,-2.372883251290787],[18.238677978515625,-2.3723687086440464],[18.238141536712646,-2.371489697846357],[18.239450454711914,-2.3704606113247877],[18.236403465270996,-2.3692385700866936],[18.23726177215576,-2.3672018322936452],[18.232498168945312,-2.3675877407369654],[18.234407901763916,-2.36675160564063],[18.231382369995117,-2.3654009248043764],[18.231124877929688,-2.3645433489875387],[18.23058843612671,-2.3645433489875387],[18.23058843612671,-2.3640288032430163],[18.23110342025757,-2.3640288032430163],[18.23110342025757,-2.3624637254310272],[18.232133388519287,-2.3624637254310272],[18.232133388519287,-2.362978271755665],[18.232476711273193,-2.362806756335303],[18.233163356781006,-2.361434632209864],[18.23402166366577,-2.361841981701062],[18.234193325042725,-2.3603840987603775],[18.234708309173584,-2.3603840987603775],[18.234729766845703,-2.361927739473458],[18.23578119277954,-2.361927739473458],[18.23580265045166,-2.3640288032430163],[18.23631763458252,-2.3640288032430163],[18.23633909225464,-2.365057894541266],[18.236854076385498,-2.365057894541266],[18.23756217956543,-2.3633213025328246],[18.2362961769104,-2.3624637254310272],[18.2362961769104,-2.361927739473458],[18.238377571105957,-2.3615847083520976],[18.23983669281006,-2.3596551567165704],[18.239643573760986,-2.3611773587854543],[18.240458965301514,-2.361413192759656],[18.240973949432373,-2.361413192759656],[18.240973949432373,-2.360898645855258],[18.241488933563232,-2.360898645855258],[18.241488933563232,-2.3603840987603775],[18.244621753692627,-2.3603840987603775],[18.244707584381104,-2.3666229694271976],[18.242604732513428,-2.3666229694271976],[18.242647647857666,-2.3687025867472613],[18.244729042053223,-2.3687025867472613],[18.244750499725342,-2.370803640250344],[18.24775457382202,-2.3706106864901813],[18.248419761657715,-2.369517281341203],[18.24880599975586,-2.3690241767758096],[18.249127864837646,-2.3642860761391233],[18.248977661132812,-2.362763877476894],[18.249342441558838,-2.3624637254310272],[18.249728679656982,-2.3616490266937973],[18.250887393951416,-2.361413192759656],[18.251187801361084,-2.3617991028128813],[18.252453804016113,-2.3616061477996624],[18.253462314605713,-2.361756223923365],[18.25427770614624,-2.362785316906269],[18.255908489227295,-2.3615632689041917],[18.25723886489868,-2.3617776633682865],[18.257689476013184,-2.359097730189916],[18.256616592407227,-2.3605341750160562],[18.255844116210938,-2.3595693988039272],[18.25526475906372,-2.359097730189916],[18.2547926902771,-2.358347347974302],[18.25552225112915,-2.3577684814171533],[18.25530767440796,-2.356932340409486],[18.25427770614624,-2.355431573238704],[18.255479335784912,-2.354638309938011],[18.255736827850342,-2.3539736835816143],[18.25601577758789,-2.354638309938011],[18.256831169128418,-2.3548741450205313],[18.257453441619873,-2.355667408186946],[18.257131576538086,-2.35860462192241],[18.257904052734375,-2.358518863944994],[18.258397579193115,-2.360148264611553],[18.26002836227417,-2.3605984934063997],[18.26054334640503,-2.361241677146026],[18.26099395751953,-2.3595693988039272],[18.262624740600586,-2.359097730189916],[18.26328992843628,-2.3582401504818904],[18.26627254486084,-2.3605984934063997],[18.2667875289917,-2.361756223923365],[18.26728105545044,-2.3611130404219125],[18.267838954925537,-2.3611987982393146],[18.268826007843018,-2.360448417157656],[18.26775312423706,-2.3596122777609168],[18.269126415252686,-2.3572324936495193],[18.266959190368652,-2.3565035499543256],[18.265950679779053,-2.3577684814171533],[18.265135288238525,-2.357361130732585],[18.264899253845215,-2.3562033965571203],[18.26453447341919,-2.356031880301117],[18.263826370239258,-2.354638309938011],[18.263161182403564,-2.3543810352570063],[18.263826370239258,-2.354123760528509],[18.263633251190186,-2.353266177757206],[18.26277494430542,-2.3528159465911074],[18.264105319976807,-2.3521513193659302],[18.26429843902588,-2.3504790301084313],[18.26474905014038,-2.3507363055092583],[18.266079425811768,-2.3535877713582636],[18.264191150665283,-2.3529445840819534],[18.265199661254883,-2.3543167165793335],[18.265414237976074,-2.355688847725702],[18.265929222106934,-2.355688847725702],[18.26605796813965,-2.3547669472606856],[18.2667875289917,-2.354038002275118],[18.26698064804077,-2.355688847725702],[18.26775312423706,-2.355410133695983],[18.2688045501709,-2.355967561699657],[18.27080011367798,-2.355238617342266],[18.270907402038574,-2.3564606709015408],[18.270843029022217,-2.357489767803756],[18.271422386169434,-2.3575326468248363],[18.27223777770996,-2.357468328292711],[18.273117542266846,-2.359762354099928],[18.27298879623413,-2.3616704661403674],[18.27399730682373,-2.362528043732027],[18.274683952331543,-2.3642860761391233],[18.274104595184326,-2.3647791823900093],[18.27350378036499,-2.3668588024760453],[18.269963264465332,-2.3663871363382327],[18.26929807662964,-2.3643075155449935],[18.267860412597656,-2.3647791823900093],[18.267388343811035,-2.3663871363382327],[18.265392780303955,-2.3669874386675787],[18.26547861099243,-2.367995088421651],[18.2662296295166,-2.368788344095506],[18.266894817352295,-2.369710235253777],[18.26698064804077,-2.369645917285908],[18.267087936401367,-2.3700103857309927],[18.267688751220703,-2.371060911888719],[18.26803207397461,-2.3718756050946155],[18.268203735351562,-2.3723687086440464],[18.268568515777588,-2.3735907471173903],[18.268718719482422,-2.374469756579316],[18.2688045501709,-2.375370204716603],[18.268826007843018,-2.376463605236964],[18.273396492004395,-2.373697943423153],[18.273310661315918,-2.3736550649018398],[18.2737398147583,-2.3734835508033],[18.275606632232666,-2.3723687086440464],[18.276550769805908,-2.3717898479376345],[18.278181552886963,-2.370653565105883],[18.27817290232787,-2.370653565105883],[18.27953338623047,-2.369700563744734],[18.27953338623047,-2.369710235253777],[18.28049898147583,-2.3690241767758096],[18.28125,-2.368638268732596],[18.28296661376953,-2.3677806949183235],[18.28296661376953,-2.3677806947126485],[18.284296989440918,-2.367116074847189],[18.285670280456543,-2.3659154700399796],[18.284296989440918,-2.3655938792901026],[18.28273057937622,-2.3655938792901026],[18.28273057937622,-2.365057894541266],[18.28221559524536,-2.365057894541266],[18.28221559524536,-2.3645433489875387],[18.284296989440918,-2.3645433489875387],[18.28425407409668,-2.3624637254310272],[18.285648822784424,-2.362635240893752],[18.286356925964355,-2.362978271755665],[18.286185264587402,-2.363857287952456],[18.285863399505615,-2.3645433489875387],[18.286378383636475,-2.3645433489875387],[18.286142349243164,-2.365508121744199],[18.287665843963623,-2.364178879104884],[18.29049825668335,-2.361348874407014],[18.29049825668335,-2.3603840987603775],[18.29146385192871,-2.3603840987603775],[18.292558193206787,-2.3592692460680666],[18.292558193206787,-2.358283029479864],[18.292858600616455,-2.356953779928787],[18.292536735534668,-2.3567393847209956],[18.29200029373169,-2.3567393847209956],[18.291442394256592,-2.357468328292711],[18.2907772064209,-2.356224836087648],[18.29146385192871,-2.355688847725702],[18.290927410125732,-2.35446679348928],[18.292815685272217,-2.3549813427721205],[18.29352378845215,-2.353845046185711],[18.29249382019043,-2.3536092109290365],[18.29275131225586,-2.3523657152796176],[18.29451084136963,-2.3529874632429397],[18.294103145599365,-2.3542095187766137],[18.295819759368896,-2.3536306504994684],[18.29496145248413,-2.355495891864905],[18.29270839691162,-2.355881803559768],[18.29251527786255,-2.3562033965571203],[18.294596672058105,-2.3562033965571203],[18.295605182647705,-2.355967561699657],[18.29798698425293,-2.3518082858354887],[18.29996109008789,-2.3485065837938066],[18.304038047790527,-2.345569348795223],[18.306827545166016,-2.342782185794121],[18.305668830871582,-2.338151195007441],[18.3052396774292,-2.3322123557561554],[18.305368423461914,-2.3259090115811603],[18.305025100708008,-2.325201491597838],[18.305389881134033,-2.325115731575764],[18.305389881134033,-2.3247298114118706],[18.30672025680542,-2.322885969172617],[18.30667734146118,-2.322885969172617],[18.306655883789062,-2.3213208453830845],[18.307814598083496,-2.3213208453830845],[18.308544158935547,-2.3202917219468304],[18.30800771713257,-2.3173544280207494],[18.307557106018066,-2.3174187483909776],[18.30667734146118,-2.3175045088800914],[18.305776119232178,-2.3175045088800914],[18.304896354675293,-2.3174187483909776],[18.304274082183838,-2.317332987896677],[18.304295539855957,-2.3173973082678856],[18.3042311668396,-2.317933311247671],[18.304553031921387,-2.319755719860453],[18.305068016052246,-2.319755719860453],[18.305089473724365,-2.3202702818672805],[18.304553031921387,-2.3202702818672805],[18.304574489593506,-2.3207848436868517],[18.300390243530273,-2.3207848436868517],[18.30043315887451,-2.322885969172617],[18.298351764678955,-2.322885969172617],[18.298373222351074,-2.3249656515245647],[18.296806812286377,-2.3249656515245647],[18.296828269958496,-2.3270453308117],[18.297879695892334,-2.3270453308117],[18.297879695892334,-2.3275598901620356],[18.296828269958496,-2.3275598901620356],[18.297064304351807,-2.3279243695882315],[18.2991886138916,-2.328589008299204],[18.299682140350342,-2.3271096507407663],[18.300175666809082,-2.3278814896606264],[18.30101251602173,-2.3280744493245606],[18.3012056350708,-2.3289534874592164],[18.302342891693115,-2.3295109259921247],[18.302793502807617,-2.3310331608618498],[18.304874897003174,-2.331461959119565],[18.304553031921387,-2.3331128311917126],[18.30073356628418,-2.3334773091802674],[18.300368785858154,-2.335449776655338],[18.299875259399414,-2.3345064229908985],[18.298673629760742,-2.3341633851377424],[18.298287391662598,-2.331376199478484],[18.296356201171875,-2.331204680180605],[18.296635150909424,-2.335149618739905],[18.299660682678223,-2.335985772773398],[18.300840854644775,-2.3379153571044498],[18.30043315887451,-2.3434039380214386],[18.297557830810547,-2.34383273250009],[18.296785354614258,-2.3428465050028677],[18.29594850540161,-2.343939931099243],[18.292064666748047,-2.343318179109943],[18.29127073287964,-2.340573891169811],[18.29045534133911,-2.3401665354706154],[18.2902193069458,-2.3390302268421266],[18.289682865142822,-2.3390302268421266],[18.289682865142822,-2.337979676536463],[18.287858963012695,-2.3374008015421452],[18.289382457733154,-2.3351281788863503],[18.289339542388916,-2.334099065530964],[18.290348052978516,-2.333048511536859],[18.29247236251831,-2.333048511536859],[18.291935920715332,-2.331461959119565],[18.290369510650635,-2.330947401194635],[18.289296627044678,-2.3298968448472266],[18.289875984191895,-2.329360846408818],[18.28974723815918,-2.3257589316143594],[18.290305137634277,-2.3252229316025534],[18.29024076461792,-2.3236578104029775],[18.290798664093018,-2.3236578104029775],[18.2907772064209,-2.3225858085802287],[18.291807174682617,-2.3215781261250896],[18.291807174682617,-2.3210421245264],[18.292579650878906,-2.3207848436868517],[18.2932448387146,-2.323229009771538],[18.294296264648438,-2.322993169368729],[18.29373836517334,-2.320634763175491],[18.294639587402344,-2.3192197175709595],[18.29493999481201,-2.319005316598279],[18.295433521270752,-2.318362113485364],[18.29796552658081,-2.316861305085183],[18.299875259399414,-2.3160465798589485],[18.299574851989746,-2.3153176147856698],[18.2991886138916,-2.315017452587682],[18.298523426055908,-2.314438568169166],[18.297901153564453,-2.313795362982461],[18.297321796417236,-2.3131092771284187],[18.296806812286377,-2.3123588703455766],[18.296356201171875,-2.3115870229549103],[18.29594850540161,-2.3107937349215746],[18.295626640319824,-2.3099575659742015],[18.295369148254395,-2.30909995628609],[18.295176029205322,-2.3082209058185583],[18.295047283172607,-2.3073204145320574],[18.29498291015625,-2.3064199226753317],[18.29500436782837,-2.3055408705510985],[18.295090198516846,-2.3046403775681057],[18.2952618598938,-2.3037613243448476],[18.29547643661499,-2.302882270579019],[18.295776844024658,-2.3020246566262443],[18.296141624450684,-2.301209922893136],[18.296570777893066,-2.3004166290740784],[18.297064304351807,-2.2996662155958916],[18.297600746154785,-2.29895868252639],[18.29820156097412,-2.2982940299294654],[18.298845291137695,-2.2976722578650737],[18.29944610595703,-2.2972005685321903],[18.2991886138916,-2.297093366389362],[18.300154209136963,-2.2967074386085358],[18.30045461654663,-2.2965144746790287],[18.30021858215332,-2.295056524147199],[18.30118417739868,-2.2949278813818097],[18.302128314971924,-2.2956568568992566],[18.302106857299805,-2.2956997378004758],[18.30270767211914,-2.2954638928278825],[18.303351402282715,-2.2952923691869955],[18.303115367889404,-2.294777798140913],[18.302900791168213,-2.293705774533464],[18.302664756774902,-2.293705774533464],[18.302643299102783,-2.2924193451440686],[18.302578926086426,-2.2921191781201316],[18.30195665359497,-2.291883332557191],[18.30249309539795,-2.291690367976784],[18.302342891693115,-2.29100427148029],[18.30195665359497,-2.290854187827861],[18.302299976348877,-2.290704104159701],[18.30225706100464,-2.2905111394204027],[18.303565979003906,-2.2877238680653704],[18.303587436676025,-2.287702427495489],[18.30345869064331,-2.2876381057838984],[18.303093910217285,-2.286930566766088],[18.303565979003906,-2.2865660768328553],[18.303613916327873,-2.286265908583019],[18.303630352020264,-2.286265908583019],[18.303887844085693,-2.2845506602369596],[18.30395221710205,-2.284186169699467],[18.30375909805298,-2.2832856632691545],[18.303565979003906,-2.2832856632691545],[18.303565979003906,-2.2827710879127636],[18.303029537200928,-2.2827710879127636],[18.303158283233643,-2.2824709188697767],[18.302063941955566,-2.2827710879127636],[18.301624059667358,-2.2828354098423773],[18.301591873168945,-2.2828354098423773],[18.30118417739868,-2.2828997317691346],[18.300282955169678,-2.2829854943336443],[18.299875259399414,-2.2829854943336443],[18.301784992218018,-2.283521510245947],[18.301913738250732,-2.2845506602369596],[18.302278518676758,-2.2871020914085136],[18.3001971244812,-2.287680986925281],[18.29998254776001,-2.28798115487902],[18.299682140350342,-2.287745308634939],[18.29921007156372,-2.287166413144149],[18.298673629760742,-2.2872307348768715],[18.297343254089355,-2.2870377696700075],[18.298287391662598,-2.2845506602369596],[18.298780918121338,-2.283264222632994],[18.29650640487671,-2.2835858321419664],[18.29551935195923,-2.2830712568930522],[18.29650640487671,-2.2824709188697767],[18.295905590057373,-2.282277953023325],[18.295068740844727,-2.281913461909383],[18.29427480697632,-2.281506089378567],[18.29352378845215,-2.281034394725026],[18.292815685272217,-2.280498377885536],[18.292129039764404,-2.279898038788218],[18.29150676727295,-2.279276258744858],[18.29120635986328,-2.278911766870422],[18.2902193069458,-2.2793620215254293],[18.28996181488037,-2.279640750526994],[18.288931846618652,-2.2787402412505315],[18.289682865142822,-2.2773251541068618],[18.289854526519775,-2.2768534580834228],[18.289661407470703,-2.276467524858461],[18.288116455078125,-2.2773251541068618],[18.28749418258667,-2.277282272656578],[18.286550045013428,-2.2762531174666094],[18.28599214553833,-2.275759980344347],[18.28549861907959,-2.2751167577574734],[18.28652858734131,-2.2741948048826686],[18.28648567199707,-2.2736159039392305],[18.28496217727661,-2.2737016670566135],[18.284425735473633,-2.2731227659153603],[18.283417224884033,-2.2731870882758614],[18.281829357147217,-2.272329456566922],[18.281357288360596,-2.2705498691459667],[18.28247308731079,-2.2717934364901424],[18.283846378326416,-2.2710430080484514],[18.284404277801514,-2.2710644488664826],[18.284876346588135,-2.270506987494315],[18.28547716140747,-2.2705498691459667],[18.285348415374756,-2.2689846880365536],[18.28577756881714,-2.268470107575709],[18.286442756652832,-2.2705498691459667],[18.286893367767334,-2.2710430080484514],[18.287537097930908,-2.2681270538334104],[18.287408351898193,-2.2663689021276383],[18.28798770904541,-2.2658543207365938],[18.2892107963562,-2.2644606618843426],[18.287880420684814,-2.263259970105949],[18.28873872756958,-2.2624880962946605],[18.28948974609375,-2.261651899202178],[18.28998327255249,-2.2622093639840557],[18.290927410125732,-2.2627025057279013],[18.291099071502686,-2.2621236001854044],[18.290348052978516,-2.261801985895289],[18.289554119110107,-2.261394607692111],[18.28878164291382,-2.260922906471876],[18.288073539733887,-2.2603868821718436],[18.287386894226074,-2.2597865347208312],[18.28676462173462,-2.2591647460277215],[18.28620672225952,-2.2584571930531467],[18.285691738128662,-2.2577281987189366],[18.28521966934204,-2.25695632196647],[18.284833431243896,-2.2561415627276062],[18.28451156616211,-2.255305361981513],[18.28423261642456,-2.254447719691356],[18.28403949737549,-2.2535900768958186],[18.283910751342773,-2.252689551416779],[18.283867835998535,-2.2517890253809725],[18.283889293670654,-2.250888498788626],[18.28397512435913,-2.2500094127690176],[18.284125328063965,-2.24910888507749],[18.284361362457275,-2.248251239140174],[18.284661769866943,-2.2473935926988418],[18.28502655029297,-2.2465788281129306],[18.28545570373535,-2.24578550426358],[18.285927772521973,-2.2450350623879842],[18.28648567199707,-2.2443275025523377],[18.287086486816406,-2.2436628248190402],[18.28773021697998,-2.2430410292466405],[18.288416862487793,-2.2424835571294466],[18.289167881011963,-2.2419689672942837],[18.289940357208252,-2.2415187010400786],[18.29075574874878,-2.2411541996852264],[18.291592597961426,-2.2408325807673606],[18.29245090484619,-2.24057528558221],[18.293116092681885,-2.240446637972667],[18.293116092681885,-2.240360872893362],[18.293159008026123,-2.240446637972667],[18.2932448387146,-2.2404251967033133],[18.29097032546997,-2.2383025094838587],[18.287172317504883,-2.2388814244850295],[18.28878164291382,-2.236458556475071],[18.291335105895996,-2.234035684463862],[18.292064666748047,-2.2318057810275462],[18.29197883605957,-2.2317200154431873],[18.291292190551758,-2.23146271866014],[18.29195737838745,-2.2312054218320583],[18.292365074157715,-2.2308194765055163],[18.29221487045288,-2.2313340702517195],[18.293094635009766,-2.2286110096342213],[18.293330669403076,-2.2266598371177366],[18.29322338104248,-2.2267884859346765],[18.292429447174072,-2.22599515138468],[18.29245090484619,-2.2275603786003586],[18.291914463043213,-2.2275603786003586],[18.291935920715332,-2.229125604152813],[18.290905952453613,-2.229125604152813],[18.290433883666992,-2.2265526297616987],[18.290841579437256,-2.2254805557725774],[18.291549682617188,-2.2251374919313918],[18.291871547698975,-2.2244299225068858],[18.292407989501953,-2.2244299225068858],[18.292386531829834,-2.2234007300108516],[18.291871547698975,-2.2234007300108516],[18.291850090026855,-2.222350095264119],[18.292386531829834,-2.222350095264119],[18.292365074157715,-2.221663966046364],[18.292043209075928,-2.2213852259605886],[18.291420936584473,-2.2207419794080465],[18.290841579437256,-2.220055849443355],[18.290326595306396,-2.219326836006829],[18.289875984191895,-2.2185549390351866],[18.28946828842163,-2.217740158461396],[18.289146423339844,-2.2169039358269913],[18.288888931274414,-2.2160462710957773],[18.288695812225342,-2.2151671642307065],[18.288567066192627,-2.214288056843884],[18.28852415084839,-2.2133875072727136],[18.28852415084839,-2.2124869571544536],[18.288631439208984,-2.21158640648936],[18.28878164291382,-2.2107072969794928],[18.28901767730713,-2.2098281869489256],[18.289296627044678,-2.208991959851474],[18.289661407470703,-2.208155732283231],[18.290090560913086,-2.2073838294948587],[18.290584087371826,-2.2066119263056407],[18.291120529174805,-2.205904348030174],[18.29172134399414,-2.205239652979955],[18.292386531829834,-2.2046178412125386],[18.293073177337646,-2.2040603545794824],[18.293802738189697,-2.2035671931531624],[18.294596672058105,-2.2031169151864702],[18.295326232910156,-2.2027738461680855],[18.294038772583008,-2.2006939885530983],[18.293395042419434,-2.2007797559347893],[18.29277276992798,-2.197477708179406],[18.292858600616455,-2.196727241761664],[18.292880058288574,-2.1965771484328513],[18.292794227600098,-2.1960625426196287],[18.292858600616455,-2.1955264947090427],[18.292794227600098,-2.1950118885339833],[18.292858600616455,-2.1944758402465965],[18.29120635986328,-2.192438855002237],[18.291184902191162,-2.1919242477648737],[18.294124603271484,-2.1942399789392653],[18.294360637664795,-2.1935538367427654],[18.294639587402344,-2.1942399789392653],[18.295669555664062,-2.1942399789392653],[18.2957124710083,-2.196727241761664],[18.2957124710083,-2.1978851040768035],[18.29646348953247,-2.1978851040768035],[18.296377658843994,-2.196727241761664],[18.296377658843994,-2.196684357954979],[18.296077251434326,-2.1965771484328513],[18.296356201171875,-2.19646993890305],[18.296291828155518,-2.1956551462251213],[18.296313285827637,-2.1950118885339833],[18.29631173732627,-2.1950118885339833],[18.296356201171875,-2.1935752786911706],[18.296034336090088,-2.193446626996135],[18.296377658843994,-2.1933179752900287],[18.29646348953247,-2.19065917088777],[18.29695701599121,-2.188257666080503],[18.29695701599121,-2.1881933400059665],[18.2962703704834,-2.1877216153750823],[18.297364711761475,-2.1861134621094607],[18.297665119171143,-2.185899041543834],[18.297665119171143,-2.185384432061369],[18.29800844192505,-2.185384432061369],[18.298072814941406,-2.185234337595759],[18.2997465133667,-2.18253263465013],[18.2997465133667,-2.182361097791187],[18.29921007156372,-2.182168118801499],[18.29826593399048,-2.182789939901838],[18.29747200012207,-2.1831973397936366],[18.296635150909424,-2.1835404133010883],[18.295798301696777,-2.183819160468218],[18.294918537139893,-2.1840335813308087],[18.294038772583008,-2.1841836759164295],[18.293159008026123,-2.1842480021628177],[18.29225778579712,-2.1842480021628177],[18.291356563568115,-2.1841836759164295],[18.29047679901123,-2.1840335813308087],[18.289618492126465,-2.183819160468218],[18.2887601852417,-2.1835404133010883],[18.287944793701172,-2.1831973397936366],[18.287150859832764,-2.182789939901838],[18.286399841308594,-2.1822967714640384],[18.285670280456543,-2.1817821607477867],[18.28500509262085,-2.1811817813562584],[18.284382820129395,-2.180538517456597],[18.283803462982178,-2.1798523689938634],[18.28328847885132,-2.179123335909509],[18.28296661376953,-2.1785970283402976],[18.28296661376953,-2.1785872819458234],[18.282430171966553,-2.1775366156235805],[18.282108306884766,-2.176700370476155],[18.281850814819336,-2.1758426826635713],[18.281657695770264,-2.1749635521494213],[18.28152894973755,-2.17408442112297],[18.28146457672119,-2.1731838473453706],[18.28148603439331,-2.1722832730306436],[18.281571865081787,-2.1713826981789737],[18.28174352645874,-2.1705035650679747],[18.28195810317993,-2.1696244314457402],[18.2822585105896,-2.1687881819161703],[18.282623291015625,-2.167973374237647],[18.283052444458008,-2.1671800084449444],[18.28352451324463,-2.166429526907052],[18.284082412719727,-2.165700487342761],[18.284683227539062,-2.1650357744930773],[18.285326957702637,-2.1644139460794634],[18.28603506088257,-2.1638564445262602],[18.28676462173462,-2.163363269904494],[18.287429809570312,-2.1629773070451535],[18.28695774078369,-2.1629773070451535],[18.28695774078369,-2.162569901698234],[18.286356925964355,-2.162312593001701],[18.283309936523438,-2.1595250793270964],[18.289124965667725,-2.1584958422157285],[18.28927516937256,-2.1579168960343225],[18.289167881011963,-2.1574880468689486],[18.28953266143799,-2.1569305427731678],[18.28998327255249,-2.1551937017806893],[18.28998327255249,-2.154121576722133],[18.290283679962158,-2.154121576722133],[18.29049825668335,-2.1532209910897677],[18.29047679901123,-2.1528135831288466],[18.28951120376587,-2.1527278130179326],[18.288609981536865,-2.1525991578425163],[18.2877516746521,-2.1523847325260164],[18.286893367767334,-2.1521059795694697],[18.286077976226807,-2.1517414563955555],[18.2852840423584,-2.1513340480392458],[18.28549861907959,-2.151870111643362],[18.284447193145752,-2.151805784020823],[18.28453302383423,-2.1511196225448543],[18.282923698425293,-2.149897396651312],[18.28296661376953,-2.1498330689455827],[18.28296661376953,-2.1498300057177135],[18.283073902130127,-2.1496615283837173],[18.28251600265503,-2.1491040214245487],[18.281936645507812,-2.148396416144763],[18.28125,-2.1473886141197482],[18.28097105026245,-2.1468954341631274],[18.280563354492188,-2.146102057377277],[18.2802414894104,-2.1452657949140814],[18.27998399734497,-2.144408089348687],[18.2797908782959,-2.143528940645183],[18.279662132263184,-2.1426283487668627],[18.279597759246826,-2.1415347722026326],[18.27953338623047,-2.141513329517096],[18.27953338623047,-2.141516392757503],[18.279297351837158,-2.141449001458696],[18.279619216918945,-2.1411273611261663],[18.279705047607422,-2.1399480126628134],[18.27976942062378,-2.139647814727283],[18.279190063476562,-2.139304731300456],[18.279855251312256,-2.1391760749956035],[18.280198574066162,-2.1379109540898753],[18.27976942062378,-2.1378037404058574],[18.28022003173828,-2.1373534428512215],[18.280305862426758,-2.137610755755773],[18.28075647354126,-2.136517175613619],[18.28125,-2.135616579617718],[18.281571865081787,-2.135123395872469],[18.28129291534424,-2.1345873264046133],[18.282108306884766,-2.1344157841354274],[18.28249454498291,-2.1339440427964433],[18.282601833343506,-2.1331721021114163],[18.282923698425293,-2.133493744110609],[18.283395767211914,-2.1330434452929126],[18.283309936523438,-2.1330005596843478],[18.28378200531006,-2.1320999616284553],[18.283867835998535,-2.1326360319633153],[18.284897804260254,-2.1319069762621865],[18.28521966934204,-2.1317354336940895],[18.28502655029297,-2.1311993630455532],[18.285541534423828,-2.1311993630455532],[18.285369873046875,-2.1316496624028503],[18.28648567199707,-2.13109214889343],[18.287322521209717,-2.1307705063923237],[18.288180828094482,-2.130534635182144],[18.289060592651367,-2.1303416496196803],[18.290176391601562,-2.130234435407857],[18.29124927520752,-2.1296554785350708],[18.291571140289307,-2.130234435407857],[18.292536735534668,-2.1303416496196803],[18.292558193206787,-2.130277321093473],[18.292601108551025,-2.1303416496196803],[18.29350233078003,-2.130534635182144],[18.294360637664795,-2.1307705063923237],[18.29519748687744,-2.13109214889343],[18.296184539794922,-2.1315638911068646],[18.290798664093018,-2.1256242172449333],[18.290305137634277,-2.1216572743154813],[18.289940357208252,-2.118505155650979],[18.289918899536133,-2.113830573306714],[18.29421043395996,-2.1135518133640545],[18.29848051071167,-2.1123724438221245],[18.297815322875977,-2.1121365698062817],[18.297815322875977,-2.111407504439981],[18.298845291137695,-2.111407504439981],[18.298866748809814,-2.1122437852724687],[18.300347328186035,-2.110978642300026],[18.299617767333984,-2.111257402704453],[18.298652172088623,-2.1107856542984393],[18.29895257945685,-2.110614109388038],[18.29895257949829,-2.110614109388038],[18.29970359802246,-2.1101852470292073],[18.29996109008789,-2.108898659243124],[18.300046920776367,-2.1084912395557183],[18.300390243530273,-2.1082982512455146],[18.299896717071533,-2.1071832072069014],[18.29989433289257,-2.1071832072069014],[18.299875259399414,-2.1071403208817827],[18.300347328186035,-2.105167548649689],[18.299832344055176,-2.105167548649689],[18.299810886383057,-2.1041168319851096],[18.2977294921875,-2.1041168319851096],[18.29770803451538,-2.102036839765745],[18.295626640319824,-2.102036839765745],[18.295605182647705,-2.1015436453277374],[18.29676389694214,-2.1015436453277374],[18.292086124420166,-2.1013292129148198],[18.286399841308594,-2.099184887166402],[18.28125,-2.095796846489577],[18.27953338623047,-2.0946603501894288],[18.27953338623047,-2.0946725203874483],[18.278074264526367,-2.0937168432006388],[18.27622890472412,-2.0937168432006388],[18.27625036239624,-2.094746123523862],[18.27573537826538,-2.094746123523862],[18.275198936462402,-2.0940170500314252],[18.27446937561035,-2.0950463301574302],[18.274168968200684,-2.095260763431895],[18.27451229095459,-2.0960970529217064],[18.270864486694336,-2.09753375433543],[18.26897621154785,-2.0963114860522722],[18.26897621154785,-2.097362207967322],[18.268096446990967,-2.098069836614542],[18.26828956604004,-2.099442206411595],[18.268203735351562,-2.100214163892943],[18.268461227416992,-2.102101169463552],[18.26773166656494,-2.1012005534529123],[18.267195224761963,-2.101886737127188],[18.266143798828125,-2.101736634474207],[18.265671730041504,-2.10233704499953],[18.264577388763428,-2.102787352741956],[18.264105319976807,-2.103945286339993],[18.26354742050171,-2.103259103570821],[18.26251745223999,-2.1033877628630364],[18.26153039932251,-2.101114780472429],[18.260972499847412,-2.101822407420542],[18.260414600372314,-2.101736634474207],[18.259963989257812,-2.10285168240884],[18.258118629455566,-2.105167548649689],[18.258934020996094,-2.1054034237219525],[18.259449005126953,-2.1065399122060313],[18.260135650634766,-2.104931673541728],[18.26052188873291,-2.1065399122060313],[18.259795096452624,-2.1071832072069014],[18.25979232788086,-2.1071832072069014],[18.25901985168457,-2.107869388248261],[18.26180934906006,-2.107247536692384],[18.26204538345337,-2.1065827985476915],[18.262324333190918,-2.107247536692384],[18.263354301452637,-2.107247536692384],[18.263354301452637,-2.106732900734187],[18.26453447341919,-2.1070116618993353],[18.263976573944092,-2.108898659243124],[18.265929222106934,-2.1095848395281394],[18.265156745910645,-2.110056588298491],[18.264963626861572,-2.1103782351053155],[18.264448642730713,-2.1103782351053155],[18.26348304748535,-2.1101852470292073],[18.26380491256714,-2.1095848395281394],[18.2633113861084,-2.108898659243124],[18.263118267059326,-2.1086413415582257],[18.26305389404297,-2.108898659243124],[18.262624740600586,-2.1105283369257393],[18.262152671813965,-2.108898659243124],[18.262131214141846,-2.1088557729652706],[18.262088298797607,-2.108898659243124],[18.26101541519165,-2.1097992708051265],[18.260607719421387,-2.1089844317953066],[18.26026439666748,-2.1088128866862235],[18.26026439666748,-2.1103782351053155],[18.25929880142212,-2.110614109388038],[18.259304523441525,-2.110614109388038],[18.258955478668213,-2.110699881845605],[18.258776014523683,-2.110614109388038],[18.25878381729126,-2.110614109388038],[18.257968425750732,-2.110228133270411],[18.25953483581543,-2.1096491689143306],[18.259706497192383,-2.108898659243124],[18.259727954864502,-2.1088128866862235],[18.25904130935669,-2.109155976885475],[18.257131576538086,-2.109327521956729],[18.25678825378418,-2.110614109388038],[18.25679467092272,-2.110614109388038],[18.25653076171875,-2.1116219354655783],[18.25609464911257,-2.110614109388038],[18.256101608276367,-2.110614109388038],[18.255844116210938,-2.110035145175658],[18.255393505096436,-2.110614109388038],[18.255400353228453,-2.110614109388038],[18.25507164001465,-2.1110429716285637],[18.254725548555115,-2.110614109388038],[18.254728317260742,-2.110614109388038],[18.25453519821167,-2.1103782351053155],[18.25402021408081,-2.1103782351053155],[18.25402021408081,-2.110614109388038],[18.254023447430047,-2.110614109388038],[18.25404167175293,-2.111943581948495],[18.25352668762207,-2.111943581948495],[18.25352668762207,-2.113508927214582],[18.25406312942505,-2.113508927214582],[18.25406312942505,-2.1140235609299936],[18.254578113555908,-2.1140235609299936],[18.254599571228027,-2.1145381944747754],[18.25406312942505,-2.1145381944747754],[18.254084587097168,-2.115052827848885],[18.257131576538086,-2.1155674610522652],[18.25953483581543,-2.115202929217503],[18.261187076568604,-2.1173901189406905],[18.261101245880127,-2.117926194382349],[18.261187076568604,-2.1184408266318258],[18.261122703552246,-2.118976901709871],[18.26127290725708,-2.1198775074231975],[18.259127140045166,-2.1216143883903413],[18.25779676437378,-2.1218288180041327],[18.257346153259277,-2.123051066234922],[18.259384632110596,-2.1233941532838827],[18.259212970733643,-2.1237372402566876],[18.257474899291992,-2.1241017700818077],[18.25678825378418,-2.1244448568974548],[18.25653076171875,-2.125109587385893],[18.25627326965332,-2.1244448568974548],[18.255608081817627,-2.124187541792864],[18.25627326965332,-2.123908783714512],[18.255650997161865,-2.123179723887219],[18.254964351654053,-2.124787943636889],[18.254427909851074,-2.1235656967798064],[18.253955841064453,-2.125238244866722],[18.25281858444214,-2.1251310303001247],[18.252904415130615,-2.124166098865544],[18.251852989196777,-2.123308381528787],[18.251595497131348,-2.124959486978028],[18.25105905532837,-2.125259687779163],[18.25178861618042,-2.127168105792464],[18.2507586479187,-2.127747063599486],[18.250586986541748,-2.1280901496047875],[18.251359462738037,-2.1287334356589582],[18.25007200241089,-2.129119407162605],[18.24981451034546,-2.1297841356367115],[18.24955701828003,-2.129119407162605],[18.248291015625,-2.1287334356589582],[18.24981451034546,-2.127296763101711],[18.24925661087036,-2.126782133800404],[18.24927806854248,-2.125774317588167],[18.248698711395264,-2.1247021719591856],[18.248183727264404,-2.1236514685206345],[18.247110843658447,-2.1236514685206345],[18.247132301330566,-2.12260076436759],[18.246338367462158,-2.122364891908532],[18.24578046798706,-2.1230939521202146],[18.244428634643555,-2.122622207316624],[18.245437145233154,-2.121850260963882],[18.243484497070312,-2.1221290194135065],[18.242948055267334,-2.12206469054496],[18.241124153137207,-2.122364891908532],[18.240394592285156,-2.1209067704538995],[18.2397723197937,-2.1212069720422306],[18.239364624023438,-2.1204564679621996],[18.23779821395874,-2.1200919372777065],[18.237454891204834,-2.1207995555868138],[18.236467838287354,-2.120327810083367],[18.235201835632324,-2.1207781126125127],[18.235888481140137,-2.1192342176814236],[18.236725330352783,-2.1190197877080834],[18.23659658432007,-2.1184193836248397],[18.238248825073242,-2.1174544480034854],[18.238677978515625,-2.116832600284667],[18.235008716583252,-2.115889106717688],[18.23479413986206,-2.1155889040987006],[18.235480785369873,-2.1152458153201508],[18.236875534057617,-2.115052827848885],[18.23728322982788,-2.114066447065241],[18.235459327697754,-2.1144738652910036],[18.235609531402588,-2.113766244093611],[18.235137462615967,-2.111729150967278],[18.233914375305176,-2.1101638039081507],[18.233420848846436,-2.108898659243124],[18.23331356048584,-2.1086413415582257],[18.230867385864258,-2.1077407293260393],[18.231661319732666,-2.1071832072069014],[18.231655721970526,-2.1071832072069014],[18.232262134552002,-2.106754343902523],[18.232567059404108,-2.1071832072069014],[18.23256254196167,-2.1071832072069014],[18.23284149169922,-2.1075691840798783],[18.233656883239746,-2.107762172480477],[18.233656883239746,-2.107247536692384],[18.233914375305176,-2.1071832072069014],[18.233905792215808,-2.1071832072069014],[18.234901428222656,-2.106925889238454],[18.235201835632324,-2.1056821851249623],[18.234407901763916,-2.106003832835711],[18.23307752609253,-2.1043098208133273],[18.231747150421143,-2.1045028096176424],[18.231875896453857,-2.1034735357186207],[18.231167793273926,-2.1016723047613652],[18.229751586914062,-2.101886737127188],[18.229408264160156,-2.0999568447748658],[18.228871822357178,-2.0999568447748658],[18.228635787963867,-2.1006215857432124],[18.22835683822632,-2.0999568447748658],[18.227627277374268,-2.099442206411595],[18.22835683822632,-2.0989275678788744],[18.227627277374268,-2.09753375433543],[18.226940631866455,-2.097190661580399],[18.226747512817383,-2.095796846489577],[18.224365711212158,-2.0945102468428587],[18.223893642425537,-2.0939527200010986],[18.2228422164917,-2.0930735426553184],[18.225138187408447,-2.0926661188401],[18.225138187408447,-2.092151478080055],[18.225653171539307,-2.092151478080055],[18.226189613342285,-2.090736215119364],[18.223721981048584,-2.08771269451978],[18.22432279586792,-2.0872194955721426],[18.22453737258911,-2.084860715857502],[18.224022388458252,-2.084860715857502],[18.223679065704346,-2.0855469066847263],[18.22254180908203,-2.0851823678450216],[18.223142623901367,-2.0839815334229144],[18.223485946655273,-2.083809985573552],[18.223679065704346,-2.0824161586048717],[18.22584629058838,-2.081922957997506],[18.22627544403076,-2.082566263106898],[18.22659730911255,-2.0827806980850028],[18.22685480117798,-2.0820945060523712],[18.227112293243408,-2.0827806980850028],[18.227648735046387,-2.0827806980850028],[18.228871822357178,-2.081472644264707],[18.229966163635254,-2.081472644264707],[18.230953216552734,-2.082480489107482],[18.231253623962402,-2.0801645893590717],[18.232197761535645,-2.0803575811346775],[18.231704235076904,-2.0813868702057903],[18.232669830322266,-2.081022330403272],[18.233206272125244,-2.079907266954848],[18.232712745666504,-2.078920864016581],[18.23331356048584,-2.07859921075125],[18.23279857635498,-2.077548476294467],[18.233635425567627,-2.077141048459879],[18.23385000228882,-2.07859921075125],[18.234364986419678,-2.07859921075125],[18.23457956314087,-2.079971597559833],[18.235373497009277,-2.080464798777598],[18.23509454727173,-2.0815155312924247],[18.235909938812256,-2.082030175533987],[18.235630989074707,-2.0830809070053107],[18.236854076385498,-2.083509776792212],[18.23659658432007,-2.0844747333857185],[18.237369060516357,-2.085568350143248],[18.23779821395874,-2.086726296469763],[18.238849639892578,-2.0874124864831174],[18.23833465576172,-2.0885489880338355],[18.23734760284424,-2.088827752439599],[18.236360549926758,-2.0885489880338355],[18.23728322982788,-2.091400960002318],[18.238484859466553,-2.091829827519277],[18.238914012908936,-2.092987769229339],[18.239235877990723,-2.093180759431206],[18.239257335662842,-2.095796846489577],[18.242390155792236,-2.095796846489577],[18.242390155792236,-2.0968261254457445],[18.242926597595215,-2.0968261254457445],[18.242926597595215,-2.097362207967322],[18.242411613464355,-2.097362207967322],[18.242411613464355,-2.0989275678788744],[18.24181079864502,-2.099334990064591],[18.24058771133423,-2.1011362237179867],[18.240373134613037,-2.102036839765745],[18.241424560546875,-2.102572920499867],[18.241424560546875,-2.103087557831387],[18.24208974838257,-2.103344876433482],[18.241424560546875,-2.103602194993144],[18.240158557891846,-2.1057465146724184],[18.24228286743164,-2.1074405251328443],[18.242175579071045,-2.1038595135103577],[18.247411251068115,-2.104438480018871],[18.246381282806396,-2.105424866908564],[18.246445655822754,-2.106990218734552],[18.246240077449063,-2.1071832072069014],[18.246231079101562,-2.1071832072069014],[18.245737552642822,-2.1076549567053178],[18.246445655822754,-2.109070204342757],[18.247475624084473,-2.1090487612063384],[18.247497081756592,-2.11110730095443],[18.24779748916626,-2.112972850246308],[18.247497081756592,-2.1127584194071716],[18.246746063232422,-2.111793480264751],[18.247132301330566,-2.1142165485292708],[18.24833393096924,-2.1145381944747754],[18.248870372772217,-2.1155889040987006],[18.249192237854004,-2.11539591667011],[18.24957847595215,-2.114731182010061],[18.250672817230225,-2.1140878901324243],[18.251209259033203,-2.1149884986864436],[18.251638412475586,-2.1142165485292708],[18.25230360031128,-2.113830573306714],[18.252646923065186,-2.1107856542984393],[18.251230716705322,-2.1099708158054398],[18.249857425689697,-2.110614109388038],[18.24987173074823,-2.110614109388038],[18.249599933624268,-2.110742768072626],[18.24906349182129,-2.1105283369257393],[18.24850559234619,-2.110764211185682],[18.248097896575928,-2.109734941425131],[18.24927806854248,-2.1090487612063384],[18.24880599975586,-2.108898659243124],[18.24758291244507,-2.108512682699825],[18.249835968017578,-2.1082982512455146],[18.25007200241089,-2.107633513549402],[18.250350952148438,-2.1082982512455146],[18.251380920410156,-2.1082982512455146],[18.251380920410156,-2.107762172480477],[18.252239227294922,-2.1073547524956098],[18.252432346343994,-2.1082982512455146],[18.25427770614624,-2.108598455273267],[18.25474977493286,-2.107998047159853],[18.25582265853882,-2.10814814920991],[18.25605869293213,-2.107247536692384],[18.25502872467041,-2.107247536692384],[18.25502872467041,-2.106732900734187],[18.253462314605713,-2.106732900734187],[18.253440856933594,-2.106218264605971],[18.252711296081543,-2.1056821851249623],[18.253440856933594,-2.105167548649689],[18.253419399261475,-2.1041168319851096],[18.253955841064453,-2.1041168319851096],[18.25425624847412,-2.1028731256305377],[18.25676679611206,-2.102229828851236],[18.257346153259277,-2.1023584882283046],[18.258333206176758,-2.1017151912368917],[18.25904130935669,-2.101886737127188],[18.259642124176025,-2.1010075642401915],[18.259127140045166,-2.1010075642401915],[18.259105682373047,-2.1004714829686293],[18.258075714111328,-2.1004714829686293],[18.258075714111328,-2.0999568447748658],[18.256680965423584,-2.0997852986726],[18.255951404571533,-2.0983914858937993],[18.254921436309814,-2.0989275678788744],[18.25451374053955,-2.0980912799018796],[18.255479335784912,-2.0975980842186317],[18.253977298736572,-2.097169218280712],[18.254363536834717,-2.0963114860522722],[18.251938819885254,-2.095089216814685],[18.25174570083618,-2.094746123523862],[18.250865936279297,-2.094917670178674],[18.250436782836914,-2.0959469497128396],[18.25002908706665,-2.094381586820049],[18.249664306640625,-2.0942314834467766],[18.249385356903076,-2.0955180833224745],[18.249707221984863,-2.097362207967322],[18.248870372772217,-2.097726743977077],[18.248291015625,-2.096075609607027],[18.248655796051025,-2.0948747835167296],[18.24758291244507,-2.0942314834467766],[18.24753999710083,-2.09161539377547],[18.247690200805664,-2.090736215119364],[18.24704647064209,-2.0905217812260872],[18.246231079101562,-2.0901786869359285],[18.245437145233154,-2.0897712623689557],[18.244686126708984,-2.0892995074751326],[18.243956565856934,-2.0887634221965214],[18.24329137802124,-2.088163006467269],[18.242669105529785,-2.087519703645654],[18.24208974838257,-2.086833513679082],[18.24157476425171,-2.0861044365114907],[18.241124153137207,-2.0853324720833513],[18.240716457366943,-2.0845176203316953],[18.240394592285156,-2.0836813246742736],[18.240137100219727,-2.082823585077122],[18.239943981170654,-2.081944401505396],[18.23983669281006,-2.0812153220739162],[18.239750862121582,-2.0801645893590717],[18.2397723197937,-2.0792639607606986],[18.239858150482178,-2.0783633316483474],[18.24002981185913,-2.0774841455907307],[18.240244388580322,-2.076626402623873],[18.24054479598999,-2.075768659191411],[18.240866661071777,-2.075018133306216],[18.240458965301514,-2.0746107048193636],[18.240866661071777,-2.074503486779065],[18.24103832244873,-2.074675035640041],[18.240995407104492,-2.0747822536687295],[18.24105978012085,-2.0746535920334424],[18.239965438842773,-2.073559967711077],[18.239707946777344,-2.073431305976399],[18.23951482772827,-2.0733884187291807],[18.239493370056152,-2.073345531480811],[18.23676824569702,-2.072058913489087],[18.235716819763184,-2.070257646544718],[18.235630989074707,-2.070514970519284],[18.23633909225464,-2.0717372588277954],[18.236145973205566,-2.071801589765286],[18.235459327697754,-2.0706865198124547],[18.235630989074707,-2.070107540873593],[18.234708309173584,-2.068585039691982],[18.234901428222656,-2.06924979390881],[18.23477268218994,-2.069228350228741],[18.23451519012451,-2.0682633843257463],[18.23378562927246,-2.067041093339455],[18.233184814453125,-2.0666336628015216],[18.23333501815796,-2.0663120070398264],[18.23307752609253,-2.065861688864004],[18.22953701019287,-2.0622805826378965],[18.229451179504395,-2.0624521328206527],[18.228442668914795,-2.0624521328206527],[18.228421211242676,-2.061058287050372],[18.228871822357178,-2.0614442752320485],[18.22734832763672,-2.057691608388879],[18.22734832763672,-2.0582920356776384],[18.226318359375,-2.0582920356776384],[18.22629690170288,-2.0567266354869105],[18.22681188583374,-2.0567266354869105],[18.22681188583374,-2.056512196984997],[18.226962089538574,-2.0570054054963407],[18.22709083557129,-2.0570911808740533],[18.226919174194336,-2.0566408600896153],[18.22460174560547,-2.049092607090003],[18.224258422851562,-2.048470732385411],[18.22410821914673,-2.0484064005056126],[18.22410821914673,-2.0482134048507987],[18.223936557769775,-2.047870301407059],[18.22359323501587,-2.047870301407059],[18.22333574295044,-2.0485350642625946],[18.22307825088501,-2.047870301407059],[18.22254180908203,-2.047870301407059],[18.22254180908203,-2.047355646103682],[18.221876621246338,-2.047098318390013],[18.22254180908203,-2.0468409906350473],[18.222177028656006,-2.0461333390959027],[18.221490383148193,-2.045790235206951],[18.22080373764038,-2.0455329072420767],[18.221468925476074,-2.0452755792359056],[18.221125602722168,-2.0445679270061845],[18.220911026000977,-2.0416300947171067],[18.22086811065674,-2.038499260235781],[18.22035312652588,-2.038499260235781],[18.220374584197998,-2.0395500204328414],[18.21932315826416,-2.0395500204328414],[18.21932315826416,-2.038499260235781],[18.21878671646118,-2.038499260235781],[18.218486309051514,-2.039764461205081],[18.21535348892212,-2.0393355796320094],[18.215954303741455,-2.036719399561747],[18.216168880462646,-2.0364191819048045],[18.215632438659668,-2.0364191819048045],[18.215632438659668,-2.0353684196651187],[18.214945793151855,-2.0357329699074995],[18.214387893676758,-2.036826620139948],[18.21355104446411,-2.0364191819048045],[18.210439682006836,-2.0364191819048045],[18.21005344390869,-2.0371053936098917],[18.209388256072998,-2.035904522934217],[18.209173679351807,-2.0355828609941398],[18.207006454467773,-2.0350253134793093],[18.206255435943604,-2.0364191819048045],[18.203144073486328,-2.0364191819048045],[18.202908039093018,-2.0360546318176205],[18.20235013961792,-2.036247628932884],[18.20183515548706,-2.036076075942688],[18.201298713684082,-2.036247628932884],[18.200805187225342,-2.036076075942688],[18.202993869781494,-2.035904522934217],[18.197028636932373,-2.035797302294654],[18.19707155227661,-2.036333405421118],[18.197050094604492,-2.036376293663537],[18.1973934173584,-2.0363548495424766],[18.1973934173584,-2.0364191819048045],[18.19687843322754,-2.0364191819048045],[18.19687843322754,-2.035904522934217],[18.196942806243896,-2.03571152577787],[18.195912837982178,-2.0345320982093256],[18.19507598876953,-2.0343900813130276],[18.19507598876953,-2.0343819891841832],[18.194775581359863,-2.0343391008887153],[18.19460391998291,-2.033995994483945],[18.19389581680298,-2.0336314438489183],[18.193509578704834,-2.032880898164535],[18.193359375,-2.0329452306654474],[18.19286584854126,-2.033181116480179],[18.192479610443115,-2.0318944661629104],[18.191449642181396,-2.0313798057489407],[18.19108486175537,-2.0306935916086104],[18.19108486175537,-2.030157486608701],[18.190462589263916,-2.0286992801094925],[18.189775943756104,-2.0262117483420212],[18.188681602478027,-2.0245390955221154],[18.188188076019287,-2.0221373346085016],[18.189046382904053,-2.022973662473106],[18.188846796429797,-2.0227545003028187],[18.1888747215271,-2.022780663773375],[18.187308311462402,-2.021065118766984],[18.18660020828247,-2.020314567256591],[18.186192512512207,-2.019349571947913],[18.18618038471132,-2.019349571947913],[18.184669017791748,-2.0158755840937346],[18.18366050720215,-2.012208588871246],[18.18258762359619,-2.010192810206533],[18.182051181793213,-2.0094208092075263],[18.178532123565674,-2.0070404704970883],[18.178081512451172,-2.005389242508727],[18.1768798828125,-2.0038452356095036],[18.173575401306152,-2.003609345538351],[18.17336082458496,-2.0032876772047388],[18.171472549438477,-2.0020438923872206],[18.17065715789795,-2.0018080020567197],[18.168511390686035,-2.000221102587574],[18.16915512084961,-1.9997278767641546],[18.169090747833252,-1.9992775400132956],[18.168554306030273,-1.9989987600579866],[18.166022300720215,-1.9997278767641546],[18.163468837738037,-2.000178213391422],[18.16310405731201,-1.998912981600668],[18.16035747528076,-1.9986770908199532],[18.15943479537964,-1.9973475239675764],[18.15943479537964,-1.9970258544061465],[18.159542083740234,-1.9970472990455335],[18.160293102264404,-1.997926529019452],[18.161559104919434,-1.997926529019452],[18.161709308624268,-1.9978836397633586],[18.162052631378174,-1.9978836397633586],[18.162052631378174,-1.9977335273581787],[18.16218137741089,-1.9976906380970263],[18.16318988800049,-1.9989558708298887],[18.164069652557373,-1.999706432159769],[18.165571689605713,-1.999706432159769],[18.166580200195312,-1.9986985354377822],[18.167438507080078,-1.9983768661409158],[18.167030811309814,-1.998140975283178],[18.1699275970459,-1.9957391755307725],[18.173789978027344,-1.9922222481360592],[18.178017139434814,-1.9905281157957404],[18.180978298187256,-1.9917290199129098],[18.18213701248169,-1.9917933540373554],[18.183531761169434,-1.9925010292403158],[18.18441152572632,-1.992672586819495],[18.1843900680542,-1.9921364693252457],[18.185784816741943,-1.9914502386779986],[18.185806274414062,-1.9930157019242358],[18.185462951660156,-1.9931872594497833],[18.18587064743042,-1.9940021574520017],[18.187029361724854,-1.9942380489036537],[18.18739414215088,-1.9949242783888792],[18.18808078765869,-1.9952673930241644],[18.188467025756836,-1.9950529463854991],[18.188037872314453,-1.9940450468093616],[18.189947605133057,-1.9948384997188953],[18.190183639526367,-1.9957820648428566],[18.18861722946167,-1.9957820648428566],[18.18861722946167,-1.996832852639045],[18.18913221359253,-1.996832852639045],[18.18913221359253,-1.9963181811493342],[18.190183639526367,-1.9963181811493342],[18.190205097198486,-1.996832852639045],[18.19157838821411,-1.9951172803800432],[18.19138526916504,-1.9935947085013197],[18.19110631942749,-1.9939378234138587],[18.19035530090332,-1.9934660403906719],[18.190934658050537,-1.9913859045401523],[18.19061279296875,-1.9890269844191266],[18.19009780883789,-1.9890269844191266],[18.19007635116577,-1.9869468429683081],[18.190526962280273,-1.9869468429683081],[18.19009780883789,-1.9834727864575115],[18.189947605133057,-1.9811996344211025],[18.189496994018555,-1.9811996344211025],[18.189475536346436,-1.9796556048433587],[18.18986177444458,-1.9796556048433587],[18.18958282470703,-1.9751521770308358],[18.189239501953125,-1.9754095160920855],[18.188488483428955,-1.9758813042675172],[18.187694549560547,-1.9762887575838874],[18.18687915802002,-1.9766533209927388],[18.186020851135254,-1.9769321047219677],[18.18516254425049,-1.9771465537125579],[18.184261322021484,-1.977275223093642],[18.1833815574646,-1.9773610026754653],[18.182480335235596,-1.9773610026754653],[18.18160057067871,-1.977275223093642],[18.180720806121826,-1.9771465537125579],[18.17984104156494,-1.9769321047219677],[18.179004192352295,-1.9766533209927388],[18.17816734313965,-1.9762887575838874],[18.17737340927124,-1.9758813042675172],[18.17662239074707,-1.9754095160920855],[18.17591428756714,-1.9748733930028237],[18.175227642059326,-1.9742943798721342],[18.17460536956787,-1.9736510317125777],[18.174026012420654,-1.9729433484495473],[18.173553943634033,-1.9722785548069623],[18.173232078552246,-1.972364334646727],[18.172717094421387,-1.973072018156131],[18.172202110290527,-1.972364334646727],[18.171257972717285,-1.972171330001018],[18.171536922454834,-1.9715708709600648],[18.171279430389404,-1.9710561916096907],[18.17164421081543,-1.9702627272994704],[18.170979022979736,-1.9700053874420007],[18.17164421081543,-1.9697480475447833],[18.171300888061523,-1.9689331376079906],[18.171966075897217,-1.968482792471974],[18.171944618225098,-1.9683970124322627],[18.170270919799805,-1.9679681121675685],[18.169755935668945,-1.9672389814643623],[18.168747425079346,-1.9674748767267545],[18.167438507080078,-1.9671532013606878],[18.167459964752197,-1.9681825623137001],[18.166215419769287,-1.9671960914130864],[18.16692352294922,-1.9666170756127315],[18.1669020652771,-1.9655877136938358],[18.167438507080078,-1.9655877136938358],[18.167438507080078,-1.9666170756127315],[18.168318271636963,-1.9664240703013007],[18.16814661026001,-1.9658450542330712],[18.168296813964844,-1.9653303731149236],[18.167974948883057,-1.9643439005284193],[18.170206546783447,-1.9648156918381403],[18.170785903930664,-1.9664669603724434],[18.17140817642212,-1.966273955043647],[18.171772956848145,-1.9673462065877771],[18.171708583831787,-1.966273955043647],[18.171708583831787,-1.965394708263375],[18.171751499176025,-1.9649658072269176],[18.171472549438477,-1.9648800270064157],[18.171794414520264,-1.964558351140255],[18.171966075897217,-1.9636147682422234],[18.172202110290527,-1.962735520062239],[18.172481060028076,-1.9618777165142092],[18.172760009765625,-1.9612772537688272],[18.172459602355957,-1.9611056929448552],[18.17288875579834,-1.9610199125262682],[18.172223567962646,-1.9600977727487958],[18.171751499176025,-1.9593257483584097],[18.17136526107788,-1.9585322784752464],[18.171000480651855,-1.957567247029857],[18.170764446258545,-1.9568381117915408],[18.170571327209473,-1.9559588600531157],[18.170442581176758,-1.9550581626725432],[18.17039966583252,-1.9541574648086453],[18.17042112350464,-1.9532567664616352],[18.170506954193115,-1.9523775128476046],[18.17065715789795,-1.9514768135465488],[18.17089319229126,-1.9506190042398686],[18.17117214202881,-1.9498255302417675],[18.170292377471924,-1.9506190042398686],[18.169562816619873,-1.9511551351078253],[18.168811798095703,-1.95164837535539],[18.168017864227295,-1.9520558345811878],[18.167202472686768,-1.9523989580631849],[18.166344165802002,-1.9526777458407167],[18.165464401245117,-1.9528921979458005],[18.164584636688232,-1.9530423144030777],[18.163704872131348,-1.9531066500235141],[18.162803649902344,-1.9531066500235141],[18.16192388534546,-1.9530423144030777],[18.161044120788574,-1.9528921979458005],[18.160400390625,-1.9527420814751082],[18.159778118133545,-1.9536213348983722],[18.162460327148438,-1.9543719167248241],[18.162288665771484,-1.9558087438565934],[18.160786628723145,-1.9564306537261587],[18.160336017608643,-1.9579532596746816],[18.162953853607178,-1.9585322784752464],[18.1634259223938,-1.9591112970756939],[18.16413402557373,-1.9596688703536387],[18.16391944885254,-1.9615131498730705],[18.162031173706055,-1.9647728017245782],[18.16168785095215,-1.9650730324963632],[18.162009716033936,-1.965566268647109],[18.163447380065918,-1.9650730324963632],[18.162760734558105,-1.9666170756127315],[18.163533210754395,-1.9670245311968841],[18.164327144622803,-1.9666170756127315],[18.164563179016113,-1.965952279446043],[18.164842128753662,-1.9666170756127315],[18.165507316589355,-1.9668958610231755],[18.164842128753662,-1.9671532013606878],[18.164970874786377,-1.9675392117925128],[18.166000843048096,-1.9678608870841288],[18.165271282196045,-1.9685256824901671],[18.166301250457764,-1.9688259125866523],[18.16642999649048,-1.9692333676310625],[18.168039321899414,-1.9694907076077897],[18.16765308380127,-1.9712491963847327],[18.16913366317749,-1.9709060767691824],[18.168554306030273,-1.973393692379048],[18.169305324554443,-1.9739727058234706],[18.168339729309082,-1.9747232785068292],[18.166494369506836,-1.9754738508511736],[18.166494369506836,-1.976009973746642],[18.167288303375244,-1.9767176557036379],[18.163511753082275,-1.9772966679895205],[18.16263198852539,-1.9761815330366375],[18.16336154937744,-1.9754738508511736],[18.16361904144287,-1.9748090582204867],[18.16389799118042,-1.9754738508511736],[18.164734840393066,-1.975044952410201],[18.16490650177002,-1.972879013592518],[18.164477348327637,-1.972578784226826],[18.164756298065186,-1.9712920863316867],[18.163297176361084,-1.9705844020653984],[18.16366195678711,-1.9721284400767018],[18.161258697509766,-1.9730505732057253],[18.161580562591553,-1.9715279810202873],[18.160700798034668,-1.9710990815616327],[18.159992694854736,-1.972149885039002],[18.159241676330566,-1.9725573392700682],[18.15840482711792,-1.9694263726173347],[18.157825469970703,-1.9695550425957578],[18.156323432922363,-1.9691475876300046],[18.158082962036133,-1.9681825623137001],[18.158082962036133,-1.9676678819166256],[18.156001567840576,-1.9681825623137001],[18.15565824508667,-1.9688688025960062],[18.154971599578857,-1.9692333676310625],[18.15462827682495,-1.966788635870813],[18.15364122390747,-1.9669173060528067],[18.153104782104492,-1.9668529709630604],[18.15166711807251,-1.9670245311968841],[18.151087760925293,-1.968482792471974],[18.150551319122314,-1.9689331376079906],[18.150250911712646,-1.9666170756127315],[18.14688205718994,-1.9664240703013007],[18.146731853485107,-1.9676893269363234],[18.146538734436035,-1.968568572507266],[18.146281242370605,-1.9694263726173347],[18.14595937728882,-1.9702627272994704],[18.145551681518555,-1.9710561916096907],[18.145101070404053,-1.9718282105755804],[18.144586086273193,-1.972578784226826],[18.144006729125977,-1.9732650226973476],[18.14338445663452,-1.9739083710062744],[18.142719268798828,-1.9744873842714412],[18.141989707946777,-1.975023507485247],[18.141238689422607,-1.9754952957703154],[18.1404447555542,-1.9759241940950005],[18.139607906341553,-1.9762673126749917],[18.138771057128906,-1.9765460964690362],[18.137762546539307,-1.9767819904120358],[18.14643144607544,-1.977318112885115],[18.145980834960938,-1.9809637411065069],[18.14439296722412,-1.9814569725441373],[18.14364194869995,-1.9831511141891554],[18.142611980438232,-1.9827651073845942],[18.142311573028564,-1.9835156760885724],[18.14188241958618,-1.985145481244487],[18.140251636505127,-1.9855958218595617],[18.13945770263672,-1.9876330754892422],[18.13638925552368,-1.9871184011252723],[18.13415765762329,-1.9875044069132883],[18.13392162322998,-1.986196275822067],[18.134608268737793,-1.985660156223119],[18.134286403656006,-1.984330578867315],[18.135080337524414,-1.9840089067657658],[18.135852813720703,-1.9850597020658114],[18.136582374572754,-1.9840303515744893],[18.13739776611328,-1.9838159034748202],[18.13720464706421,-1.9828723315060017],[18.136560916900635,-1.9831940038285438],[18.136131763458252,-1.9823576556598823],[18.135573863983154,-1.9826364384297364],[18.134779930114746,-1.9822504315051361],[18.134307861328125,-1.9815427519096147],[18.13269853591919,-1.9822504315051361],[18.13246250152588,-1.9834727864575115],[18.131775856018066,-1.9830867797279836],[18.13218355178833,-1.9822504315051361],[18.1314754486084,-1.9819073141632515],[18.130617141723633,-1.9817357554656638],[18.13016653060913,-1.9809637411065069],[18.128600120544434,-1.9804705095220214],[18.12793493270874,-1.9789479241395185],[18.129351139068604,-1.9795269356469447],[18.12969446182251,-1.977253778197479],[18.12741994857788,-1.9770393292207302],[18.12722682952881,-1.9741013754504024],[18.126046657562256,-1.9735009171061932],[18.125638961791992,-1.9707130719543784],[18.12540292739868,-1.9702627272994704],[18.125081062316895,-1.9694263726173347],[18.124887943267822,-1.9687830225761758],[18.124372959136963,-1.96891169260428],[18.12469482421875,-1.9698123825228038],[18.12248468399048,-1.9708417418333966],[18.122849464416504,-1.96891169260428],[18.123643398284912,-1.9684184574426098],[18.12192678451538,-1.9678608870841288],[18.122291564941406,-1.9668100809018512],[18.12319278717041,-1.966295400081279],[18.122613430023193,-1.9650730324963632],[18.123128414154053,-1.9650730324963632],[18.123106956481934,-1.9624567339573957],[18.124759197235107,-1.962714074978905],[18.124802112579346,-1.9629070807190487],[18.12495231628418,-1.9623495085200773],[18.12523126602173,-1.9615131498730705],[18.125596046447754,-1.9606767908079519],[18.126132488250732,-1.959733205719914],[18.12568187713623,-1.9598618764450464],[18.125853538513184,-1.9592185227204908],[18.12621831893921,-1.959583089861411],[18.126518726348877,-1.959132742205199],[18.127055168151855,-1.958425052786538],[18.12765598297119,-1.957781698510189],[18.12722682952881,-1.957781698510189],[18.12671184539795,-1.958811065233789],[18.12566041946411,-1.9582963819510155],[18.125038146972656,-1.9569024472665006],[18.12544584274292,-1.9554227307181549],[18.124887943267822,-1.9535355540968453],[18.125596046447754,-1.9530852048169862],[18.125767707824707,-1.9527420814751082],[18.12716245651245,-1.9520343893612448],[18.12746286392212,-1.950747675663763],[18.127312660217285,-1.950039982710578],[18.1284499168396,-1.9502758803947131],[18.130981922149658,-1.9497611944957924],[18.131539821624756,-1.951819937146709],[18.133320808410645,-1.9522917319825837],[18.133106231689453,-1.9533425472774155],[18.13342809677124,-1.9546078138010046],[18.13390016555786,-1.9545220330498694],[18.134779930114746,-1.9544148071047829],[18.13568115234375,-1.9543719167248241],[18.136582374572754,-1.9544148071047829],[18.13746213912964,-1.9545220330498694],[18.138341903686523,-1.9546935945477486],[18.13920021057129,-1.95492949157871],[18.140037059783936,-1.9552511692947974],[18.140852451324463,-1.9556371824726853],[18.141624927520752,-1.9560660858995504],[18.142354488372803,-1.9565807698670312],[18.143062591552734,-1.9571383439868981],[18.14370632171631,-1.9577602533633893],[18.144307136535645,-1.958425052786538],[18.144843578338623,-1.959132742205199],[18.145337104797363,-1.959883321564945],[18.145573139190674,-1.960312223905163],[18.148362636566162,-1.9600977727487958],[18.148984909057617,-1.9608054614605521],[18.15018653869629,-1.9603765592467113],[18.14889907836914,-1.9584679430628427],[18.151516914367676,-1.9585108333380532],[18.15194606781006,-1.9591112970756939],[18.152246475219727,-1.9593257483584097],[18.1524395942688,-1.9576101373281176],[18.153083324432373,-1.9589826262928938],[18.153276443481445,-1.9572455697579159],[18.155057430267334,-1.9579747048190228],[18.154306411743164,-1.9562162020730511],[18.154821395874023,-1.9562162020730511],[18.154799938201904,-1.9546507041749237],[18.154284954071045,-1.9546507041749237],[18.154284954071045,-1.954114574422121],[18.154585361480713,-1.9539001224730868],[18.154263496398926,-1.9520343893612448],[18.154242038726807,-1.9510050184820074],[18.154542446136475,-1.950790566136206],[18.154993057250977,-1.9501686541787535],[18.155550956726074,-1.9502758803947131],[18.155765533447266,-1.9502329899091535],[18.15492868423462,-1.949396625222164],[18.154349327087402,-1.94871037696349],[18.153834342956543,-1.9479812378822174],[18.15338373184204,-1.9472092079227963],[18.152976036071777,-1.946394287026365],[18.15265417098999,-1.9455579204336004],[18.15239667892456,-1.944700108112798],[18.15220355987549,-1.9438208500313863],[18.152074813842773,-1.942941591492044],[18.152031898498535,-1.9420408871478685],[18.152031898498535,-1.941140182323565],[18.15213918685913,-1.9402394770193752],[18.152289390563965,-1.9393602166169046],[18.152525424957275,-1.9384809557575267],[18.152804374694824,-1.9376445852479662],[18.15316915512085,-1.936829659738791],[18.153598308563232,-1.9360361792611371],[18.154091835021973,-1.9352855892782088],[18.154344278194646,-1.9349424623182045],[18.154349327087402,-1.9349424623182045],[18.15462827682495,-1.9345564444052172],[18.155229091644287,-1.933891635571399],[18.155958652496338,-1.9332268264771102],[18.156580924987793,-1.9327121353865948],[18.157310485839844,-1.932218889611761],[18.158104419708252,-1.9317685346487536],[18.15864086151123,-1.9315111889019931],[18.158633708933838,-1.9315111889019931],[18.15889835357666,-1.9313825160140112],[18.159735202789307,-1.9310822792374722],[18.160593509674072,-1.9308249333867877],[18.161473274230957,-1.9306533694646788],[18.162353038787842,-1.9305461420045589],[18.163254261016846,-1.9305032510186209],[18.16415548324585,-1.9305461420045589],[18.165035247802734,-1.9306533694646788],[18.16591501235962,-1.9308249333867877],[18.166515827178955,-1.9309964972915736],[18.167524337768555,-1.9220965969112171],[18.167481422424316,-1.9213031095613218],[18.16711664199829,-1.9187081888979947],[18.167502880096436,-1.9153197741717207],[18.166987895965576,-1.911416655233083],[18.165035247802734,-1.909250634849542],[18.16490650177002,-1.9091648518078443],[18.162567615509033,-1.906505575392643],[18.161580562591553,-1.9032672574366103],[18.160743713378906,-1.903374486605415],[18.160271644592285,-1.9027954490146186],[18.15864086151123,-1.9023236404635497],[18.15840482711792,-1.9020448444409084],[18.156859874725342,-1.9020448444409084],[18.156838417053223,-1.9015301439730337],[18.15617322921753,-1.9012513478221962],[18.156838417053223,-1.900993997489124],[18.15788984298706,-1.900993997489124],[18.15788984298706,-1.9015301439730337],[18.160486221313477,-1.9015301439730337],[18.160486221313477,-1.9004792967078998],[18.160722255706787,-1.9004792967078998],[18.160550594329834,-1.8999217040217786],[18.16761016845703,-1.8948175779977134],[18.167717456817627,-1.894796132058275],[18.167717456817627,-1.8947532401786304],[18.16810369491577,-1.8947532401786304],[18.16889762878418,-1.894646010474844],[18.168189525604248,-1.8940240780620456],[18.167567253112793,-1.893402145426009],[18.166987895965576,-1.892694428706605],[18.166472911834717,-1.891965265723897],[18.166022300720215,-1.8911932104669091],[18.16561460494995,-1.8903997088726072],[18.165292739868164,-1.8895633149075906],[18.165035247802734,-1.8887054745250396],[18.164842128753662,-1.8878261876933777],[18.164713382720947,-1.886925454380247],[18.16467046737671,-1.8860247206006306],[18.16467046737671,-1.8851239863547136],[18.164777755737305,-1.8842446977127167],[18.16492795944214,-1.883343962545979],[18.16516399383545,-1.882486119097166],[18.165442943572998,-1.881628275226177],[18.165807723999023,-1.8808133231579234],[18.166236877441406,-1.8800198168309805],[18.166730403900146,-1.879269202405908],[18.167266845703125,-1.8785614799381705],[18.16786766052246,-1.8778966494800216],[18.168511390686035,-1.877274711080517],[18.169219493865967,-1.8767171109480074],[18.169949054718018,-1.876202402975565],[18.170742988586426,-1.875773479549494],[18.17142963409424,-1.8754303407329047],[18.171515464782715,-1.8753660021973104],[18.171515464782715,-1.8753874483761024],[18.172202110290527,-1.8751300942132048],[18.172202110290527,-1.8749585247502552],[18.17241668701172,-1.8750657556665686],[18.173232078552246,-1.8748298476419905],[18.17415475845337,-1.8746368319618654],[18.174712657928467,-1.8737146456409306],[18.176536560058594,-1.8742293543450614],[18.17634344100952,-1.8745296010192902],[18.176794052124023,-1.8745296010192902],[18.177673816680908,-1.8746368319618654],[18.178553581237793,-1.8748298476419905],[18.17941188812256,-1.8750657556665686],[18.180248737335205,-1.8753874483761024],[18.181064128875732,-1.875773479549494],[18.18183660507202,-1.876202402975565],[18.182566165924072,-1.8767171109480074],[18.183274269104004,-1.877274711080517],[18.183917999267578,-1.8778966494800216],[18.184518814086914,-1.8785614799381705],[18.185055255889893,-1.879269202405908],[18.185548782348633,-1.8800198168309805],[18.185977935791016,-1.8808133231579234],[18.18634271621704,-1.881628275226177],[18.18664312362671,-1.882486119097166],[18.1868577003479,-1.883343962545979],[18.187029361724854,-1.8842446977127167],[18.18709373474121,-1.884952417874075],[18.1888747215271,-1.8834726390268912],[18.189239501953125,-1.8811993531324447],[18.188939094543457,-1.8811993531324447],[18.188939094543457,-1.8806846464807734],[18.1893253326416,-1.8806846464807734],[18.189454078674316,-1.879848247847974],[18.189432621002197,-1.8786043722171115],[18.188917636871338,-1.8786043722171115],[18.18889617919922,-1.8770388033538552],[18.187029361724854,-1.8768243417565316],[18.186535835266113,-1.8734787374343114],[18.185484409332275,-1.8737146456409306],[18.184797763824463,-1.8735645222404003],[18.185055255889893,-1.8723420883571578],[18.18434715270996,-1.8720418413080182],[18.183553218841553,-1.8716343630876509],[18.182802200317383,-1.8711625460826014],[18.182072639465332,-1.8706263902409859],[18.18140745162964,-1.8700258955038294],[18.180763721466064,-1.8693825080574413],[18.180205821990967,-1.8686962278547128],[18.179690837860107,-1.867967054845451],[18.179218769073486,-1.867194988976351],[18.178832530975342,-1.8663800301910243],[18.178510665893555,-1.8655436247291135],[18.178231716156006,-1.8646857725601933],[18.178038597106934,-1.8638064736530708],[18.17790985107422,-1.8626054793143965],[18.177566528320312,-1.8631201912741204],[18.177287578582764,-1.861940642810552],[18.176751136779785,-1.861940642810552],[18.176751136779785,-1.8608897716962645],[18.175699710845947,-1.8608897716962645],[18.175699710845947,-1.8598603463240693],[18.176472187042236,-1.86020348818154],[18.177287578582764,-1.8599461317947004],[18.17790985107422,-1.8608254326281042],[18.177974224090576,-1.8602249345454283],[18.17814588546753,-1.8593456334127296],[18.17836046218872,-1.8584877782269302],[18.17866086959839,-1.8576299226243833],[18.179025650024414,-1.8568149594160985],[18.179454803466797,-1.8560214422469272],[18.179926872253418,-1.855270817569945],[18.180484771728516,-1.8545630854399064],[18.18108558654785,-1.8538767994676988],[18.181729316711426,-1.8532762990237757],[18.182437419891357,-1.8527186912863414],[18.1833815574646,-1.852075297525019],[18.182759284973145,-1.8512817782310123],[18.180527687072754,-1.8453839885731895],[18.179819583892822,-1.8433465657788872],[18.17915439605713,-1.843496691748598],[18.178274631500244,-1.8436468177056469],[18.177974224086928,-1.8436682642699083],[18.177952766418457,-1.8436682642699083],[18.17737340927124,-1.8437111573976495],[18.176493644714355,-1.8437111573976495],[18.175528049468994,-1.8436253711411297],[18.175528049468994,-1.8437111573976495],[18.176300525665283,-1.8443545541897635],[18.174777030944824,-1.8453839885731895],[18.174583911895752,-1.845512667829226],[18.174455165863037,-1.8453839885731895],[18.173682689666748,-1.8445046800744507],[18.17413330078125,-1.8436682642699083],[18.174133300745954,-1.8436682642699083],[18.174283504486084,-1.8433894589143733],[18.1738543510437,-1.843282226073697],[18.172996044158936,-1.8430034206577233],[18.172180652618408,-1.842660275470422],[18.17138671875,-1.842252790474646],[18.17061424255371,-1.8417809656262278],[18.16990613937378,-1.8412448008740938],[18.169219493865967,-1.8406442961602352],[18.16859722137451,-1.8400008980280944],[18.168039321899414,-1.8393146064313015],[18.167524337768555,-1.8385854213204595],[18.167052268981934,-1.8378133426431162],[18.16666603088379,-1.8369983703437498],[18.166344165802002,-1.8361619510183402],[18.166065216064453,-1.8353040846369453],[18.16587209701538,-1.8344247711688695],[18.165743350982666,-1.8335454572685848],[18.165700435638428,-1.8326446962398961],[18.165721893310547,-1.831743934758066],[18.165807723999023,-1.8308431728233785],[18.165957927703857,-1.8299638571647847],[18.166193962097168,-1.82910598781406],[18.166494369506836,-1.8282481180531533],[18.16685914993286,-1.8274331414005331],[18.167288303375244,-1.8266396111465326],[18.167760372161865,-1.8258889740971824],[18.168318271636963,-1.8251812303063701],[18.16859722137451,-1.8248595284911744],[18.16814661026001,-1.8247737413307306],[18.168232440948486,-1.8245807202047786],[18.167052268981934,-1.8242161246881494],[18.166236877441406,-1.823872975899107],[18.165442943572998,-1.8234654866271],[18.164691925048828,-1.8229722100165162],[18.163962364196777,-1.822457486452663],[18.163297176361084,-1.8218569754422163],[18.16267490386963,-1.8212135705660017],[18.162095546722412,-1.820527271778161],[18.161580562591553,-1.8197980790297947],[18.16112995147705,-1.8190259922689478],[18.160722255706787,-1.8182110114407095],[18.160400390625,-1.8173745833659183],[18.16014289855957,-1.8165167080149587],[18.159949779510498,-1.815637385357462],[18.159821033477783,-1.814758062272162],[18.159756660461426,-1.8138572918389997],[18.159778118133545,-1.812956520957357],[18.15986394882202,-1.8120557496274898],[18.160035610198975,-1.8111764248018858],[18.160250186920166,-1.810297099549544],[18.160550594329834,-1.8094606678161398],[18.160743713378906,-1.8090317283160147],[18.160400390625,-1.808667129661174],[18.160486221313477,-1.8089673873822534],[18.159027099609375,-1.8093319859767547],[18.159048557281494,-1.811948514915514],[18.15887689590454,-1.8147151684521816],[18.15716028213501,-1.8143720178557317],[18.156795501708984,-1.8126348169624293],[18.155057430267334,-1.812291665971486],[18.153319358825684,-1.8114123412604073],[18.152782917022705,-1.8103828873978358],[18.15070152282715,-1.8103828873978358],[18.15068006515503,-1.8083025309330623],[18.14838409423828,-1.8080451670808912],[18.14995050430298,-1.8070371583085318],[18.150336742401123,-1.8064151951698761],[18.15065860748291,-1.806200725072685],[18.152740001678467,-1.806200725072685],[18.153104782104492,-1.8039702345616888],[18.154799938201904,-1.8046565396257535],[18.154799938201904,-1.8041203638165797],[18.15688133239746,-1.8041203638165797],[18.156859874725342,-1.802040000181222],[18.15711736679077,-1.8013751411985766],[18.15739631652832,-1.802040000181222],[18.157739639282227,-1.802040000181222],[18.157718181610107,-1.8015467177334585],[18.157739639282227,-1.8006459407450564],[18.157825469970703,-1.7997666103983647],[18.157975673675537,-1.7988872796276354],[18.158211708068848,-1.7980079484330531],[18.158512115478516,-1.79715006393252],[18.15887689590454,-1.7963350732837142],[18.159284591674805,-1.7955415294078705],[18.159778118133545,-1.794790879478498],[18.160314559936523,-1.7940831235485462],[18.16091537475586,-1.7934182616679237],[18.161537647247314,-1.7928177410519623],[18.161280155181885,-1.7923244561129081],[18.16093683242798,-1.7921528787116472],[18.16093683242798,-1.7916166992291096],[18.16042184829712,-1.7916166992291096],[18.160207271575928,-1.790844600498545],[18.158211708068848,-1.7888500106058416],[18.1569242477417,-1.785375558518524],[18.156709671020508,-1.785375558518524],[18.156709671020508,-1.785118191435842],[18.153083324432373,-1.7834667517980733],[18.1534481048584,-1.7836597772868146],[18.152503967285156,-1.7832951735688738],[18.152525424957275,-1.784324642704064],[18.154006004333496,-1.784560562633061],[18.153791427612305,-1.7856329255651957],[18.154027462005615,-1.7866623933913814],[18.15168857574463,-1.788185146826251],[18.150079250335693,-1.7877347550967784],[18.148598670959473,-1.7867267351113583],[18.148362636566162,-1.7858902925758144],[18.147504329681396,-1.7853112167512393],[18.146967887878418,-1.782994911629288],[18.148341178894043,-1.7827804387853092],[18.148341178894043,-1.782244256566031],[18.146774768829346,-1.782244256566031],[18.146753311157227,-1.7806786035923494],[18.145723342895508,-1.7806786035923494],[18.146731853485107,-1.7791343966168114],[18.146066665649414,-1.778855581330646],[18.146731853485107,-1.7785982133367781],[18.146731853485107,-1.7780834772413527],[18.147246837615967,-1.7780834772413527],[18.146796226501465,-1.7775687410023835],[18.14568042755127,-1.7775687410023835],[18.14568042755127,-1.776517820735549],[18.144114017486572,-1.776517820735549],[18.144114017486572,-1.7760030840601928],[18.143470287322998,-1.7758315051365372],[18.143770694732666,-1.7755097946117502],[18.143041133880615,-1.7752309787783105],[18.141345977783203,-1.7755097946117502],[18.13990831375122,-1.7773971622241618],[18.140809535980225,-1.7788770286618387],[18.139007091522217,-1.7798636056275257],[18.139221668243408,-1.7783193979695682],[18.138620853424072,-1.7778475564829677],[18.13838481903076,-1.7775687410023835],[18.137354850769043,-1.7775687410023835],[18.137333393096924,-1.7770325572674892],[18.136303424835205,-1.7770325572674892],[18.136303424835205,-1.7765392680939271],[18.134028911590576,-1.7773328201782164],[18.133792877197266,-1.7776545303854903],[18.132140636444092,-1.7780834772413527],[18.132140636444092,-1.7785982133367781],[18.131046295166016,-1.7785982133367781],[18.13023090362549,-1.7792416332541166],[18.1314754486084,-1.7800566314938635],[18.133342266082764,-1.77964913241901],[18.133621215820312,-1.7808501820653362],[18.13269853591919,-1.7810646551341023],[18.131861686706543,-1.7808716293733369],[18.131282329559326,-1.7824587294724665],[18.130295276641846,-1.7810003132160972],[18.130102157592773,-1.7793274225594757],[18.129544258117676,-1.7797563690264013],[18.129565715789795,-1.780163868077537],[18.128857612609863,-1.7805070251033754],[18.128514289855957,-1.7812147862673982],[18.127999305725098,-1.7812147862673982],[18.128020763397217,-1.782244256566031],[18.12748432159424,-1.782244256566031],[18.12748432159424,-1.7817295214886428],[18.126797676086426,-1.781858205271476],[18.123021125793457,-1.784753588007007],[18.121325969696045,-1.7859760815713344],[18.12143325805664,-1.7870484436774632],[18.121047019958496,-1.7861905540426477],[18.11997413635254,-1.7869841019687556],[18.119630813598633,-1.7869841019687556],[18.119995594024658,-1.787691860640578],[18.116841316223145,-1.7872200215563367],[18.116540908813477,-1.7868768657825598],[18.115553855895996,-1.7868554185445618],[18.114802837371826,-1.7877347550967784],[18.1139874458313,-1.7876704134121155],[18.11272144317627,-1.7877776495519697],[18.1124210357666,-1.7874559411136204],[18.1124210357666,-1.7871127853839113],[18.11269998550415,-1.7874988355753203],[18.114073276519775,-1.7873915994191805],[18.11471700668335,-1.7872200215563367],[18.114824295043945,-1.7868339713063222],[18.11366558074951,-1.7867910768290898],[18.112163543701172,-1.786061870562861],[18.110854625701904,-1.7858902925758144],[18.110854625701904,-1.7854184530288109],[18.110768795013428,-1.785375558518524],[18.110318183898926,-1.785375558518524],[18.110167980194092,-1.7850752969185493],[18.10943841934204,-1.7847321407442394],[18.10875177383423,-1.784324642704064],[18.10875177383423,-1.7842817481682687],[18.10720682144165,-1.7833380681276765],[18.10718536376953,-1.7833656431994231],[18.10718536376953,-1.7833595154067012],[18.107056617736816,-1.7835310936299038],[18.1069278717041,-1.783166489886483],[18.10546875,-1.782244256566031],[18.105340003967285,-1.782179914689209],[18.10375213623047,-1.7820726782228888],[18.10375213623047,-1.7820768562670313],[18.10368776321411,-1.7820726782228888],[18.1030011177063,-1.7817295214886428],[18.10274362564087,-1.782394387603162],[18.10246467590332,-1.7817295214886428],[18.100919723510742,-1.7817295214886428],[18.100898265838623,-1.7812147862673982],[18.098087310791016,-1.7777403197646464],[18.09720754623413,-1.7770325572674892],[18.096542358398438,-1.7767751890194603],[18.09720754623413,-1.776517820735549],[18.09697151184082,-1.7760459787886163],[18.096392154693604,-1.775595584090496],[18.096392154693604,-1.7740513728638945],[18.096134662628174,-1.773922688536814],[18.096113204956055,-1.7707913671536488],[18.095598220825195,-1.7707913671536488],[18.095641136169434,-1.7712846578598658],[18.095662593841553,-1.7721640018364582],[18.095619678497314,-1.7730647927941732],[18.0954909324646,-1.7739655833135117],[18.095297813415527,-1.7748449260164278],[18.095040321350098,-1.775702820933347],[18.09469699859619,-1.7765392680939271],[18.094310760498047,-1.7773328201782164],[18.093860149383545,-1.7781049245815268],[18.093323707580566,-1.778855581330646],[18.09276580810547,-1.7795418958054086],[18.092143535614014,-1.7801853153935383],[18.0914568901062,-1.7807643928308465],[18.09074878692627,-1.7813005754809126],[18.08997631072998,-1.7817724160839106],[18.089182376861572,-1.782179914689209],[18.088366985321045,-1.7825445186280717],[18.08750867843628,-1.7828233333560917],[18.086650371551514,-1.7830378061950825],[18.08577060699463,-1.783166489886483],[18.084869384765625,-1.7832522790090906],[18.08398962020874,-1.7832522790090906],[18.083088397979736,-1.783166489886483],[18.08220863342285,-1.7830378061950825],[18.081843852996826,-1.7829305697787277],[18.081865310668945,-1.7830592534776173],[18.08396816253662,-1.7836597772868146],[18.08351755142212,-1.7846249044266358],[18.08321714401245,-1.7848608243171213],[18.083860874176025,-1.7861047650571322],[18.08323860168457,-1.7864264737321633],[18.08351755142212,-1.7873272577225094],[18.085062503814697,-1.7871771270881283],[18.085620403289795,-1.7872200215563367],[18.08628559112549,-1.7856543728174472],[18.087422847747803,-1.7871127853839113],[18.086071014404297,-1.7882494884928661],[18.08774471282959,-1.7889786938902006],[18.087680339813232,-1.7897936878147647],[18.08774471282959,-1.7903298678307351],[18.087680339813232,-1.7908660476898746],[18.088388442993164,-1.791445121761555],[18.08774471282959,-1.793010765557156],[18.08722972869873,-1.7918526182207728],[18.085899353027344,-1.7916166992291096],[18.086414337158203,-1.7928177410519623],[18.085620403289795,-1.792989318390923],[18.084354400634766,-1.7921743258877],[18.082809448242188,-1.79444772512241],[18.081951141357422,-1.7939973349323566],[18.08225154876709,-1.7926676108671984],[18.08173656463623,-1.7926676108671984],[18.08173656463623,-1.7921528787116472],[18.079655170440674,-1.7907588117305977],[18.08098554611206,-1.7898365822218096],[18.080856800079346,-1.7892575076419917],[18.0814790725708,-1.788292382936035],[18.081672191619873,-1.7869412074950333],[18.079397678375244,-1.7874344938823867],[18.080921173095703,-1.786169106796649],[18.080813884735107,-1.7852683222384513],[18.078839778900146,-1.7844318790391753],[18.079569339752197,-1.7838099082084682],[18.079569339752197,-1.7832951735688738],[18.07851791381836,-1.7832951735688738],[18.078303337097168,-1.783595435459489],[18.077681064605713,-1.7840458282034888],[18.07873249053955,-1.7873487049549652],[18.076844215393066,-1.7869412074950333],[18.07853937149048,-1.7895148741444729],[18.077101707458496,-1.7891931660107048],[18.07628631591797,-1.790394209422118],[18.075685501098633,-1.790265526237107],[18.07525634765625,-1.7914022273921546],[18.073947429656982,-1.7923244561129081],[18.075191974639893,-1.793182342878012],[18.074634075164795,-1.7942547007688319],[18.073947429656982,-1.794747985187513],[18.074398040771484,-1.795927577822951],[18.073689937591553,-1.79654954454233],[18.071908950805664,-1.798629914443822],[18.071115016937256,-1.7960348134793236],[18.07051420211792,-1.7944691722715618],[18.072123527526855,-1.7939973349323566],[18.072617053985596,-1.7934182616679237],[18.073410987854004,-1.7937185219019796],[18.073196411132812,-1.7928606353882088],[18.07255268096924,-1.7924745863258238],[18.072144985198975,-1.791144861154649],[18.073818683624268,-1.7916595935934936],[18.073389530181885,-1.7903298678307351],[18.07474136352539,-1.7898580294249484],[18.075428009033203,-1.7877776495519697],[18.074913024902344,-1.7874559411136204],[18.074655532836914,-1.7881208051573765],[18.074398040771484,-1.7874559411136204],[18.073110580444336,-1.7882709357145785],[18.071587085723877,-1.78893579946309],[18.072617053985596,-1.7897722406108443],[18.073089122772217,-1.7904585510112412],[18.07025671005249,-1.7901582902426867],[18.07122230529785,-1.7884425134791968],[18.073647022247314,-1.7864264737321633],[18.073561191558838,-1.7856114783126742],[18.074655532836914,-1.784689246217937],[18.0745267868042,-1.7835739881831927],[18.075149059295654,-1.7830592534776173],[18.075385093688965,-1.7827804387853092],[18.075063228607178,-1.7825874132043538],[18.074655532836914,-1.7819225471595246],[18.073818683624268,-1.7814292592937164],[18.074140548706055,-1.7804212358529128],[18.0739688873291,-1.779906500266236],[18.074162006378174,-1.7793488698851831],[18.07255268096924,-1.7784051873178157],[18.07424783706665,-1.7778475564829677],[18.073453903198242,-1.7773757148757454],[18.07302474975586,-1.7741371624103124],[18.073368072509766,-1.773922688536814],[18.073303699493408,-1.7734937407152245],[18.07075023651123,-1.7760674261524514],[18.067595958709717,-1.7735151881086466],[18.06652307510376,-1.773751109420104],[18.065686225891113,-1.7725715025621014],[18.0645489692688,-1.7721425544273757],[18.06431293487549,-1.7697404430374206],[18.06431293487549,-1.768710965774659],[18.063626289367676,-1.768389254012888],[18.064420223236084,-1.7683034642003435],[18.06572914123535,-1.77201386996758],[18.063411712646484,-1.7642927860401585],[18.06401252746582,-1.763735150958368],[18.06373357772827,-1.7639710735133747],[18.063712120056152,-1.7619335595521903],[18.06424856185913,-1.7619335595521903],[18.06422710418701,-1.761418818830279],[18.06448459625244,-1.7607539451873464],[18.06476354598999,-1.761418818830279],[18.06476354598999,-1.762448300131851],[18.06424856185913,-1.762448300131851],[18.06424856185913,-1.7634992283734476],[18.065621852874756,-1.7622552724311475],[18.065063953399658,-1.759595777630068],[18.065128326386418,-1.7592526167342157],[18.065128326416016,-1.7592526167342157],[18.065450191497803,-1.757536811308313],[18.0655574798584,-1.756979174205341],[18.06523561477661,-1.7562070610187277],[18.065428733825684,-1.7558210043057727],[18.06542288171717,-1.7558210043057727],[18.065578937530518,-1.7554992903173883],[18.065707683563232,-1.757536811308313],[18.065814971923828,-1.7593384069641047],[18.065797805792762,-1.7589780879720711],[18.065814971923828,-1.7592526167342157],[18.065578937530518,-1.754534148020113],[18.06697368621826,-1.7524537284859605],[18.06675910949707,-1.752625309565957],[18.06675910949707,-1.7525609666627986],[18.06624412536621,-1.7525609666627986],[18.06624412536621,-1.7530757098261347],[18.065471649169922,-1.7523893855769188],[18.06723117828369,-1.7520462233579792],[18.06727409362793,-1.7520033280761993],[18.06727409362793,-1.751531479911705],[18.067595958709717,-1.751531479911705],[18.06778907775879,-1.7512312128360747],[18.06778907775879,-1.7509952886714615],[18.067939281463623,-1.7509952886714615],[18.06826114654541,-1.7505019925949625],[18.065471649169922,-1.7498800104004602],[18.065171241760254,-1.7504805449365222],[18.064956665039062,-1.7519604327934246],[18.063604831695557,-1.7516601657865323],[18.06205987930298,-1.7520462233579792],[18.06205987930298,-1.7525609666627986],[18.06274652481079,-1.7528183382621592],[18.062081336975098,-1.7530757098261347],[18.062081336975098,-1.7536119004707444],[18.061394691467285,-1.7539550624026958],[18.060579299926758,-1.7541051957281155],[18.060600757598877,-1.754920204998811],[18.06053638458252,-1.7558210043057727],[18.060407638549805,-1.756700355591434],[18.06023597717285,-1.757536811308313],[18.059957027435303,-1.7584376093536065],[18.059635162353516,-1.7592526167342157],[18.059643415302528,-1.7592526167342157],[18.059635162353516,-1.7592740642920575],[18.059227466583252,-1.7600890713072346],[18.05877685546875,-1.7608611828877372],[18.05826187133789,-1.761590399086728],[18.057682514190674,-1.7622767199544427],[18.05706024169922,-1.762920145538203],[18.056395053863525,-1.7634992283734476],[18.055665493011475,-1.7640354160231908],[18.054914474487305,-1.7645287085244519],[18.054120540618896,-1.7649362109268338],[18.05330514907837,-1.765279370775346],[18.052446842193604,-1.7655581881056293],[18.051588535308838,-1.765772662946631],[18.050687313079834,-1.7659227953205914],[18.04980754852295,-1.7659871377628633],[18.048906326293945,-1.7659871377628633],[18.04802656173706,-1.7659227953205914],[18.047146797180176,-1.765772662946631],[18.04626703262329,-1.7655581881056293],[18.045430183410645,-1.765279370775346],[18.04500102996826,-1.7650863433683526],[18.04500102996826,-1.7660943751616998],[18.044486045837402,-1.7660943751616998],[18.044464588165283,-1.7650648958774582],[18.043949604034424,-1.7650648958774582],[18.043949604034424,-1.7645930510149697],[18.04304838180542,-1.7640354160231908],[18.04234027862549,-1.7634992283734476],[18.041653633117676,-1.762920145538203],[18.04103136062622,-1.7622767199544427],[18.040452003479004,-1.761590399086728],[18.039937019348145,-1.7608611828877372],[18.039486408233643,-1.7600890713072346],[18.039100170135498,-1.7592740642920575],[18.038756847381592,-1.7584376093536065],[18.038499355316162,-1.757536811308313],[18.03830623626709,-1.756700355591434],[18.038177490234375,-1.7558210043057727],[18.038134574890137,-1.754920204998811],[18.038156032562256,-1.754019405257921],[18.038241863250732,-1.753118605083344],[18.038392066955566,-1.752239252113867],[18.038628101348877,-1.751359898731522],[18.038864135742188,-1.7506521261971955],[18.03804874420166,-1.7501159347054198],[18.03680419921875,-1.750394754300288],[18.03628921508789,-1.749622638397554],[18.03701877593994,-1.7478853764545477],[18.036997318267822,-1.747349184172137],[18.037383556365967,-1.747349184172137],[18.03802728652954,-1.746040874360716],[18.03802728652954,-1.745783501831582],[18.0385422706604,-1.7447540113627156],[18.0385422706604,-1.7442392659169457],[18.03802728652954,-1.7442392659169457],[18.037683963775635,-1.744925593146661],[18.036975860595703,-1.745268756667599],[18.036997318267822,-1.745783501831582],[18.036460876464844,-1.745783501831582],[18.036224842071533,-1.747006021031055],[18.035945892333984,-1.745783501831582],[18.035216331481934,-1.745268756667599],[18.035945892333984,-1.7447540113627156],[18.035602569580078,-1.7439818931412532],[18.035731315612793,-1.7434456997455072],[18.035430908203125,-1.742180282726082],[18.036696910858154,-1.7424591034983195],[18.03727626800537,-1.742330416993184],[18.03884267807007,-1.743402804267248],[18.03905725479126,-1.743703072594542],[18.039121627807617,-1.743703072594542],[18.039121627807617,-1.7412580291085504],[18.036417961120605,-1.7405931483136357],[18.036160469055176,-1.7412580291085504],[18.035902976989746,-1.7405931483136357],[18.035366535186768,-1.7405931483136357],[18.035387992858887,-1.7411078947560128],[18.03508758544922,-1.7408719693207075],[18.034615516662598,-1.7402928794906671],[18.033950328826904,-1.739778132825819],[18.032190799713135,-1.732743247679167],[18.031117916107178,-1.727381274983287],[18.031740188598633,-1.7272740353748617],[18.03459405899048,-1.7398210283865865],[18.035366535186768,-1.7399926106199217],[18.032855987548828,-1.726673493455806],[18.035130500793457,-1.7134829714238435],[18.035109043121338,-1.712453463434457],[18.035902976989746,-1.7089574217612835],[18.03583860397339,-1.7080137038991552],[18.03626775741577,-1.7059332333389534],[18.037190437316895,-1.6927854653997088],[18.036890029907227,-1.6860506850913168],[18.036868572235107,-1.6859648915610705],[18.031375408172607,-1.681503622782742],[18.030645847320557,-1.6812033447099282],[18.030130863189697,-1.6812033447099282],[18.029444217681885,-1.6803239586595708],[18.026461601257324,-1.6791228453657254],[18.025195598602295,-1.678286355314313],[18.02384376525879,-1.6775571072852244],[18.023629188537598,-1.6767206165641824],[18.02304983139038,-1.675905573979307],[18.02182674407959,-1.6746401124516836],[18.019402027130127,-1.6732245104525134],[18.019530773162842,-1.6727311943642036],[18.019702434539795,-1.6728813340563846],[18.020753860473633,-1.6735247897498624],[18.01929473876953,-1.6716881595954598],[18.01929473876953,-1.671680216197288],[18.018436431884766,-1.6706077889163993],[18.017578125,-1.6702646120628515],[18.01586151123047,-1.6695997067385377],[18.01586151123047,-1.669612280030717],[18.015432357788086,-1.6694495667954783],[18.015432357788086,-1.6697498466701433],[18.01283597946167,-1.6697498466701433],[18.01283597946167,-1.6694495667954783],[18.01332950592041,-1.6696855009865743],[18.01337242126465,-1.6697069495480008],[18.013951778411865,-1.6696855009865743],[18.014402389526367,-1.6695997067385377],[18.014917373657227,-1.6692350811426309],[18.010926246643066,-1.66831279256877],[18.008136749267578,-1.6662322795472306],[18.00757884979248,-1.6651812979068978],[18.00757884979248,-1.6666183542946982],[18.005497455596924,-1.6666183542946982],[18.005475997924805,-1.6645378394831312],[18.007235527038574,-1.6645378394831312],[18.00663471221924,-1.6634225110511949],[18.00530433654785,-1.663014987043752],[18.00530433654785,-1.6631007815786347],[18.005197048187256,-1.6629935384094665],[18.003244400024414,-1.6624144251952089],[18.003201484680176,-1.6625645656744865],[18.002965450286865,-1.6623500792720307],[18.001549243927002,-1.6619425550431828],[17.996914386749268,-1.6627790520536223],[17.994511127471924,-1.6618782091046285],[17.994511127471924,-1.6619425550431828],[17.99388885498047,-1.6617495172212244],[17.993953227996826,-1.6616851712763747],[17.992773056030273,-1.66123474960375],[17.992537021636963,-1.661277646910321],[17.992944717407227,-1.6614706847784078],[17.992966175079346,-1.6624573224761718],[17.988803386688232,-1.6624573224761718],[17.98882484436035,-1.6666183542946982],[17.987794876098633,-1.6666183542946982],[17.987515926361084,-1.6679267181536517],[17.987923622131348,-1.6696855009865743],[17.988224029541016,-1.6710367598990246],[17.986035346984863,-1.6704147519436532],[17.98685073852539,-1.6696855009865743],[17.9870867729187,-1.669471015359477],[17.985455989837646,-1.6680125124746752],[17.985455989837646,-1.6679696153146324],[17.985447406771744,-1.6679696153146324],[17.985177040100098,-1.6666183542946982],[17.98466205596924,-1.6666183542946982],[17.984683513641357,-1.6686988669081302],[17.9826021194458,-1.6686988669081302],[17.982559204101562,-1.6645378394831312],[17.981936931610107,-1.6645378394831312],[17.98290252685547,-1.6636155487095436],[17.980477809906006,-1.6642804560548257],[17.98015594482422,-1.664301904675142],[17.980220317840576,-1.6644091477731848],[17.980670928955078,-1.6645378394831312],[17.97839641571045,-1.6645378394831312],[17.97839641571045,-1.6643876991540338],[17.97614336013794,-1.6644949422474298],[17.97110080718994,-1.6656317186785543],[17.96715259552002,-1.666318073942108],[17.96292543411255,-1.6696855009865743],[17.961337566375732,-1.6709295171621505],[17.95841932296753,-1.67193759865755],[17.954578399658203,-1.6705648918129867],[17.95440673828125,-1.6705648918129867],[17.954471111297607,-1.6708008258701739],[17.953848838806152,-1.6706077889163993],[17.95387029647827,-1.6705863403648067],[17.95170307159424,-1.670650686018874],[17.94816255569458,-1.6705434432609252],[17.948226928710938,-1.6708008258701739],[17.947583198547363,-1.6706077889163993],[17.94766902923584,-1.6705434432609252],[17.944858074188232,-1.670479097603348],[17.943592071533203,-1.6696855009865743],[17.94090986251831,-1.6680125124746752],[17.938013076782227,-1.6669186346015152],[17.935566902160645,-1.6685272783222302],[17.934987545013428,-1.6679696153146324],[17.934973174547412,-1.6679696153146324],[17.933077812194824,-1.6661893823484064],[17.9296875,-1.664559288100648],[17.92945146560669,-1.664452045010762],[17.92797088623047,-1.6640230725929257],[17.92797088623047,-1.6640374023890492],[17.92447328567505,-1.6630578843116695],[17.92020320892334,-1.6624144251952089],[17.91672706604004,-1.6626932575047704],[17.91322946548462,-1.6639587267221856],[17.912414073944092,-1.6634654083102447],[17.91295051574707,-1.6639158294738792],[17.913658618927002,-1.6643233532952024],[17.913787364959717,-1.6644305963920942],[17.913808822631836,-1.6666183542946982],[17.91170597076416,-1.6666183542946982],[17.91170597076416,-1.6645378394831312],[17.909603118896484,-1.6645378394831312],[17.909581661224365,-1.6621784901333],[17.909646034240723,-1.66226428470452],[17.90996789932251,-1.6624573224761718],[17.910547256469727,-1.662607462952181],[17.910890579223633,-1.6625645656744865],[17.909281253814697,-1.6615779280302974],[17.904646396636963,-1.6592829211693356],[17.900590896606445,-1.6595617539207836],[17.898101806640625,-1.660076521974048],[17.89825201034546,-1.6601623166365584],[17.897393703460693,-1.6603124572869916],[17.897608280181885,-1.6601837653016105],[17.896428108215332,-1.6604197006017642],[17.893810272216797,-1.6590469857335393],[17.892179489135742,-1.6558940276652265],[17.888638973236084,-1.6556151943972282],[17.888681888580322,-1.6556795405394809],[17.886643409729004,-1.6555079508221695],[17.882673740386963,-1.655593745682694],[17.881922721862793,-1.6556795405394809],[17.88196563720703,-1.6556151943972282],[17.878596782684326,-1.6557009892530914],[17.87447690963745,-1.6563658992601518],[17.87477731704712,-1.656966462945718],[17.874112129211426,-1.6572452960235324],[17.874133586883545,-1.6582962818870186],[17.8737473487854,-1.6582962818870186],[17.873704433441162,-1.6576099238352953],[17.872953414916992,-1.6595617539207836],[17.872374057769775,-1.660140867971279],[17.87252426147461,-1.6603553546135998],[17.872202396392822,-1.6603124572869916],[17.870185375213623,-1.6622857333467493],[17.86647319793701,-1.6640659698389015],[17.86353349685669,-1.6656531672841624],[17.862203121185303,-1.66610358794793],[17.861945629119873,-1.6667684944538337],[17.8617525100708,-1.6662537281463017],[17.86003589630127,-1.6668328402328143],[17.856924533843994,-1.6673047092143918],[17.855372428674094,-1.6679696153146324],[17.855358123779297,-1.6679696153146324],[17.85407066345215,-1.6685272783222302],[17.853384017944336,-1.6679696153146324],[17.853379629108513,-1.6679696153146324],[17.851731777191162,-1.666639802889577],[17.84855604171753,-1.6674334007351916],[17.84700861321196,-1.6679696153146324],[17.846989631652832,-1.6679696153146324],[17.8452730178833,-1.6685701754700943],[17.843084338909232,-1.6696854991611882],[17.841796875,-1.670328957727449],[17.839638979192507,-1.67123637613228],[17.839243412017822,-1.6714013851605927],[17.839246577750682,-1.6714013851605927],[17.838685512542725,-1.6716373191172949],[17.835681438446045,-1.6718947015831844],[17.834251663615447,-1.6714013851605927],[17.83426523208618,-1.6714013851605927],[17.831454277038574,-1.6704362004971216],[17.82808542251587,-1.6696855009865743],[17.8267765045166,-1.6694066696667704],[17.8263258934021,-1.6696855009865743],[17.823944091796875,-1.671165451175554],[17.81907320022583,-1.671122554084306],[17.817378044128418,-1.6696855009865743],[17.81654119491577,-1.6689776983283195],[17.81430959701538,-1.6681197553706824],[17.81461000442505,-1.6685916240436995],[17.815167903900146,-1.6696855009865743],[17.815382480621338,-1.6702002663961366],[17.815722227060284,-1.6712011985929895],[17.815918922424316,-1.671916150120481],[17.81606912612915,-1.6727955399479697],[17.816154956817627,-1.6736963778991196],[17.816176414489746,-1.6745972154364352],[17.816133499145508,-1.6754980525596466],[17.816004753112793,-1.6763774407803282],[17.81581163406372,-1.6772568286059766],[17.81555414199829,-1.6781147675672088],[17.815210819244385,-1.6789512576920345],[17.81482458114624,-1.6797662990078095],[17.81437397003174,-1.6805384430986123],[17.81385898590088,-1.681267690015133],[17.813279628753662,-1.6819540398053618],[17.812657356262207,-1.6825974925144322],[17.811970710754395,-1.6831980481847069],[17.811262607574463,-1.683712810040575],[17.810511589050293,-1.6842061233582228],[17.809717655181885,-1.6846136429612102],[17.80888080596924,-1.6849568172976177],[17.808043956756592,-1.6852356464014235],[17.807164192199707,-1.6854501303002536],[17.806284427642822,-1.6856002690153957],[17.805404663085938,-1.6856646141754652],[17.804503440856934,-1.6856646141754652],[17.80362367630005,-1.6856002690153957],[17.802722454071045,-1.6854501303002536],[17.80186414718628,-1.6852356464014235],[17.801005840301514,-1.6849568172976177],[17.800190448760986,-1.6846136429612102],[17.799396514892578,-1.6842061233582228],[17.798645496368408,-1.683712810040575],[17.797915935516357,-1.6831980481847069],[17.797250747680664,-1.6825974925144322],[17.79662847518921,-1.6819540398053618],[17.796049118041992,-1.681267690015133],[17.795534133911133,-1.6805384430986123],[17.79508352279663,-1.6797662990078095],[17.794675827026367,-1.6789512576920345],[17.79435396194458,-1.6781147675672088],[17.79409646987915,-1.6772568286059766],[17.793903350830078,-1.6763774407803282],[17.793753147125244,-1.675262119067412],[17.789268493652344,-1.6739323115798612],[17.78334617614746,-1.6741467967195263],[17.77858257293701,-1.673374650106922],[17.775771617889404,-1.6701359207273043],[17.77291774749756,-1.6696855009865743],[17.771201133728027,-1.669428118231238],[17.76987075805664,-1.6696855009865743],[17.767510414123535,-1.6701573692838139],[17.763819694519043,-1.6704576490503484],[17.76315450668335,-1.670479097603348],[17.763261795043945,-1.6708008258701739],[17.76261806488037,-1.6706077889163993],[17.762725353240967,-1.6705005461561058],[17.760794162750244,-1.6705863403648067],[17.761330604553223,-1.6714013851605927],[17.761759757995605,-1.6721949810840613],[17.76212453842163,-1.6730100252119513],[17.7624249458313,-1.6738679660333986],[17.76263952255249,-1.674725906479381],[17.762811183929443,-1.6756267435434324],[17.76289701461792,-1.6765061317063186],[17.76291847229004,-1.677406967951356],[17.76285409927368,-1.6783078037816352],[17.762746810913086,-1.6791228453657254],[17.762532234191895,-1.6800880257493986],[17.762274742126465,-1.6809459634678916],[17.761952877044678,-1.681782452380432],[17.761545181274414,-1.6825760440942048],[17.76115894317627,-1.6832623934241155],[17.761287689208984,-1.6832838418367828],[17.76111602783203,-1.683627016407371],[17.760837078094482,-1.683712810040575],[17.760579586029053,-1.6840774329395742],[17.759978771209717,-1.6848066785328797],[17.760257720947266,-1.685364336743561],[17.761824131011963,-1.685364336743561],[17.7618670463562,-1.689546768229505],[17.766029834747314,-1.689546768229505],[17.766330242156982,-1.6883027639069326],[17.768046855926514,-1.6913055316018557],[17.769956588745117,-1.6904475984485288],[17.770450115203857,-1.6896754582863736],[17.771458625793457,-1.6911768416530322],[17.772037982940674,-1.6895253198858597],[17.772295475006104,-1.6916272564365613],[17.772316932678223,-1.6937077424125562],[17.770235538482666,-1.6937077424125562],[17.770256996154785,-1.6957882261547041],[17.76989221572876,-1.6981046384113796],[17.77014970779419,-1.6997132564007984],[17.768433094024658,-1.700185117423544],[17.76787519454956,-1.7022655941933778],[17.76740312576294,-1.7018151818871274],[17.767531871795654,-1.7008714605234303],[17.76637315750122,-1.7006998747713453],[17.7659010887146,-1.7013004248368873],[17.764956951141357,-1.7020511121558997],[17.766244411468506,-1.7030377293306742],[17.76566505432129,-1.7056973035457048],[17.766330242156982,-1.7059546815005433],[17.76566505432129,-1.706212059420949],[17.76566505432129,-1.7072415707581001],[17.766330242156982,-1.7075203966503665],[17.76566505432129,-1.7077777743612046],[17.765686511993408,-1.7082925296793974],[17.769334316253662,-1.7082925296793974],[17.76909828186035,-1.707456052217296],[17.76738166809082,-1.7070270892749875],[17.768261432647705,-1.7056973035457048],[17.769720554351807,-1.7058688888527485],[17.769441604614258,-1.7064694373069074],[17.770020961761475,-1.707606189224478],[17.77036428451538,-1.7077777743612046],[17.771329879760742,-1.7091933511543544],[17.7703857421875,-1.7098582429243123],[17.7703857421875,-1.7103729976848001],[17.77214527130127,-1.710630375013281],[17.771458625793457,-1.7126679443111925],[17.771973609924316,-1.71298966558129],[17.771973609924316,-1.7135044195010778],[17.772316932678223,-1.7171291411001306],[17.77461290359497,-1.716099635072112],[17.77461290359497,-1.7166143881554348],[17.774977684020996,-1.7173221734186654],[17.77514934539795,-1.7181800945983952],[17.77463436126709,-1.7181800945983952],[17.77463436126709,-1.7192310475183916],[17.77360439300537,-1.7192310475183916],[17.774484157562256,-1.7204964798583546],[17.777466773986816,-1.7210755757339484],[17.77862548828125,-1.7236064371257243],[17.77886152267456,-1.7249576583560184],[17.779419422149658,-1.725300825499815],[17.780277729034424,-1.7278316812725905],[17.78010606765747,-1.728346431186722],[17.780277729034424,-1.7288611809613172],[17.779977321624756,-1.7298692321988511],[17.780470848083496,-1.7301695026767163],[17.780492305755615,-1.7317351979695843],[17.779977321624756,-1.7317351979695843],[17.779226303100586,-1.7338585360943881],[17.780427932739258,-1.7369041280333022],[17.781071662902832,-1.737461771096278],[17.7823805809021,-1.7403572228138984],[17.781243324279785,-1.7453974429718073],[17.77961254119873,-1.7499658010602417],[17.774934768676758,-1.7499658010602417],[17.77491331100464,-1.7494296093722],[17.77463436126709,-1.7496655337338183],[17.77364730834961,-1.7508666027509747],[17.77287483215332,-1.7491293419599572],[17.77165174484253,-1.7470274687292147],[17.773561477661133,-1.747220498001596],[17.771995067596436,-1.7445180863842182],[17.771737575531006,-1.743703072594542],[17.771222591400146,-1.743703072594542],[17.771222591400146,-1.7426735809873293],[17.770686149597168,-1.7426735809873293],[17.770686149597168,-1.742137387218989],[17.77135133743286,-1.7418800141559814],[17.770686149597168,-1.7416226410578162],[17.77064323425293,-1.7384912655492144],[17.77012825012207,-1.7384912655492144],[17.77012825012207,-1.7379765183929123],[17.76965618133545,-1.7373974276743382],[17.768776416778564,-1.7367110977039033],[17.767767906188965,-1.7340301188691853],[17.766265869140625,-1.7315850628605602],[17.769806385040283,-1.7289040767695525],[17.770042419433594,-1.7286038060914564],[17.770042419433594,-1.7280890562471],[17.770557403564453,-1.7280890562471],[17.770557403564453,-1.7275528583441826],[17.76987075805664,-1.727295483297027],[17.770535945892334,-1.7270381082150124],[17.770514488220215,-1.7249576583560184],[17.768433094024658,-1.7249576583560184],[17.768433094024658,-1.7233919574771477],[17.767038345336914,-1.7240997402257392],[17.76686668395996,-1.7249576583560184],[17.767467498779297,-1.725150689882014],[17.766244411468506,-1.7263946703574362],[17.764806747436523,-1.7265233579463768],[17.764463424682617,-1.7272096916069017],[17.763776779174805,-1.7275528583441826],[17.76341199874878,-1.725493856990994],[17.76143789291382,-1.72399250043226],[17.762961387634277,-1.7242069800131645],[17.763519287109375,-1.724142636141437],[17.763969898223877,-1.7252579296102226],[17.764270305633545,-1.725472409048507],[17.764248847961426,-1.7228772062220372],[17.76285409927368,-1.7227056224394204],[17.76216745376587,-1.7223624548278167],[17.760815620422363,-1.72201928715441],[17.760343551635742,-1.722727070413086],[17.760086059570312,-1.7223624548278167],[17.758219242095947,-1.7230916859285657],[17.757811546325684,-1.7268236289533547],[17.75594472885132,-1.7270381082150124],[17.75386333465576,-1.7270381082150124],[17.75369167327881,-1.7279174729346352],[17.75336980819702,-1.7286038060914564],[17.75390625,-1.7287110456248058],[17.754249572753906,-1.7287753893419193],[17.754807472229004,-1.7299121279843064],[17.75442123413086,-1.7306842519567454],[17.755472660064697,-1.7306842519567454],[17.755472660064697,-1.7311990010970675],[17.758069038391113,-1.7311990010970675],[17.758090496063232,-1.7333008919689092],[17.76017189025879,-1.7333008919689092],[17.760193347930908,-1.7353813326769512],[17.76092290878296,-1.7358960805402859],[17.760214805603027,-1.7364108282634731],[17.760214805603027,-1.7369470236593685],[17.762317657470703,-1.7379765183929123],[17.762317657470703,-1.7395422072241473],[17.76285409927368,-1.7395422072241473],[17.76336908340454,-1.740571700542148],[17.76442050933838,-1.740056953953399],[17.765042781829834,-1.7413223723988551],[17.76442050933838,-1.7416226410578162],[17.764441967010498,-1.743703072594542],[17.766523361206055,-1.743703072594542],[17.766544818878174,-1.7447540113627156],[17.766845226287842,-1.7450113840327646],[17.768025398254395,-1.750201725354401],[17.766823768615723,-1.7497084290691163],[17.766566276550293,-1.7478853764545477],[17.764484882354736,-1.7478853764545477],[17.764484882354736,-1.747349184172137],[17.76263952255249,-1.7480998533246463],[17.76216745376587,-1.7497942197367422],[17.76090145111084,-1.749644086065814],[17.761330604553223,-1.745783501831582],[17.760300636291504,-1.745783501831582],[17.760279178619385,-1.743703072594542],[17.758197784423828,-1.743703072594542],[17.75742530822754,-1.7433813565277632],[17.75660991668701,-1.74357438617443],[17.756094932556152,-1.7416226410578162],[17.75390625,-1.7416011932980524],[17.752232551574707,-1.7413223723988551],[17.75191068649292,-1.7395422072241473],[17.749807834625244,-1.7395422072241473],[17.749807834625244,-1.7384912655492144],[17.749035358428955,-1.738169548592964],[17.747726440429688,-1.7384912655492144],[17.747726440429688,-1.7395422072241473],[17.747554779052734,-1.7417727753693555],[17.74513006210327,-1.7405931483136357],[17.74489402770996,-1.7417942231271581],[17.744615077972412,-1.7405931483136357],[17.743585109710693,-1.7411078947560128],[17.743585109710693,-1.7416226410578162],[17.742533683776855,-1.7416226410578162],[17.741804122924805,-1.7434885952227859],[17.741525173187256,-1.743703072594542],[17.741546630859375,-1.745783501831582],[17.7419114112854,-1.745976531231733],[17.74270534515381,-1.7475636611034844],[17.742083072662354,-1.7478853764545477],[17.742083072662354,-1.7484001209016071],[17.74313449859619,-1.7484001209016071],[17.74313449859619,-1.7489148652075102],[17.74367094039917,-1.7499658010602417],[17.74369239807129,-1.7541266433450744],[17.747340202331543,-1.7541266433450744],[17.74718999862671,-1.7555207379183457],[17.746846675872803,-1.7562070610187277],[17.745816707611084,-1.7562070610187277],[17.745816707611084,-1.758287476376239],[17.746868133544922,-1.758287476376239],[17.746524810791016,-1.7589737984598628],[17.745988368988037,-1.7592526167342157],[17.74599972892004,-1.7592526167342157],[17.745838165283203,-1.7593384069641047],[17.745859622955322,-1.762448300131851],[17.74495840072632,-1.7625984327741122],[17.74315595626831,-1.7644000235367372],[17.741718292236328,-1.7645501560215422],[17.73963689804077,-1.7645501560215422],[17.73970127105713,-1.7707913671536488],[17.741310596466064,-1.7710487362341496],[17.741804122924805,-1.7728717661972837],[17.74388551712036,-1.7728717661972837],[17.742919921875,-1.771434789787861],[17.74416446685791,-1.7705768928926062],[17.744593620300293,-1.769933469960577],[17.74519443511963,-1.7700836019980244],[17.745859622955322,-1.7690970198151632],[17.74714708328247,-1.7688182030161954],[17.74738311767578,-1.769847680219442],[17.746996879577637,-1.7707913671536488],[17.749078273773193,-1.7707913671536488],[17.749078273773193,-1.7702766288854548],[17.750108242034912,-1.7702766288854548],[17.7504301071167,-1.7696332058492175],[17.752017974853516,-1.7704482083240691],[17.75218963623047,-1.7707913671536488],[17.75287628173828,-1.7710487362341496],[17.752211093902588,-1.7713061052788959],[17.752211093902588,-1.7728717661972837],[17.754292488098145,-1.7728717661972837],[17.75461435317993,-1.7730862401925975],[17.75588035583496,-1.7749521629028067],[17.75641679763794,-1.7749521629028067],[17.75663137435913,-1.7746733469852671],[17.758476734161377,-1.773922688536814],[17.758476734161377,-1.7728717661972837],[17.758991718292236,-1.7728717661972837],[17.759721279144287,-1.7710272888121352],[17.76261806488037,-1.7707913671536488],[17.764699459075928,-1.7707913671536488],[17.768561840057373,-1.771177420760992],[17.76888370513916,-1.7728717661972837],[17.770986557006836,-1.7728717661972837],[17.77291774749756,-1.773193477180925],[17.772767543792725,-1.774180057182022],[17.77313232421875,-1.7763891365801499],[17.771029472351074,-1.7775687410023835],[17.771029472351074,-1.7791343966168114],[17.77188777923584,-1.7797134743841951],[17.772445678710938,-1.7820297836345986],[17.771072387695312,-1.782244256566031],[17.771072387695312,-1.7838099082084682],[17.77242422103882,-1.784131617285098],[17.7728533744812,-1.7835096463528828],[17.77315378189087,-1.7832951735688738],[17.77317523956299,-1.785375558518524],[17.773711681365967,-1.785375558518524],[17.773711681365967,-1.7869412074950333],[17.773196697235107,-1.7869412074950333],[17.773196697235107,-1.7874559411136204],[17.772681713104248,-1.7874559411136204],[17.772681713104248,-1.7885068551367738],[17.77113676071167,-1.7885068551367738],[17.77113676071167,-1.7895363213513917],[17.77062177658081,-1.7895363213513917],[17.77017116546631,-1.791337885836171],[17.769076824188232,-1.7916166992291096],[17.76909828186035,-1.7937185219019796],[17.767016887664795,-1.7937185219019796],[17.766995429992676,-1.7916166992291096],[17.76491403579712,-1.7916166992291096],[17.764892578125,-1.7895363213513917],[17.762811183929443,-1.7895363213513917],[17.762789726257324,-1.7874559411136204],[17.760987281799316,-1.7871556798536403],[17.76068687438965,-1.785375558518524],[17.759978771209717,-1.785032402400276],[17.75944232940674,-1.7839814863896777],[17.759099006652832,-1.7838099082084682],[17.758455276489258,-1.7845820098978464],[17.758047580718994,-1.7832951735688738],[17.75439977645874,-1.7832951735688738],[17.75418519973755,-1.784453326305453],[17.75390625,-1.7845820098978464],[17.75336980819702,-1.7848608243171213],[17.75339126586914,-1.7869412074950333],[17.754957675933838,-1.7869412074950333],[17.75493621826172,-1.785375558518524],[17.756502628326416,-1.785375558518524],[17.756545543670654,-1.7895363213513917],[17.757961750030518,-1.7897507934066965],[17.757511138916016,-1.7911019667782142],[17.758347988128662,-1.7934611559900873],[17.756588459014893,-1.7937185219019796],[17.75660991668701,-1.7957988950269765],[17.75787591934204,-1.796613885915022],[17.758712768554688,-1.7968283571409103],[17.758712768554688,-1.7973645350954541],[17.758047580718994,-1.7976219004577132],[17.758712768554688,-1.7978792657836777],[17.758734226226807,-1.8004743641253498],[17.759785652160645,-1.8004743641253498],[17.759785652160645,-1.801525270667483],[17.760837078094482,-1.801525270667483],[17.760837078094482,-1.802040000181222],[17.76761770248413,-1.802040000181222],[17.767810821533203,-1.8034340585502378],[17.76815414428711,-1.8041203638165797],[17.769205570220947,-1.8041203638165797],[17.769227027893066,-1.806200725072685],[17.7744197845459,-1.806200725072685],[17.774484157562256,-1.8124632414750863],[17.773454189300537,-1.8124632414750863],[17.773475646972656,-1.8145435931620852],[17.77137279510498,-1.8145435931620852],[17.771244049072266,-1.8169670926250205],[17.769699096679688,-1.8173960302444812],[17.770278453826904,-1.8185112675781454],[17.769505977630615,-1.8188758642492928],[17.76935577392578,-1.820784633854231],[17.76935577392578,-1.8213208047280034],[17.76989221572876,-1.8217282944853537],[17.770943641662598,-1.8235083802390193],[17.769720554351807,-1.8244949330310476],[17.76942014694214,-1.827047099699115],[17.769463062286377,-1.8312077669943534],[17.768948078155518,-1.8312077669943534],[17.768948078155518,-1.8327733764145933],[17.769484519958496,-1.8327733764145933],[17.769484519958496,-1.833288097020926],[17.765321731567383,-1.833288097020926],[17.765278816223145,-1.8291274345528308],[17.76214599609375,-1.8291274345528308],[17.76212453842163,-1.827047099699115],[17.76317596435547,-1.827047099699115],[17.76313304901123,-1.8228649759528537],[17.76364803314209,-1.8228649759528537],[17.76360511779785,-1.8187042893544003],[17.763090133666992,-1.8187042893544003],[17.763068675994873,-1.8166239424561041],[17.760987281799316,-1.8166239424561041],[17.760965824127197,-1.8145435931620852],[17.75991439819336,-1.8145435931620852],[17.75989294052124,-1.811948514915514],[17.758841514587402,-1.811948514915514],[17.758841514587402,-1.810897614402208],[17.756545543670654,-1.8106616978766823],[17.757253646850586,-1.8086027887144809],[17.757768630981445,-1.8083025309330623],[17.758605480194092,-1.8095464557039804],[17.758841514587402,-1.8103828873978358],[17.75914192199707,-1.8101684177695319],[17.760064601898193,-1.808795811547725],[17.759013175964355,-1.808066614069972],[17.75918483734131,-1.807230181308256],[17.758798599243164,-1.8056859967361305],[17.758090496063232,-1.8053428444307826],[17.757747173309326,-1.8046565396257535],[17.758262157440186,-1.8046565396257535],[17.758240699768066,-1.803605634891099],[17.75669574737549,-1.803605634891099],[17.755837440490723,-1.803198141055148],[17.755472660064697,-1.803948787524277],[17.75512933731079,-1.8041203638165797],[17.755258083343506,-1.8045278574459616],[17.756288051605225,-1.8048495628783314],[17.75562286376953,-1.8054362020405175],[17.75562286376953,-1.8054286325131983],[17.755558490753174,-1.805492973572342],[17.75562286376953,-1.8055144205915497],[17.75562286376953,-1.8055130801511918],[17.756588459014893,-1.80581467883394],[17.756717205047607,-1.806200725072685],[17.757232189178467,-1.806200725072685],[17.75686740875244,-1.808517000782004],[17.75562286376953,-1.8077057450987053],[17.75562286376953,-1.8077020152212242],[17.75538682937622,-1.8075518862622175],[17.75515079498291,-1.8072516283069717],[17.754464149475098,-1.8069084762973233],[17.75390625,-1.8058575728645252],[17.753241062164307,-1.8055144205915497],[17.75291919708252,-1.8013536941305688],[17.75390625,-1.8021257884193744],[17.754356861114502,-1.8024903883864027],[17.754592895507812,-1.802040000181222],[17.754571437835693,-1.801525270667483],[17.75390625,-1.8011821175775111],[17.753541469573975,-1.8009890939359963],[17.75390625,-1.8002384462468939],[17.754034996032715,-1.7999596341693405],[17.75390625,-1.799895292914627],[17.752833366394043,-1.7993376686119404],[17.75367021560669,-1.7974503235535764],[17.75261878967285,-1.7961420491294149],[17.75242567062378,-1.7937185219019796],[17.7518892288208,-1.7937185219019796],[17.7518892288208,-1.7921528787116472],[17.751352787017822,-1.7921528787116472],[17.751352787017822,-1.7916166992291096],[17.749958038330078,-1.7914236745769756],[17.75015115737915,-1.7908017061150758],[17.748284339904785,-1.7901582902426867],[17.74864912033081,-1.78893579946309],[17.750065326690674,-1.789922371032901],[17.750301361083984,-1.7895363213513917],[17.750279903411865,-1.7874559411136204],[17.75064468383789,-1.7866838406316248],[17.750065326690674,-1.7853541112630182],[17.751030921936035,-1.785740161824009],[17.751803398132324,-1.7854399002835777],[17.75120258331299,-1.784024380932479],[17.74989366531372,-1.7836383300112715],[17.749722003936768,-1.7832951735688738],[17.74918556213379,-1.7832951735688738],[17.74894952774048,-1.7839600391179147],[17.74867057800293,-1.7832951735688738],[17.74815559387207,-1.7832951735688738],[17.747812271118164,-1.7839814863896777],[17.746782302856445,-1.7845176681027652],[17.74643898010254,-1.785203980467415],[17.746095657348633,-1.785375558518524],[17.743992805480957,-1.785375558518524],[17.744014263153076,-1.7874559411136204],[17.742984294891357,-1.7874559411136204],[17.742984294891357,-1.7879706745879105],[17.742469310760498,-1.7879706745879105],[17.742812633514404,-1.7886784328793368],[17.743005752563477,-1.7895363213513917],[17.744035720825195,-1.7895363213513917],[17.744057178497314,-1.7905872341827092],[17.745087146759033,-1.7905872341827092],[17.745087146759033,-1.790072501442637],[17.74590253829956,-1.7904799982071182],[17.74613857269287,-1.7916166992291096],[17.747769355773926,-1.7918740654003358],[17.748241424560547,-1.7937185219019796],[17.748284339904785,-1.7978792657836777],[17.74620294570923,-1.7978792657836777],[17.746224403381348,-1.7999596341693405],[17.74570941925049,-1.7999596341693405],[17.74590253829956,-1.8013536941305688],[17.746245861053467,-1.802040000181222],[17.748327255249023,-1.802040000181222],[17.748327255249023,-1.8025547295494846],[17.749550342559814,-1.8028335412298588],[17.74989366531372,-1.803798658255218],[17.748348712921143,-1.8030909058199995],[17.748348712921143,-1.8041203638165797],[17.74991512298584,-1.8041203638165797],[17.74944305419922,-1.8079808261121428],[17.746310234069824,-1.8083025309330623],[17.744228839874268,-1.8083025309330623],[17.743113040924072,-1.8080022731019767],[17.74264097213745,-1.806200725072685],[17.742125988006592,-1.806200725072685],[17.741761207580566,-1.8059862549501702],[17.741224765777588,-1.8043348341592207],[17.742104530334473,-1.8041203638165797],[17.742083072662354,-1.802040000181222],[17.740516662597656,-1.802040000181222],[17.7388858795166,-1.8027477530250593],[17.737984657287598,-1.8013751411985766],[17.738757133483887,-1.8002384462468939],[17.738585472106934,-1.799659374961223],[17.73995876312256,-1.7989087267246617],[17.73995876312256,-1.7978792657836777],[17.73942232131958,-1.7978792657836777],[17.73918628692627,-1.7985441260411363],[17.73890733718872,-1.7978792657836777],[17.737877368927002,-1.7978792657836777],[17.737834453582764,-1.7937185219019796],[17.731568813323975,-1.7937185219019796],[17.731053829193115,-1.792989318390923],[17.730538845062256,-1.7937185219019796],[17.729487419128418,-1.7937185219019796],[17.729487419128418,-1.794233253617179],[17.7284574508667,-1.794233253617179],[17.7284574508667,-1.7937185219019796],[17.723243236541748,-1.7937185219019796],[17.72322177886963,-1.7916166992291096],[17.714359760284424,-1.7916166992291096],[17.714359760284424,-1.7911019667782142],[17.713823318481445,-1.7911019667782142],[17.713844776153564,-1.7916166992291096],[17.712793350219727,-1.7916166992291096],[17.712793350219727,-1.7905872341827092],[17.713308334350586,-1.7905872341827092],[17.712771892547607,-1.7895363213513917],[17.713093757629395,-1.7882280412709122],[17.71275043487549,-1.7874559411136204],[17.71066904067993,-1.7874559411136204],[17.710647583007812,-1.785375558518524],[17.71272897720337,-1.785375558518524],[17.71270751953125,-1.7832951735688738],[17.710626125335693,-1.7832951735688738],[17.710604667663574,-1.7812147862673982],[17.70843744277954,-1.7812147862673982],[17.707793712615967,-1.782179914689209],[17.70721435546875,-1.7828662279258936],[17.706592082977295,-1.7835096463528828],[17.7059268951416,-1.784088722744798],[17.70519733428955,-1.7846249044266358],[17.70444631576538,-1.7850967441773236],[17.703652381896973,-1.7855256893001297],[17.702815532684326,-1.7858688453263056],[17.70197868347168,-1.7861476595503945],[17.701098918914795,-1.7863621320016705],[17.70021915435791,-1.7864908154604109],[17.699339389801025,-1.7865766044278928],[17.69820213317871,-1.786555157186399],[17.697923183441162,-1.7874988355753203],[17.697408199310303,-1.786469368217908],[17.696678638458252,-1.7863621320016705],[17.695798873901367,-1.7861476595503945],[17.69496202468872,-1.7858688453263056],[17.694125175476074,-1.7855256893001297],[17.693331241607666,-1.7850967441773236],[17.692644596099854,-1.7846677989544304],[17.690927982330322,-1.7859760815713344]],[[18.23307752609253,-2.3705034899451363],[18.233463764190674,-2.3688741014384362],[18.23552370071411,-2.368230921237],[18.23439216607636,-2.370653565105883],[18.234386444091797,-2.370653565105883],[18.23432207107544,-2.370803640250344],[18.233742713928223,-2.370653565105883],[18.23369979861775,-2.370653565105883],[18.23307752609253,-2.3705034899451363]]],[[[17.694897651672363,-1.7609255255050158],[17.695026397705078,-1.7640783110284843],[17.695133686065674,-1.7638852834968333],[17.69526243209839,-1.7645930510149697],[17.69622802734375,-1.7642927860401585],[17.697107791900635,-1.7641212060327973],[17.69794464111328,-1.7640139685201603],[17.697923183441162,-1.7619335595521903],[17.69843816757202,-1.7619335595521903],[17.698674201965332,-1.7636493609309412],[17.699146270751953,-1.7626198802934425],[17.701056003570557,-1.762448300131851],[17.70073413848877,-1.7612043434875062],[17.70049810409546,-1.7598531482605182],[17.70221471786499,-1.7600676237587578],[17.70148515701294,-1.761590399086728],[17.70242929458618,-1.7612472385580418],[17.702772617340088,-1.760539469768048],[17.70395278930664,-1.7599603860127218],[17.704167366027832,-1.7603678894148658],[17.710411548614502,-1.7603678894148658],[17.71043300628662,-1.762448300131851],[17.714595794677734,-1.762448300131851],[17.714638710021973,-1.7666305620630425],[17.71672010421753,-1.7666305620630425],[17.71674156188965,-1.768710965774659],[17.717792987823486,-1.768710965774659],[17.718136310577393,-1.7693972840133227],[17.718329429626465,-1.7707913671536488],[17.716763019561768,-1.7707913671536488],[17.716827392578125,-1.7780834772413527],[17.715797424316406,-1.7780834772413527],[17.715797424316406,-1.7785982133367781],[17.717020511627197,-1.778855581330646],[17.715797424316406,-1.7791343966168114],[17.715582847595215,-1.7794132118608417],[17.714531421661377,-1.7802496573399935],[17.716076374053955,-1.7804641304786486],[17.71841526031494,-1.780163868077537],[17.717792987823486,-1.7789413706539534],[17.718758583068848,-1.7793059752335125],[17.7189302444458,-1.77964913241901],[17.720282077789307,-1.7789628179841515],[17.720518112182617,-1.7812147862673982],[17.71895170211792,-1.7812147862673982],[17.71897315979004,-1.7832951735688738],[17.721054553985596,-1.7832951735688738],[17.721076011657715,-1.785375558518524],[17.72092580795288,-1.7872843632567879],[17.719745635986328,-1.7878848856855427],[17.719552516937256,-1.7895363213513917],[17.721118927001953,-1.7895363213513917],[17.721376419067383,-1.7888714578205338],[17.721633911132812,-1.7895363213513917],[17.722148895263672,-1.7895363213513917],[17.722384929656982,-1.788378171819346],[17.72317886352539,-1.7879706745879105],[17.72317886352539,-1.7874559411136204],[17.72343635559082,-1.7867910768290898],[17.72369384765625,-1.7874559411136204],[17.72423028945923,-1.7874559411136204],[17.72420883178711,-1.7864264737321633],[17.72472381591797,-1.7864264737321633],[17.72472381591797,-1.7858902925758144],[17.725238800048828,-1.7858902925758144],[17.725238800048828,-1.785375558518524],[17.725753784179688,-1.785375558518524],[17.725775241851807,-1.7864264737321633],[17.726290225982666,-1.7864264737321633],[17.726290225982666,-1.785375558518524],[17.726805210113525,-1.785375558518524],[17.726805210113525,-1.7858902925758144],[17.727341651916504,-1.7858902925758144],[17.727749347686768,-1.7867267351113583],[17.727341651916504,-1.7869412074950333],[17.727341651916504,-1.7874559411136204],[17.727749347686768,-1.7875846244957216],[17.728049755096436,-1.789128824377201],[17.728757858276367,-1.788378171819346],[17.72892951965332,-1.7895363213513917],[17.72944450378418,-1.7895363213513917],[17.7294659614563,-1.7916166992291096],[17.731547355651855,-1.7916166992291096],[17.731525897979736,-1.7895363213513917],[17.733628749847412,-1.7895363213513917],[17.733607292175293,-1.7874559411136204],[17.73463726043701,-1.7874559411136204],[17.734315395355225,-1.7856114783126742],[17.734615802764893,-1.785375558518524],[17.734851837158203,-1.7830807007598963],[17.73515224456787,-1.785375558518524],[17.73566722869873,-1.785375558518524],[17.735624313354492,-1.7812147862673982],[17.73613929748535,-1.7812147862673982],[17.73613929748535,-1.7806786035923494],[17.736825942993164,-1.7803354465984569],[17.73716926574707,-1.77964913241901],[17.736504077911377,-1.7793917645358732],[17.73716926574707,-1.7791343966168114],[17.736632823944092,-1.7780834772413527],[17.735774517059326,-1.7785124239974976],[17.735581398010254,-1.7770325572674892],[17.734808921813965,-1.7773971622241618],[17.73319959640503,-1.7768824257938292],[17.730066776275635,-1.777911898510979],[17.729637622833252,-1.7762818997771603],[17.730882167816162,-1.7760030840601928],[17.730345726013184,-1.7749521629028067],[17.727234363555908,-1.7749521629028067],[17.72719144821167,-1.7707913671536488],[17.730839252471924,-1.7707913671536488],[17.730839252471924,-1.7702766288854548],[17.731354236602783,-1.7702766288854548],[17.731354236602783,-1.7713061052788959],[17.73189067840576,-1.7713061052788959],[17.73189067840576,-1.7723570285071588],[17.7329421043396,-1.7723570285071588],[17.73292064666748,-1.7718422906739448],[17.73345708847046,-1.7718422906739448],[17.73343563079834,-1.7702766288854548],[17.7339506149292,-1.7702766288854548],[17.73420810699463,-1.7696117584108322],[17.734487056732178,-1.7702766288854548],[17.735002040863037,-1.7702766288854548],[17.735002040863037,-1.7707913671536488],[17.735517024993896,-1.7707913671536488],[17.735495567321777,-1.768710965774659],[17.736032009124756,-1.768710965774659],[17.73566722869873,-1.768003199825145],[17.735495567321777,-1.7671453013427367],[17.73472309112549,-1.7668235893096522],[17.73341417312622,-1.7671453013427367],[17.7333927154541,-1.7660943751616998],[17.73444414138794,-1.7660943751616998],[17.73442268371582,-1.7655796355908393],[17.7333927154541,-1.7655796355908393],[17.733371257781982,-1.7645501560215422],[17.733542919158936,-1.7600461762100537],[17.734122276306152,-1.7601748614986406],[17.7354097366333,-1.7598531482605182],[17.7354097366333,-1.7588022179626108],[17.734744548797607,-1.7585448471871814],[17.7354097366333,-1.758287476376239],[17.737491130828857,-1.758287476376239],[17.737491130828857,-1.757536811308313],[17.73746967315674,-1.7562070610187277],[17.73695468902588,-1.7562070610187277],[17.73695468902588,-1.7558210043057727],[17.73694664240022,-1.7558210043057727],[17.73693323135376,-1.7551775762736526],[17.735366821289062,-1.7551775762736526],[17.735366821289062,-1.7541266433450744],[17.733285427093506,-1.7541266433450744],[17.733285427093506,-1.7536119004707444],[17.73189067840576,-1.7529041287874207],[17.73169755935669,-1.7520462233579792],[17.729616165161133,-1.7520462233579792],[17.729122638702393,-1.7562070610187277],[17.72495985031128,-1.7562070610187277],[17.72495985031128,-1.7558210043057727],[17.72495586847702,-1.7558210043057727],[17.72493839263916,-1.7541266433450744],[17.71869421005249,-1.7541266433450744],[17.71867275238037,-1.7520462233579792],[17.716591358184814,-1.7520462233579792],[17.716569900512695,-1.7499658010602417],[17.71448850631714,-1.7499658010602417],[17.7144455909729,-1.745783501831582],[17.714123725891113,-1.7455904724116067],[17.71371603012085,-1.7449470408685528],[17.712106704711914,-1.744410847747858],[17.711806297302246,-1.7431883268613149],[17.710132598876953,-1.7424805512483061],[17.711269855499268,-1.7441963704567627],[17.71000385284424,-1.743917549941827],[17.70942449569702,-1.7440462363384768],[17.70920991897583,-1.7431883268613149],[17.708866596221924,-1.7433599087880083],[17.708523273468018,-1.7450971749149602],[17.70820140838623,-1.745783501831582],[17.70820140838623,-1.746319694560853],[17.707664966583252,-1.746319694560853],[17.707149982452393,-1.745268756667599],[17.706098556518555,-1.745783501831582],[17.705583572387695,-1.745783501831582],[17.70519733428955,-1.744925593146661],[17.707343101501465,-1.7442607136466677],[17.707664966583252,-1.7447540113627156],[17.708415985107422,-1.7441105795334977],[17.70792245864868,-1.7434242520065055],[17.706356048583984,-1.7421159394650942],[17.707557678222656,-1.741451058972828],[17.708158493041992,-1.742137387218989],[17.70920991897583,-1.7426735809873293],[17.70942449569702,-1.741451058972828],[17.710561752319336,-1.7420515962018897],[17.711012363433838,-1.74108644699038],[17.71144151687622,-1.7419658051808966],[17.711806297302246,-1.742137387218989],[17.712106704711914,-1.7415154022565247],[17.713372707366943,-1.742137387218989],[17.713372707366943,-1.7416226410578162],[17.719616889953613,-1.7416226410578162],[17.71923065185547,-1.7408505215523888],[17.71946668624878,-1.740314327265338],[17.71871566772461,-1.7388558780333483],[17.718544006347656,-1.737461771096278],[17.718522548675537,-1.7369470236593685],[17.720603942871094,-1.7358960805402859],[17.720603942871094,-1.7353813326769512],[17.72268533706665,-1.7353813326769512],[17.72266387939453,-1.7338156403982623],[17.724745273590088,-1.7330649655586683],[17.726826667785645,-1.7338156403982623],[17.726848125457764,-1.7353813326769512],[17.72892951965332,-1.7353813326769512],[17.72895097732544,-1.737461771096278],[17.724788188934326,-1.737461771096278],[17.724616527557373,-1.738319683179384],[17.72315740585327,-1.740014058397989],[17.725002765655518,-1.7409363126241715],[17.726376056671143,-1.7411078947560128],[17.726376056671143,-1.7405931483136357],[17.726633548736572,-1.739906819505208],[17.726891040802002,-1.7405931483136357],[17.72691249847412,-1.7411078947560128],[17.72719144821167,-1.7408719693207075],[17.72794246673584,-1.739928267284256],[17.731053829193115,-1.7395422072241473],[17.731032371520996,-1.7369470236593685],[17.731547355651855,-1.7369470236593685],[17.731375694274902,-1.7360676631302425],[17.731010913848877,-1.7353813326769512],[17.72965908050537,-1.7351454065260867],[17.730281352996826,-1.7335368183497337],[17.72869348526001,-1.732871934837533],[17.73071050643921,-1.7320354681519206],[17.731010913848877,-1.7348451368369808],[17.731525897979736,-1.7348451368369808],[17.731525897979736,-1.7333008919689092],[17.733092308044434,-1.7333008919689092],[17.733049392700195,-1.729118555796262],[17.73721218109131,-1.729118555796262],[17.737534046173096,-1.7278316812725905],[17.739293575286865,-1.7275528583441826],[17.739250659942627,-1.7249576583560184],[17.741353511810303,-1.7249576583560184],[17.741332054138184,-1.7233919574771477],[17.741847038269043,-1.7233919574771477],[17.741310596466064,-1.7223624548278167],[17.7439284324646,-1.7223624548278167],[17.74390697479248,-1.7207967518157972],[17.747232913970947,-1.7199602798167604],[17.747554779052734,-1.7197457997579306],[17.748069763183594,-1.7207967518157972],[17.748606204986572,-1.7207967518157972],[17.74912118911743,-1.7197457997579306],[17.749099731445312,-1.7192310475183916],[17.748069763183594,-1.7192310475183916],[17.748069763183594,-1.7187162951400552],[17.748241424560547,-1.7183516787881103],[17.749614715576172,-1.7176653419367938],[17.75038719177246,-1.7188878792815956],[17.75066614151001,-1.7176653419367938],[17.75169610977173,-1.7171505891364944],[17.75169610977173,-1.7181800945983952],[17.751030921936035,-1.7184374708771912],[17.751717567443848,-1.7187162951400552],[17.75588035583496,-1.7187162951400552],[17.75613784790039,-1.7180514064459942],[17.75639533996582,-1.7187162951400552],[17.75691032409668,-1.7187162951400552],[17.757532596588135,-1.7162068753092399],[17.758712768554688,-1.7169575568006366],[17.75967836380005,-1.716721628363672],[17.75991439819336,-1.7177511340566838],[17.759528160095215,-1.7187162951400552],[17.759528160095215,-1.7192310475183916],[17.760043144226074,-1.7192310475183916],[17.760043144226074,-1.7187162951400552],[17.761094570159912,-1.7187162951400552],[17.761073112487793,-1.7176653419367938],[17.761588096618652,-1.7176653419367938],[17.761588096618652,-1.7171505891364944],[17.76212453842163,-1.7171505891364944],[17.762081623077393,-1.7145339269255686],[17.761266231536865,-1.7143194462577895],[17.760000228881836,-1.7135044195010778],[17.759978771209717,-1.712453463434457],[17.755300998687744,-1.712453463434457],[17.755279541015625,-1.7114239548919983],[17.754764556884766,-1.7114239548919983],[17.75390625,-1.7113381624885022],[17.75317668914795,-1.7112523700811693],[17.75386333465576,-1.7103729976848001],[17.75317668914795,-1.7095150730072817],[17.75390625,-1.7093863842725767],[17.754228115081787,-1.7093434880257519],[17.75390625,-1.7088716292475112],[17.75336980819702,-1.7080994964512257],[17.75212526321411,-1.7072415707581001],[17.75212526321411,-1.7082925296793974],[17.751610279083252,-1.7082925296793974],[17.751610279083252,-1.7072415707581001],[17.750215530395508,-1.7070699855735256],[17.749507427215576,-1.7067268151584187],[17.749507427215576,-1.7051610993625559],[17.750022411346436,-1.7051610993625559],[17.750022411346436,-1.7046463432061927],[17.749786376953125,-1.7038098641585862],[17.748799324035645,-1.7031449702974868],[17.751030921936035,-1.7025658690057384],[17.751030921936035,-1.7020511121558997],[17.751545906066895,-1.7020511121558997],[17.751803398132324,-1.7013647694756884],[17.752082347869873,-1.7020511121558997],[17.752768993377686,-1.7016864926374495],[17.75362730026245,-1.7015149069578541],[17.753262519836426,-1.702308490598],[17.753520011901855,-1.7028232473791007],[17.75313377380371,-1.7035953822929741],[17.75390625,-1.703531037728638],[17.755537033081055,-1.7034023485935137],[17.756502628326416,-1.7027160063943825],[17.75813341140747,-1.7032736594498061],[17.758347988128662,-1.7035953822929741],[17.759592533111572,-1.7029733847477075],[17.760086059570312,-1.7039600014502838],[17.761995792388916,-1.7041315869121973],[17.761952877044678,-1.6999491869265881],[17.758026123046875,-1.6996703599384801],[17.757790088653564,-1.6999491869265881],[17.757017612457275,-1.701171735552876],[17.756223678588867,-1.6999491869265881],[17.75562286376953,-1.6995252689459142],[17.75562286376953,-1.6995202223128132],[17.755494117736816,-1.699434429378627],[17.75562286376953,-1.699348636440618],[17.75562286376953,-1.6993435897871245],[17.756223678588867,-1.6989196716934458],[17.756202220916748,-1.698404913871073],[17.75568723678589,-1.698404913871073],[17.75562286376953,-1.6984370862378277],[17.75562286376953,-1.6984263621164075],[17.755343914031982,-1.698576499827098],[17.754957675933838,-1.6993271882055154],[17.75390625,-1.6988124304917562],[17.753777503967285,-1.698748085767889],[17.753605842590332,-1.6978687076603052],[17.751524448394775,-1.6978687076603052],[17.751502990722656,-1.6973539495580212],[17.749550342559814,-1.697032225674505],[17.74890661239624,-1.6978687076603052],[17.745258808135986,-1.6978687076603052],[17.745280265808105,-1.6999491869265881],[17.744121551513672,-1.6999491869265881],[17.743799686431885,-1.700592633668549],[17.743220329284668,-1.701557803379174],[17.743284702301025,-1.7082925296793974],[17.745366096496582,-1.7082925296793974],[17.7453875541687,-1.711938709232328],[17.74590253829956,-1.711938709232328],[17.74592399597168,-1.712453463434457],[17.7453875541687,-1.712453463434457],[17.74540901184082,-1.7135044195010778],[17.74489402770996,-1.7135044195010778],[17.74489402770996,-1.714019173282523],[17.743842601776123,-1.714019173282523],[17.743842601776123,-1.7145339269255686],[17.737083435058594,-1.7145339269255686],[17.737083435058594,-1.7155848818502477],[17.737812995910645,-1.716099635072112],[17.737104892730713,-1.7166143881554348],[17.736568450927734,-1.7166143881554348],[17.736568450927734,-1.7155848818502477],[17.735259532928467,-1.7164642518537647],[17.734787464141846,-1.7157993623762025],[17.73292064666748,-1.7155848818502477],[17.73292064666748,-1.7166143881554348],[17.728757858276367,-1.7166143881554348],[17.728779315948486,-1.7187162951400552],[17.728564739227295,-1.7190809114223953],[17.726633548736572,-1.7184160228552798],[17.72721290588379,-1.7171505891364944],[17.723779678344727,-1.7163784596761076],[17.723286151885986,-1.7157993623762025],[17.722105979919434,-1.7177082379972148],[17.722856998443604,-1.7190165673776363],[17.72165536880493,-1.7200675198371442],[17.72073268890381,-1.7221694230191247],[17.72019624710083,-1.7199388318119588],[17.71867275238037,-1.7200675198371442],[17.718136310577393,-1.7196814557355964],[17.71968126296997,-1.7189951193622193],[17.72073268890381,-1.7177511340566838],[17.72066831588745,-1.71687176464512],[17.72122621536255,-1.7163784596761076],[17.72169828414917,-1.7153060571305758],[17.723286151885986,-1.7142979981896787],[17.723522186279297,-1.7135044195010778],[17.723007202148438,-1.7135044195010778],[17.72298574447632,-1.712453463434457],[17.723522186279297,-1.712453463434457],[17.723758220672607,-1.7117885725640036],[17.724037170410156,-1.712453463434457],[17.724552154541016,-1.712453463434457],[17.724852561950684,-1.7118314687561593],[17.726118564605713,-1.712453463434457],[17.7264404296875,-1.7116598839818096],[17.725796699523926,-1.7112094738760817],[17.724487781524658,-1.7093434880257519],[17.7234148979187,-1.7065337817730182],[17.72294282913208,-1.706212059420949],[17.723114490509033,-1.7058688888527485],[17.724616527557373,-1.7054184773891308],[17.72395133972168,-1.7041315869121973],[17.72395133972168,-1.7025658690057384],[17.72446632385254,-1.7025658690057384],[17.72446632385254,-1.7030806257181155],[17.72472381591797,-1.7035095895400474],[17.725303173065186,-1.7025444208064044],[17.725389003753662,-1.702522972606829],[17.725024223327637,-1.702094008565311],[17.7244234085083,-1.7011931837674723],[17.72423028945923,-1.7017508372633614],[17.72120475769043,-1.703016281136584],[17.72043228149414,-1.706104818624965],[17.720539569854736,-1.7102657571210926],[17.71942377090454,-1.715284609073521],[17.714767456054688,-1.7178154781440895],[17.712643146514893,-1.7207538558247677],[17.71266460418701,-1.7209897837634998],[17.712793350219727,-1.721054127741695],[17.71266460418701,-1.7210970237259744],[17.712857723236084,-1.725643992581709],[17.707343101501465,-1.730426877334196],[17.70719289779663,-1.7344805235789948],[17.704317569732666,-1.7359604240133422],[17.703051567077637,-1.7390703559322986],[17.70268678665161,-1.7428237152151098],[17.702107429504395,-1.7433599087880083],[17.70225763320923,-1.7432741178266156],[17.7024507522583,-1.745268756667599],[17.702085971832275,-1.7450971749149602],[17.70150661468506,-1.7438961022082111],[17.7004337310791,-1.7448612499795217],[17.699425220489502,-1.7476708995599637],[17.70073413848877,-1.7507593644771617],[17.698652744293213,-1.7538263766855948],[17.69800901412964,-1.757536811308313],[17.697858810424805,-1.7583518190822929],[17.696807384490967,-1.7592526167342157],[17.696822404396666,-1.7592526167342157],[17.694897651672363,-1.7609255255050158]],[[17.72420883178711,-1.7864264737321633],[17.723565101623535,-1.7862334485339062],[17.724015712738037,-1.7857830563257693],[17.72420883178711,-1.7864264737321633]]],[[[17.695026397705078,-1.7642927860401585],[17.695047855377197,-1.7646144985113352],[17.695047855377197,-1.7646573935032706],[17.69519805908203,-1.7646144985113352],[17.695112228393555,-1.7643785760379131],[17.695026397705078,-1.7642927860401585]]],[[[17.70024061203003,-1.7631989632221092],[17.700326442718506,-1.7637565984646102],[17.700283527374268,-1.7640783110284843],[17.700669765472412,-1.7641212060327973],[17.701549530029297,-1.7642927860401585],[17.702150344848633,-1.7644643660317172],[17.702622413635254,-1.7634992283734476],[17.702107429504395,-1.7634992283734476],[17.70124912261963,-1.7639281785055942],[17.701056003570557,-1.7629844880843422],[17.70024061203003,-1.7631989632221092]]],[[[17.701056003570557,-1.7629844880843422],[17.70172119140625,-1.7627271178864135],[17.701056003570557,-1.762448300131851],[17.701056003570557,-1.7629844880843422]]],[[[17.703137397766113,-1.762448300131851],[17.703652381896973,-1.762448300131851],[17.703652381896973,-1.7619335595521903],[17.703137397766113,-1.7619335595521903],[17.703137397766113,-1.762448300131851]]],[[[17.70322322845459,-1.7610756582699878],[17.703652381896973,-1.7619335595521903],[17.704167366027832,-1.7619335595521903],[17.704167366027832,-1.7609040779661598],[17.70322322845459,-1.7610756582699878]]],[[[17.706120014190674,-1.7666305620630425],[17.706270217895508,-1.766737799424746],[17.706313133239746,-1.7667806943676823],[17.706313133239746,-1.7666305620630425],[17.706120014190674,-1.7666305620630425]]],[[[17.706120014190674,-1.7638209409818302],[17.708373069763184,-1.7640139685201603],[17.708351612091064,-1.7629844880843422],[17.707836627960205,-1.7629844880843422],[17.707836627960205,-1.762448300131851],[17.706785202026367,-1.762448300131851],[17.706120014190674,-1.7638209409818302]]],[[[17.707128524780273,-1.7447540113627156],[17.707149982452393,-1.745268756667599],[17.707664966583252,-1.745268756667599],[17.707664966583252,-1.7447540113627156],[17.707128524780273,-1.7447540113627156]]],[[[17.707514762878418,-1.742330416993184],[17.70798683166504,-1.7427808197226682],[17.708158493041992,-1.742137387218989],[17.707514762878418,-1.742330416993184]]],[[[17.708415985107422,-1.769290046805267],[17.70897388458252,-1.7702766288854548],[17.70918846130371,-1.7707913671536488],[17.70998239517212,-1.7707913671536488],[17.70998239517212,-1.7702766288854548],[17.71049737930298,-1.7702766288854548],[17.71049737930298,-1.768710965774659],[17.70944595336914,-1.768710965774659],[17.70944595336914,-1.7681962269290636],[17.708415985107422,-1.768710965774659],[17.708415985107422,-1.769290046805267]]],[[[17.708802223205566,-1.7805713670386183],[17.70918846130371,-1.7804212358529128],[17.70893096923828,-1.7803354465984569],[17.708802223205566,-1.7805713670386183]]],[[[17.70920991897583,-1.7431883268613149],[17.709875106811523,-1.742930953941908],[17.70920991897583,-1.7426735809873293],[17.70920991897583,-1.7431883268613149]]],[[[17.70944595336914,-1.7681962269290636],[17.7099609375,-1.7681962269290636],[17.7099609375,-1.767660040479754],[17.70944595336914,-1.767660040479754],[17.70944595336914,-1.7681962269290636]]],[[[17.71047592163086,-1.767660040479754],[17.71049737930298,-1.768710965774659],[17.711119651794434,-1.7684321489176824],[17.710776329040527,-1.766995169067556],[17.71047592163086,-1.767660040479754]]],[[[17.711076736450195,-1.786769629590097],[17.71172046661377,-1.7869412074950333],[17.711527347564697,-1.786297790268918],[17.711076736450195,-1.786769629590097]]],[[[17.711806297302246,-1.7431883268613149],[17.713029384613037,-1.7429095061970372],[17.711806297302246,-1.742137387218989],[17.711806297302246,-1.7431883268613149]]],[[[17.71268606185913,-1.7806786035923494],[17.71270751953125,-1.7812147862673982],[17.71322250366211,-1.7812147862673982],[17.71322250366211,-1.7806786035923494],[17.71268606185913,-1.7806786035923494]]],[[[17.713158130645752,-1.786598051669145],[17.713608741760254,-1.7870484436774632],[17.713780403137207,-1.7864264737321633],[17.713158130645752,-1.786598051669145]]],[[[17.713308334350586,-1.7911019667782142],[17.713823318481445,-1.7911019667782142],[17.713823318481445,-1.7905872341827092],[17.713308334350586,-1.7905872341827092],[17.713308334350586,-1.7911019667782142]]],[[[17.713372707366943,-1.7426735809873293],[17.713887691497803,-1.7426735809873293],[17.713887691497803,-1.742137387218989],[17.713372707366943,-1.742137387218989],[17.713372707366943,-1.7426735809873293]]],[[[17.713758945465088,-1.7439604454083621],[17.71442413330078,-1.7442392659169457],[17.71442413330078,-1.743703072594542],[17.713758945465088,-1.7439604454083621]]],[[[17.713780403137207,-1.7864264737321633],[17.714316844940186,-1.7864264737321633],[17.714037895202637,-1.785740161824009],[17.713780403137207,-1.7864264737321633]]],[[[17.713887691497803,-1.7431883268613149],[17.71442413330078,-1.7431883268613149],[17.71442413330078,-1.7426735809873293],[17.713887691497803,-1.7426735809873293],[17.713887691497803,-1.7431883268613149]]],[[[17.71420955657959,-1.7903298678307351],[17.714874744415283,-1.7905872341827092],[17.714874744415283,-1.790072501442637],[17.71420955657959,-1.7903298678307351]]],[[[17.714316844940186,-1.7864264737321633],[17.71448850631714,-1.7870484436774632],[17.71493911743164,-1.786598051669145],[17.714316844940186,-1.7864264737321633]]],[[[17.715132236480713,-1.778855581330646],[17.715797424316406,-1.7791343966168114],[17.715797424316406,-1.7785982133367781],[17.715132236480713,-1.778855581330646]]],[[[17.723522186279297,-1.7135044195010778],[17.724037170410156,-1.7135044195010778],[17.724037170410156,-1.712453463434457],[17.723522186279297,-1.712453463434457],[17.723522186279297,-1.7135044195010778]]],[[[17.72395133972168,-1.715928050680219],[17.724595069885254,-1.716099635072112],[17.72440195083618,-1.7154776415782607],[17.72395133972168,-1.715928050680219]]],[[[17.724251747131348,-1.706598126236969],[17.7254319190979,-1.7075847410813054],[17.726869583129883,-1.707498948506256],[17.727878093719482,-1.7080566001756807],[17.728865146636963,-1.70799225576053],[17.729487419128418,-1.7085284591541523],[17.72944450378418,-1.709129006777303],[17.730538845062256,-1.7100941722066807],[17.730796337127686,-1.7103729976848001],[17.7333927154541,-1.7103729976848001],[17.733800411224365,-1.7095365211288964],[17.7333927154541,-1.7093434880257519],[17.73214817047119,-1.7085499072867805],[17.733371257781982,-1.7077777743612046],[17.733886241912842,-1.7067268151584187],[17.733006477355957,-1.7068984003736318],[17.732319831848145,-1.7072415707581001],[17.730753421783447,-1.7072415707581001],[17.730753421783447,-1.706212059420949],[17.73144006729126,-1.706212059420949],[17.730839252471924,-1.7060619223048974],[17.730002403259277,-1.7057830962011593],[17.72916555404663,-1.7054399255564476],[17.728285789489746,-1.7049680658200685],[17.72865056991577,-1.7056973035457048],[17.7274489402771,-1.7054399255564476],[17.72768497467041,-1.7045819986769715],[17.72691249847412,-1.7040028978172046],[17.7264404296875,-1.7035953822929741],[17.726311683654785,-1.7038742087136],[17.726032733917236,-1.7041315869121973],[17.726891040802002,-1.705375581053758],[17.727105617523193,-1.706212059420949],[17.724251747131348,-1.706598126236969]],[[17.728564739227295,-1.7070699855735256],[17.729015350341797,-1.7066195743911408],[17.72918701171875,-1.7072415707581001],[17.728564739227295,-1.7070699855735256]]],[[[17.724552154541016,-1.712453463434457],[17.724745273590088,-1.713096905992657],[17.72519588470459,-1.7126464962245933],[17.724552154541016,-1.712453463434457]]],[[[17.72541046142578,-1.7039385532664824],[17.726032733917236,-1.7041315869121973],[17.725861072540283,-1.7034881413512295],[17.72541046142578,-1.7039385532664824]]],[[[17.725517749786377,-1.7152202649009638],[17.727577686309814,-1.7163141155403423],[17.72721290588379,-1.7171505891364944],[17.728242874145508,-1.7171505891364944],[17.728242874145508,-1.716099635072112],[17.728757858276367,-1.716099635072112],[17.72871494293213,-1.712453463434457],[17.72768497467041,-1.712453463434457],[17.727491855621338,-1.7149628881890209],[17.72592544555664,-1.7138261406306867],[17.725517749786377,-1.7152202649009638]]],[[[17.725625038146973,-1.713697452185329],[17.727384567260742,-1.7127966328257145],[17.726118564605713,-1.712453463434457],[17.725625038146973,-1.713697452185329]]],[[[17.726290225982666,-1.7869412074950333],[17.726826667785645,-1.7869412074950333],[17.726826667785645,-1.7864264737321633],[17.726290225982666,-1.7864264737321633],[17.726290225982666,-1.7869412074950333]]],[[[17.726376056671143,-1.7411078947560128],[17.72639751434326,-1.7416226410578162],[17.72691249847412,-1.7416226410578162],[17.72691249847412,-1.7411078947560128],[17.726376056671143,-1.7411078947560128]]],[[[17.72693395614624,-1.7442392659169457],[17.72695541381836,-1.7468344394370092],[17.728886604309082,-1.7473062887829371],[17.72871494293213,-1.7465341716097242],[17.729358673095703,-1.7460837697788065],[17.729122638702393,-1.7450542794743455],[17.729873657226562,-1.7445180863842182],[17.729530334472656,-1.743703072594542],[17.729015350341797,-1.743703072594542],[17.727620601654053,-1.7438746544743395],[17.72693395614624,-1.7442392659169457]]],[[[17.727534770965576,-1.7102014127799805],[17.72817850112915,-1.7103729976848001],[17.728006839752197,-1.7097295542126147],[17.727534770965576,-1.7102014127799805]]],[[[17.72819995880127,-1.711938709232328],[17.72871494293213,-1.711938709232328],[17.72871494293213,-1.7114239548919983],[17.72819995880127,-1.7114239548919983],[17.72819995880127,-1.711938709232328]]],[[[17.72995948791504,-1.74561192012591],[17.730603218078613,-1.745783501831582],[17.73041009902954,-1.7451615180740276],[17.72995948791504,-1.74561192012591]]],[[[17.730839252471924,-1.7713061052788959],[17.731118202209473,-1.7725286077531024],[17.731354236602783,-1.7713061052788959],[17.730839252471924,-1.7713061052788959]]],[[[17.731547355651855,-1.7369470236593685],[17.731568813323975,-1.7379765183929123],[17.732298374176025,-1.737461771096278],[17.731547355651855,-1.7369470236593685]]],[[[17.731568813323975,-1.7390274603544356],[17.731590270996094,-1.7395422072241473],[17.732105255126953,-1.7395422072241473],[17.732105255126953,-1.7390274603544356],[17.731568813323975,-1.7390274603544356]]],[[[17.732105255126953,-1.7390274603544356],[17.732727527618408,-1.7388344302421217],[17.732276916503906,-1.7383840265698893],[17.732105255126953,-1.7390274603544356]]],[[[17.733371257781982,-1.7088072848596738],[17.734036445617676,-1.7085499072867805],[17.733371257781982,-1.7082925296793974],[17.733371257781982,-1.7088072848596738]]],[[[17.73371458053589,-1.7621694823355227],[17.7344012260437,-1.762448300131851],[17.73418664932251,-1.761268686092933],[17.73371458053589,-1.7621694823355227]]],[[[17.7339506149292,-1.7707913671536488],[17.734487056732178,-1.7707913671536488],[17.734487056732178,-1.7702766288854548],[17.7339506149292,-1.7702766288854548],[17.7339506149292,-1.7707913671536488]]],[[[17.73442268371582,-1.7655796355908393],[17.735581398010254,-1.76581555791185],[17.736010551452637,-1.7666305620630425],[17.738070487976074,-1.7655796355908393],[17.737555503845215,-1.7645501560215422],[17.736740112304688,-1.7642069960384674],[17.736246585845947,-1.7649147634341915],[17.73545265197754,-1.7638209409818302],[17.73493766784668,-1.7645501560215422],[17.73442268371582,-1.7655796355908393]]],[[[17.73444414138794,-1.7064908854625145],[17.73491621017456,-1.7067268151584187],[17.73491621017456,-1.7064479891510587],[17.73444414138794,-1.7064908854625145]]],[[[17.73519515991211,-1.7353813326769512],[17.735238075256348,-1.7395422072241473],[17.737319469451904,-1.7395422072241473],[17.737298011779785,-1.7390274603544356],[17.737834453582764,-1.7390274603544356],[17.737104892730713,-1.737461771096278],[17.738070487976074,-1.7378049359762713],[17.738349437713623,-1.7390274603544356],[17.739379405975342,-1.7384912655492144],[17.739551067352295,-1.7376333535440693],[17.740302085876465,-1.7372472930146046],[17.739486694335938,-1.7356172587983707],[17.738306522369385,-1.7353813326769512],[17.737576961517334,-1.7366038586235248],[17.737276554107666,-1.7353813326769512],[17.73519515991211,-1.7353813326769512]]],[[[17.735280990600586,-1.745268756667599],[17.735302448272705,-1.7478853764545477],[17.7359676361084,-1.7481427486957273],[17.735302448272705,-1.7484001209016071],[17.735323905944824,-1.7489148652075102],[17.737276554107666,-1.7492365803269934],[17.73792028427124,-1.7484001209016071],[17.73669719696045,-1.7477781380103181],[17.737040519714355,-1.746491276201894],[17.73738384246826,-1.746319694560853],[17.737362384796143,-1.745783501831582],[17.737019062042236,-1.74561192012591],[17.736525535583496,-1.7446467727397845],[17.735280990600586,-1.745268756667599]]],[[[17.735474109649658,-1.7103729976848001],[17.735838890075684,-1.711059337150644],[17.73738384246826,-1.7118529168518677],[17.737555503845215,-1.7108877523072152],[17.737040519714355,-1.7108877523072152],[17.737040519714355,-1.7103729976848001],[17.735474109649658,-1.7103729976848001]]],[[[17.735495567321777,-1.7671453013427367],[17.736010551452637,-1.7671453013427367],[17.736010551452637,-1.7666305620630425],[17.735495567321777,-1.7666305620630425],[17.735495567321777,-1.7671453013427367]]],[[[17.736740112304688,-1.6842490201625537],[17.73744821548462,-1.6844635041700258],[17.738285064697266,-1.684763781740827],[17.7388858795166,-1.6850640592653434],[17.7388858795166,-1.6843348137683876],[17.73993730545044,-1.6843348137683876],[17.74013042449951,-1.6857718561042248],[17.74015188217163,-1.6857933044892661],[17.740988731384277,-1.685364336743561],[17.740967273712158,-1.6848495753239803],[17.741503715515137,-1.6848495753239803],[17.741482257843018,-1.6838200520767685],[17.74116039276123,-1.6836055679984838],[17.740602493286133,-1.6819969366592318],[17.74094581604004,-1.6812033447099282],[17.74118185043335,-1.6812033447099282],[17.740817070007324,-1.6800880257493986],[17.740623950958252,-1.6792086391969008],[17.740516662597656,-1.6783507007155691],[17.74017333984375,-1.6783078037816352],[17.740259170532227,-1.6782005614426367],[17.739787101745605,-1.6785222884419682],[17.73768424987793,-1.6802810617689232],[17.737598419189453,-1.6808387212736875],[17.7374267578125,-1.6805169946557612],[17.737083435058594,-1.680795824394366],[17.73691177368164,-1.6838200520767685],[17.736740112304688,-1.6842490201625537]],[[17.73993730545044,-1.6843348137683876],[17.74013042449951,-1.6831337029431666],[17.740581035614014,-1.6840559845356324],[17.73993730545044,-1.6843348137683876]]],[[[17.737233638763428,-1.7311990010970675],[17.737255096435547,-1.7333008919689092],[17.739336490631104,-1.7333008919689092],[17.739315032958984,-1.7311990010970675],[17.737233638763428,-1.7311990010970675]]],[[[17.73738384246826,-1.746319694560853],[17.7384352684021,-1.7478853764545477],[17.73946523666382,-1.7478853764545477],[17.739486694335938,-1.7484001209016071],[17.740001678466797,-1.7484001209016071],[17.739980220794678,-1.7468344394370092],[17.740516662597656,-1.7468344394370092],[17.739980220794678,-1.745783501831582],[17.73946523666382,-1.745783501831582],[17.73946523666382,-1.746319694560853],[17.73738384246826,-1.746319694560853]]],[[[17.73744821548462,-1.7669737215986885],[17.738091945648193,-1.7671453013427367],[17.73792028427124,-1.7665018772208327],[17.73744821548462,-1.7669737215986885]]],[[[17.737555503845215,-1.7108877523072152],[17.738606929779053,-1.7108877523072152],[17.738606929779053,-1.7103729976848001],[17.737555503845215,-1.7103729976848001],[17.737555503845215,-1.7108877523072152]]],[[[17.737619876861572,-1.7350167195223065],[17.738306522369385,-1.7353813326769512],[17.738070487976074,-1.7336655054541552],[17.737619876861572,-1.7350167195223065]]],[[[17.73768424987793,-1.7791343966168114],[17.738735675811768,-1.7791343966168114],[17.73871421813965,-1.7780834772413527],[17.73768424987793,-1.7780834772413527],[17.73768424987793,-1.7791343966168114]]],[[[17.737834453582764,-1.7395422072241473],[17.738349437713623,-1.7395422072241473],[17.738349437713623,-1.7390274603544356],[17.737834453582764,-1.7390274603544356],[17.737834453582764,-1.7395422072241473]]],[[[17.737877368927002,-1.745268756667599],[17.73789882659912,-1.745783501831582],[17.73892879486084,-1.745783501831582],[17.73892879486084,-1.745268756667599],[17.737877368927002,-1.745268756667599]]],[[[17.73819923400879,-1.7770325572674892],[17.73871421813965,-1.7780834772413527],[17.739765644073486,-1.7785982133367781],[17.739744186401367,-1.7770325572674892],[17.73819923400879,-1.7770325572674892]]],[[[17.738242149353027,-1.7970857225787285],[17.73890733718872,-1.7973645350954541],[17.73890733718872,-1.7968283571409103],[17.73864984512329,-1.7961849433876864],[17.738242149353027,-1.7970857225787285]]],[[[17.7384352684021,-1.7484001209016071],[17.73871421813965,-1.7490649989368023],[17.73895025253296,-1.7484001209016071],[17.7384352684021,-1.7484001209016071]]],[[[17.73871421813965,-1.7346735541360943],[17.739357948303223,-1.7348451368369808],[17.73916482925415,-1.7342231494722284],[17.73871421813965,-1.7346735541360943]]],[[[17.739315032958984,-1.8007317290488487],[17.739980220794678,-1.8010105410082815],[17.739980220794678,-1.8004743641253498],[17.739315032958984,-1.8007317290488487]]],[[[17.739315032958984,-1.7311990010970675],[17.739830017089844,-1.7311990010970675],[17.739572525024414,-1.7305341167645025],[17.739315032958984,-1.7311990010970675]]],[[[17.740001678466797,-1.7484001209016071],[17.740259170532227,-1.7490649989368023],[17.740516662597656,-1.7484001209016071],[17.740001678466797,-1.7484001209016071]]],[[[17.74013042449951,-1.733837088246446],[17.74169683456421,-1.7345877627798245],[17.74195432662964,-1.7353813326769512],[17.74270534515381,-1.7346735541360943],[17.740752696990967,-1.7314778234896977],[17.74013042449951,-1.733837088246446]]],[[[17.740237712860107,-1.7361534544193944],[17.7414608001709,-1.7364108282634731],[17.74143934249878,-1.7358960805402859],[17.740237712860107,-1.7361534544193944]]],[[[17.740366458892822,-1.7311990010970675],[17.74088144302368,-1.7311990010970675],[17.740623950958252,-1.7305341167645025],[17.740366458892822,-1.7311990010970675]]],[[[17.740516662597656,-1.747349184172137],[17.741546630859375,-1.747349184172137],[17.741353511810303,-1.7464054853833346],[17.740516662597656,-1.7468344394370092],[17.740516662597656,-1.747349184172137]]],[[[17.740988731384277,-1.685364336743561],[17.741374969482422,-1.6866512396970563],[17.742018699645996,-1.6859005464109202],[17.741503715515137,-1.6859005464109202],[17.741503715515137,-1.685364336743561],[17.740988731384277,-1.685364336743561]]],[[[17.74143934249878,-1.7358960805402859],[17.741975784301758,-1.7358960805402859],[17.74195432662964,-1.7353813326769512],[17.74143934249878,-1.7353813326769512],[17.74143934249878,-1.7358960805402859]]],[[[17.7414608001709,-1.7364108282634731],[17.74163246154785,-1.7370542627202923],[17.742083072662354,-1.7366038586235248],[17.7414608001709,-1.7364108282634731]]],[[[17.7414608001709,-1.6818896945227806],[17.741482257843018,-1.6827690798676684],[17.7419114112854,-1.6827690798676684],[17.7414608001709,-1.6818896945227806]]],[[[17.741482257843018,-1.6838200520767685],[17.741997241973877,-1.6838200520767685],[17.741739749908447,-1.6831551513572407],[17.741482257843018,-1.6838200520767685]]],[[[17.741503715515137,-1.685364336743561],[17.742018699645996,-1.685364336743561],[17.742018699645996,-1.6859005464109202],[17.742555141448975,-1.6859005464109202],[17.743091583251953,-1.6866083429456609],[17.74440050125122,-1.6868013783195437],[17.744615077972412,-1.6859648915610705],[17.743971347808838,-1.6854072335223833],[17.743349075317383,-1.684785230136967],[17.742576599121094,-1.6838200520767685],[17.741997241973877,-1.6838200520767685],[17.742018699645996,-1.6848495753239803],[17.741503715515137,-1.6848495753239803],[17.741503715515137,-1.685364336743561]],[[17.742555141448975,-1.6859005464109202],[17.742834091186523,-1.685214198010243],[17.743735313415527,-1.6856860625617003],[17.742555141448975,-1.6859005464109202]]],[[[17.741546630859375,-1.747349184172137],[17.741568088531494,-1.7478853764545477],[17.742083072662354,-1.7478853764545477],[17.742083072662354,-1.747349184172137],[17.741546630859375,-1.747349184172137]]],[[[17.74193286895752,-1.7311990010970675],[17.74219036102295,-1.7318853330666997],[17.74244785308838,-1.7311990010970675],[17.74193286895752,-1.7311990010970675]]],[[[17.742340564727783,-1.7325931126500365],[17.742984294891357,-1.732764695539501],[17.742791175842285,-1.732142707491235],[17.742340564727783,-1.7325931126500365]]],[[[17.74238348007202,-1.7367539933343608],[17.743027210235596,-1.7369470236593685],[17.742834091186523,-1.7363035891660275],[17.74238348007202,-1.7367539933343608]]],[[[17.74240493774414,-1.6877880032647],[17.743091583251953,-1.6886673859460615],[17.74367094039917,-1.6895682165729085],[17.74465799331665,-1.6890105595674356],[17.74465799331665,-1.68849579911263],[17.743606567382812,-1.68849579911263],[17.743606567382812,-1.6879810385215137],[17.742834091186523,-1.6875949679887299],[17.74240493774414,-1.6877880032647]]],[[[17.74242639541626,-1.7301695026767163],[17.74244785308838,-1.7311990010970675],[17.74296283721924,-1.7311990010970675],[17.74296283721924,-1.7301695026767163],[17.74242639541626,-1.7301695026767163]]],[[[17.743370532989502,-1.732078363888391],[17.744014263153076,-1.7322499468244672],[17.743842601776123,-1.7316065107340108],[17.743370532989502,-1.732078363888391]]],[[[17.743477821350098,-1.7301695026767163],[17.743992805480957,-1.7301695026767163],[17.743735313415527,-1.7295046179832525],[17.743477821350098,-1.7301695026767163]]],[[[17.743606567382812,-1.6879810385215137],[17.744250297546387,-1.6878094516275155],[17.743778228759766,-1.687337587590946],[17.743606567382812,-1.6879810385215137]]],[[[17.743842601776123,-1.71298966558129],[17.744872570037842,-1.71298966558129],[17.744872570037842,-1.712453463434457],[17.743842601776123,-1.712453463434457],[17.743842601776123,-1.71298966558129]]],[[[17.7439284324646,-1.7228772062220372],[17.746009826660156,-1.7228772062220372],[17.746009826660156,-1.7223624548278167],[17.74470090866089,-1.7220407351358062],[17.7439284324646,-1.7223624548278167],[17.7439284324646,-1.7228772062220372]]],[[[17.74440050125122,-1.7728717661972837],[17.745966911315918,-1.7728717661972837],[17.745966911315918,-1.7723570285071588],[17.74440050125122,-1.7723570285071588],[17.74440050125122,-1.7728717661972837]]],[[[17.744550704956055,-1.6904047017809063],[17.74519443511963,-1.6905762884457118],[17.745001316070557,-1.6899542867136859],[17.744550704956055,-1.6904047017809063]]],[[[17.74465799331665,-1.689546768229505],[17.74570941925049,-1.689546768229505],[17.74570941925049,-1.6890105595674356],[17.74465799331665,-1.6890105595674356],[17.74465799331665,-1.689546768229505]]],[[[17.745001316070557,-1.7249576583560184],[17.745516300201416,-1.7249576583560184],[17.745237350463867,-1.724292771838762],[17.745001316070557,-1.7249576583560184]]],[[[17.745044231414795,-1.7311990010970675],[17.745580673217773,-1.7311990010970675],[17.745559215545654,-1.7306842519567454],[17.745044231414795,-1.7306842519567454],[17.745044231414795,-1.7311990010970675]]],[[[17.745044231414795,-1.6872732424861852],[17.74568796157837,-1.6874662777941012],[17.745494842529297,-1.6868228266932306],[17.745044231414795,-1.6872732424861852]]],[[[17.74519443511963,-1.6905762884457118],[17.74545192718506,-1.6912411866285169],[17.74570941925049,-1.6905762884457118],[17.74519443511963,-1.6905762884457118]]],[[[17.745301723480225,-1.7207538558247677],[17.746009826660156,-1.7223624548278167],[17.746868133544922,-1.7221694230191247],[17.747576236724854,-1.7218262553109582],[17.747554779052734,-1.7207967518157972],[17.746803760528564,-1.7211184717177588],[17.745301723480225,-1.7207538558247677]]],[[[17.745516300201416,-1.725472409048507],[17.74618148803711,-1.725215033719678],[17.745516300201416,-1.7249576583560184],[17.745516300201416,-1.725472409048507]]],[[[17.74570941925049,-1.6905762884457118],[17.747533321380615,-1.6912197383035874],[17.74570941925049,-1.689546768229505],[17.74570941925049,-1.6905762884457118]]],[[[17.745795249938965,-1.7715634742878734],[17.746996879577637,-1.7718422906739448],[17.746996879577637,-1.7713061052788959],[17.745795249938965,-1.7715634742878734]]],[[[17.745988368988037,-1.6879166934380407],[17.746739387512207,-1.68849579911263],[17.74712562561035,-1.687509174526582],[17.74693250656128,-1.6874233810606682],[17.745988368988037,-1.6879166934380407]]],[[[17.746095657348633,-1.69293560354798],[17.747297286987305,-1.6931929832036872],[17.747297286987305,-1.6926567755490822],[17.746095657348633,-1.69293560354798]]],[[[17.74637460708618,-1.7259442637275555],[17.747533321380615,-1.728518014460434],[17.748799324035645,-1.728153399985274],[17.74918556213379,-1.7275528583441826],[17.748026847839355,-1.7274027229042446],[17.748777866363525,-1.7266520455266061],[17.74970054626465,-1.7265233579463768],[17.74967908859253,-1.725472409048507],[17.748112678527832,-1.725472409048507],[17.748112678527832,-1.7249576583560184],[17.747597694396973,-1.7249576583560184],[17.7474045753479,-1.7252793775551396],[17.74637460708618,-1.7259442637275555]],[[17.747490406036377,-1.7263517744925423],[17.74794101715088,-1.7258799199145898],[17.74813413619995,-1.7265233579463768],[17.747490406036377,-1.7263517744925423]]],[[[17.74637460708618,-1.7247002829575422],[17.747597694396973,-1.7249576583560184],[17.747597694396973,-1.7244429075242635],[17.74637460708618,-1.7247002829575422]]],[[[17.746610641479492,-1.7311990010970675],[17.746825218200684,-1.7320354681519206],[17.74768352508545,-1.7333008919689092],[17.749764919281006,-1.7333008919689092],[17.749743461608887,-1.732764695539501],[17.74888515472412,-1.7325931126500365],[17.74843454360962,-1.7310917617043629],[17.74764060974121,-1.7306842519567454],[17.74766206741333,-1.7311990010970675],[17.746610641479492,-1.7311990010970675]]],[[[17.74663209915161,-1.6893537331282005],[17.747275829315186,-1.689546768229505],[17.747082710266113,-1.6889033178172639],[17.74663209915161,-1.6893537331282005]]],[[[17.746760845184326,-1.6916272564365613],[17.747297286987305,-1.6926567755490822],[17.747812271118164,-1.6926567755490822],[17.747812271118164,-1.6916272564365613],[17.746760845184326,-1.6916272564365613]]],[[[17.747297286987305,-1.6931929832036872],[17.747318744659424,-1.6937077424125562],[17.747833728790283,-1.6937077424125562],[17.747833728790283,-1.6931929832036872],[17.747297286987305,-1.6931929832036872]]],[[[17.747619152069092,-1.6902974601077148],[17.74918556213379,-1.6907478750953402],[17.74937868118286,-1.6916272564365613],[17.753541469573975,-1.6916272564365613],[17.753541469573975,-1.6905762884457118],[17.754571437835693,-1.6905762884457118],[17.754571437835693,-1.6900615284058347],[17.755086421966553,-1.6900615284058347],[17.755086421966553,-1.68849579911263],[17.755601406097412,-1.68849579911263],[17.755601406097412,-1.6879810385215137],[17.755322456359863,-1.6878737967145412],[17.754764556884766,-1.6880668319628427],[17.75390625,-1.6882598671919595],[17.753477096557617,-1.688345660620982],[17.753520011901855,-1.68849579911263],[17.75313377380371,-1.688388557334065],[17.75212526321411,-1.688474350757403],[17.75139570236206,-1.688474350757403],[17.75214672088623,-1.6889247661677729],[17.751739025115967,-1.6893751814737357],[17.75118112564087,-1.6891821463554066],[17.750301361083984,-1.6895038715419872],[17.749958038330078,-1.68849579911263],[17.750000953674316,-1.688345660620982],[17.749464511871338,-1.6882598671919595],[17.74890661239624,-1.6881311770413419],[17.749528884887695,-1.6893751814737357],[17.749078273773193,-1.6900400800678739],[17.748477458953857,-1.68883897276433],[17.747619152069092,-1.6902974601077148]],[[17.754571437835693,-1.6900615284058347],[17.754056453704834,-1.6900615284058347],[17.754034996032715,-1.689546768229505],[17.754571437835693,-1.689546768229505],[17.754571437835693,-1.6900615284058347]]],[[[17.749056816101074,-1.7314778234896977],[17.750258445739746,-1.7317351979695843],[17.750258445739746,-1.7311990010970675],[17.749056816101074,-1.7314778234896977]]],[[[17.749099731445312,-1.7192310475183916],[17.749743461608887,-1.719059463407703],[17.749271392822266,-1.7185876070238066],[17.749099731445312,-1.7192310475183916]]],[[[17.749207019805908,-1.7301695026767163],[17.749722003936768,-1.7301695026767163],[17.749722003936768,-1.7296547532569804],[17.749207019805908,-1.7296547532569804],[17.749207019805908,-1.7301695026767163]]],[[[17.749722003936768,-1.7301695026767163],[17.749743461608887,-1.7306842519567454],[17.750258445739746,-1.7306842519567454],[17.750258445739746,-1.7301695026767163],[17.749722003936768,-1.7301695026767163]]],[[[17.750108242034912,-1.7707913671536488],[17.75064468383789,-1.7707913671536488],[17.75062322616577,-1.7702766288854548],[17.750108242034912,-1.7702766288854548],[17.750108242034912,-1.7707913671536488]]],[[[17.750537395477295,-1.7051610993625559],[17.751588821411133,-1.7051610993625559],[17.751567363739014,-1.7046463432061927],[17.750537395477295,-1.7046463432061927],[17.750537395477295,-1.7051610993625559]]],[[[17.750751972198486,-1.729118555796262],[17.750773429870605,-1.7296547532569804],[17.751803398132324,-1.7296547532569804],[17.751824855804443,-1.7311990010970675],[17.75390625,-1.7311990010970675],[17.75392770767212,-1.732764695539501],[17.755494117736816,-1.732764695539501],[17.755472660064697,-1.7322499468244672],[17.754807472229004,-1.7319925724145122],[17.755472660064697,-1.7317351979695843],[17.755472660064697,-1.7311990010970675],[17.75442123413086,-1.7311990010970675],[17.75442123413086,-1.7306842519567454],[17.75390625,-1.7306199083043765],[17.753026485443115,-1.73051266887893],[17.752318382263184,-1.729118555796262],[17.750751972198486,-1.729118555796262]]],[[[17.750751972198486,-1.7286038060914564],[17.751803398132324,-1.7286038060914564],[17.751266956329346,-1.727874577104103],[17.750751972198486,-1.7286038060914564]]],[[[17.751030921936035,-1.7025658690057384],[17.751224040985107,-1.703423796783298],[17.751567363739014,-1.7041315869121973],[17.75313377380371,-1.7041315869121973],[17.75313377380371,-1.7035953822929741],[17.751975059509277,-1.703380900403502],[17.751567363739014,-1.7025658690057384],[17.751030921936035,-1.7025658690057384]]],[[[17.751073837280273,-1.7067268151584187],[17.751588821411133,-1.7067268151584187],[17.751588821411133,-1.706212059420949],[17.751073837280273,-1.706212059420949],[17.751073837280273,-1.7067268151584187]]],[[[17.751545906066895,-1.7020511121558997],[17.751567363739014,-1.7025658690057384],[17.752082347869873,-1.7025658690057384],[17.752082347869873,-1.7020511121558997],[17.751545906066895,-1.7020511121558997]]],[[[17.75240421295166,-1.6929999484651006],[17.753026485443115,-1.6931929832036872],[17.752854824066162,-1.6925495340003494],[17.75240421295166,-1.6929999484651006]]],[[[17.753262519836426,-1.7294617221885744],[17.75388479232788,-1.7296547532569804],[17.753713130950928,-1.7290113162859484],[17.753262519836426,-1.7294617221885744]]],[[[17.75390625,-1.8038629993720434],[17.75512933731079,-1.8041203638165797],[17.754464149475098,-1.8029407764801704],[17.75390625,-1.8038415523333526],[17.75390625,-1.8038629993720434]]],[[[17.75390625,-1.6925495340003494],[17.75540828704834,-1.6933645696218207],[17.75562286376953,-1.6921420160611262],[17.754957675933838,-1.6918846362659252],[17.75562286376953,-1.6916272564365613],[17.75562286376953,-1.69111249667543],[17.754228115081787,-1.691284083277651],[17.75390625,-1.6925280856899008],[17.75390625,-1.6925495340003494]]],[[[17.75418519973755,-1.7041315869121973],[17.75444269180298,-1.7047964804327052],[17.754700183868408,-1.7041315869121973],[17.75418519973755,-1.7041315869121973]]],[[[17.754228115081787,-1.7093434880257519],[17.75439977645874,-1.7102014127799805],[17.754764556884766,-1.7108877523072152],[17.755472660064697,-1.7103301014600447],[17.754228115081787,-1.7093434880257519]]],[[[17.754507064819336,-1.806029148976691],[17.75515079498291,-1.806200725072685],[17.754957675933838,-1.8055787616476664],[17.754507064819336,-1.806029148976691]]],[[[17.754957675933838,-1.7231989257727918],[17.7559232711792,-1.7233919574771477],[17.756094932556152,-1.7230487899891926],[17.757060527801514,-1.7225554866169546],[17.755730152130127,-1.7216546714337113],[17.754957675933838,-1.7231989257727918]]],[[[17.75515079498291,-1.8072516283069717],[17.75588035583496,-1.8067369002681914],[17.75562286376953,-1.8065476619638952],[17.75562286376953,-1.8065438772160292],[17.75515079498291,-1.806200725072685],[17.75515079498291,-1.8072516283069717]]],[[[17.755472660064697,-1.7322499468244672],[17.756009101867676,-1.7322499468244672],[17.755987644195557,-1.7317351979695843],[17.755472660064697,-1.7317351979695843],[17.755472660064697,-1.7322499468244672]]],[[[17.755601406097412,-1.6890105595674356],[17.75611639022827,-1.6890105595674356],[17.75611639022827,-1.68849579911263],[17.755601406097412,-1.68849579911263],[17.755601406097412,-1.6890105595674356]]],[[[17.75562286376953,-1.6921420160611262],[17.75615930557251,-1.6921420160611262],[17.75613784790039,-1.6916272564365613],[17.75562286376953,-1.6916272564365613],[17.75562286376953,-1.6921420160611262]]],[[[17.755751609802246,-1.7041315869121973],[17.755987644195557,-1.7059761296618916],[17.757854461669922,-1.7082925296793974],[17.75787591934204,-1.7088072848596738],[17.7583909034729,-1.7088072848596738],[17.7583909034729,-1.7082925296793974],[17.758605480194092,-1.7074775003618896],[17.759721279144287,-1.707627637367409],[17.762017250061035,-1.7072415707581001],[17.762017250061035,-1.7067268151584187],[17.761223316192627,-1.706340748368234],[17.76068687438965,-1.706598126236969],[17.75965690612793,-1.7058045443644119],[17.758455276489258,-1.7067697114636644],[17.756781578063965,-1.7059546815005433],[17.757725715637207,-1.7054828218903708],[17.75740385055542,-1.704839376780967],[17.758347988128662,-1.7046463432061927],[17.758347988128662,-1.7035953822929741],[17.757081985473633,-1.703917105082425],[17.755751609802246,-1.7041315869121973]]],[[[17.756073474884033,-1.8063937481612982],[17.756545543670654,-1.8068441352882871],[17.756717205047607,-1.806200725072685],[17.756073474884033,-1.8063937481612982]]],[[[17.75611639022827,-1.6890105595674356],[17.75613784790039,-1.689546768229505],[17.75665283203125,-1.689546768229505],[17.75665283203125,-1.6890105595674356],[17.75611639022827,-1.6890105595674356]]],[[[17.75611639022827,-1.68849579911263],[17.75663137435913,-1.68849579911263],[17.75665283203125,-1.6890105595674356],[17.758026123046875,-1.688324212264078],[17.758197784423828,-1.6879810385215137],[17.756996154785156,-1.6877665549016427],[17.75718927383423,-1.6870373104171676],[17.75663137435913,-1.687337587590946],[17.75663137435913,-1.6879810385215137],[17.75611639022827,-1.6879810385215137],[17.75611639022827,-1.68849579911263]]],[[[17.756223678588867,-1.6989196716934458],[17.756502628326416,-1.6995845670109588],[17.75740385055542,-1.6991341540789335],[17.756223678588867,-1.6989196716934458]]],[[[17.757596969604492,-1.6867799299456152],[17.757833003997803,-1.687294690854685],[17.758197784423828,-1.6874662777941012],[17.759807109832764,-1.6872088973792927],[17.760257720947266,-1.685364336743561],[17.75935649871826,-1.6855144754652969],[17.7583909034729,-1.6864796526857475],[17.758326530456543,-1.6862866172799613],[17.757596969604492,-1.6867799299456152]]],[[[17.757725715637207,-1.6931929832036872],[17.757747173309326,-1.6957882261547041],[17.75961399078369,-1.6960241571595844],[17.759463787078857,-1.6973753978150086],[17.7608585357666,-1.6991127058414577],[17.76165246963501,-1.6981046384113796],[17.76193141937256,-1.6978687076603052],[17.762982845306396,-1.6978687076603052],[17.762961387634277,-1.6957882261547041],[17.762446403503418,-1.6957882261547041],[17.761974334716797,-1.6940294668486615],[17.760536670684814,-1.6934932594254661],[17.76010751724243,-1.6923564991977145],[17.759807109832764,-1.6921420160611262],[17.758755683898926,-1.6921420160611262],[17.758755683898926,-1.6926567755490822],[17.757725715637207,-1.6931929832036872]],[[17.762446403503418,-1.6957882261547041],[17.762231826782227,-1.6975255356073546],[17.761781215667725,-1.6961528467864753],[17.762446403503418,-1.6957882261547041]]],[[[17.758347988128662,-1.7046463432061927],[17.75864839553833,-1.7053112365488943],[17.759549617767334,-1.7048608249547499],[17.758347988128662,-1.7046463432061927]]],[[[17.75890588760376,-1.7088072848596738],[17.759957313537598,-1.7088072848596738],[17.759957313537598,-1.7082925296793974],[17.75890588760376,-1.7082925296793974],[17.75890588760376,-1.7088072848596738]]],[[[17.760043144226074,-1.7192310475183916],[17.760064601898193,-1.7207967518157972],[17.760772705078125,-1.7211399197092874],[17.76214599609375,-1.7213115036328759],[17.762532234191895,-1.720539375855168],[17.76214599609375,-1.7197457997579306],[17.760815620422363,-1.7200675198371442],[17.76036500930786,-1.7194455276350737],[17.760043144226074,-1.7192310475183916]]],[[[17.760322093963623,-1.7055042700569771],[17.760965824127197,-1.7056973035457048],[17.760772705078125,-1.705053858508009],[17.760322093963623,-1.7055042700569771]]],[[[17.761030197143555,-1.712453463434457],[17.761266231536865,-1.7136116598836253],[17.762081623077393,-1.714019173282523],[17.762081623077393,-1.712453463434457],[17.761030197143555,-1.712453463434457]]],[[[17.761588096618652,-1.7176653419367938],[17.7618670463562,-1.7183302307652468],[17.76212453842163,-1.7176653419367938],[17.761588096618652,-1.7176653419367938]]],[[[17.761995792388916,-1.7046463432061927],[17.763047218322754,-1.7046463432061927],[17.763025760650635,-1.7035953822929741],[17.762510776519775,-1.7035953822929741],[17.762510776519775,-1.7041315869121973],[17.761995792388916,-1.7041315869121973],[17.761995792388916,-1.7046463432061927]]],[[[17.762017250061035,-1.7067268151584187],[17.762532234191895,-1.7067268151584187],[17.762532234191895,-1.7056973035457048],[17.762017250061035,-1.7056973035457048],[17.762017250061035,-1.7067268151584187]]],[[[17.76212453842163,-1.7176653419367938],[17.76263952255249,-1.7176653419367938],[17.76266098022461,-1.7192310475183916],[17.762961387634277,-1.7190165673776363],[17.763540744781494,-1.718158646573599],[17.76315450668335,-1.7166143881554348],[17.76263952255249,-1.7166143881554348],[17.76263952255249,-1.7171505891364944],[17.76212453842163,-1.7171505891364944],[17.76212453842163,-1.7176653419367938]]],[[[17.7634334564209,-1.779885052947023],[17.763755321502686,-1.7812147862673982],[17.764806747436523,-1.7812147862673982],[17.764806747436523,-1.782244256566031],[17.765343189239502,-1.782244256566031],[17.76566505432129,-1.7828662279258936],[17.7669095993042,-1.782244256566031],[17.76688814163208,-1.7812147862673982],[17.767939567565918,-1.7812147862673982],[17.76686668395996,-1.7791343966168114],[17.763733863830566,-1.7791343966168114],[17.7634334564209,-1.779885052947023]],[[17.765343189239502,-1.782244256566031],[17.765514850616455,-1.7816222849960752],[17.765965461730957,-1.7820726782228888],[17.765343189239502,-1.782244256566031]]],[[[17.764270305633545,-1.725472409048507],[17.764291763305664,-1.7265233579463768],[17.764806747436523,-1.7265233579463768],[17.765214443206787,-1.7256654405222775],[17.764270305633545,-1.725472409048507]]],[[[17.764506340026855,-1.7070699855735256],[17.76515007019043,-1.7072415707581001],[17.764956951141357,-1.7066195743911408],[17.764506340026855,-1.7070699855735256]]],[[[17.764999866485596,-1.7059546815005433],[17.76566505432129,-1.706212059420949],[17.76566505432129,-1.7056973035457048],[17.764999866485596,-1.7059546815005433]]],[[[17.765085697174072,-1.809846713279498],[17.765750885009766,-1.8095893496464015],[17.765085697174072,-1.8093319859767547],[17.765085697174072,-1.809846713279498]]],[[[17.76512861251831,-1.7721854492453133],[17.765772342681885,-1.7723570285071588],[17.765579223632812,-1.7717136061932877],[17.76512861251831,-1.7721854492453133]]],[[[17.76515007019043,-1.7077777743612046],[17.76566505432129,-1.7077777743612046],[17.76566505432129,-1.7072415707581001],[17.76515007019043,-1.7072415707581001],[17.76515007019043,-1.7077777743612046]]],[[[17.76542901992798,-1.6970965704554857],[17.766094207763672,-1.6973539495580212],[17.766094207763672,-1.6968391913186878],[17.76542901992798,-1.6970965704554857]]],[[[17.765836715698242,-1.7249576583560184],[17.766094207763672,-1.725622544640899],[17.7663516998291,-1.7249576583560184],[17.765836715698242,-1.7249576583560184]]],[[[17.766029834747314,-1.6905762884457118],[17.766695022583008,-1.6903189084428192],[17.766029834747314,-1.6900615284058347],[17.766029834747314,-1.6905762884457118]]],[[[17.766437530517578,-1.6949731915529753],[17.76712417602539,-1.6952734674987937],[17.7669095993042,-1.6940938117294735],[17.766437530517578,-1.6949731915529753]]],[[[17.766995429992676,-1.6935361560247912],[17.76763916015625,-1.6937077424125562],[17.767446041107178,-1.693064293380104],[17.766995429992676,-1.6935361560247912]]],[[[17.76761770248413,-1.6916272564365613],[17.76787519454956,-1.6922921542592348],[17.76813268661499,-1.6916272564365613],[17.76761770248413,-1.6916272564365613]]],[[[17.768754959106445,-1.8237442950863283],[17.76939868927002,-1.8239158695012918],[17.769205570220947,-1.8232724653608017],[17.768754959106445,-1.8237442950863283]]],[[[17.76890516281128,-1.7315421671129485],[17.769548892974854,-1.7317351979695843],[17.76935577392578,-1.7310917617043629],[17.76890516281128,-1.7315421671129485]]],[[[17.769334316253662,-1.7088072848596738],[17.76984930038452,-1.7088072848596738],[17.76984930038452,-1.7082925296793974],[17.769334316253662,-1.7082925296793974],[17.769334316253662,-1.7088072848596738]]],[[[17.769935131072998,-1.7166143881554348],[17.770450115203857,-1.7166143881554348],[17.77017116546631,-1.7159494987300548],[17.769935131072998,-1.7166143881554348]]],[[[17.77042865753174,-1.7150701284898702],[17.771286964416504,-1.7154776415782607],[17.771458625793457,-1.714019173282523],[17.770943641662598,-1.714019173282523],[17.770943641662598,-1.7145339269255686],[17.77042865753174,-1.7145339269255686],[17.77042865753174,-1.7150701284898702]]],[[[17.770493030548096,-1.7218262553109582],[17.771544456481934,-1.7223624548278167],[17.771522998809814,-1.7213115036328759],[17.771008014678955,-1.7213115036328759],[17.771008014678955,-1.7207967518157972],[17.770493030548096,-1.7207967518157972],[17.770493030548096,-1.7218262553109582]]],[[[17.770535945892334,-1.7270381082150124],[17.770557403564453,-1.7275528583441826],[17.771072387695312,-1.7275528583441826],[17.771072387695312,-1.7270381082150124],[17.770535945892334,-1.7270381082150124]]],[[[17.771179676055908,-1.740056953953399],[17.771716117858887,-1.740056953953399],[17.771694660186768,-1.7395422072241473],[17.771179676055908,-1.7395422072241473],[17.771179676055908,-1.740056953953399]]],[[[17.771522998809814,-1.7213115036328759],[17.772059440612793,-1.7213115036328759],[17.772059440612793,-1.7207967518157972],[17.771522998809814,-1.7207967518157972],[17.771522998809814,-1.7213115036328759]]],[[[17.771737575531006,-1.743703072594542],[17.7724027633667,-1.7434242520065055],[17.771952152252197,-1.7425019989980797],[17.771737575531006,-1.743703072594542]]],[[[17.771759033203125,-1.7286895977186276],[17.771930694580078,-1.7293759305963192],[17.771823406219482,-1.7299121279843064],[17.77214527130127,-1.7311990010970675],[17.77266025543213,-1.7311990010970675],[17.772681713104248,-1.7317351979695843],[17.774763107299805,-1.7317351979695843],[17.774741649627686,-1.7311990010970675],[17.775793075561523,-1.7311990010970675],[17.775771617889404,-1.7280890562471],[17.775235176086426,-1.7280890562471],[17.77491331100464,-1.7274027229042446],[17.7738618850708,-1.7280247125067518],[17.77366876602173,-1.7270381082150124],[17.77315378189087,-1.7270381082150124],[17.772939205169678,-1.727874577104103],[17.771759033203125,-1.7286895977186276]],[[17.774741649627686,-1.7311990010970675],[17.77411937713623,-1.7310274180658212],[17.774569988250732,-1.730577012534937],[17.774741649627686,-1.7311990010970675]]],[[[17.772059440612793,-1.7228772062220372],[17.77259588241577,-1.7228772062220372],[17.772574424743652,-1.7218262553109582],[17.772059440612793,-1.7218262553109582],[17.772059440612793,-1.7228772062220372]]],[[[17.772552967071533,-1.7181800945983952],[17.773067951202393,-1.7181800945983952],[17.772810459136963,-1.7175152057176888],[17.772552967071533,-1.7181800945983952]]],[[[17.772574424743652,-1.7218262553109582],[17.77308940887451,-1.7218262553109582],[17.77308940887451,-1.7213115036328759],[17.772574424743652,-1.7213115036328759],[17.772574424743652,-1.7218262553109582]]],[[[17.772767543792725,-1.7426735809873293],[17.773303985595703,-1.7426735809873293],[17.773282527923584,-1.742137387218989],[17.772767543792725,-1.742137387218989],[17.772767543792725,-1.7426735809873293]]],[[[17.77308940887451,-1.7207967518157972],[17.77360439300537,-1.7207967518157972],[17.77360439300537,-1.7202605518586154],[17.77308940887451,-1.7202605518586154],[17.77308940887451,-1.7207967518157972]]],[[[17.77311086654663,-1.7228772062220372],[17.77362585067749,-1.7228772062220372],[17.77362585067749,-1.7223624548278167],[17.77311086654663,-1.7223624548278167],[17.77311086654663,-1.7228772062220372]]],[[[17.77317523956299,-1.7487003884305494],[17.77491331100464,-1.7489148652075102],[17.77491331100464,-1.7484001209016071],[17.77411937713623,-1.7479926148926666],[17.77317523956299,-1.7487003884305494]]],[[[17.773303985595703,-1.743703072594542],[17.773818969726562,-1.743703072594542],[17.773818969726562,-1.7431883268613149],[17.773303985595703,-1.7431883268613149],[17.773303985595703,-1.743703072594542]]],[[[17.77338981628418,-1.745547576982247],[17.77489185333252,-1.745783501831582],[17.7748703956604,-1.743703072594542],[17.773818969726562,-1.743703072594542],[17.77338981628418,-1.745547576982247]]],[[[17.77362585067749,-1.7223624548278167],[17.77435541152954,-1.7218262553109582],[17.77362585067749,-1.7213115036328759],[17.77362585067749,-1.7223624548278167]]],[[[17.774226665496826,-1.7465770670165597],[17.77489185333252,-1.7468344394370092],[17.77489185333252,-1.746319694560853],[17.774226665496826,-1.7465770670165597]]],[[[17.776780128479004,-1.7249576583560184],[17.777295112609863,-1.7249576583560184],[17.777295112609863,-1.7244429075242635],[17.776780128479004,-1.7244429075242635],[17.776780128479004,-1.7249576583560184]]],[[[17.777423858642578,-1.7390274603544356],[17.777960300445557,-1.7390274603544356],[17.777681350708008,-1.7383625787733052],[17.777423858642578,-1.7390274603544356]]],[[[17.779290676116943,-1.731434927739656],[17.779977321624756,-1.7317351979695843],[17.779741287231445,-1.7305555646498334],[17.779290676116943,-1.731434927739656]]],[[[17.779505252838135,-1.7384912655492144],[17.780041694641113,-1.7384912655492144],[17.780020236968994,-1.7379765183929123],[17.779505252838135,-1.7379765183929123],[17.779505252838135,-1.7384912655492144]]],[[[17.780041694641113,-1.7390274603544356],[17.780706882476807,-1.7387700868669498],[17.780041694641113,-1.7384912655492144],[17.780041694641113,-1.7390274603544356]]],[[[17.87376880645752,-1.6574168855903793],[17.874112129211426,-1.6572452960235324],[17.87426233291626,-1.6564087966723093],[17.874155044555664,-1.6564302453780329],[17.87376880645752,-1.6574168855903793]]],[[[17.883789539337158,-2.2850223537364087],[17.890655994415283,-2.2884957283678347],[17.891170978546143,-2.288431406691828],[17.889926433563232,-2.287938273746633],[17.890183925628662,-2.2865660768328553],[17.891299724578857,-2.286780482687149],[17.892093658447266,-2.286630398592493],[17.89301633834839,-2.286801923270815],[17.893381118774414,-2.2853654034568507],[17.88999080657959,-2.2856655718950236],[17.888939380645752,-2.285579809490514],[17.88677215576172,-2.285751334294389],[17.887415885925293,-2.2845506602369596],[17.887694835662842,-2.284036085333611],[17.888123989105225,-2.284078966582598],[17.886922359466553,-2.2836930352956415],[17.886085510253906,-2.283349985175761],[17.885173559189298,-2.282863997361142],[17.884905338287354,-2.2826853253354358],[17.8848345525911,-2.2828354098423773],[17.884819507598877,-2.2828354098423773],[17.88402557373047,-2.2845506602369596],[17.883789539337158,-2.2850223537364087]]],[[[17.893381118774414,-2.2853654034568507],[17.89400339126587,-2.2851938786068757],[17.893531322479248,-2.2847436257781766],[17.893381118774414,-2.2853654034568507]]],[[[17.893381118774414,-2.2841218478303063],[17.8937029838562,-2.2844434571473045],[17.893810272216797,-2.284014644708634],[17.893381118774414,-2.2841218478303063]]],[[[17.894282341003418,-2.2846793039339985],[17.894926071166992,-2.2848508288454354],[17.894840240478516,-2.2845506602369596],[17.89473295211792,-2.2842290509439778],[17.894282341003418,-2.2846793039339985]]],[[[17.901771068572998,-2.2575995526219828],[17.902414798736572,-2.257771080748711],[17.9022216796875,-2.2571278501691125],[17.901771068572998,-2.2575995526219828]]],[[[17.905054092407227,-2.2614160486530324],[17.90571928024292,-2.261137316136441],[17.905268669128418,-2.260215354354031],[17.905054092407227,-2.2614160486530324]]],[[[17.907135486602783,-2.2609014655036646],[17.90767192840576,-2.2609014655036646],[17.907650470733643,-2.260365441195731],[17.907135486602783,-2.260365441195731],[17.907135486602783,-2.2609014655036646]]],[[[17.907650470733643,-2.260365441195731],[17.90844440460205,-2.26118019806556],[17.90895938873291,-2.260622732888237],[17.90996789932251,-2.259679329792732],[17.908165454864502,-2.2593362739696516],[17.907650470733643,-2.260365441195731]]],[[[17.90919542312622,-2.2582856650074064],[17.909388542175293,-2.25892889507449],[17.909839153289795,-2.2584786340574396],[17.90919542312622,-2.2582856650074064]]],[[[17.91020393371582,-2.281913461909383],[17.911105155944824,-2.2821278684581756],[17.912070751190186,-2.2806913439707586],[17.912070751190186,-2.279533547071239],[17.911813259124756,-2.2799623608463406],[17.911298274993896,-2.2806913439707586],[17.91071891784668,-2.2813774453974816],[17.91020393371582,-2.281913461909383]]],[[[17.910633087158203,-2.2591004230442735],[17.911083698272705,-2.260000944553255],[17.911276817321777,-2.2588216900830957],[17.910633087158203,-2.2591004230442735]]],[[[17.91123390197754,-2.2658543207365938],[17.911899089813232,-2.266111611454974],[17.911899089813232,-2.2655755890734213],[17.91123390197754,-2.2658543207365938]]],[[[17.91123390197754,-2.263324292904997],[17.911856174468994,-2.263495820355189],[17.91168451309204,-2.262874033251663],[17.91123390197754,-2.263324292904997]]],[[[17.911899089813232,-2.266626192754572],[17.91398048400879,-2.266626192754572],[17.913765907287598,-2.264396339135729],[17.91322946548462,-2.265511266374304],[17.912070751190186,-2.2645893073730434],[17.911899089813232,-2.2655755890734213],[17.912564277648926,-2.2658543207365938],[17.911899089813232,-2.266111611454974],[17.911899089813232,-2.266626192754572]]],[[[17.912800312042236,-2.2638388751947076],[17.91344404220581,-2.2640318435062596],[17.91325092315674,-2.263388615701203],[17.912800312042236,-2.2638388751947076]]],[[[17.913272380828857,-2.261072993240404],[17.91374444961548,-2.26152325345285],[17.91391611099243,-2.2609014655036646],[17.913272380828857,-2.261072993240404]]],[[[17.91391611099243,-2.2609014655036646],[17.914559841156006,-2.260708496775621],[17.914087772369385,-2.260258236310378],[17.91391611099243,-2.2609014655036646]]],[[[17.914559841156006,-2.2805198185629507],[17.91520357131958,-2.2806913439707586],[17.915010452270508,-2.2800481235860417],[17.914559841156006,-2.2805198185629507]]],[[[17.984554767608643,-1.6631222302117692],[17.98464059829712,-1.6631007815786347],[17.98464059829712,-1.6645378394831312],[17.986721992492676,-1.6645378394831312],[17.986721992492676,-1.6640230725929257],[17.986550331115723,-1.6631436788446763],[17.986271381378174,-1.663014987043752],[17.986958026885986,-1.6628862952344576],[17.987773418426514,-1.6624573224761718],[17.988803386688232,-1.6624573224761718],[17.988781929016113,-1.6617924145166256],[17.988159656524658,-1.6618782091046285],[17.984554767608643,-1.6631222302117692]],[[17.985563278198242,-1.6638514835996574],[17.986013889312744,-1.6633796137912213],[17.986207008361816,-1.6640230725929257],[17.985563278198242,-1.6638514835996574]]],[[[18.023457527160645,-1.676355992291846],[18.02384376525879,-1.676999446844249],[18.025624752044678,-1.678479391511786],[18.02631139755249,-1.6789083607712598],[18.02757740020752,-1.6794445722132565],[18.02704095840454,-1.679187190739455],[18.023693561553955,-1.6765490286797728],[18.023457527160645,-1.6763130953141427],[18.023457527160645,-1.676355992291846]]],[[[18.02985191345215,-1.6805169946557612],[18.030216693878174,-1.6807314790736],[18.030624389648438,-1.6809030665909148],[18.02985191345215,-1.6805169946557612]]],[[[18.030967712402344,-2.2791261738665582],[18.032426834106445,-2.28107727606357],[18.034600370394678,-2.2828354098423773],[18.03459405899048,-2.2828354098423773],[18.035130500793457,-2.283264222632994],[18.03508758544922,-2.2812059200714856],[18.033006191253662,-2.2812059200714856],[18.032984733581543,-2.279640750526994],[18.033649921417236,-2.2793834622197693],[18.032984733581543,-2.2791261738665582],[18.032984733581543,-2.2786115970222056],[18.031933307647705,-2.2786115970222056],[18.031954765319824,-2.2791261738665582],[18.030967712402344,-2.2791261738665582]]],[[[18.03126811981201,-2.278354308531064],[18.031933307647705,-2.2786115970222056],[18.031933307647705,-2.278075579280454],[18.03126811981201,-2.278354308531064]]],[[[18.035902976989746,-1.7405931483136357],[18.036417961120605,-1.7405931483136357],[18.03626775741577,-1.7402070883896243],[18.03605318069458,-1.7401641928376392],[18.035902976989746,-1.7405931483136357]]],[[[18.035945892333984,-1.745783501831582],[18.036460876464844,-1.745783501831582],[18.036460876464844,-1.745268756667599],[18.036975860595703,-1.745268756667599],[18.036975860595703,-1.7442392659169457],[18.035945892333984,-1.7447540113627156],[18.035945892333984,-1.745783501831582]]],[[[18.036975860595703,-1.7442392659169457],[18.03802728652954,-1.7442392659169457],[18.037490844726562,-1.7435100429610628],[18.036975860595703,-1.7442392659169457]]],[[[18.037104606628418,-1.7479282718305313],[18.039121627807617,-1.7500944870425599],[18.039228916168213,-1.7498156674030412],[18.03727626800537,-1.7475851087952634],[18.037104606628418,-1.7479282718305313]]],[[[18.0385422706604,-1.7442392659169457],[18.038949966430664,-1.7442392659169457],[18.03905725479126,-1.7440033408739026],[18.03905725479126,-1.743703072594542],[18.0385422706604,-1.743703072594542],[18.0385422706604,-1.7442392659169457]]],[[[18.044464588165283,-1.7650648958774582],[18.044915199279785,-1.7650648958774582],[18.044593334197998,-1.7649362109268338],[18.044464588165283,-1.7648504209548008],[18.044464588165283,-1.7650648958774582]]],[[[18.057682514190674,-1.7470918118222158],[18.058884143829346,-1.747349184172137],[18.058884143829346,-1.746920230235986],[18.05879831314087,-1.74685588713713],[18.057682514190674,-1.7470918118222158]]],[[[18.05881977081299,-1.7486145977129013],[18.059442043304443,-1.7497084290691163],[18.05980682373047,-1.7505234402531613],[18.060193061828613,-1.751724508720642],[18.06100845336914,-1.7504805449365222],[18.06049346923828,-1.7504805449365222],[18.060472011566162,-1.7499658010602417],[18.05974245071411,-1.7494296093722],[18.060321807861328,-1.749022103586796],[18.061158657073975,-1.7499658010602417],[18.06173801422119,-1.750351858980693],[18.060085773468018,-1.7479497195181608],[18.05999994277954,-1.7478853764545477],[18.059420585632324,-1.7478853764545477],[18.059227466583252,-1.7488076268220851],[18.05881977081299,-1.7486145977129013]]],[[[18.058884143829346,-1.747349184172137],[18.058905601501465,-1.7478853764545477],[18.059420585632324,-1.7478853764545477],[18.059420585632324,-1.7473706318663744],[18.058884143829346,-1.747349184172137]]],[[[18.06027889251709,-1.7520462233579792],[18.06049346923828,-1.753118605083344],[18.06055784225464,-1.7538907195452538],[18.060686588287354,-1.7532687384758816],[18.06102991104126,-1.7525609666627986],[18.06027889251709,-1.7520462233579792]]],[[[18.06102991104126,-1.7525609666627986],[18.06154489517212,-1.7525609666627986],[18.06154489517212,-1.7520462233579792],[18.06205987930298,-1.7520462233579792],[18.061394691467285,-1.751274108135533],[18.06102991104126,-1.7525609666627986]]],[[[18.06154489517212,-1.7530757098261347],[18.062081336975098,-1.7530757098261347],[18.06205987930298,-1.7525609666627986],[18.06154489517212,-1.7525609666627986],[18.06154489517212,-1.7530757098261347]]],[[[18.06173801422119,-1.750351858980693],[18.06229591369629,-1.7507164691659085],[18.06405544281006,-1.750223173016039],[18.06476354598999,-1.7497298767363958],[18.06173801422119,-1.750351858980693]]],[[[18.07300329208374,-1.7945549608656108],[18.073947429656982,-1.794747985187513],[18.073925971984863,-1.7937185219019796],[18.073410987854004,-1.7937185219019796],[18.07300329208374,-1.7945549608656108]]],[[[18.074398040771484,-1.7874559411136204],[18.074913024902344,-1.7874559411136204],[18.074655532836914,-1.7867910768290898],[18.074398040771484,-1.7874559411136204]]],[[[18.07525634765625,-1.781386364690448],[18.07572841644287,-1.7818367579749577],[18.075900077819824,-1.7812147862673982],[18.07525634765625,-1.781386364690448]]],[[[18.07529926300049,-1.7860833178101245],[18.07577133178711,-1.7865337099446634],[18.075942993164062,-1.7858902925758144],[18.07529926300049,-1.7860833178101245]]],[[[18.075385093688965,-1.7827804387853092],[18.07602882385254,-1.7825874132043538],[18.075556755065918,-1.782137020103434],[18.075385093688965,-1.7827804387853092]]],[[[18.075878620147705,-1.7806786035923494],[18.075900077819824,-1.7812147862673982],[18.076415061950684,-1.7812147862673982],[18.076415061950684,-1.7806786035923494],[18.075878620147705,-1.7806786035923494]]],[[[18.075942993164062,-1.7858902925758144],[18.076457977294922,-1.7858902925758144],[18.076200485229492,-1.7852254277246686],[18.075942993164062,-1.7858902925758144]]],[[[18.076329231262207,-1.7846677989544304],[18.07697296142578,-1.7848608243171213],[18.07677984237671,-1.7842174063626857],[18.076329231262207,-1.7846677989544304]]],[[[18.076415061950684,-1.7806786035923494],[18.07701587677002,-1.7804212358529128],[18.07652235031128,-1.7799708422224256],[18.076415061950684,-1.7806786035923494]]],[[[18.076457977294922,-1.7858902925758144],[18.07701587677002,-1.7866194989101416],[18.07772397994995,-1.7854399002835777],[18.07697296142578,-1.7848608243171213],[18.07697296142578,-1.7858902925758144],[18.076457977294922,-1.7858902925758144]]],[[[18.076822757720947,-1.7819010998637452],[18.07729482650757,-1.7823729403128965],[18.07746648788452,-1.7817295214886428],[18.076822757720947,-1.7819010998637452]]],[[[18.077359199523926,-1.783123595323687],[18.07851791381836,-1.7832951735688738],[18.078346252441406,-1.7821584673964566],[18.077359199523926,-1.783123595323687]]],[[[18.07746648788452,-1.7817295214886428],[18.078131675720215,-1.781386364690448],[18.078088760375977,-1.7812791281779141],[18.077552318572998,-1.7808930766810818],[18.07746648788452,-1.7817295214886428]]],[[[18.079569339752197,-1.7838099082084682],[18.07974100112915,-1.784453326305453],[18.08021306991577,-1.7839814863896777],[18.079569339752197,-1.7838099082084682]]],[[[18.081672191619873,-1.7869412074950333],[18.082315921783447,-1.786769629590097],[18.081843852996826,-1.786297790268918],[18.081672191619873,-1.7869412074950333]]],[[[18.08173656463623,-1.7921528787116472],[18.08225154876709,-1.7921528787116472],[18.08197259902954,-1.7909303892624422],[18.08173656463623,-1.7921528787116472]]],[[[18.082079887390137,-1.7857187145727522],[18.08272361755371,-1.7858902925758144],[18.08253049850464,-1.7852683222384513],[18.082079887390137,-1.7857187145727522]]],[[[18.08225154876709,-1.7926676108671984],[18.082916736602783,-1.7924102448075132],[18.08225154876709,-1.7921528787116472],[18.08225154876709,-1.7926676108671984]]],[[[18.082594871520996,-1.7846677989544304],[18.08321714401245,-1.7848608243171213],[18.083045482635498,-1.7842174063626857],[18.082594871520996,-1.7846677989544304]]],[[[18.082637786865234,-1.7888500106058416],[18.08326005935669,-1.7890215883163023],[18.083088397979736,-1.788378171819346],[18.082637786865234,-1.7888500106058416]]],[[[18.08272361755371,-1.7864264737321633],[18.08323860168457,-1.7864264737321633],[18.08323860168457,-1.7858902925758144],[18.08272361755371,-1.7858902925758144],[18.08272361755371,-1.7864264737321633]]],[[[18.08420419692993,-1.7893647436890774],[18.084826469421387,-1.7895363213513917],[18.084654808044434,-1.7889143522491509],[18.08420419692993,-1.7893647436890774]]],[[[18.084697723388672,-1.7883138301572359],[18.085341453552246,-1.7885068551367738],[18.085169792175293,-1.7878634384593255],[18.084697723388672,-1.7883138301572359]]],[[[18.08525562286377,-1.791445121761555],[18.085899353027344,-1.7916166992291096],[18.08570623397827,-1.790994730832736],[18.08525562286377,-1.791445121761555]]],[[[18.085684776306152,-1.7899009238305013],[18.086929321289062,-1.7905872341827092],[18.086671829223633,-1.7894290853143247],[18.085684776306152,-1.7899009238305013]]],[[[18.11671257019043,-1.786898313020302],[18.118000030517578,-1.7872629160235505],[18.118643760681152,-1.7869412074950333],[18.11671257019043,-1.786898313020302]]],[[[18.11896562576294,-1.7869626547320223],[18.119051456451416,-1.787005549205233],[18.119287490844727,-1.7869626547320223],[18.11896562576294,-1.7869626547320223]]],[[[18.12248468399048,-1.9673462065877771],[18.123385906219482,-1.96781799704884],[18.12366485595703,-1.9671532013606878],[18.12248468399048,-1.9673462065877771]]],[[[18.123514652252197,-1.963314537208376],[18.12415838241577,-1.9635075428791708],[18.1239652633667,-1.9628641905564876],[18.123514652252197,-1.963314537208376]]],[[[18.12366485595703,-1.9671532013606878],[18.124008178710938,-1.9673462065877771],[18.12448024749756,-1.9681396722866822],[18.124630451202393,-1.9676893269363234],[18.124501705169678,-1.966788635870813],[18.12445878982544,-1.965952279446043],[18.12366485595703,-1.9671532013606878]]],[[[18.123815059661865,-1.9647728017245782],[18.12445878982544,-1.9657378290132073],[18.12445878982544,-1.96500869733552],[18.124523162841797,-1.9645154610200848],[18.123815059661865,-1.9647728017245782]]],[[[18.12540292739868,-1.9544576974836474],[18.126389980316162,-1.9549723819444296],[18.12696933746338,-1.9548437108440169],[18.12741994857788,-1.9560017503925167],[18.128557205200195,-1.9564306537261587],[18.128793239593506,-1.9567523311544335],[18.129737377166748,-1.9560660858995504],[18.1304669380188,-1.955658627646642],[18.129394054412842,-1.9554441758948258],[18.13016653060913,-1.9549080463954454],[18.12947988510132,-1.954436252294343],[18.129050731658936,-1.953814341685785],[18.12872886657715,-1.9535998896984097],[18.12872886657715,-1.9525705197779075],[18.12767744064331,-1.9525705197779075],[18.12767744064331,-1.9520343893612448],[18.12716245651245,-1.9520343893612448],[18.127634525299072,-1.9538786772766628],[18.12540292739868,-1.9544576974836474]],[[18.12872886657715,-1.9535998896984097],[18.128557205200195,-1.9542432455783967],[18.128106594085693,-1.953792896488281],[18.12872886657715,-1.9535998896984097]]],[[[18.125596046447754,-1.9530852048169862],[18.125789165496826,-1.9537285608941346],[18.126239776611328,-1.9532567664616352],[18.125596046447754,-1.9530852048169862]]],[[[18.12617540359497,-1.972578784226826],[18.126862049102783,-1.972879013592518],[18.126819133758545,-1.972621674139532],[18.1264328956604,-1.9720855501512915],[18.12617540359497,-1.972578784226826]]],[[[18.12645435333252,-1.9570525633651386],[18.12722682952881,-1.957781698510189],[18.12746286392212,-1.9570954536765726],[18.12772035598755,-1.9576959179213418],[18.128299713134766,-1.9571383439868981],[18.12872886657715,-1.9567952214735271],[18.128771781921387,-1.9567308859944603],[18.12645435333252,-1.9570525633651386]]],[[[18.12767744064331,-1.9520343893612448],[18.12872886657715,-1.9520343893612448],[18.12896490097046,-1.951369587407143],[18.129243850708008,-1.9520343893612448],[18.129758834838867,-1.9520343893612448],[18.129587173461914,-1.9511765803389807],[18.128278255462646,-1.9508334566075547],[18.12767744064331,-1.9520343893612448]]],[[[18.127763271331787,-1.9756454101965488],[18.1284499168396,-1.976009973746642],[18.128836154937744,-1.9752165117998857],[18.12821388244629,-1.9742729349375026],[18.127763271331787,-1.9756454101965488]]],[[[18.12872886657715,-1.9525705197779075],[18.129243850708008,-1.9525705197779075],[18.129243850708008,-1.9520343893612448],[18.12872886657715,-1.9520343893612448],[18.12872886657715,-1.9525705197779075]]],[[[18.129394054412842,-1.9758169695242032],[18.130016326904297,-1.976009973746642],[18.129844665527344,-1.9753666262513008],[18.129394054412842,-1.9758169695242032]]],[[[18.129630088806152,-1.9539215676692123],[18.130831718444824,-1.954114574422121],[18.130531311035156,-1.9534712184928367],[18.129630088806152,-1.9539215676692123]]],[[[18.129758834838867,-1.9520343893612448],[18.12995195388794,-1.9526777458407167],[18.13040256500244,-1.9522273963309402],[18.129758834838867,-1.9520343893612448]]],[[[18.12993049621582,-1.9784332470742783],[18.130574226379395,-1.978604806113779],[18.130381107330322,-1.9779614596241828],[18.12993049621582,-1.9784332470742783]]],[[[18.130488395690918,-1.9803418403888742],[18.13093900680542,-1.9807921823111627],[18.131110668182373,-1.9801702815291264],[18.130488395690918,-1.9803418403888742]]],[[[18.130574226379395,-1.978604806113779],[18.130767345428467,-1.9792481523537901],[18.13121795654297,-1.9787763651355164],[18.130574226379395,-1.978604806113779]]],[[[18.13072443008423,-1.9549938271268559],[18.131368160247803,-1.9551653885765319],[18.13117504119873,-1.9545220330498694],[18.13072443008423,-1.9549938271268559]]],[[[18.13093900680542,-1.9777899005181467],[18.131604194641113,-1.978090128942057],[18.131389617919922,-1.9769106598213568],[18.13093900680542,-1.9777899005181467]]],[[[18.131110668182373,-1.9801702815291264],[18.131625652313232,-1.9801702815291264],[18.131625652313232,-1.9796556048433587],[18.131110668182373,-1.9796556048433587],[18.131110668182373,-1.9801702815291264]]],[[[18.131110668182373,-1.9537714512905069],[18.13239812850952,-1.954114574422121],[18.132011890411377,-1.9528707527365299],[18.131110668182373,-1.9537714512905069]]],[[[18.131625652313232,-1.9796556048433587],[18.132805824279785,-1.9794411561771312],[18.13190460205078,-1.9789693690137682],[18.131625652313232,-1.9796556048433587]]],[[[18.13218355178833,-1.9822504315051361],[18.13269853591919,-1.9822504315051361],[18.13241958618164,-1.9815856415906694],[18.13218355178833,-1.9822504315051361]]],[[[18.13246250152588,-1.9765032066576111],[18.133020401000977,-1.9788406997641061],[18.13368558883667,-1.978090128942057],[18.134028911590576,-1.9778971249615012],[18.134565353393555,-1.9769106598213568],[18.13347101211548,-1.9767605455095207],[18.13246250152588,-1.9765032066576111]],[[18.13368558883667,-1.978090128942057],[18.133063316345215,-1.9778971249615012],[18.133513927459717,-1.9774467822528834],[18.13368558883667,-1.978090128942057]]],[[[18.132569789886475,-1.9810280756501868],[18.13321352005005,-1.9811996344211025],[18.133020401000977,-1.9805777337920176],[18.132569789886475,-1.9810280756501868]]],[[[18.134136199951172,-1.9805133992308583],[18.134758472442627,-1.9806849580550647],[18.134586811065674,-1.9800630572327833],[18.134136199951172,-1.9805133992308583]]],[[[18.134608268737793,-1.9789693690137682],[18.13544511795044,-1.9803632852450903],[18.134758472442627,-1.9806849580550647],[18.134779930114746,-1.9811996344211025],[18.135809898376465,-1.9811996344211025],[18.135616779327393,-1.9792910420942604],[18.134608268737793,-1.9789693690137682]]],[[[18.13465118408203,-1.9769321047219677],[18.136045932769775,-1.9779614596241828],[18.136990070343018,-1.9770822190182997],[18.13692569732666,-1.9769106598213568],[18.136260509490967,-1.9769535496222517],[18.136281967163086,-1.9770393292207302],[18.136024475097656,-1.976974994522294],[18.135230541229248,-1.976974994522294],[18.13465118408203,-1.9769321047219677]]],[[[18.135809898376465,-1.9811996344211025],[18.136003017425537,-1.9818429796537345],[18.13645362854004,-1.9813926380171267],[18.135809898376465,-1.9811996344211025]]],[[[18.136732578277588,-1.9810280756501868],[18.137376308441162,-1.9811996344211025],[18.13718318939209,-1.9805777337920176],[18.136732578277588,-1.9810280756501868]]],[[[18.137226104736328,-1.9778971249615012],[18.137869834899902,-1.978090128942057],[18.13767671585083,-1.9774467822528834],[18.137226104736328,-1.9778971249615012]]],[[[18.137269020080566,-1.9820788728430898],[18.13791275024414,-1.9822504315051361],[18.13771963119507,-1.9816070864307989],[18.137269020080566,-1.9820788728430898]]],[[[18.137333393096924,-1.7770325572674892],[18.137869834899902,-1.7770325572674892],[18.137848377227783,-1.7760030840601928],[18.137333393096924,-1.776174662967918],[18.137333393096924,-1.7770325572674892]]],[[[18.13739776611328,-1.9838159034748202],[18.137590885162354,-1.984437802887257],[18.138041496276855,-1.9839874619567723],[18.13739776611328,-1.9838159034748202]]],[[[18.13769817352295,-1.9809637411065069],[18.141624927520752,-1.981414082859743],[18.142719268798828,-1.9796127151123386],[18.14068078994751,-1.9789264792649846],[18.14046621322632,-1.978604806113779],[18.139758110046387,-1.9789264792649846],[18.138084411621094,-1.979333931833608],[18.13769817352295,-1.9809637411065069]]],[[[18.137848377227783,-1.9867538400204268],[18.138492107391357,-1.9869468429683081],[18.138298988342285,-1.9863034997209752],[18.137848377227783,-1.9867538400204268]]],[[[18.138363361358643,-1.7758100577699594],[18.13838481903076,-1.7775687410023835],[18.139264583587646,-1.777354267527116],[18.138728141784668,-1.775702820933347],[18.13870668411255,-1.7756813735652628],[18.138363361358643,-1.7758100577699594]]],[[[18.138878345489502,-1.9862391653824574],[18.139522075653076,-1.9864107236129342],[18.139328956604004,-1.9857888249427305],[18.138878345489502,-1.9862391653824574]]],[[[18.13941478729248,-1.7760030840601928],[18.14046621322632,-1.7760030840601928],[18.1404447555542,-1.7750808471582786],[18.13941478729248,-1.7754454525000796],[18.13941478729248,-1.7760030840601928]]],[[[18.14046621322632,-1.978604806113779],[18.141109943389893,-1.9784332470742783],[18.14063787460327,-1.9779614596241828],[18.14046621322632,-1.978604806113779]]],[[[18.14091682434082,-1.9825935487758812],[18.141560554504395,-1.9827651073845942],[18.141367435455322,-1.9821432073434408],[18.14091682434082,-1.9825935487758812]]],[[[18.14138889312744,-1.9778971249615012],[18.142032623291016,-1.978090128942057],[18.141839504241943,-1.9774467822528834],[18.14138889312744,-1.9778971249615012]]],[[[18.14192533493042,-1.982507769464874],[18.142611980438232,-1.9827651073845942],[18.142590522766113,-1.9822504315051361],[18.14192533493042,-1.982507769464874]]],[[[18.142032623291016,-1.978090128942057],[18.142611980438232,-1.9788192548881796],[18.143298625946045,-1.9775754516106758],[18.142032623291016,-1.978090128942057]]],[[[18.142590522766113,-1.9822504315051361],[18.143234252929688,-1.9820788728430898],[18.142762184143066,-1.9816070864307989],[18.142590522766113,-1.9822504315051361]]],[[[18.143985271453857,-1.7756170314595607],[18.144114017486572,-1.7760030840601928],[18.14495086669922,-1.7760030840601928],[18.143985271453857,-1.7756170314595607]]],[[[18.144006729125977,-1.9778971249615012],[18.14462900161743,-1.978090128942057],[18.14445734024048,-1.9774467822528834],[18.144006729125977,-1.9778971249615012]]],[[[18.145723342895508,-1.7763247944991036],[18.145787715911865,-1.7764749260180963],[18.146302700042725,-1.7769682152088535],[18.145787715911865,-1.7763462418596987],[18.145723342895508,-1.7763247944991036]]],[[[18.14662456512451,-1.9631429765933888],[18.14668893814087,-1.963378872434447],[18.147075176239014,-1.9635075428791708],[18.14690351486206,-1.9628641905564876],[18.14662456512451,-1.9631429765933888]]],[[[18.146731853485107,-1.7791343966168114],[18.147268295288086,-1.7791343966168114],[18.147246837615967,-1.7785982133367781],[18.146731853485107,-1.7785982133367781],[18.146731853485107,-1.7791343966168114]]],[[[18.1469464302063,-1.9617490459440603],[18.147590160369873,-1.9619420517955746],[18.1473970413208,-1.9612986988705785],[18.1469464302063,-1.9617490459440603]]],[[[18.14716100692749,-1.781386364690448],[18.14763307571411,-1.7818367579749577],[18.147804737091064,-1.7812147862673982],[18.14716100692749,-1.781386364690448]]],[[[18.147268295288086,-1.77964913241901],[18.147783279418945,-1.77964913241901],[18.147783279418945,-1.7791343966168114],[18.147268295288086,-1.7791343966168114],[18.147268295288086,-1.77964913241901]]],[[[18.147504329681396,-1.9648800270064157],[18.14814805984497,-1.9650730324963632],[18.1479549407959,-1.9644296807764619],[18.147504329681396,-1.9648800270064157]]],[[[18.147718906402588,-1.7834667517980733],[18.14816951751709,-1.7839171445735929],[18.148341178894043,-1.7832951735688738],[18.147718906402588,-1.7834667517980733]]],[[[18.147783279418945,-1.77964913241901],[18.148062229156494,-1.7803139992842034],[18.148319721221924,-1.77964913241901],[18.147783279418945,-1.77964913241901]]],[[[18.147804737091064,-1.7812147862673982],[18.14842700958252,-1.78102176052235],[18.147976398468018,-1.7805713670386183],[18.147804737091064,-1.7812147862673982]]],[[[18.147804737091064,-1.778812686667493],[18.148963451385498,-1.7801853153935383],[18.148834705352783,-1.780163868077537],[18.14913511276245,-1.7809359712958468],[18.148856163024902,-1.7827804387853092],[18.14990758895874,-1.7827804387853092],[18.14988613128662,-1.7817295214886428],[18.1504225730896,-1.7817295214886428],[18.1504225730896,-1.7827804387853092],[18.15190315246582,-1.7827804387853092],[18.151988983154297,-1.7828233333560917],[18.151988983154297,-1.7832951735688738],[18.152503967285156,-1.7832951735688738],[18.152503967285156,-1.783145042605213],[18.153083324432373,-1.7834667517980733],[18.14990758895874,-1.7811289970498763],[18.147826194763184,-1.7787912393355327],[18.147804737091064,-1.778812686667493]],[[18.1504225730896,-1.7817295214886428],[18.150293827056885,-1.7814936011967433],[18.150594234466553,-1.7817724160839106],[18.1504225730896,-1.7817295214886428]]],[[[18.147997856140137,-1.9622851732543865],[18.14864158630371,-1.9624567339573957],[18.14844846725464,-1.961813381230371],[18.147997856140137,-1.9622851732543865]]],[[[18.148341178894043,-1.7832951735688738],[18.148856163024902,-1.7832951735688738],[18.148856163024902,-1.7827804387853092],[18.148341178894043,-1.7827804387853092],[18.148341178894043,-1.7832951735688738]]],[[[18.148362636566162,-1.7858902925758144],[18.149542808532715,-1.7856972673212255],[18.14866304397583,-1.7852254277246686],[18.148362636566162,-1.7858902925758144]]],[[[18.148856163024902,-1.7832951735688738],[18.149049282073975,-1.7839171445735929],[18.149499893188477,-1.7834667517980733],[18.148856163024902,-1.7832951735688738]]],[[[18.149800300598145,-1.7836383300112715],[18.15044403076172,-1.7838099082084682],[18.150250911712646,-1.783166489886483],[18.149800300598145,-1.7836383300112715]]],[[[18.15018653869629,-1.9603765592467113],[18.150358200073242,-1.9610199125262682],[18.150808811187744,-1.9605481201454324],[18.15018653869629,-1.9603765592467113]]],[[[18.150250911712646,-1.9666170756127315],[18.1508731842041,-1.9664455153370142],[18.1504225730896,-1.9659951695293074],[18.150250911712646,-1.9666170756127315]]],[[[18.150315284729004,-1.7850538496595334],[18.15119504928589,-1.7855256893001297],[18.151495456695557,-1.7848608243171213],[18.150315284729004,-1.7850538496595334]]],[[[18.150594234466553,-1.9617490459440603],[18.151237964630127,-1.9619420517955746],[18.151044845581055,-1.9612986988705785],[18.150594234466553,-1.9617490459440603]]],[[[18.15063714981079,-1.965394708263375],[18.151280879974365,-1.9655877136938358],[18.151087760925293,-1.9649443621722043],[18.15063714981079,-1.965394708263375]]],[[[18.151109218597412,-1.9602049983304113],[18.151731491088867,-1.9603765592467113],[18.151559829711914,-1.959733205719914],[18.151109218597412,-1.9602049983304113]]],[[[18.15115213394165,-1.7835096463528828],[18.151495456695557,-1.7848608243171213],[18.152525424957275,-1.7848608243171213],[18.152525424957275,-1.784324642704064],[18.152010440826416,-1.784324642704064],[18.151988983154297,-1.7832951735688738],[18.15115213394165,-1.7835096463528828]]],[[[18.152246475219727,-1.9593257483584097],[18.152482509613037,-1.9605266750340604],[18.15293312072754,-1.959625980108072],[18.152246475219727,-1.9593257483584097]]],[[[18.152740001678467,-1.9659308344040056],[18.153362274169922,-1.9661023947326441],[18.15319061279297,-1.9654590434093393],[18.152740001678467,-1.9659308344040056]]],[[[18.15319061279297,-1.9602049983304113],[18.153834342956543,-1.9603765592467113],[18.15364122390747,-1.959733205719914],[18.15319061279297,-1.9602049983304113]]],[[[18.153769969940186,-1.9657592740577456],[18.154242038726807,-1.9662096199290886],[18.15441370010376,-1.9655877136938358],[18.153769969940186,-1.9657592740577456]]],[[[18.15441370010376,-1.9655877136938358],[18.155035972595215,-1.965394708263375],[18.154585361480713,-1.9649443621722043],[18.15441370010376,-1.9655877136938358]]],[[[18.155357837677002,-1.968011002199006],[18.156001567840576,-1.9681825623137001],[18.155808448791504,-1.9675606568138875],[18.155357837677002,-1.968011002199006]]],[[[18.156859874725342,-1.9627998553105925],[18.157503604888916,-1.9629714159607943],[18.157310485839844,-1.9623495085200773],[18.156859874725342,-1.9627998553105925]]],[[[18.158082962036133,-1.9681825623137001],[18.158254623413086,-1.9688259125866523],[18.158726692199707,-1.9683755674216599],[18.158082962036133,-1.9681825623137001]]],[[[18.158082962036133,-1.9676678819166256],[18.158705234527588,-1.9674963217489534],[18.158254623413086,-1.9670245311968841],[18.158082962036133,-1.9676678819166256]]],[[[18.158276081085205,-1.8077663561998492],[18.159005641937256,-1.8083025309330623],[18.159005641937256,-1.8072516283069717],[18.158276081085205,-1.8077663561998492]]],[[[18.159005641937256,-1.8072516283069717],[18.1593918800354,-1.8072516283069717],[18.159070014953613,-1.8067154532634078],[18.159005641937256,-1.806565324222845],[18.159005641937256,-1.8072516283069717]]],[[[18.160014152526855,-1.965394708263375],[18.16065788269043,-1.9655877136938358],[18.160464763641357,-1.9649443621722043],[18.160014152526855,-1.965394708263375]]],[[[18.160550594329834,-1.9668100809018512],[18.161022663116455,-1.9672604264896023],[18.161194324493408,-1.9666170756127315],[18.160550594329834,-1.9668100809018512]]],[[[18.16065788269043,-1.9661023947326441],[18.161194324493408,-1.9661023947326441],[18.16117286682129,-1.9655877136938358],[18.16065788269043,-1.9655877136938358],[18.16065788269043,-1.9661023947326441]]],[[[18.161065578460693,-1.9648800270064157],[18.16168785095215,-1.9650730324963632],[18.161516189575195,-1.9644296807764619],[18.161065578460693,-1.9648800270064157]]],[[[18.161087036132812,-1.968011002199006],[18.161730766296387,-1.9681825623137001],[18.161537647247314,-1.9675606568138875],[18.161087036132812,-1.968011002199006]]],[[[18.161194324493408,-1.9666170756127315],[18.16243886947632,-1.9672389814643623],[18.162760734558105,-1.9666170756127315],[18.162052631378174,-1.966273955043647],[18.161194324493408,-1.9661023947326441],[18.161194324493408,-1.9666170756127315]]],[[[18.16261053085327,-1.9699196074806764],[18.163318634033203,-1.9702627272994704],[18.163704872131348,-1.9694692626112413],[18.163061141967773,-1.9685256824901671],[18.16261053085327,-1.9699196074806764]]],[[[18.16336154937744,-1.9754738508511736],[18.16364049911499,-1.9761386432158048],[18.16389799118042,-1.9754738508511736],[18.16336154937744,-1.9754738508511736]]],[[[18.164327144622803,-1.9671532013606878],[18.164842128753662,-1.9671532013606878],[18.164842128753662,-1.9666170756127315],[18.164327144622803,-1.9666170756127315],[18.164327144622803,-1.9671532013606878]]],[[[18.16490650177002,-1.972879013592518],[18.165550231933594,-1.9727074539616183],[18.165078163146973,-1.9722356648854173],[18.16490650177002,-1.972879013592518]]],[[[18.165292739868164,-1.971656650836323],[18.16593647003174,-1.9718282105755804],[18.165743350982666,-1.971206306436656],[18.165292739868164,-1.971656650836323]]],[[[18.165314197540283,-1.9737368114815723],[18.165957927703857,-1.9739083710062744],[18.165764808654785,-1.9732864676449964],[18.165314197540283,-1.9737368114815723]]],[[[18.165507316589355,-1.9705844020653984],[18.166236877441406,-1.9709704117024813],[18.16642999649048,-1.9692333676310625],[18.166086673736572,-1.9694049276199763],[18.165507316589355,-1.9705844020653984]]],[[[18.165807723999023,-1.9751950668771343],[18.166494369506836,-1.9754738508511736],[18.166279792785645,-1.9742943798721342],[18.165807723999023,-1.9751950668771343]]],[[[18.165829181671143,-1.9727074539616183],[18.166472911834717,-1.972879013592518],[18.166279792785645,-1.9722356648854173],[18.165829181671143,-1.9727074539616183]]],[[[18.16587209701538,-1.9761815330366375],[18.166322708129883,-1.9766318760885468],[18.166494369506836,-1.976009973746642],[18.16587209701538,-1.9761815330366375]]],[[[18.166322708129883,-1.9736510317125777],[18.167009353637695,-1.9739083710062744],[18.166987895965576,-1.973393692379048],[18.166322708129883,-1.9736510317125777]]],[[[18.16692352294922,-1.9671532013606878],[18.167438507080078,-1.9671532013606878],[18.167438507080078,-1.9666170756127315],[18.16692352294922,-1.9666170756127315],[18.16692352294922,-1.9671532013606878]]],[[[18.166987895965576,-1.973393692379048],[18.16763162612915,-1.97322213280124],[18.16715955734253,-1.9727503438709988],[18.166987895965576,-1.973393692379048]]],[[[18.167009353637695,-1.9739083710062744],[18.16718101501465,-1.9745517190662412],[18.16763162612915,-1.9741013754504024],[18.167009353637695,-1.9739083710062744]]],[[[18.16793203353882,-1.9735652519391635],[18.16838264465332,-1.9740370406381942],[18.168554306030273,-1.973393692379048],[18.16793203353882,-1.9735652519391635]]],[[[18.169219493865967,-2.000221102587574],[18.17035675048828,-2.000735772853915],[18.17136526107788,-2.0016793345893973],[18.172545433044434,-2.0021296706808016],[18.16960573196411,-1.9995777645276007],[18.16934823989868,-1.9994490968853427],[18.169219493865967,-2.000221102587574]]],[[[18.17164421081543,-1.9702627272994704],[18.172309398651123,-1.9700053874420007],[18.17164421081543,-1.9697480475447833],[18.17164421081543,-1.9702627272994704]]],[[[18.172202110290527,-1.972364334646727],[18.173232078552246,-1.972364334646727],[18.17336082458496,-1.9719783253329126],[18.173038959503174,-1.9714207561659833],[18.172202110290527,-1.972364334646727]]],[[[18.172545433044434,-2.0021296706808016],[18.173747062683105,-2.002580006648472],[18.17563533782959,-2.0030732316138966],[18.176257610321045,-2.003030342492366],[18.172545433044434,-2.0021296706808016]]],[[[18.173704147338867,-1.9459224905378534],[18.17413330078125,-1.9455364751309077],[18.174047470092773,-1.945407803308953],[18.17389726638794,-1.94542924861328],[18.173704147338867,-1.9459224905378534]]],[[[18.17488431930542,-1.8438827298982972],[18.17535638809204,-1.844333107633787],[18.175528049468994,-1.8437111573976495],[18.17488431930542,-1.8438827298982972]]],[[[18.177287578582764,-1.861940642810552],[18.17786693572998,-1.8617690720591753],[18.17786693572998,-1.8617261793687163],[18.177459239959717,-1.8612972524067715],[18.177287578582764,-1.861940642810552]]],[[[18.1788969039917,-2.0070190259884413],[18.181021213531494,-2.007962584102657],[18.17960500717163,-2.006568691241938],[18.178982734680176,-2.005946800197691],[18.1788969039917,-2.0070190259884413]]],[[[18.181557655334473,-1.8955681857103457],[18.182201385498047,-1.8953966182618558],[18.182287216186523,-1.8950963751860996],[18.181557655334473,-1.8955681857103457]]],[[[18.184926509857178,-1.9931872594497833],[18.185462951660156,-1.9931872594497833],[18.185184001922607,-1.9925224739387062],[18.184926509857178,-1.9931872594497833]]],[[[18.187201023101807,-1.87478695527048],[18.18784475326538,-1.8749585247502552],[18.18765163421631,-1.8743151391143869],[18.187201023101807,-1.87478695527048]]],[[[18.187737464904785,-1.8763525261498444],[18.18838119506836,-1.8765240954760998],[18.188188076019287,-1.8758807104158564],[18.187737464904785,-1.8763525261498444]]],[[[18.18859577178955,-1.875215878938377],[18.18889617919922,-1.8770388033538552],[18.189411163330078,-1.8770388033538552],[18.19014072418213,-1.875451786910915],[18.190269470214844,-1.8746797243370708],[18.19082736968994,-1.873328614013559],[18.190913200378418,-1.872942582301107],[18.190441131591797,-1.8730283671334433],[18.189539909362793,-1.8730927057549422],[18.18883180618286,-1.8730927057549422],[18.18859577178955,-1.875215878938377]]],[[[18.18913221359253,-1.996832852639045],[18.18964719772339,-1.9975405256742107],[18.190183639526367,-1.996832852639045],[18.18913221359253,-1.996832852639045]]],[[[18.19061279296875,-1.9890269844191266],[18.190805912017822,-1.9890269844191266],[18.190741539001465,-1.9884908657392657],[18.19061279296875,-1.9884908657392657],[18.19061279296875,-1.9890269844191266]]],[[[18.192050457000732,-2.0308222567821304],[18.192930221557617,-2.0317658010747977],[18.193359375,-2.0321089079536563],[18.1948184967041,-2.033288337293655],[18.193359375,-2.0318515778013477],[18.1923508644104,-2.0308437009767033],[18.192050457000732,-2.0300288213822597],[18.192050457000732,-2.0308222567821304]]],[[[18.210976123809814,-2.035883078806876],[18.211040496826172,-2.035904522934217],[18.211276531219482,-2.035797302294654],[18.211147785186768,-2.0358401905513404],[18.210976123809814,-2.035883078806876]]],[[[18.215954303741455,-2.0379202696299927],[18.216705322265625,-2.038499260235781],[18.217177391052246,-2.037276946490479],[18.215954303741455,-2.0379202696299927]]],[[[18.216168880462646,-2.0364191819048045],[18.2173490524292,-2.0362047406870403],[18.216447830200195,-2.0357329699074995],[18.216168880462646,-2.0364191819048045]]],[[[18.21709156036377,-2.0387137011480405],[18.217992782592773,-2.039185471054438],[18.218271732330322,-2.038499260235781],[18.21709156036377,-2.0387137011480405]]],[[[18.218271732330322,-2.038499260235781],[18.21878671646118,-2.038499260235781],[18.218529224395752,-2.037834493226228],[18.218271732330322,-2.038499260235781]]],[[[18.21983814239502,-2.038499260235781],[18.22035312652588,-2.038499260235781],[18.22035312652588,-2.037984601929807],[18.21983814239502,-2.037984601929807],[18.21983814239502,-2.038499260235781]]],[[[18.223485946655273,-2.084860715857502],[18.224022388458252,-2.084860715857502],[18.224000930786133,-2.084324629065563],[18.22453737258911,-2.084324629065563],[18.224515914916992,-2.083809985573552],[18.223485946655273,-2.083809985573552],[18.223485946655273,-2.084860715857502]]],[[[18.224515914916992,-2.093373749609327],[18.224987983703613,-2.0938240599325155],[18.225159645080566,-2.093180759431206],[18.224515914916992,-2.093373749609327]]],[[[18.224515914916992,-2.083809985573552],[18.22505235671997,-2.083809985573552],[18.22503089904785,-2.083295341913356],[18.224515914916992,-2.083295341913356],[18.224515914916992,-2.083809985573552]]],[[[18.22453737258911,-2.084860715857502],[18.22505235671997,-2.084860715857502],[18.22505235671997,-2.084324629065563],[18.22453737258911,-2.084324629065563],[18.22453737258911,-2.084860715857502]]],[[[18.224987983703613,-2.0883131104210975],[18.225631713867188,-2.088506101197794],[18.225438594818115,-2.0878627985166247],[18.224987983703613,-2.0883131104210975]]],[[[18.22503089904785,-2.083295341913356],[18.225674629211426,-2.083123793989259],[18.225202560424805,-2.0826520371016386],[18.22503089904785,-2.083295341913356]]],[[[18.22505235671997,-2.084324629065563],[18.225717544555664,-2.0840673073405895],[18.22505235671997,-2.083809985573552],[18.22505235671997,-2.084324629065563]]],[[[18.225138187408447,-2.0926661188401],[18.225159645080566,-2.093180759431206],[18.225674629211426,-2.093180759431206],[18.225674629211426,-2.0926661188401],[18.225138187408447,-2.0926661188401]]],[[[18.225481510162354,-2.086233097212684],[18.226125240325928,-2.0864260882447496],[18.225932121276855,-2.085782784712464],[18.225481510162354,-2.086233097212684]]],[[[18.225653171539307,-2.092151478080055],[18.225674629211426,-2.0926661188401],[18.227412700653076,-2.0924087984811877],[18.225653171539307,-2.092151478080055]]],[[[18.225910663604736,-2.0837242116418793],[18.226683139801025,-2.084539063804243],[18.227133750915527,-2.083809985573552],[18.226618766784668,-2.083809985573552],[18.22659730911255,-2.083295341913356],[18.225910663604736,-2.0837242116418793]]],[[[18.225996494293213,-2.085203811308517],[18.226618766784668,-2.0853753590059654],[18.226447105407715,-2.0847320550440855],[18.225996494293213,-2.085203811308517]]],[[[18.22603940963745,-2.0943172568047004],[18.22758436203003,-2.0935452964143764],[18.227756023406982,-2.093180759431206],[18.226382732391357,-2.093373749609327],[18.22603940963745,-2.0943172568047004]]],[[[18.22659730911255,-2.083295341913356],[18.227133750915527,-2.083295341913356],[18.227112293243408,-2.0827806980850028],[18.22659730911255,-2.0827806980850028],[18.22659730911255,-2.083295341913356]]],[[[18.226747512817383,-2.095796846489577],[18.227391242980957,-2.095603856609955],[18.226919174194336,-2.095153546798329],[18.226747512817383,-2.095796846489577]]],[[[18.22683334350586,-2.090307347303522],[18.22754144668579,-2.091808384146219],[18.227756023406982,-2.093180759431206],[18.228721618652344,-2.0930092125862814],[18.22809934616089,-2.0919370443802023],[18.2287859916687,-2.09161539377547],[18.229386806488037,-2.090371677483361],[18.228764533996582,-2.0900714699548644],[18.22805643081665,-2.091293743104771],[18.227391242980957,-2.089342394289517],[18.22683334350586,-2.090307347303522]]],[[[18.22706937789917,-2.088849195853385],[18.227713108062744,-2.0890207431530854],[18.227519989013672,-2.0883774406826205],[18.22706937789917,-2.088849195853385]]],[[[18.227133750915527,-2.083809985573552],[18.227648735046387,-2.083809985573552],[18.227648735046387,-2.083295341913356],[18.227133750915527,-2.083295341913356],[18.227133750915527,-2.083809985573552]]],[[[18.227648735046387,-2.083295341913356],[18.228163719177246,-2.083295341913356],[18.228163719177246,-2.0827806980850028],[18.227648735046387,-2.0827806980850028],[18.227648735046387,-2.083295341913356]]],[[[18.22809934616089,-2.0897927057698524],[18.228764533996582,-2.0900714699548644],[18.228764533996582,-2.089535384939751],[18.22809934616089,-2.0897927057698524]]],[[[18.228163719177246,-2.083295341913356],[18.22835683822632,-2.0839172029816098],[18.22880744934082,-2.083466889818766],[18.228163719177246,-2.083295341913356]]],[[[18.228185176849365,-2.095089216814685],[18.22882890701294,-2.095260763431895],[18.228635787963867,-2.0946389068550815],[18.228185176849365,-2.095089216814685]]],[[[18.228206634521484,-2.097169218280712],[18.22885036468506,-2.097362207967322],[18.228657245635986,-2.0967189089193994],[18.228206634521484,-2.097169218280712]]],[[[18.228206634521484,-2.096139939550156],[18.22882890701294,-2.0963114860522722],[18.228657245635986,-2.0956681865724676],[18.228206634521484,-2.096139939550156]]],[[[18.22835683822632,-2.0999568447748658],[18.228871822357178,-2.0999568447748658],[18.228871822357178,-2.099442206411595],[18.229386806488037,-2.099442206411595],[18.229386806488037,-2.0989275678788744],[18.22835683822632,-2.0989275678788744],[18.22835683822632,-2.0999568447748658]]],[[[18.22859287261963,-2.0846677246334337],[18.229236602783203,-2.084860715857502],[18.22904348373413,-2.084217411685273],[18.22859287261963,-2.0846677246334337]]],[[[18.228764533996582,-2.089535384939751],[18.2297945022583,-2.089535384939751],[18.22927951812744,-2.0888063090255287],[18.228764533996582,-2.089535384939751]]],[[[18.2287859916687,-2.09161539377547],[18.228979110717773,-2.0922586949189963],[18.229429721832275,-2.091808384146219],[18.2287859916687,-2.09161539377547]]],[[[18.22908639907837,-2.083123793989259],[18.229730129241943,-2.083295341913356],[18.22953701019287,-2.0826520371016386],[18.22908639907837,-2.083123793989259]]],[[[18.229129314422607,-2.086769183354363],[18.22977304458618,-2.0869407308811105],[18.22957992553711,-2.0862974275593302],[18.229129314422607,-2.086769183354363]]],[[[18.229150772094727,-2.093609626461415],[18.230373859405518,-2.0942314834467766],[18.23078155517578,-2.0933951929609833],[18.22953701019287,-2.092773335643841],[18.229150772094727,-2.093609626461415]]],[[[18.229150772094727,-2.0883131104210975],[18.2297945022583,-2.088506101197794],[18.22960138320923,-2.0878627985166247],[18.229150772094727,-2.0883131104210975]]],[[[18.229236602783203,-2.084860715857502],[18.229429721832275,-2.085804228167788],[18.230009078979492,-2.0855040197667876],[18.23054552078247,-2.0857613412568554],[18.23131799697876,-2.0853753590059654],[18.23131799697876,-2.084860715857502],[18.229236602783203,-2.084860715857502]]],[[[18.229258060455322,-2.098219939619753],[18.229901790618896,-2.0983914858937993],[18.229708671569824,-2.097769630560876],[18.229258060455322,-2.098219939619753]]],[[[18.229386806488037,-2.099442206411595],[18.229408264160156,-2.0999568447748658],[18.23007345199585,-2.0996995256144118],[18.229386806488037,-2.099442206411595]]],[[[18.229751586914062,-2.0949391135091844],[18.230223655700684,-2.0953894233824713],[18.230373859405518,-2.094746123523862],[18.229751586914062,-2.0949391135091844]]],[[[18.22977304458618,-2.097169218280712],[18.230416774749756,-2.097362207967322],[18.230223655700684,-2.0967189089193994],[18.22977304458618,-2.097169218280712]]],[[[18.2297945022583,-2.0909292055982576],[18.230202198028564,-2.0919156010086084],[18.231918811798096,-2.092151478080055],[18.231661319732666,-2.0917011672765113],[18.2297945022583,-2.0909292055982576]]],[[[18.2297945022583,-2.089535384939751],[18.229987621307373,-2.0901786869359285],[18.230438232421875,-2.089728375566281],[18.2297945022583,-2.089535384939751]]],[[[18.230137825012207,-2.087240939007856],[18.23133945465088,-2.087455373349016],[18.23106050491333,-2.0867906267962297],[18.230137825012207,-2.087240939007856]]],[[[18.23033094406128,-2.0992706602528415],[18.230953216552734,-2.099442206411595],[18.23078155517578,-2.0987989082192087],[18.23033094406128,-2.0992706602528415]]],[[[18.230373859405518,-2.094746123523862],[18.23103904724121,-2.094488803506451],[18.230373859405518,-2.0942314834467766],[18.230373859405518,-2.094746123523862]]],[[[18.230652809143066,-2.083123793989259],[18.23129653930664,-2.083295341913356],[18.23110342025757,-2.0826520371016386],[18.230652809143066,-2.083123793989259]]],[[[18.230674266815186,-2.088248780156931],[18.231360912322998,-2.088506101197794],[18.23133945465088,-2.0879700156484233],[18.230674266815186,-2.088248780156931]]],[[[18.23082447052002,-2.0970191151746747],[18.23127508163452,-2.0974694244495993],[18.231446743011475,-2.0968261254457445],[18.23082447052002,-2.0970191151746747]]],[[[18.23127508163452,-2.0948747835167296],[18.232219219207764,-2.0954537533537945],[18.232455253601074,-2.0942314834467766],[18.23127508163452,-2.0948747835167296]]],[[[18.23131799697876,-2.0853753590059654],[18.23204755783081,-2.086747739912198],[18.23305606842041,-2.087133721826305],[18.23251962661743,-2.085611237059439],[18.233249187469482,-2.084603394220153],[18.23254108428955,-2.083616994220691],[18.23202610015869,-2.081536974805843],[18.231639862060547,-2.0851823678450216],[18.23131799697876,-2.0853753590059654]]],[[[18.23133945465088,-2.0879700156484233],[18.232004642486572,-2.08771269451978],[18.23133945465088,-2.087455373349016],[18.23133945465088,-2.0879700156484233]]],[[[18.231360912322998,-2.088506101197794],[18.23155403137207,-2.0910149791368298],[18.232755661010742,-2.090414564268471],[18.232927322387695,-2.089535384939751],[18.23176860809326,-2.089385281102736],[18.23251962661743,-2.0886562051188378],[18.231360912322998,-2.088506101197794]]],[[[18.231446743011475,-2.0968261254457445],[18.232691287994385,-2.0964830325355592],[18.23179006576538,-2.0955609699667974],[18.231446743011475,-2.0968261254457445]]],[[[18.231618404388428,-2.3634928178896217],[18.232154846191406,-2.3634928178896217],[18.232133388519287,-2.362978271755665],[18.231618404388428,-2.362978271755665],[18.231618404388428,-2.3634928178896217]]],[[[18.232390880584717,-2.0980483933268914],[18.232862949371338,-2.098520145586974],[18.23303461074829,-2.097876847015229],[18.232390880584717,-2.0980483933268914]]],[[[18.232412338256836,-2.0997852986726],[18.23305606842041,-2.0999568447748658],[18.232862949371338,-2.099313546794292],[18.232412338256836,-2.0997852986726]]],[[[18.232455253601074,-2.0942314834467766],[18.23309898376465,-2.094059936716846],[18.232626914978027,-2.0935881831127006],[18.232455253601074,-2.0942314834467766]]],[[[18.232734203338623,-2.08258770660602],[18.233377933502197,-2.0827806980850028],[18.233184814453125,-2.0821373930631495],[18.232734203338623,-2.08258770660602]]],[[[18.23279857635498,-2.0877984682340127],[18.233442306518555,-2.0879700156484233],[18.233249187469482,-2.087348156182088],[18.23279857635498,-2.0877984682340127]]],[[[18.23284149169922,-2.0924945719388433],[18.233485221862793,-2.0926661188401],[18.23329210281372,-2.092022817863679],[18.23284149169922,-2.0924945719388433]]],[[[18.232927322387695,-2.089535384939751],[18.2332706451416,-2.0897069321645034],[18.233721256256104,-2.090586111397144],[18.234493732452393,-2.0890207431530854],[18.232927322387695,-2.0890207431530854],[18.232927322387695,-2.089535384939751]]],[[[18.23303461074829,-2.097876847015229],[18.23354959487915,-2.097876847015229],[18.2332706451416,-2.0972121048798016],[18.23303461074829,-2.097876847015229]]],[[[18.233227729797363,-2.081022330403272],[18.233871459960938,-2.0812153220739162],[18.233678340911865,-2.080572016413228],[18.233227729797363,-2.081022330403272]]],[[[18.23331356048584,-2.07859921075125],[18.23359251022339,-2.0792639607606986],[18.23385000228882,-2.07859921075125],[18.23331356048584,-2.07859921075125]]],[[[18.233356475830078,-2.094488803506451],[18.23402166366577,-2.094746123523862],[18.23402166366577,-2.0942314834467766],[18.233356475830078,-2.094488803506451]]],[[[18.233377933502197,-2.0827806980850028],[18.23354959487915,-2.083402559356429],[18.234000205993652,-2.0829522460464744],[18.233377933502197,-2.0827806980850028]]],[[[18.233485221862793,-2.102379931456781],[18.234128952026367,-2.102572920499867],[18.233935832977295,-2.101929623596817],[18.233485221862793,-2.102379931456781]]],[[[18.233485221862793,-2.0926661188401],[18.233678340911865,-2.0933094195525968],[18.234128952026367,-2.09283766572257],[18.233485221862793,-2.0926661188401]]],[[[18.23354959487915,-2.097876847015229],[18.233742713928223,-2.098520145586974],[18.234193325042725,-2.0980483933268914],[18.23354959487915,-2.097876847015229]]],[[[18.233656883239746,-2.107762172480477],[18.23385000228882,-2.1084054669763646],[18.23430061340332,-2.107955160857159],[18.233656883239746,-2.107762172480477]]],[[[18.233764171600342,-2.0820730625465274],[18.234407901763916,-2.082244610585036],[18.234214782714844,-2.081622748856617],[18.233764171600342,-2.0820730625465274]]],[[[18.23378562927246,-2.0861473234130727],[18.234450817108154,-2.0864260882447496],[18.234450817108154,-2.0858900019861153],[18.23378562927246,-2.0861473234130727]]],[[[18.233957290649414,-2.1006859154993407],[18.234858512878418,-2.101157666963246],[18.235137462615967,-2.1004714829686293],[18.233957290649414,-2.1006859154993407]]],[[[18.233978748321533,-2.0992706602528415],[18.23460102081299,-2.099442206411595],[18.234429359436035,-2.0987989082192087],[18.233978748321533,-2.0992706602528415]]],[[[18.23402166366577,-2.094746123523862],[18.234214782714844,-2.095089216814685],[18.235352039337158,-2.0954537533537945],[18.235759735107422,-2.0936310698098595],[18.23453664779663,-2.0942314834467766],[18.23455810546875,-2.094746123523862],[18.23402166366577,-2.094746123523862]]],[[[18.23402166366577,-2.0942314834467766],[18.23453664779663,-2.0942314834467766],[18.2342791557312,-2.0935667397636877],[18.23402166366577,-2.0942314834467766]]],[[[18.234386444091797,-2.0902430171210398],[18.234858512878418,-2.0906933283430504],[18.23503017425537,-2.0900714699548644],[18.234386444091797,-2.0902430171210398]]],[[[18.234450817108154,-2.0864260882447496],[18.234643936157227,-2.0870479480758064],[18.23509454727173,-2.086597635808914],[18.234450817108154,-2.0864260882447496]]],[[[18.234450817108154,-2.0858900019861153],[18.23509454727173,-2.0857184543447715],[18.234622478485107,-2.085268141697256],[18.234450817108154,-2.0858900019861153]]],[[[18.234472274780273,-2.097705300684737],[18.235116004943848,-2.097876847015229],[18.234922885894775,-2.097233548178906],[18.234472274780273,-2.097705300684737]]],[[[18.234493732452393,-2.0890207431530854],[18.235008716583252,-2.0890207431530854],[18.23503017425537,-2.0900714699548644],[18.235716819763184,-2.089513941535344],[18.23505163192749,-2.088270223578604],[18.234493732452393,-2.0890207431530854]]],[[[18.23455810546875,-2.10808381976166],[18.235759735107422,-2.1082982512455146],[18.235459327697754,-2.107633513549402],[18.23455810546875,-2.10808381976166]]],[[[18.234622478485107,-2.1096706120424784],[18.235244750976562,-2.1098636001824502],[18.23507308959961,-2.1092203062894015],[18.234622478485107,-2.1096706120424784]]],[[[18.234729766845703,-2.084281742114314],[18.235480785369873,-2.084860715857502],[18.235952854156494,-2.083638437705517],[18.234729766845703,-2.084281742114314]]],[[[18.235116004943848,-2.0983914858937993],[18.236167430877686,-2.0983914858937993],[18.236145973205566,-2.097876847015229],[18.235116004943848,-2.097876847015229],[18.235116004943848,-2.0983914858937993]]],[[[18.235137462615967,-2.1004714829686293],[18.23578119277954,-2.1002999369228803],[18.23530912399292,-2.099849628463147],[18.235137462615967,-2.1004714829686293]]],[[[18.235201835632324,-2.1056821851249623],[18.2358455657959,-2.1055106396520813],[18.235373497009277,-2.105060332695942],[18.235201835632324,-2.1056821851249623]]],[[[18.235394954681396,-2.086769183354363],[18.23601722717285,-2.0869407308811105],[18.2358455657959,-2.0862974275593302],[18.235394954681396,-2.086769183354363]]],[[[18.235459327697754,-2.0930092125862814],[18.236103057861328,-2.093180759431206],[18.235909938812256,-2.092558902029012],[18.235459327697754,-2.0930092125862814]]],[[[18.235630989074707,-2.107075991391895],[18.23601990938985,-2.1071832072069014],[18.23601722717285,-2.1071832072069014],[18.236253261566162,-2.107247536692384],[18.236253261566162,-2.1071832072069014],[18.23623550349586,-2.1071832072069014],[18.23608160018921,-2.106625684888172],[18.235630989074707,-2.107075991391895]]],[[[18.235716819763184,-2.365936909420654],[18.236360549926758,-2.3661084244541115],[18.236167430877686,-2.3654652429692646],[18.235716819763184,-2.365936909420654]]],[[[18.236103057861328,-2.1096491689143306],[18.23734760284424,-2.1103782351053155],[18.23732614517212,-2.1098636001824502],[18.237862586975098,-2.1098636001824502],[18.237476348876953,-2.1092203062894015],[18.236103057861328,-2.1096491689143306]]],[[[18.236167430877686,-2.0983914858937993],[18.23633909225464,-2.0990347842538313],[18.23678970336914,-2.098584475429604],[18.236167430877686,-2.0983914858937993]]],[[[18.236446380615234,-2.0972978780744285],[18.237197399139404,-2.097876847015229],[18.237175941467285,-2.0968261254457445],[18.237712383270264,-2.0968261254457445],[18.237133026123047,-2.0961184962360875],[18.236446380615234,-2.0972978780744285]]],[[[18.236660957336426,-2.1065613553770106],[18.2373046875,-2.106732900734187],[18.237111568450928,-2.1060896055473535],[18.236660957336426,-2.1065613553770106]]],[[[18.236854076385498,-2.365057894541266],[18.23704719543457,-2.365701076215018],[18.237497806549072,-2.365250849074698],[18.236854076385498,-2.365057894541266]]],[[[18.236875534057617,-2.115052827848885],[18.23706865310669,-2.1156961193264294],[18.23751926422119,-2.1152458153201508],[18.236875534057617,-2.115052827848885]]],[[[18.237111568450928,-2.101350656157436],[18.237755298614502,-2.1015222020877786],[18.23758363723755,-2.100878904751795],[18.237111568450928,-2.101350656157436]]],[[[18.237197399139404,-2.097876847015229],[18.237454891204834,-2.0985415888681445],[18.237712383270264,-2.097876847015229],[18.237197399139404,-2.097876847015229]]],[[[18.2373046875,-2.36835955730119],[18.23777675628662,-2.368831222767639],[18.237948417663574,-2.3681880425462793],[18.2373046875,-2.36835955730119]]],[[[18.23734760284424,-2.111407504439981],[18.237884044647217,-2.111407504439981],[18.237862586975098,-2.1103782351053155],[18.23734760284424,-2.1103782351053155],[18.23734760284424,-2.111407504439981]]],[[[18.237712383270264,-2.107075991391895],[18.238114714630758,-2.1071832072069014],[18.238098621368408,-2.1071832072069014],[18.238356113433838,-2.107247536692384],[18.238162994384766,-2.106625684888172],[18.237712383270264,-2.107075991391895]]],[[[18.237712383270264,-2.097876847015229],[18.238227367401123,-2.097876847015229],[18.238227367401123,-2.0968261254457445],[18.237712383270264,-2.0968261254457445],[18.237712383270264,-2.097876847015229]]],[[[18.237755298614502,-2.1015222020877786],[18.23777675628662,-2.102572920499867],[18.23829174041748,-2.102572920499867],[18.23827028274536,-2.1015222020877786],[18.237755298614502,-2.1015222020877786]]],[[[18.237862586975098,-2.1103782351053155],[18.239128589630127,-2.1110000854098274],[18.239707946777344,-2.1098207139311995],[18.239943981170654,-2.110614109388038],[18.23994612699207,-2.110614109388038],[18.240158557891846,-2.1113217320214517],[18.240995407104492,-2.1108928698578353],[18.240115642547607,-2.109155976885475],[18.24007272720337,-2.108898659243124],[18.239901065826416,-2.107247536692384],[18.237862586975098,-2.1077836156346166],[18.238120079040527,-2.108898659243124],[18.23829174041748,-2.109563396398812],[18.237862586975098,-2.1098636001824502],[18.237862586975098,-2.1103782351053155]]],[[[18.237884044647217,-2.3640288032430163],[18.237905502319336,-2.3655938792901026],[18.238441944122314,-2.3655938792901026],[18.238420486450195,-2.3640288032430163],[18.237884044647217,-2.3640288032430163]]],[[[18.237884044647217,-2.111407504439981],[18.23805570602417,-2.1120507974280116],[18.238506317138672,-2.111600492364346],[18.237884044647217,-2.111407504439981]]],[[[18.237948417663574,-2.3681880425462793],[18.238463401794434,-2.3681880425462793],[18.238463401794434,-2.3676734981542182],[18.237948417663574,-2.3676734981542182],[18.237948417663574,-2.3681880425462793]]],[[[18.238227367401123,-2.0968261254457445],[18.238742351531982,-2.0968261254457445],[18.238742351531982,-2.0963114860522722],[18.238227367401123,-2.0963114860522722],[18.238227367401123,-2.0968261254457445]]],[[[18.23829174041748,-2.102572920499867],[18.238484859466553,-2.103194773920748],[18.238935470581055,-2.1027444662959027],[18.23829174041748,-2.102572920499867]]],[[[18.238463401794434,-2.3687025867472613],[18.238699436187744,-2.3690027374428837],[18.24056625366211,-2.36975311389736],[18.24056625366211,-2.3687025867472613],[18.238463401794434,-2.3687025867472613]]],[[[18.238699436187744,-2.101865293891933],[18.2393217086792,-2.102036839765745],[18.239150047302246,-2.1014149858835225],[18.238699436187744,-2.101865293891933]]],[[[18.238742351531982,-2.0963114860522722],[18.239257335662842,-2.0963114860522722],[18.239257335662842,-2.095796846489577],[18.238742351531982,-2.095796846489577],[18.238742351531982,-2.0963114860522722]]],[[[18.23934316635132,-2.1122866714568715],[18.239965438842773,-2.1124582161826595],[18.23979377746582,-2.111814923363312],[18.23934316635132,-2.1122866714568715]]],[[[18.239386081695557,-2.1159319928013645],[18.24000835418701,-2.116103537124218],[18.23983669281006,-2.1154602458156404],[18.239386081695557,-2.1159319928013645]]],[[[18.239729404449463,-2.102229828851236],[18.240201473236084,-2.102680136624585],[18.240373134613037,-2.102036839765745],[18.239729404449463,-2.102229828851236]]],[[[18.239858150482178,-2.113315939527311],[18.240501880645752,-2.113508927214582],[18.2403302192688,-2.1128656348304276],[18.239858150482178,-2.113315939527311]]],[[[18.239901065826416,-2.107247536692384],[18.240158557891846,-2.1071832072069014],[18.240142464629496,-2.1071832072069014],[18.24054479598999,-2.107075991391895],[18.24007272720337,-2.106625684888172],[18.239901065826416,-2.107247536692384]]],[[[18.240222930908203,-2.0992706602528415],[18.240866661071777,-2.099442206411595],[18.240673542022705,-2.0987989082192087],[18.240222930908203,-2.0992706602528415]]],[[[18.240480422973633,-2.3624637254310272],[18.240501880645752,-2.3645433489875387],[18.24155330657959,-2.3645433489875387],[18.2417893409729,-2.363878727364934],[18.24206829071045,-2.3645433489875387],[18.24258327484131,-2.3645433489875387],[18.24256181716919,-2.3624637254310272],[18.240480422973633,-2.3624637254310272]]],[[[18.240630626678467,-2.373612186379205],[18.24101686477661,-2.373890896752613],[18.241145610809326,-2.3739123360097807],[18.240952491760254,-2.3732905974169967],[18.240630626678467,-2.373612186379205]]],[[[18.24075937271118,-2.103344876433482],[18.241424560546875,-2.103602194993144],[18.241424560546875,-2.103087557831387],[18.24075937271118,-2.103344876433482]]],[[[18.24080228805542,-2.108512682699825],[18.241488933563232,-2.1088128866862235],[18.24127435684204,-2.107633513549402],[18.24080228805542,-2.108512682699825]]],[[[18.240973949432373,-2.1180119664358017],[18.241596221923828,-2.1181835105284534],[18.241424560546875,-2.117561663102194],[18.240973949432373,-2.1180119664358017]]],[[[18.240995407104492,-2.1211426431353573],[18.241639137268066,-2.1213141868810794],[18.241446018218994,-2.1206708977364883],[18.240995407104492,-2.1211426431353573]]],[[[18.241145610809326,-2.3739123360097807],[18.241209983825684,-2.373998093035098],[18.24131727218628,-2.374083850055129],[18.241337013265344,-2.374083850055129],[18.242003917694092,-2.374534074322881],[18.243956565856934,-2.3741481678166423],[18.241145610809326,-2.3739123360097807]]],[[[18.241381645202637,-2.1096706120424784],[18.24202537536621,-2.1098636001824502],[18.24183225631714,-2.1092203062894015],[18.241381645202637,-2.1096706120424784]]],[[[18.241596221923828,-2.1181835105284534],[18.2417893409729,-2.1188268007067137],[18.242239952087402,-2.1183764976099866],[18.241596221923828,-2.1181835105284534]]],[[[18.241724967956543,-2.097083445079022],[18.242411613464355,-2.097362207967322],[18.242390155792236,-2.0968261254457445],[18.241724967956543,-2.097083445079022]]],[[[18.241853713989258,-2.108512682699825],[18.24254035949707,-2.1088128866862235],[18.24230432510376,-2.107633513549402],[18.241853713989258,-2.108512682699825]]],[[[18.242003917694092,-2.1200061653394613],[18.242669105529785,-2.1202634811399292],[18.242669105529785,-2.1197488494962187],[18.242003917694092,-2.1200061653394613]]],[[[18.242669105529785,-2.1202634811399292],[18.242862224578857,-2.1209067704538995],[18.24331283569336,-2.1204564679621996],[18.242669105529785,-2.1202634811399292]]],[[[18.242669105529785,-2.1197488494962187],[18.24382781982422,-2.1194915336102014],[18.24331283569336,-2.1185265986567714],[18.242669105529785,-2.1197488494962187]]],[[[18.243441581726074,-2.107075991391895],[18.24408531188965,-2.107247536692384],[18.243892192840576,-2.106625684888172],[18.243441581726074,-2.107075991391895]]],[[[18.243463039398193,-2.1105926662729075],[18.24350595474243,-2.110614109388038],[18.24350595474835,-2.110614109388038],[18.244364261627197,-2.1110429716285637],[18.244643211364746,-2.1103782351053155],[18.243463039398193,-2.1105926662729075]]],[[[18.243591785430908,-2.3755845970437264],[18.243741989135742,-2.375691793194804],[18.2448148727417,-2.375991942373574],[18.244450092315674,-2.3747484667797636],[18.243591785430908,-2.3755845970437264]]],[[[18.243935108184814,-2.1053390941603283],[18.244407176971436,-2.105810844217217],[18.24457883834839,-2.105167548649689],[18.243935108184814,-2.1053390941603283]]],[[[18.244106769561768,-2.1185265986567714],[18.244729042053223,-2.1187195856955583],[18.24455738067627,-2.118076295472761],[18.244106769561768,-2.1185265986567714]]],[[[18.24451446533203,-2.109155976885475],[18.245136737823486,-2.109327521956729],[18.24502944946289,-2.108898659243124],[18.244965076446533,-2.10870567098344],[18.24451446533203,-2.109155976885475]]],[[[18.24457883834839,-2.105167548649689],[18.245093822479248,-2.105167548649689],[18.24483633041382,-2.1045028096176424],[18.24457883834839,-2.105167548649689]]],[[[18.244643211364746,-2.1103782351053155],[18.245158195495605,-2.1103782351053155],[18.244900703430176,-2.1097134982978787],[18.244643211364746,-2.1103782351053155]]],[[[18.24477195739746,-2.371832726516786],[18.245437145233154,-2.37157545502194],[18.24477195739746,-2.3713181834792607],[18.24477195739746,-2.371832726516786]]],[[[18.24479341506958,-2.3733977937460367],[18.245136737823486,-2.374083850055129],[18.24515104298262,-2.374083850055129],[18.24532985687256,-2.374426878081948],[18.246381282806396,-2.3749628592033787],[18.246381282806396,-2.375348765482059],[18.246467113494873,-2.374469756579316],[18.246681690216064,-2.3733549152154154],[18.246638774871826,-2.372947569108149],[18.24479341506958,-2.3733977937460367]]],[[[18.245093822479248,-2.118505155650979],[18.24629545211792,-2.1187195856955583],[18.24601650238037,-2.1180548524607303],[18.245093822479248,-2.118505155650979]]],[[[18.245093822479248,-2.105167548649689],[18.24528694152832,-2.105810844217217],[18.245737552642822,-2.1053390941603283],[18.245093822479248,-2.105167548649689]]],[[[18.245115280151367,-2.1169612584538413],[18.24575901031494,-2.1171542456876153],[18.24556589126587,-2.11651095481497],[18.245115280151367,-2.1169612584538413]]],[[[18.245158195495605,-2.1206065688073323],[18.24580192565918,-2.1207995555868138],[18.245608806610107,-2.120156266228264],[18.245158195495605,-2.1206065688073323]]],[[[18.245158195495605,-2.1103782351053155],[18.245222568511963,-2.110614109388038],[18.24522900582288,-2.110614109388038],[18.245351314544678,-2.1110215285193448],[18.24580192565918,-2.110549780041751],[18.245158195495605,-2.1103782351053155]]],[[[18.24558734893799,-2.1158247775899355],[18.2462739944458,-2.116103537124218],[18.24603796005249,-2.1149241695213448],[18.24558734893799,-2.1158247775899355]]],[[[18.245608806610107,-2.113315939527311],[18.246231079101562,-2.113508927214582],[18.24605941772461,-2.1128656348304276],[18.245608806610107,-2.113315939527311]]],[[[18.245694637298584,-2.1221719053243646],[18.246338367462158,-2.122364891908532],[18.246166706085205,-2.121721603200953],[18.245694637298584,-2.1221719053243646]]],[[[18.24655294418335,-2.1155245749585134],[18.24730396270752,-2.116103537124218],[18.24777603149414,-2.114881283409815],[18.24655294418335,-2.1155245749585134]]],[[[18.247711658477783,-2.1162750814280997],[18.248183727264404,-2.1167468281659296],[18.248355388641357,-2.116103537124218],[18.247711658477783,-2.1162750814280997]]],[[[18.24777603149414,-2.1200919372777065],[18.248398303985596,-2.1202634811399292],[18.248226642608643,-2.1196416345488984],[18.24777603149414,-2.1200919372777065]]],[[[18.24826955795288,-2.1190412307067703],[18.248913288116455,-2.1192342176814236],[18.248720169067383,-2.118590927672372],[18.24826955795288,-2.1190412307067703]]],[[[18.248355388641357,-2.116103537124218],[18.248870372772217,-2.116103537124218],[18.248870372772217,-2.1155889040987006],[18.248355388641357,-2.1155889040987006],[18.248355388641357,-2.116103537124218]]],[[[18.248462677001953,-2.0934380796634144],[18.249127864837646,-2.0937168432006388],[18.249127864837646,-2.093180759431206],[18.248462677001953,-2.0934380796634144]]],[[[18.24878454208374,-2.0918512708920503],[18.249385356903076,-2.0919156010086084],[18.249707221984863,-2.091165082818023],[18.248848915100098,-2.0910364225207303],[18.24878454208374,-2.0918512708920503]]],[[[18.24882745742798,-2.1211426431353573],[18.249449729919434,-2.1213141868810794],[18.24927806854248,-2.1206708977364883],[18.24882745742798,-2.1211426431353573]]],[[[18.249127864837646,-2.0937168432006388],[18.249149322509766,-2.0942314834467766],[18.249664306640625,-2.0942314834467766],[18.249664306640625,-2.0937168432006388],[18.249127864837646,-2.0937168432006388]]],[[[18.249127864837646,-2.093180759431206],[18.24977159500122,-2.0930092125862814],[18.2492995262146,-2.092558902029012],[18.249127864837646,-2.093180759431206]]],[[[18.249342441558838,-2.3624637254310272],[18.24951410293579,-2.3630854688826304],[18.249964714050293,-2.362635240893752],[18.249342441558838,-2.3624637254310272]]],[[[18.249449729919434,-2.1213141868810794],[18.249728679656982,-2.122472106667118],[18.250694274902344,-2.1219789187160956],[18.249449729919434,-2.1213141868810794]]],[[[18.24953556060791,-2.128604778469594],[18.24955701828003,-2.129119407162605],[18.25007200241089,-2.129119407162605],[18.25007200241089,-2.128604778469594],[18.24953556060791,-2.128604778469594]]],[[[18.24957847595215,-2.1169612584538413],[18.249621391296387,-2.1199203933964696],[18.250114917755127,-2.1188911297098514],[18.25099468231201,-2.1187195856955583],[18.25080156326294,-2.1183550546021195],[18.250114917755127,-2.1180119664358017],[18.24957847595215,-2.1169612584538413]]],[[[18.24979305267334,-2.1200704942935857],[18.25082302093506,-2.1215071735722972],[18.25103759765625,-2.1228795226818846],[18.251359462738037,-2.1226865361619645],[18.251724243164062,-2.1207995555868138],[18.24979305267334,-2.1200704942935857]]],[[[18.249835968017578,-2.1082982512455146],[18.25007200241089,-2.108898659243124],[18.250093460083008,-2.1089629886577086],[18.250114917755127,-2.108898659243124],[18.250350952148438,-2.1082982512455146],[18.249835968017578,-2.1082982512455146]]],[[[18.249857425689697,-2.1230939521202146],[18.2507586479187,-2.1235442538438605],[18.25103759765625,-2.1228795226818846],[18.249857425689697,-2.1230939521202146]]],[[[18.249921798706055,-2.125302573603136],[18.25054407119751,-2.125474116887105],[18.250372409820557,-2.1248522723920615],[18.249921798706055,-2.125302573603136]]],[[[18.25000762939453,-2.0935024097148727],[18.251209259033203,-2.0937168432006388],[18.250930309295654,-2.093052099299257],[18.25000762939453,-2.0935024097148727]]],[[[18.25005054473877,-2.1280901496047875],[18.25007200241089,-2.128604778469594],[18.250586986541748,-2.128604778469594],[18.250586986541748,-2.1280901496047875],[18.25005054473877,-2.1280901496047875]]],[[[18.250243663787842,-2.09144384675929],[18.251187801361084,-2.09161539377547],[18.251187801361084,-2.0912294129627043],[18.250350952148438,-2.0912294129627043],[18.250243663787842,-2.09144384675929]]],[[[18.25026512145996,-2.362806756335303],[18.250908851623535,-2.362978271755665],[18.250715732574463,-2.3623350888200747],[18.25026512145996,-2.362806756335303]]],[[[18.25032949447632,-2.1164466257130243],[18.250973224639893,-2.116618169978949],[18.25078010559082,-2.115996321924669],[18.25032949447632,-2.1164466257130243]]],[[[18.250415325164795,-2.1242518705730333],[18.25105905532837,-2.1244448568974548],[18.250865936279297,-2.123801569055601],[18.250415325164795,-2.1242518705730333]]],[[[18.2507586479187,-2.109155976885475],[18.251402378082275,-2.109327521956729],[18.25127363204956,-2.108898659243124],[18.251209259033203,-2.10870567098344],[18.2507586479187,-2.109155976885475]]],[[[18.25099468231201,-2.1187195856955583],[18.251166343688965,-2.119341432656938],[18.251638412475586,-2.1188911297098514],[18.25099468231201,-2.1187195856955583]]],[[[18.251187801361084,-2.09161539377547],[18.25153112411499,-2.0928591090815587],[18.25329065322876,-2.092151478080055],[18.25326919555664,-2.09161539377547],[18.252239227294922,-2.09161539377547],[18.251981735229492,-2.0923015816525066],[18.251724243164062,-2.09161539377547],[18.251187801361084,-2.09161539377547]]],[[[18.251209259033203,-2.0937168432006388],[18.251230716705322,-2.0942314834467766],[18.25174570083618,-2.0942314834467766],[18.25174570083618,-2.0937168432006388],[18.251209259033203,-2.0937168432006388]]],[[[18.251402378082275,-2.116317967501118],[18.25329065322876,-2.1157604484595254],[18.253870010375977,-2.1159319928013645],[18.254084587097168,-2.115052827848885],[18.25303316116333,-2.115052827848885],[18.25303316116333,-2.1145381944747754],[18.252196311950684,-2.114752625068064],[18.251402378082275,-2.116317967501118]]],[[[18.251702785491943,-2.091207969581447],[18.251724243164062,-2.09161539377547],[18.252239227294922,-2.09161539377547],[18.252239227294922,-2.091165082818023],[18.251702785491943,-2.091207969581447]]],[[[18.25174570083618,-2.094746123523862],[18.252410888671875,-2.094488803506451],[18.25174570083618,-2.0942314834467766],[18.25174570083618,-2.094746123523862]]],[[[18.25178861618042,-2.1084697964113275],[18.252239227294922,-2.108898659243124],[18.25226068496704,-2.1089201023816173],[18.25226068496704,-2.108898659243124],[18.252432346343994,-2.1082982512455146],[18.25178861618042,-2.1084697964113275]]],[[[18.251917362213135,-2.1185265986567714],[18.25256109237671,-2.1187195856955583],[18.252367973327637,-2.118076295472761],[18.251917362213135,-2.1185265986567714]]],[[[18.251938819885254,-2.1206065688073323],[18.252582550048828,-2.1207995555868138],[18.252389430999756,-2.120156266228264],[18.251938819885254,-2.1206065688073323]]],[[[18.252689838409424,-2.091100752670698],[18.25326919555664,-2.091100752670698],[18.25326919555664,-2.09161539377547],[18.254427909851074,-2.0918512708920503],[18.254857063293457,-2.0926661188401],[18.255157470703125,-2.0924302418460456],[18.255586624145508,-2.090736215119364],[18.25455665588379,-2.0908863188272306],[18.254406452178955,-2.0906933283430504],[18.253204822540283,-2.0910149791368298],[18.252689838409424,-2.091100752670698]]],[[[18.252925872802734,-2.1200704942935857],[18.254127502441406,-2.1202634811399292],[18.253848552703857,-2.1196201915585533],[18.252925872802734,-2.1200704942935857]]],[[[18.252947330474854,-2.117497334043861],[18.253591060638428,-2.1176688781934985],[18.253397941589355,-2.1170255875344424],[18.252947330474854,-2.117497334043861]]],[[[18.25301170349121,-2.113508927214582],[18.25303316116333,-2.1145381944747754],[18.25406312942505,-2.1145381944747754],[18.25406312942505,-2.1140235609299936],[18.25354814529419,-2.1140235609299936],[18.25352668762207,-2.113508927214582],[18.25301170349121,-2.113508927214582]]],[[[18.253183364868164,-2.094960556839439],[18.254084587097168,-2.0954323100303185],[18.254363536834717,-2.094746123523862],[18.253183364868164,-2.094960556839439]]],[[[18.25329065322876,-2.092151478080055],[18.25374126434326,-2.0938026165867285],[18.254342079162598,-2.0942314834467766],[18.254342079162598,-2.093180759431206],[18.254857063293457,-2.093180759431206],[18.254857063293457,-2.0926661188401],[18.253977298736572,-2.0924945719388433],[18.25329065322876,-2.092151478080055]]],[[[18.253376483917236,-2.110206690149951],[18.25402021408081,-2.1103782351053155],[18.25382709503174,-2.109734941425131],[18.253376483917236,-2.110206690149951]]],[[[18.253440856933594,-2.106218264605971],[18.25500726699829,-2.106218264605971],[18.25502872467041,-2.106732900734187],[18.255715370178223,-2.106389810000934],[18.25657367706299,-2.106218264605971],[18.25657367706299,-2.106732900734187],[18.25753927230835,-2.106925889238454],[18.257413325033053,-2.1071832072069014],[18.257410526275635,-2.1071832072069014],[18.25657367706299,-2.108898659243124],[18.25650930404663,-2.1090273180696215],[18.257131576538086,-2.109327521956729],[18.257410526275635,-2.108898659243124],[18.257946968078613,-2.10808381976166],[18.25852632522583,-2.1064755826913313],[18.25779676437378,-2.1059823896570435],[18.258118629455566,-2.105167548649689],[18.25777530670166,-2.1049960031201636],[18.25706720352173,-2.103602194993144],[18.25629472732544,-2.1039881727530485],[18.25575828552246,-2.1037308542570656],[18.2552433013916,-2.1039881727530485],[18.254728317260742,-2.1037308542570656],[18.253955841064453,-2.1041168319851096],[18.253955841064453,-2.105167548649689],[18.253440856933594,-2.105167548649689],[18.253440856933594,-2.106218264605971]],[[18.25657367706299,-2.106218264605971],[18.25674533843994,-2.1055749692066286],[18.257217407226562,-2.1060252760140514],[18.25657367706299,-2.106218264605971]]],[[[18.254342079162598,-2.0942314834467766],[18.254363536834717,-2.094746123523862],[18.25502872467041,-2.094488803506451],[18.254342079162598,-2.0942314834467766]]],[[[18.25449228286743,-2.119984722354147],[18.255178928375244,-2.1202634811399292],[18.254964351654053,-2.119084116703206],[18.25449228286743,-2.119984722354147]]],[[[18.25449228286743,-2.1164466257130243],[18.255136013031006,-2.116618169978949],[18.254942893981934,-2.115996321924669],[18.25449228286743,-2.1164466257130243]]],[[[18.25451374053955,-2.117497334043861],[18.255157470703125,-2.1176688781934985],[18.254964351654053,-2.1170255875344424],[18.25451374053955,-2.117497334043861]]],[[[18.25453519821167,-2.1103782351053155],[18.255178928375244,-2.110206690149951],[18.254706859588623,-2.109734941425131],[18.25453519821167,-2.1103782351053155]]],[[[18.254728317260742,-2.096611692385693],[18.256466388702393,-2.0968261254457445],[18.256101608276367,-2.0961613828639543],[18.254728317260742,-2.096611692385693]]],[[[18.254857063293457,-2.093180759431206],[18.255157470703125,-2.0938455032780183],[18.25605869293213,-2.0933951929609833],[18.254857063293457,-2.093180759431206]]],[[[18.25507164001465,-2.1211426431353573],[18.255715370178223,-2.1213141868810794],[18.25552225112915,-2.1206708977364883],[18.25507164001465,-2.1211426431353573]]],[[[18.25528621673584,-2.095603856609955],[18.255929946899414,-2.095796846489577],[18.25575828552246,-2.095153546798329],[18.25528621673584,-2.095603856609955]]],[[[18.255479335784912,-2.354638309938011],[18.25575828552246,-2.3553243755217608],[18.25601577758789,-2.354638309938011],[18.255479335784912,-2.354638309938011]]],[[[18.25552225112915,-2.3577684814171533],[18.255715370178223,-2.3584116664657984],[18.256165981292725,-2.357939997459198],[18.25552225112915,-2.3577684814171533]]],[[[18.255908489227295,-2.0900929133516684],[18.25605869293213,-2.091465290137336],[18.256852626800537,-2.091829827519277],[18.25648784637451,-2.0924731285748663],[18.257453441619873,-2.0926661188401],[18.257646560668945,-2.091829827519277],[18.26026439666748,-2.0917011672765113],[18.259212970733643,-2.0923444683848658],[18.258826732635498,-2.0931593160766226],[18.260886669158936,-2.0925160153025217],[18.261101245880127,-2.092151478080055],[18.26305389404297,-2.091400960002318],[18.26500654220581,-2.0945102468428587],[18.26530694961548,-2.094746123523862],[18.265607357025146,-2.0935024097148727],[18.26655149459839,-2.095174990125628],[18.2657790184021,-2.0959469497128396],[18.26530694961548,-2.095260763431895],[18.264598846435547,-2.0958397331262546],[18.265843391418457,-2.0968261254457445],[18.26648712158203,-2.0975980842186317],[18.267173767089844,-2.0971263316804567],[18.267838954925537,-2.0955824132885255],[18.268439769744873,-2.0963114860522722],[18.26897621154785,-2.0963114860522722],[18.268954753875732,-2.095796846489577],[18.27052116394043,-2.095796846489577],[18.27049970626831,-2.0937168432006388],[18.268568515777588,-2.0934809663646803],[18.269448280334473,-2.092151478080055],[18.269448280334473,-2.091829827519277],[18.268890380859375,-2.0917011672765113],[18.268654346466064,-2.0923015816525066],[18.268396854400635,-2.09161539377547],[18.266830444335938,-2.09161539377547],[18.266830444335938,-2.091400960002318],[18.26876163482666,-2.091658280526559],[18.26599359512329,-2.090628998176385],[18.26554298400879,-2.0902001303312545],[18.264899253845215,-2.089878479370512],[18.26472759246826,-2.089535384939751],[18.26472759246826,-2.0894281679147753],[18.26429843902588,-2.0890207431530854],[18.264191150665283,-2.0890207431530854],[18.264083862304688,-2.088827752439599],[18.262710571289062,-2.087519703645654],[18.262603282928467,-2.087455373349016],[18.262367248535156,-2.0881201196206973],[18.262088298797607,-2.087455373349016],[18.26000690460205,-2.087455373349016],[18.26000690460205,-2.0866834095839693],[18.25932025909424,-2.087519703645654],[18.258697986602783,-2.088163006467269],[18.25803279876709,-2.0887634221965214],[18.25730323791504,-2.0892995074751326],[18.25655221939087,-2.0897712623689557],[18.255908489227295,-2.0900929133516684]],[[18.265843391418457,-2.0968261254457445],[18.26601505279541,-2.0962042694906557],[18.26648712158203,-2.0966545790000595],[18.265843391418457,-2.0968261254457445]]],[[[18.25603723526001,-2.118505155650979],[18.25723886489868,-2.1187195856955583],[18.256959915161133,-2.1180548524607303],[18.25603723526001,-2.118505155650979]]],[[[18.25605869293213,-2.107247536692384],[18.256595134735107,-2.107247536692384],[18.256595134735107,-2.1071832072069014],[18.25659245252648,-2.1071832072069014],[18.25657367706299,-2.106732900734187],[18.25605869293213,-2.106732900734187],[18.25605869293213,-2.107247536692384]]],[[[18.256101608276367,-2.1206065688073323],[18.25674533843994,-2.1207995555868138],[18.25655221939087,-2.120156266228264],[18.256101608276367,-2.1206065688073323]]],[[[18.2562518119812,-2.094596020185506],[18.257689476013184,-2.094381586820049],[18.258225917816162,-2.094853340185324],[18.25655221939087,-2.0955395266447994],[18.25974941253662,-2.096011279661255],[18.26030731201172,-2.094059936716846],[18.258225917816162,-2.0934809663646803],[18.25775384902954,-2.0929019957986554],[18.257453441619873,-2.0926661188401],[18.2562518119812,-2.094596020185506]]],[[[18.25627326965332,-2.1244448568974548],[18.25678825378418,-2.1244448568974548],[18.25678825378418,-2.123908783714512],[18.25627326965332,-2.123908783714512],[18.25627326965332,-2.1244448568974548]]],[[[18.256359100341797,-2.098219939619753],[18.25700283050537,-2.0983914858937993],[18.256831169128418,-2.097769630560876],[18.256359100341797,-2.098219939619753]]],[[[18.256831169128418,-2.0966331356930255],[18.25803279876709,-2.0968261254457445],[18.257732391357422,-2.0961613828639543],[18.256831169128418,-2.0966331356930255]]],[[[18.257174491882324,-2.1216572743154813],[18.25779676437378,-2.1218288180041327],[18.257625102996826,-2.1212069720422306],[18.257174491882324,-2.1216572743154813]]],[[[18.257646560668945,-2.1180119664358017],[18.25829029083252,-2.1181835105284534],[18.258097171783447,-2.117561663102194],[18.257646560668945,-2.1180119664358017]]],[[[18.258075714111328,-2.0999568447748658],[18.258697986602783,-2.0997852986726],[18.25824737548828,-2.099313546794292],[18.258075714111328,-2.0999568447748658]]],[[[18.258183002471924,-2.1194057616386885],[18.258633613586426,-2.1198560644361066],[18.25880527496338,-2.1192342176814236],[18.258183002471924,-2.1194057616386885]]],[[[18.258440494537354,-2.097169218280712],[18.259084224700928,-2.097362207967322],[18.258891105651855,-2.0967189089193994],[18.258440494537354,-2.097169218280712]]],[[[18.25880527496338,-2.1192342176814236],[18.259856700897217,-2.1192342176814236],[18.259856700897217,-2.1187195856955583],[18.25880527496338,-2.1187195856955583],[18.25880527496338,-2.1192342176814236]]],[[[18.258912563323975,-2.098648805269576],[18.260135650634766,-2.0989275678788744],[18.259470462799072,-2.097726743977077],[18.258912563323975,-2.098648805269576]]],[[[18.259105682373047,-2.1004714829686293],[18.259642124176025,-2.1004714829686293],[18.259642124176025,-2.1010075642401915],[18.260328769683838,-2.100643028995549],[18.259363174438477,-2.0992492169816757],[18.259105682373047,-2.1004714829686293]]],[[[18.259727954864502,-2.1088128866862235],[18.26026439666748,-2.1088128866862235],[18.25998544692993,-2.10814814920991],[18.259727954864502,-2.1088128866862235]]],[[[18.259856700897217,-2.1187195856955583],[18.260478973388672,-2.1185265986567714],[18.26002836227417,-2.118076295472761],[18.259856700897217,-2.1187195856955583]]],[[[18.260414600372314,-2.086769183354363],[18.26103687286377,-2.0869407308811105],[18.260865211486816,-2.0862974275593302],[18.260414600372314,-2.086769183354363]]],[[[18.260478973388672,-2.0935238530647666],[18.261122703552246,-2.0937168432006388],[18.260929584503174,-2.0930735426553184],[18.260478973388672,-2.0935238530647666]]],[[[18.26050043106079,-2.095603856609955],[18.261144161224365,-2.095796846489577],[18.260951042175293,-2.095153546798329],[18.26050043106079,-2.095603856609955]]],[[[18.26105833053589,-2.098734578385418],[18.261702060699463,-2.0989275678788744],[18.26150894165039,-2.098284269474732],[18.26105833053589,-2.098734578385418]]],[[[18.261079788208008,-2.0997852986726],[18.261723518371582,-2.0999568447748658],[18.26153039932251,-2.099313546794292],[18.261079788208008,-2.0997852986726]]],[[[18.261122703552246,-2.0937168432006388],[18.26148748397827,-2.094960556839439],[18.262410163879395,-2.0940813800591087],[18.261122703552246,-2.0937168432006388]]],[[[18.26155185699463,-2.095603856609955],[18.262195587158203,-2.095796846489577],[18.26200246810913,-2.095153546798329],[18.26155185699463,-2.095603856609955]]],[[[18.26155185699463,-2.0864260882447496],[18.261573314666748,-2.0869407308811105],[18.262088298797607,-2.0869407308811105],[18.262088298797607,-2.0868978440011716],[18.26155185699463,-2.0864260882447496]]],[[[18.26180934906006,-2.107247536692384],[18.26206684112549,-2.1079122745533],[18.262324333190918,-2.107247536692384],[18.26180934906006,-2.107247536692384]]],[[[18.262088298797607,-2.087455373349016],[18.262603282928467,-2.087455373349016],[18.262603282928467,-2.0874124864831174],[18.262109756469727,-2.0869407308811105],[18.262088298797607,-2.0869407308811105],[18.262088298797607,-2.087455373349016]]],[[[18.262581825256348,-2.094059936716846],[18.263204097747803,-2.0942314834467766],[18.26303243637085,-2.0935881831127006],[18.262581825256348,-2.094059936716846]]],[[[18.262624740600586,-2.098219939619753],[18.26326847076416,-2.0983914858937993],[18.263075351715088,-2.097769630560876],[18.262624740600586,-2.098219939619753]]],[[[18.262667655944824,-2.101350656157436],[18.26328992843628,-2.1015222020877786],[18.263118267059326,-2.100878904751795],[18.262667655944824,-2.101350656157436]]],[[[18.263139724731445,-2.097169218280712],[18.2637619972229,-2.097362207967322],[18.263590335845947,-2.0967189089193994],[18.263139724731445,-2.097169218280712]]],[[[18.263633251190186,-2.095603856609955],[18.26427698135376,-2.095796846489577],[18.264083862304688,-2.095153546798329],[18.263633251190186,-2.095603856609955]]],[[[18.26374053955078,-2.3620349366815105],[18.264448642730713,-2.3624637254310272],[18.264191150665283,-2.360212583019745],[18.26374053955078,-2.3620349366815105]]],[[[18.263826370239258,-2.354638309938011],[18.26449155807495,-2.3543810352570063],[18.263826370239258,-2.354123760528509],[18.263826370239258,-2.354638309938011]]],[[[18.264212608337402,-2.100814575003625],[18.264856338500977,-2.1010075642401915],[18.264663219451904,-2.100364266692239],[18.264212608337402,-2.100814575003625]]],[[[18.26479196548462,-2.3621850127589],[18.26601505279541,-2.3624637254310272],[18.265349864959717,-2.3612631165988773],[18.26479196548462,-2.3621850127589]]],[[[18.264877796173096,-2.355688847725702],[18.264899253845215,-2.3562033965571203],[18.265414237976074,-2.3562033965571203],[18.265414237976074,-2.355688847725702],[18.264877796173096,-2.355688847725702]]],[[[18.26530694961548,-2.095260763431895],[18.265972137451172,-2.0950034434990243],[18.26530694961548,-2.094746123523862],[18.26530694961548,-2.095260763431895]]],[[[18.265929222106934,-2.355688847725702],[18.266465663909912,-2.3564177918474343],[18.26698064804077,-2.355688847725702],[18.265929222106934,-2.355688847725702]]],[[[18.26680898666382,-2.1002999369228803],[18.267452716827393,-2.1004714829686293],[18.26725959777832,-2.099849628463147],[18.26680898666382,-2.1002999369228803]]],[[[18.266959190368652,-2.362806756335303],[18.267581462860107,-2.362978271755665],[18.267409801483154,-2.3623350888200747],[18.266959190368652,-2.362806756335303]]],[[[18.267817497253418,-2.0964830325355592],[18.26826810836792,-2.096954785267684],[18.268439769744873,-2.0963114860522722],[18.267817497253418,-2.0964830325355592]]],[[[18.269963264465332,-2.092151478080055],[18.270156383514404,-2.0930092125862814],[18.27049970626831,-2.0937168432006388],[18.272581100463867,-2.0937168432006388],[18.274812698364258,-2.0935024097148727],[18.27378273010254,-2.0930092125862814],[18.273653984069824,-2.0927518922836725],[18.27324628829956,-2.0926661188401],[18.27204465866089,-2.0926661188401],[18.27204465866089,-2.0924087984811877],[18.270864486694336,-2.092151478080055],[18.269963264465332,-2.092151478080055]],[[18.27204465866089,-2.0926661188401],[18.271872997283936,-2.0933094195525968],[18.271422386169434,-2.09283766572257],[18.27204465866089,-2.0926661188401]]],[[[18.271594047546387,-2.3621635733202737],[18.2722806930542,-2.3624637254310272],[18.27204465866089,-2.3612845560514018],[18.271594047546387,-2.3621635733202737]]],[[[18.27352523803711,-2.095089216814685],[18.274168968200684,-2.095260763431895],[18.27397584915161,-2.0946389068550815],[18.27352523803711,-2.095089216814685]]],[[[18.284683227539062,-2.3638358485396367],[18.285326957702637,-2.3640288032430163],[18.285133838653564,-2.363385620794105],[18.284683227539062,-2.3638358485396367]]],[[[18.286635875701904,-2.2726939501054773],[18.28727960586548,-2.272865476444707],[18.287086486816406,-2.2722436933679973],[18.286635875701904,-2.2726939501054773]]],[[[18.287172317504883,-2.2750738762414926],[18.287944793701172,-2.275867184080937],[18.289403915405273,-2.275995828554315],[18.289361000061035,-2.2757385395960767],[18.289124965667725,-2.275095316999625],[18.287172317504883,-2.2750738762414926]]],[[[18.289682865142822,-2.337979676536463],[18.290305137634277,-2.337808158044524],[18.289854526519775,-2.3373364820836002],[18.289682865142822,-2.337979676536463]]],[[[18.2902193069458,-2.3390302268421266],[18.290841579437256,-2.3388372686816865],[18.290390968322754,-2.3383870328708127],[18.2902193069458,-2.3390302268421266]]],[[[18.29075574874878,-2.226874251806393],[18.291399478912354,-2.227045783534834],[18.29120635986328,-2.226402539450177],[18.29075574874878,-2.226874251806393]]],[[[18.29127073287964,-2.340573891169811],[18.292129039764404,-2.34100268651477],[18.29247236251831,-2.339909258125928],[18.29150676727295,-2.339373263506232],[18.29127073287964,-2.340573891169811]]],[[[18.291399478912354,-2.2275603786003586],[18.291914463043213,-2.2275603786003586],[18.291914463043213,-2.227045783534834],[18.291399478912354,-2.227045783534834],[18.291399478912354,-2.2275603786003586]]],[[[18.29146385192871,-2.355688847725702],[18.29148530960083,-2.3567393847209956],[18.29200029373169,-2.3567393847209956],[18.29200029373169,-2.355688847725702],[18.29146385192871,-2.355688847725702]]],[[[18.291785717010498,-2.2258236195339265],[18.292429447174072,-2.22599515138468],[18.292236328125,-2.225373348330777],[18.291785717010498,-2.2258236195339265]]],[[[18.29197883605957,-2.3226930087991207],[18.292601108551025,-2.322885969172617],[18.292429447174072,-2.3222427678251165],[18.29197883605957,-2.3226930087991207]]],[[[18.29200029373169,-2.324258131068248],[18.292622566223145,-2.324429651211446],[18.29245090484619,-2.32380789059323],[18.29200029373169,-2.324258131068248]]],[[[18.292386531829834,-2.2234007300108516],[18.29322338104248,-2.223143431774673],[18.293330669403076,-2.2241297414363714],[18.29348087310791,-2.224665779019446],[18.292407989501953,-2.2244299225068858],[18.293073177337646,-2.22563064617799],[18.293545246124268,-2.2248801939981178],[18.293588161468506,-2.222607393638583],[18.293137550354004,-2.222285770663504],[18.293159008026123,-2.2225859521090854],[18.292901515960693,-2.222350095264119],[18.292386531829834,-2.222350095264119],[18.292386531829834,-2.2234007300108516]]],[[[18.292407989501953,-2.3259304515751182],[18.29399585723877,-2.3272811705372476],[18.29448938369751,-2.3288891676142924],[18.295819759368896,-2.329125007031294],[18.295562267303467,-2.328846287716061],[18.29498291015625,-2.328353168792475],[18.295562267303467,-2.327838609731728],[18.29622745513916,-2.3255016516340987],[18.295111656188965,-2.323679250431141],[18.292407989501953,-2.3259304515751182]]],[[[18.294124603271484,-2.1942399789392653],[18.294382095336914,-2.194904678891902],[18.294639587402344,-2.1942399789392653],[18.294124603271484,-2.1942399789392653]]],[[[18.294682502746582,-2.3310331608618498],[18.295326232910156,-2.331204680180605],[18.295133113861084,-2.3305829225506614],[18.294682502746582,-2.3310331608618498]]],[[[18.295068740844727,-2.3211278847958567],[18.2957124710083,-2.3213208453830845],[18.29551935195923,-2.320677643323208],[18.295068740844727,-2.3211278847958567]]],[[[18.29573392868042,-2.3310331608618498],[18.296356201171875,-2.331204680180605],[18.296184539794922,-2.3305829225506614],[18.29573392868042,-2.3310331608618498]]],[[[18.296098709106445,-2.200243709718208],[18.29699993133545,-2.2008011977794553],[18.29674243927002,-2.2000936167430467],[18.296098709106445,-2.200243709718208]]],[[[18.296141624450684,-2.19874277928686],[18.296527862548828,-2.198849988653464],[18.296490799297782,-2.1984425930193936],[18.29650640487671,-2.1984425930193936],[18.29648494720459,-2.1983782673828074],[18.296141624450684,-2.19874277928686]]],[[[18.296163082122803,-2.327302610510344],[18.296828269958496,-2.3275598901620356],[18.296828269958496,-2.3270453308117],[18.296163082122803,-2.327302610510344]]],[[[18.296184539794922,-2.328910607562918],[18.297386169433594,-2.329125007031294],[18.297085762023926,-2.328460368573161],[18.296184539794922,-2.328910607562918]]],[[[18.29622745513916,-2.3377867182315555],[18.29669952392578,-2.3393518237171804],[18.29725742340088,-2.3392231849759924],[18.298566341400146,-2.339544781806822],[18.29826593399048,-2.3372507228009596],[18.29622745513916,-2.3377867182315555]]],[[[18.297343254089355,-2.2020448242417103],[18.297429084777832,-2.2020448242417103],[18.297343254089355,-2.201766080469696],[18.297343254089355,-2.2020448242417103]]],[[[18.297665119171143,-2.1862635564871766],[18.29775094985962,-2.186070577998777],[18.297815322875977,-2.185899041543834],[18.297665119171143,-2.185899041543834],[18.297665119171143,-2.1862635564871766]]],[[[18.299274444580078,-2.102572920499867],[18.30021858215332,-2.102572920499867],[18.30021858215332,-2.1024442611404623],[18.299274444580078,-2.102208385620685],[18.299274444580078,-2.102572920499867]]],[[[18.300347328186035,-2.105167548649689],[18.300604820251465,-2.105167548649689],[18.300540447235107,-2.1046529120044966],[18.300347328186035,-2.1046529120044966],[18.300347328186035,-2.105167548649689]]],[[[18.300390243530273,-2.109327521956729],[18.300905227661133,-2.109327521956729],[18.300905227661133,-2.1088128866862235],[18.3012056350708,-2.1088128866862235],[18.301119804382324,-2.1082982512455146],[18.300390243530273,-2.1082982512455146],[18.300390243530273,-2.109327521956729]]],[[[18.30043315887451,-2.3315477187554308],[18.301055431365967,-2.3317406779170113],[18.300883769989014,-2.3310974806088467],[18.30043315887451,-2.3315477187554308]]],[[[18.300840854644775,-2.3163467418389416],[18.301377296447754,-2.3163896221165885],[18.300926685333252,-2.3161752207153086],[18.300840854644775,-2.3163467418389416]]],[[[18.300905227661133,-2.109327521956729],[18.30118417739868,-2.1099922589291396],[18.301334381103516,-2.109606282657154],[18.301291465759277,-2.109327521956729],[18.300905227661133,-2.109327521956729]]],[[[18.303415775299072,-2.282385156274543],[18.303565979003906,-2.2827710879127636],[18.303630352020264,-2.2827710879127636],[18.303544521331787,-2.282342274975022],[18.303415775299072,-2.282385156274543]]],[[[18.303887844085693,-2.320013000887272],[18.304553031921387,-2.3202702818672805],[18.304553031921387,-2.319755719860453],[18.303887844085693,-2.320013000887272]]]]}}]}
